Timestamp,PM2.5 (µg/m³),PM10 (µg/m³),NO (µg/m³),NO2 (µg/m³),NOx (ppb),NH3 (µg/m³),SO2 (µg/m³),CO (mg/m³),Ozone (µg/m³),Benzene (µg/m³),Toluene (µg/m³),Xylene (µg/m³),O Xylene (µg/m³),Eth-Benzene (µg/m³),MP-Xylene (µg/m³),AT (°C),RH (%),WS (m/s),WD (deg),RF (mm),TOT-RF (mm),SR (W/mt2),BP (mmHg),VWS (m/s)
2024-01-01 00:00:00,,,,,,,,,,,,,,,,,,,,,0.0,,,
2024-01-01 01:00:00,,,,,,,,,,,,,,,,,,,,,0.0,,,
2024-01-01 02:00:00,,,,,,,,,,,,,,,,,,,,,0.0,,,
2024-01-01 03:00:00,,,,,,,,,,,,,,,,,,,,,0.0,,,
2024-01-01 04:00:00,,,,,,,,,,,,,,,,,,,,,0.0,,,
2024-01-01 05:00:00,,,,,,,,,,,,,,,,,,,,,0.0,,,
2024-01-01 06:00:00,,,,,,,,,,,,,,,,,,,,,0.0,,,
2024-01-01 07:00:00,,,,,,,,,,,,,,,,,,,,,0.0,,,
2024-01-01 08:00:00,,,,,,,,,,,,,,,,,,,,,0.0,,,
2024-01-01 09:00:00,,,,,,,,,,,,,,,,,,,,,0.0,,,
2024-01-01 10:00:00,,,,,,,,,,,,,,,,,,,,,0.0,,,
2024-01-01 11:00:00,,,,,,,,,,,,,,,,,,,,,0.0,,,
2024-01-01 12:00:00,,,,,,,,,,,,,,,,,,,,,0.0,,,
2024-01-01 13:00:00,,,,,,,,,,,,,,,,,,,,,0.0,,,
2024-01-01 14:00:00,,,,,,,,,,,,,,,,,,,,,0.0,,,
2024-01-01 15:00:00,,,,,,,,,,,,,,,,,,,,,0.0,,,
2024-01-01 16:00:00,,,,,,,,,,,,,,,,,,,,,0.0,,,
2024-01-01 17:00:00,,,,,,,,,,,,,,,,,,,,,0.0,,,
2024-01-01 18:00:00,,,,,,,,,,,,,,,,,,,,,0.0,,,
2024-01-01 19:00:00,,,,,,,,,,,,,,,,,,,,,0.0,,,
2024-01-01 20:00:00,,,,,,,,,,,,,,,,,,,,,0.0,,,
2024-01-01 21:00:00,,,,,,,,,,,,,,,,,,,,,0.0,,,
2024-01-01 22:00:00,,,,,,,,,,,,,,,,,,,,,0.0,,,
2024-01-01 23:00:00,,,,,,,,,,,,,,,,,,,,,0.0,,,
2024-01-02 00:00:00,,,,,,,,,,,,,,,,,,,,,0.0,,,
2024-01-02 01:00:00,,,,,,,,,,,,,,,,,,,,,0.0,,,
2024-01-02 02:00:00,,,,,,,,,,,,,,,,,,,,,0.0,,,
2024-01-02 03:00:00,,,,,,,,,,,,,,,,,,,,,0.0,,,
2024-01-02 04:00:00,,,,,,,,,,,,,,,,,,,,,0.0,,,
2024-01-02 05:00:00,,,,,,,,,,,,,,,,,,,,,0.0,,,
2024-01-02 06:00:00,,,,,,,,,,,,,,,,,,,,,0.0,,,
2024-01-02 07:00:00,,,,,,,,,,,,,,,,,,,,,0.0,,,
2024-01-02 08:00:00,,,,,,,,,,,,,,,,,,,,,0.0,,,
2024-01-02 09:00:00,,,,,,,,,,,,,,,,,,,,,0.0,,,
2024-01-02 10:00:00,,,,,,,,,,,,,,,,,,,,,0.0,,,
2024-01-02 11:00:00,,,,,,,,,,,,,,,,,,,,,0.0,,,
2024-01-02 12:00:00,,,,,,,,,,,,,,,,,,,,,0.0,,,
2024-01-02 13:00:00,,,,,,,,,,,,,,,,,,,,,0.0,,,
2024-01-02 14:00:00,,,,,,,,,,,,,,,,,,,,,0.0,,,
2024-01-02 15:00:00,,,,,,,,,,,,,,,,,,,,,0.0,,,
2024-01-02 16:00:00,,,,,,,,,,,,,,,,,,,,,0.0,,,
2024-01-02 17:00:00,,,,,,,,,,,,,,,,,,,,,0.0,,,
2024-01-02 18:00:00,,,,,,,,,,,,,,,,,,,,,0.0,,,
2024-01-02 19:00:00,,,,,,,,,,,,,,,,,,,,,0.0,,,
2024-01-02 20:00:00,,,,,,,,,,,,,,,,,,,,,0.0,,,
2024-01-02 21:00:00,,,,,,,,,,,,,,,,,,,,,0.0,,,
2024-01-02 22:00:00,,,,,,,,,,,,,,,,,,,,,0.0,,,
2024-01-02 23:00:00,,,,,,,,,,,,,,,,,,,,,0.0,,,
2024-01-03 00:00:00,,,,,,,,,,,,,,,,,,,,,0.0,,,
2024-01-03 01:00:00,,,,,,,,,,,,,,,,,,,,,0.0,,,
2024-01-03 02:00:00,,,,,,,,,,,,,,,,,,,,,0.0,,,
2024-01-03 03:00:00,,,,,,,,,,,,,,,,,,,,,0.0,,,
2024-01-03 04:00:00,,,,,,,,,,,,,,,,,,,,,0.0,,,
2024-01-03 05:00:00,,,,,,,,,,,,,,,,,,,,,0.0,,,
2024-01-03 06:00:00,,,,,,,,,,,,,,,,,,,,,0.0,,,
2024-01-03 07:00:00,,,,,,,,,,,,,,,,,,,,,0.0,,,
2024-01-03 08:00:00,,,,,,,,,,,,,,,,,,,,,0.0,,,
2024-01-03 09:00:00,,,,,,,,,,,,,,,,,,,,,0.0,,,
2024-01-03 10:00:00,,,,,,,,,,,,,,,,,,,,,0.0,,,
2024-01-03 11:00:00,,,,,,,,,,,,,,,,,,,,,0.0,,,
2024-01-03 12:00:00,,,,,,,,,,,,,,,,,,,,,0.0,,,
2024-01-03 13:00:00,,,,,,,,,,,,,,,,,,,,,0.0,,,
2024-01-03 14:00:00,,,,,,,,,,,,,,,,,,,,,0.0,,,
2024-01-03 15:00:00,,,,,,,,,,,,,,,,,,,,,0.0,,,
2024-01-03 16:00:00,,,,,,,,,,,,,,,,,,,,,0.0,,,
2024-01-03 17:00:00,,,,,,,,,,,,,,,,,,,,,0.0,,,
2024-01-03 18:00:00,,,,,,,,,,,,,,,,,,,,,0.0,,,
2024-01-03 19:00:00,,,,,,,,,,,,,,,,,,,,,0.0,,,
2024-01-03 20:00:00,,,,,,,,,,,,,,,,,,,,,0.0,,,
2024-01-03 21:00:00,,,,,,,,,,,,,,,,,,,,,0.0,,,
2024-01-03 22:00:00,,,,,,,,,,,,,,,,,,,,,0.0,,,
2024-01-03 23:00:00,,,,,,,,,,,,,,,,,,,,,0.0,,,
2024-01-04 00:00:00,,,,,,,,,,,,,,,,,,,,,0.0,,,
2024-01-04 01:00:00,,,,,,,,,,,,,,,,,,,,,0.0,,,
2024-01-04 02:00:00,,,,,,,,,,,,,,,,,,,,,0.0,,,
2024-01-04 03:00:00,,,,,,,,,,,,,,,,,,,,,0.0,,,
2024-01-04 04:00:00,,,,,,,,,,,,,,,,,,,,,0.0,,,
2024-01-04 05:00:00,,,,,,,,,,,,,,,,,,,,,0.0,,,
2024-01-04 06:00:00,,,,,,,,,,,,,,,,,,,,,0.0,,,
2024-01-04 07:00:00,,,,,,,,,,,,,,,,,,,,,0.0,,,
2024-01-04 08:00:00,,,,,,,,,,,,,,,,,,,,,0.0,,,
2024-01-04 09:00:00,,,,,,,,,,,,,,,,,,,,,0.0,,,
2024-01-04 10:00:00,,,,,,,,,,,,,,,,,,,,,0.0,,,
2024-01-04 11:00:00,,,,,,,,,,,,,,,,,,,,,0.0,,,
2024-01-04 12:00:00,,,,,,,,,,,,,,,,,,,,,0.0,,,
2024-01-04 13:00:00,,,,,,,,,,,,,,,,,,,,,0.0,,,
2024-01-04 14:00:00,,,,,,,,,,,,,,,,,,,,,0.0,,,
2024-01-04 15:00:00,,,,,,,,,,,,,,,,,,,,,0.0,,,
2024-01-04 16:00:00,,,,,,,,,,,,,,,,,,,,,0.0,,,
2024-01-04 17:00:00,,,,,,,,,,,,,,,,,,,,,0.0,,,
2024-01-04 18:00:00,,,,,,,,,,,,,,,,,,,,,0.0,,,
2024-01-04 19:00:00,,,,,,,,,,,,,,,,,,,,,0.0,,,
2024-01-04 20:00:00,,,,,,,,,,,,,,,,,,,,,0.0,,,
2024-01-04 21:00:00,,,,,,,,,,,,,,,,,,,,,0.0,,,
2024-01-04 22:00:00,,,,,,,,,,,,,,,,,,,,,0.0,,,
2024-01-04 23:00:00,,,,,,,,,,,,,,,,,,,,,0.0,,,
2024-01-05 00:00:00,,,,,,,,,,,,,,,,,,,,,0.0,,,
2024-01-05 01:00:00,,,,,,,,,,,,,,,,,,,,,0.0,,,
2024-01-05 02:00:00,,,,,,,,,,,,,,,,,,,,,0.0,,,
2024-01-05 03:00:00,,,,,,,,,,,,,,,,,,,,,0.0,,,
2024-01-05 04:00:00,,,,,,,,,,,,,,,,,,,,,0.0,,,
2024-01-05 05:00:00,,,,,,,,,,,,,,,,,,,,,0.0,,,
2024-01-05 06:00:00,,,,,,,,,,,,,,,,,,,,,0.0,,,
2024-01-05 07:00:00,,,,,,,,,,,,,,,,,,,,,0.0,,,
2024-01-05 08:00:00,,,,,,,,,,,,,,,,,,,,,0.0,,,
2024-01-05 09:00:00,,,,,,,,,,,,,,,,,,,,,0.0,,,
2024-01-05 10:00:00,,,,,,,,,,,,,,,,,,,,,0.0,,,
2024-01-05 11:00:00,,,,,,,,,,,,,,,,,,,,,0.0,,,
2024-01-05 12:00:00,,,,,,,,,,,,,,,,,,,,,0.0,,,
2024-01-05 13:00:00,,,,,,,,,,,,,,,,,,,,,0.0,,,
2024-01-05 14:00:00,,,,,,,,,,,,,,,,,,,,,0.0,,,
2024-01-05 15:00:00,,,,,,,,,,,,,,,,,,,,,0.0,,,
2024-01-05 16:00:00,,,,,,,,,,,,,,,,,,,,,0.0,,,
2024-01-05 17:00:00,,,,,,,,,,,,,,,,,,,,,0.0,,,
2024-01-05 18:00:00,,,,,,,,,,,,,,,,,,,,,0.0,,,
2024-01-05 19:00:00,,,,,,,,,,,,,,,,,,,,,0.0,,,
2024-01-05 20:00:00,,,,,,,,,,,,,,,,,,,,,0.0,,,
2024-01-05 21:00:00,,,,,,,,,,,,,,,,,,,,,0.0,,,
2024-01-05 22:00:00,,,,,,,,,,,,,,,,,,,,,0.0,,,
2024-01-05 23:00:00,,,,,,,,,,,,,,,,,,,,,0.0,,,
2024-01-06 00:00:00,,,,,,,,,,,,,,,,,,,,,0.0,,,
2024-01-06 01:00:00,,,,,,,,,,,,,,,,,,,,,0.0,,,
2024-01-06 02:00:00,,,,,,,,,,,,,,,,,,,,,0.0,,,
2024-01-06 03:00:00,,,,,,,,,,,,,,,,,,,,,0.0,,,
2024-01-06 04:00:00,,,,,,,,,,,,,,,,,,,,,0.0,,,
2024-01-06 05:00:00,,,,,,,,,,,,,,,,,,,,,0.0,,,
2024-01-06 06:00:00,,,,,,,,,,,,,,,,,,,,,0.0,,,
2024-01-06 07:00:00,,,,,,,,,,,,,,,,,,,,,0.0,,,
2024-01-06 08:00:00,,,,,,,,,,,,,,,,,,,,,0.0,,,
2024-01-06 09:00:00,,,,,,,,,,,,,,,,,,,,,0.0,,,
2024-01-06 10:00:00,,,,,,,,,,,,,,,,,,,,,0.0,,,
2024-01-06 11:00:00,,,,,,,,,,,,,,,,,,,,,0.0,,,
2024-01-06 12:00:00,,,,,,,,,,,,,,,,,,,,,0.0,,,
2024-01-06 13:00:00,,,,,,,,,,,,,,,,,,,,,0.0,,,
2024-01-06 14:00:00,,,,,,,,,,,,,,,,,,,,,0.0,,,
2024-01-06 15:00:00,,,,,,,,,,,,,,,,,,,,,0.0,,,
2024-01-06 16:00:00,,,,,,,,,,,,,,,,,,,,,0.0,,,
2024-01-06 17:00:00,,,,,,,,,,,,,,,,,,,,,0.0,,,
2024-01-06 18:00:00,,,,,,,,,,,,,,,,,,,,,0.0,,,
2024-01-06 19:00:00,,,,,,,,,,,,,,,,,,,,,0.0,,,
2024-01-06 20:00:00,,,,,,,,,,,,,,,,,,,,,0.0,,,
2024-01-06 21:00:00,,,,,,,,,,,,,,,,,,,,,0.0,,,
2024-01-06 22:00:00,,,,,,,,,,,,,,,,,,,,,0.0,,,
2024-01-06 23:00:00,,,,,,,,,,,,,,,,,,,,,0.0,,,
2024-01-07 00:00:00,,,,,,,,,,,,,,,,,,,,,0.0,,,
2024-01-07 01:00:00,,,,,,,,,,,,,,,,,,,,,0.0,,,
2024-01-07 02:00:00,,,,,,,,,,,,,,,,,,,,,0.0,,,
2024-01-07 03:00:00,,,,,,,,,,,,,,,,,,,,,0.0,,,
2024-01-07 04:00:00,,,,,,,,,,,,,,,,,,,,,0.0,,,
2024-01-07 05:00:00,,,,,,,,,,,,,,,,,,,,,0.0,,,
2024-01-07 06:00:00,,,,,,,,,,,,,,,,,,,,,0.0,,,
2024-01-07 07:00:00,,,,,,,,,,,,,,,,,,,,,0.0,,,
2024-01-07 08:00:00,,,,,,,,,,,,,,,,,,,,,0.0,,,
2024-01-07 09:00:00,,,,,,,,,,,,,,,,,,,,,0.0,,,
2024-01-07 10:00:00,,,,,,,,,,,,,,,,,,,,,0.0,,,
2024-01-07 11:00:00,,,,,,,,,,,,,,,,,,,,,0.0,,,
2024-01-07 12:00:00,,,,,,,,,,,,,,,,,,,,,0.0,,,
2024-01-07 13:00:00,,,,,,,,,,,,,,,,,,,,,0.0,,,
2024-01-07 14:00:00,,,,,,,,,,,,,,,,,,,,,0.0,,,
2024-01-07 15:00:00,,,,,,,,,,,,,,,,,,,,,0.0,,,
2024-01-07 16:00:00,,,,,,,,,,,,,,,,,,,,,0.0,,,
2024-01-07 17:00:00,,,,,,,,,,,,,,,,,,,,,0.0,,,
2024-01-07 18:00:00,,,,,,,,,,,,,,,,,,,,,0.0,,,
2024-01-07 19:00:00,,,,,,,,,,,,,,,,,,,,,0.0,,,
2024-01-07 20:00:00,,,,,,,,,,,,,,,,,,,,,0.0,,,
2024-01-07 21:00:00,,,,,,,,,,,,,,,,,,,,,0.0,,,
2024-01-07 22:00:00,,,,,,,,,,,,,,,,,,,,,0.0,,,
2024-01-07 23:00:00,,,,,,,,,,,,,,,,,,,,,0.0,,,
2024-01-08 00:00:00,,,,,,,,,,,,,,,,,,,,,0.0,,,
2024-01-08 01:00:00,,,,,,,,,,,,,,,,,,,,,0.0,,,
2024-01-08 02:00:00,,,,,,,,,,,,,,,,,,,,,0.0,,,
2024-01-08 03:00:00,,,,,,,,,,,,,,,,,,,,,0.0,,,
2024-01-08 04:00:00,,,,,,,,,,,,,,,,,,,,,0.0,,,
2024-01-08 05:00:00,,,,,,,,,,,,,,,,,,,,,0.0,,,
2024-01-08 06:00:00,,,,,,,,,,,,,,,,,,,,,0.0,,,
2024-01-08 07:00:00,,,,,,,,,,,,,,,,,,,,,0.0,,,
2024-01-08 08:00:00,,,,,,,,,,,,,,,,,,,,,0.0,,,
2024-01-08 09:00:00,,,,,,,,,,,,,,,,,,,,,0.0,,,
2024-01-08 10:00:00,,,,,,,,,,,,,,,,,,,,,0.0,,,
2024-01-08 11:00:00,,,,,,,,,,,,,,,,,,,,,0.0,,,
2024-01-08 12:00:00,,,,,,,,,,,,,,,,,,,,,0.0,,,
2024-01-08 13:00:00,,,,,,,,,,,,,,,,,,,,,0.0,,,
2024-01-08 14:00:00,,,,,,,,,,,,,,,,,,,,,0.0,,,
2024-01-08 15:00:00,,,,,,,,,,,,,,,,,,,,,0.0,,,
2024-01-08 16:00:00,,,,,,,,,,,,,,,,,,,,,0.0,,,
2024-01-08 17:00:00,,,,,,,,,,,,,,,,,,,,,0.0,,,
2024-01-08 18:00:00,,,,,,,,,,,,,,,,,,,,,0.0,,,
2024-01-08 19:00:00,,,,,,,,,,,,,,,,,,,,,0.0,,,
2024-01-08 20:00:00,,,,,,,,,,,,,,,,,,,,,0.0,,,
2024-01-08 21:00:00,,,,,,,,,,,,,,,,,,,,,0.0,,,
2024-01-08 22:00:00,,,,,,,,,,,,,,,,,,,,,0.0,,,
2024-01-08 23:00:00,,,,,,,,,,,,,,,,,,,,,0.0,,,
2024-01-09 00:00:00,,,,,,,,,,,,,,,,,,,,,0.0,,,
2024-01-09 01:00:00,,,,,,,,,,,,,,,,,,,,,0.0,,,
2024-01-09 02:00:00,,,,,,,,,,,,,,,,,,,,,0.0,,,
2024-01-09 03:00:00,,,,,,,,,,,,,,,,,,,,,0.0,,,
2024-01-09 04:00:00,,,,,,,,,,,,,,,,,,,,,0.0,,,
2024-01-09 05:00:00,,,,,,,,,,,,,,,,,,,,,0.0,,,
2024-01-09 06:00:00,,,,,,,,,,,,,,,,,,,,,0.0,,,
2024-01-09 07:00:00,,,,,,,,,,,,,,,,,,,,,0.0,,,
2024-01-09 08:00:00,,,,,,,,,,,,,,,,,,,,,0.0,,,
2024-01-09 09:00:00,,,,,,,,,,,,,,,,,,,,,0.0,,,
2024-01-09 10:00:00,,,,,,,,,,,,,,,,,,,,,0.0,,,
2024-01-09 11:00:00,,,,,,,,,,,,,,,,,,,,,0.0,,,
2024-01-09 12:00:00,,,,,,,,,,,,,,,,,,,,,0.0,,,
2024-01-09 13:00:00,,,,,,,,,,,,,,,,,,,,,0.0,,,
2024-01-09 14:00:00,,,,,,,,,,,,,,,,,,,,,0.0,,,
2024-01-09 15:00:00,,,,,,,,,,,,,,,,,,,,,0.0,,,
2024-01-09 16:00:00,,,,,,,,,,,,,,,,,,,,,0.0,,,
2024-01-09 17:00:00,,,,,,,,,,,,,,,,,,,,,0.0,,,
2024-01-09 18:00:00,,,,,,,,,,,,,,,,,,,,,0.0,,,
2024-01-09 19:00:00,,,,,,,,,,,,,,,,,,,,,0.0,,,
2024-01-09 20:00:00,,,,,,,,,,,,,,,,,,,,,0.0,,,
2024-01-09 21:00:00,,,,,,,,,,,,,,,,,,,,,0.0,,,
2024-01-09 22:00:00,,,,,,,,,,,,,,,,,,,,,0.0,,,
2024-01-09 23:00:00,,,,,,,,,,,,,,,,,,,,,0.0,,,
2024-01-10 00:00:00,,,,,,,,,,,,,,,,,,,,,0.0,,,
2024-01-10 01:00:00,,,,,,,,,,,,,,,,,,,,,0.0,,,
2024-01-10 02:00:00,,,,,,,,,,,,,,,,,,,,,0.0,,,
2024-01-10 03:00:00,,,,,,,,,,,,,,,,,,,,,0.0,,,
2024-01-10 04:00:00,,,,,,,,,,,,,,,,,,,,,0.0,,,
2024-01-10 05:00:00,,,,,,,,,,,,,,,,,,,,,0.0,,,
2024-01-10 06:00:00,,,,,,,,,,,,,,,,,,,,,0.0,,,
2024-01-10 07:00:00,,,,,,,,,,,,,,,,,,,,,0.0,,,
2024-01-10 08:00:00,,,,,,,,,,,,,,,,,,,,,0.0,,,
2024-01-10 09:00:00,,,,,,,,,,,,,,,,,,,,,0.0,,,
2024-01-10 10:00:00,,,,,,,,,,,,,,,,,,,,,0.0,,,
2024-01-10 11:00:00,,,,,,,,,,,,,,,,,,,,,0.0,,,
2024-01-10 12:00:00,,,,,,,,,,,,,,,,,,,,,0.0,,,
2024-01-10 13:00:00,,,,,,,,,,,,,,,,,,,,,0.0,,,
2024-01-10 14:00:00,,,,,,,,,,,,,,,,,,,,,0.0,,,
2024-01-10 15:00:00,,,,,,,,,,,,,,,,,,,,,0.0,,,
2024-01-10 16:00:00,,,,,,,,,,,,,,,,,,,,,0.0,,,
2024-01-10 17:00:00,,,,,,,,,,,,,,,,,,,,,0.0,,,
2024-01-10 18:00:00,,,,,,,,,,,,,,,,,,,,,0.0,,,
2024-01-10 19:00:00,,,,,,,,,,,,,,,,,,,,,0.0,,,
2024-01-10 20:00:00,,,,,,,,,,,,,,,,,,,,,0.0,,,
2024-01-10 21:00:00,,,,,,,,,,,,,,,,,,,,,0.0,,,
2024-01-10 22:00:00,,,,,,,,,,,,,,,,,,,,,0.0,,,
2024-01-10 23:00:00,,,,,,,,,,,,,,,,,,,,,0.0,,,
2024-01-11 00:00:00,,,,,,,,,,,,,,,,,,,,,0.0,,,
2024-01-11 01:00:00,,,,,,,,,,,,,,,,,,,,,0.0,,,
2024-01-11 02:00:00,,,,,,,,,,,,,,,,,,,,,0.0,,,
2024-01-11 03:00:00,,,,,,,,,,,,,,,,,,,,,0.0,,,
2024-01-11 04:00:00,,,,,,,,,,,,,,,,,,,,,0.0,,,
2024-01-11 05:00:00,,,,,,,,,,,,,,,,,,,,,0.0,,,
2024-01-11 06:00:00,,,,,,,,,,,,,,,,,,,,,0.0,,,
2024-01-11 07:00:00,,,,,,,,,,,,,,,,,,,,,0.0,,,
2024-01-11 08:00:00,,,,,,,,,,,,,,,,,,,,,0.0,,,
2024-01-11 09:00:00,,,,,,,,,,,,,,,,,,,,,0.0,,,
2024-01-11 10:00:00,,,,,,,,,,,,,,,,,,,,,0.0,,,
2024-01-11 11:00:00,,,,,,,,,,,,,,,,,,,,,0.0,,,
2024-01-11 12:00:00,,,,,,,,,,,,,,,,,,,,,0.0,,,
2024-01-11 13:00:00,,,,,,,,,,,,,,,,,,,,,0.0,,,
2024-01-11 14:00:00,,,,,,,,,,,,,,,,,,,,,0.0,,,
2024-01-11 15:00:00,,,,,,,,,,,,,,,,,,,,,0.0,,,
2024-01-11 16:00:00,,,,,,,,,,,,,,,,,,,,,0.0,,,
2024-01-11 17:00:00,,,,,,,,,,,,,,,,,,,,,0.0,,,
2024-01-11 18:00:00,,,,,,,,,,,,,,,,,,,,,0.0,,,
2024-01-11 19:00:00,,,,,,,,,,,,,,,,,,,,,0.0,,,
2024-01-11 20:00:00,,,,,,,,,,,,,,,,,,,,,0.0,,,
2024-01-11 21:00:00,,,,,,,,,,,,,,,,,,,,,0.0,,,
2024-01-11 22:00:00,,,,,,,,,,,,,,,,,,,,,0.0,,,
2024-01-11 23:00:00,,,,,,,,,,,,,,,,,,,,,0.0,,,
2024-01-12 00:00:00,,,,,,,,,,,,,,,,,,,,,0.0,,,
2024-01-12 01:00:00,,,,,,,,,,,,,,,,,,,,,0.0,,,
2024-01-12 02:00:00,,,,,,,,,,,,,,,,,,,,,0.0,,,
2024-01-12 03:00:00,,,,,,,,,,,,,,,,,,,,,0.0,,,
2024-01-12 04:00:00,,,,,,,,,,,,,,,,,,,,,0.0,,,
2024-01-12 05:00:00,,,,,,,,,,,,,,,,,,,,,0.0,,,
2024-01-12 06:00:00,,,,,,,,,,,,,,,,,,,,,0.0,,,
2024-01-12 07:00:00,,,,,,,,,,,,,,,,,,,,,0.0,,,
2024-01-12 08:00:00,,,,,,,,,,,,,,,,,,,,,0.0,,,
2024-01-12 09:00:00,,,,,,,,,,,,,,,,,,,,,0.0,,,
2024-01-12 10:00:00,,,,,,,,,,,,,,,,,,,,,0.0,,,
2024-01-12 11:00:00,,,,,,,,,,,,,,,,,,,,,0.0,,,
2024-01-12 12:00:00,,,,,,,,,,,,,,,,,,,,,0.0,,,
2024-01-12 13:00:00,,,,,,,,,,,,,,,,,,,,,0.0,,,
2024-01-12 14:00:00,,,,,,,,,,,,,,,,,,,,,0.0,,,
2024-01-12 15:00:00,,,,,,,,,,,,,,,,,,,,,0.0,,,
2024-01-12 16:00:00,,,,,,,,,,,,,,,,,,,,,0.0,,,
2024-01-12 17:00:00,,,,,,,,,,,,,,,,,,,,,0.0,,,
2024-01-12 18:00:00,,,,,,,,,,,,,,,,,,,,,0.0,,,
2024-01-12 19:00:00,,,,,,,,,,,,,,,,,,,,,0.0,,,
2024-01-12 20:00:00,,,,,,,,,,,,,,,,,,,,,0.0,,,
2024-01-12 21:00:00,,,,,,,,,,,,,,,,,,,,,0.0,,,
2024-01-12 22:00:00,,,,,,,,,,,,,,,,,,,,,0.0,,,
2024-01-12 23:00:00,,,,,,,,,,,,,,,,,,,,,0.0,,,
2024-01-13 00:00:00,,,,,,,,,,,,,,,,,,,,,0.0,,,
2024-01-13 01:00:00,,,,,,,,,,,,,,,,,,,,,0.0,,,
2024-01-13 02:00:00,,,,,,,,,,,,,,,,,,,,,0.0,,,
2024-01-13 03:00:00,,,,,,,,,,,,,,,,,,,,,0.0,,,
2024-01-13 04:00:00,,,,,,,,,,,,,,,,,,,,,0.0,,,
2024-01-13 05:00:00,,,,,,,,,,,,,,,,,,,,,0.0,,,
2024-01-13 06:00:00,,,,,,,,,,,,,,,,,,,,,0.0,,,
2024-01-13 07:00:00,,,,,,,,,,,,,,,,,,,,,0.0,,,
2024-01-13 08:00:00,,,,,,,,,,,,,,,,,,,,,0.0,,,
2024-01-13 09:00:00,,,,,,,,,,,,,,,,,,,,,0.0,,,
2024-01-13 10:00:00,,,,,,,,,,,,,,,,,,,,,0.0,,,
2024-01-13 11:00:00,,,,,,,,,,,,,,,,,,,,,0.0,,,
2024-01-13 12:00:00,,,,,,,,,,,,,,,,,,,,,0.0,,,
2024-01-13 13:00:00,,,,,,,,,,,,,,,,,,,,,0.0,,,
2024-01-13 14:00:00,,,,,,,,,,,,,,,,,,,,,0.0,,,
2024-01-13 15:00:00,,,,,,,,,,,,,,,,,,,,,0.0,,,
2024-01-13 16:00:00,,,,,,,,,,,,,,,,,,,,,0.0,,,
2024-01-13 17:00:00,,,,,,,,,,,,,,,,,,,,,0.0,,,
2024-01-13 18:00:00,,,,,,,,,,,,,,,,,,,,,0.0,,,
2024-01-13 19:00:00,,,,,,,,,,,,,,,,,,,,,0.0,,,
2024-01-13 20:00:00,,,,,,,,,,,,,,,,,,,,,0.0,,,
2024-01-13 21:00:00,,,,,,,,,,,,,,,,,,,,,0.0,,,
2024-01-13 22:00:00,,,,,,,,,,,,,,,,,,,,,0.0,,,
2024-01-13 23:00:00,,,,,,,,,,,,,,,,,,,,,0.0,,,
2024-01-14 00:00:00,,,,,,,,,,,,,,,,,,,,,0.0,,,
2024-01-14 01:00:00,,,,,,,,,,,,,,,,,,,,,0.0,,,
2024-01-14 02:00:00,,,,,,,,,,,,,,,,,,,,,0.0,,,
2024-01-14 03:00:00,,,,,,,,,,,,,,,,,,,,,0.0,,,
2024-01-14 04:00:00,,,,,,,,,,,,,,,,,,,,,0.0,,,
2024-01-14 05:00:00,,,,,,,,,,,,,,,,,,,,,0.0,,,
2024-01-14 06:00:00,,,,,,,,,,,,,,,,,,,,,0.0,,,
2024-01-14 07:00:00,,,,,,,,,,,,,,,,,,,,,0.0,,,
2024-01-14 08:00:00,,,,,,,,,,,,,,,,,,,,,0.0,,,
2024-01-14 09:00:00,,,,,,,,,,,,,,,,,,,,,0.0,,,
2024-01-14 10:00:00,,,,,,,,,,,,,,,,,,,,,0.0,,,
2024-01-14 11:00:00,,,,,,,,,,,,,,,,,,,,,0.0,,,
2024-01-14 12:00:00,,,,,,,,,,,,,,,,,,,,,0.0,,,
2024-01-14 13:00:00,,,,,,,,,,,,,,,,,,,,,0.0,,,
2024-01-14 14:00:00,,,,,,,,,,,,,,,,,,,,,0.0,,,
2024-01-14 15:00:00,,,,,,,,,,,,,,,,,,,,,0.0,,,
2024-01-14 16:00:00,,,,,,,,,,,,,,,,,,,,,0.0,,,
2024-01-14 17:00:00,,,,,,,,,,,,,,,,,,,,,0.0,,,
2024-01-14 18:00:00,,,,,,,,,,,,,,,,,,,,,0.0,,,
2024-01-14 19:00:00,,,,,,,,,,,,,,,,,,,,,0.0,,,
2024-01-14 20:00:00,,,,,,,,,,,,,,,,,,,,,0.0,,,
2024-01-14 21:00:00,,,,,,,,,,,,,,,,,,,,,0.0,,,
2024-01-14 22:00:00,,,,,,,,,,,,,,,,,,,,,0.0,,,
2024-01-14 23:00:00,,,,,,,,,,,,,,,,,,,,,0.0,,,
2024-01-15 00:00:00,,,,,,,,,,,,,,,,,,,,,0.0,,,
2024-01-15 01:00:00,,,,,,,,,,,,,,,,,,,,,0.0,,,
2024-01-15 02:00:00,,,,,,,,,,,,,,,,,,,,,0.0,,,
2024-01-15 03:00:00,,,,,,,,,,,,,,,,,,,,,0.0,,,
2024-01-15 04:00:00,,,,,,,,,,,,,,,,,,,,,0.0,,,
2024-01-15 05:00:00,,,,,,,,,,,,,,,,,,,,,0.0,,,
2024-01-15 06:00:00,,,,,,,,,,,,,,,,,,,,,0.0,,,
2024-01-15 07:00:00,,,,,,,,,,,,,,,,,,,,,0.0,,,
2024-01-15 08:00:00,,,,,,,,,,,,,,,,,,,,,0.0,,,
2024-01-15 09:00:00,,,,,,,,,,,,,,,,,,,,,0.0,,,
2024-01-15 10:00:00,,,,,,,,,,,,,,,,,,,,,0.0,,,
2024-01-15 11:00:00,,,,,,,,,,,,,,,,,,,,,0.0,,,
2024-01-15 12:00:00,,,,,,,,,,,,,,,,,,,,,0.0,,,
2024-01-15 13:00:00,,,,,,,,,,,,,,,,,,,,,0.0,,,
2024-01-15 14:00:00,,,,,,,,,,,,,,,,,,,,,0.0,,,
2024-01-15 15:00:00,,,,,,,,,,,,,,,,,,,,,0.0,,,
2024-01-15 16:00:00,,,,,,,,,,,,,,,,,,,,,0.0,,,
2024-01-15 17:00:00,,,,,,,,,,,,,,,,,,,,,0.0,,,
2024-01-15 18:00:00,,,,,,,,,,,,,,,,,,,,,0.0,,,
2024-01-15 19:00:00,,,,,,,,,,,,,,,,,,,,,0.0,,,
2024-01-15 20:00:00,,,,,,,,,,,,,,,,,,,,,0.0,,,
2024-01-15 21:00:00,,,,,,,,,,,,,,,,,,,,,0.0,,,
2024-01-15 22:00:00,,,,,,,,,,,,,,,,,,,,,0.0,,,
2024-01-15 23:00:00,,,,,,,,,,,,,,,,,,,,,0.0,,,
2024-01-16 00:00:00,,,,,,,,,,,,,,,,,,,,,0.0,,,
2024-01-16 01:00:00,,,,,,,,,,,,,,,,,,,,,0.0,,,
2024-01-16 02:00:00,,,,,,,,,,,,,,,,,,,,,0.0,,,
2024-01-16 03:00:00,,,,,,,,,,,,,,,,,,,,,0.0,,,
2024-01-16 04:00:00,,,,,,,,,,,,,,,,,,,,,0.0,,,
2024-01-16 05:00:00,,,,,,,,,,,,,,,,,,,,,0.0,,,
2024-01-16 06:00:00,,,,,,,,,,,,,,,,,,,,,0.0,,,
2024-01-16 07:00:00,,,,,,,,,,,,,,,,,,,,,0.0,,,
2024-01-16 08:00:00,,,,,,,,,,,,,,,,,,,,,0.0,,,
2024-01-16 09:00:00,,,,,,,,,,,,,,,,,,,,,0.0,,,
2024-01-16 10:00:00,,,,,,,,,,,,,,,,,,,,,0.0,,,
2024-01-16 11:00:00,,,,,,,,,,,,,,,,,,,,,0.0,,,
2024-01-16 12:00:00,,,,,,,,,,,,,,,,,,,,,0.0,,,
2024-01-16 13:00:00,,,,,,,,,,,,,,,,,,,,,0.0,,,
2024-01-16 14:00:00,,,,,,,,,,,,,,,,,,,,,0.0,,,
2024-01-16 15:00:00,,,,,,,,,,,,,,,,,,,,,0.0,,,
2024-01-16 16:00:00,,,,,,,,,,,,,,,,,,,,,0.0,,,
2024-01-16 17:00:00,,,,,,,,,,,,,,,,,,,,,0.0,,,
2024-01-16 18:00:00,,,,,,,,,,,,,,,,,,,,,0.0,,,
2024-01-16 19:00:00,,,,,,,,,,,,,,,,,,,,,0.0,,,
2024-01-16 20:00:00,,,,,,,,,,,,,,,,,,,,,0.0,,,
2024-01-16 21:00:00,,,,,,,,,,,,,,,,,,,,,0.0,,,
2024-01-16 22:00:00,,,,,,,,,,,,,,,,,,,,,0.0,,,
2024-01-16 23:00:00,,,,,,,,,,,,,,,,,,,,,0.0,,,
2024-01-17 00:00:00,,,,,,,,,,,,,,,,,,,,,0.0,,,
2024-01-17 01:00:00,,,,,,,,,,,,,,,,,,,,,0.0,,,
2024-01-17 02:00:00,,,,,,,,,,,,,,,,,,,,,0.0,,,
2024-01-17 03:00:00,,,,,,,,,,,,,,,,,,,,,0.0,,,
2024-01-17 04:00:00,,,,,,,,,,,,,,,,,,,,,0.0,,,
2024-01-17 05:00:00,,,,,,,,,,,,,,,,,,,,,0.0,,,
2024-01-17 06:00:00,,,,,,,,,,,,,,,,,,,,,0.0,,,
2024-01-17 07:00:00,,,,,,,,,,,,,,,,,,,,,0.0,,,
2024-01-17 08:00:00,,,,,,,,,,,,,,,,,,,,,0.0,,,
2024-01-17 09:00:00,,,,,,,,,,,,,,,,,,,,,0.0,,,
2024-01-17 10:00:00,,,,,,,,,,,,,,,,,,,,,0.0,,,
2024-01-17 11:00:00,,,,,,,,,,,,,,,,,,,,,0.0,,,
2024-01-17 12:00:00,,,,,,,,,,,,,,,,,,,,,0.0,,,
2024-01-17 13:00:00,,,,,,,,,,,,,,,,,,,,,0.0,,,
2024-01-17 14:00:00,,,,,,,,,,,,,,,,,,,,,0.0,,,
2024-01-17 15:00:00,,,,,,,,,,,,,,,,,,,,,0.0,,,
2024-01-17 16:00:00,,,,,,,,,,,,,,,,,,,,,0.0,,,
2024-01-17 17:00:00,,,,,,,,,,,,,,,,,,,,,0.0,,,
2024-01-17 18:00:00,,,,,,,,,,,,,,,,,,,,,0.0,,,
2024-01-17 19:00:00,,,,,,,,,,,,,,,,,,,,,0.0,,,
2024-01-17 20:00:00,,,,,,,,,,,,,,,,,,,,,0.0,,,
2024-01-17 21:00:00,,,,,,,,,,,,,,,,,,,,,0.0,,,
2024-01-17 22:00:00,,,,,,,,,,,,,,,,,,,,,0.0,,,
2024-01-17 23:00:00,,,,,,,,,,,,,,,,,,,,,0.0,,,
2024-01-18 00:00:00,,,,,,,,,,,,,,,,,,,,,0.0,,,
2024-01-18 01:00:00,,,,,,,,,,,,,,,,,,,,,0.0,,,
2024-01-18 02:00:00,,,,,,,,,,,,,,,,,,,,,0.0,,,
2024-01-18 03:00:00,,,,,,,,,,,,,,,,,,,,,0.0,,,
2024-01-18 04:00:00,,,,,,,,,,,,,,,,,,,,,0.0,,,
2024-01-18 05:00:00,,,,,,,,,,,,,,,,,,,,,0.0,,,
2024-01-18 06:00:00,,,,,,,,,,,,,,,,,,,,,0.0,,,
2024-01-18 07:00:00,,,,,,,,,,,,,,,,,,,,,0.0,,,
2024-01-18 08:00:00,,,,,,,,,,,,,,,,,,,,,0.0,,,
2024-01-18 09:00:00,,,,,,,,,,,,,,,,,,,,,0.0,,,
2024-01-18 10:00:00,,,,,,,,,,,,,,,,,,,,,0.0,,,
2024-01-18 11:00:00,,,,,,,,,,,,,,,,,,,,,0.0,,,
2024-01-18 12:00:00,,,,,,,,,,,,,,,,,,,,,0.0,,,
2024-01-18 13:00:00,,,,,,,,,,,,,,,,,,,,,0.0,,,
2024-01-18 14:00:00,,,,,,,,,,,,,,,,,,,,,0.0,,,
2024-01-18 15:00:00,,,,,,,,,,,,,,,,,,,,,0.0,,,
2024-01-18 16:00:00,,,,,,,,,,,,,,,,,,,,,0.0,,,
2024-01-18 17:00:00,,,,,,,,,,,,,,,,,,,,,0.0,,,
2024-01-18 18:00:00,,,,,,,,,,,,,,,,,,,,,0.0,,,
2024-01-18 19:00:00,,,,,,,,,,,,,,,,,,,,,0.0,,,
2024-01-18 20:00:00,,,,,,,,,,,,,,,,,,,,,0.0,,,
2024-01-18 21:00:00,,,,,,,,,,,,,,,,,,,,,0.0,,,
2024-01-18 22:00:00,,,,,,,,,,,,,,,,,,,,,0.0,,,
2024-01-18 23:00:00,,,,,,,,,,,,,,,,,,,,,0.0,,,
2024-01-19 00:00:00,,,,,,,,,,,,,,,,,,,,,0.0,,,
2024-01-19 01:00:00,,,,,,,,,,,,,,,,,,,,,0.0,,,
2024-01-19 02:00:00,,,,,,,,,,,,,,,,,,,,,0.0,,,
2024-01-19 03:00:00,,,,,,,,,,,,,,,,,,,,,0.0,,,
2024-01-19 04:00:00,,,,,,,,,,,,,,,,,,,,,0.0,,,
2024-01-19 05:00:00,,,,,,,,,,,,,,,,,,,,,0.0,,,
2024-01-19 06:00:00,,,,,,,,,,,,,,,,,,,,,0.0,,,
2024-01-19 07:00:00,,,,,,,,,,,,,,,,,,,,,0.0,,,
2024-01-19 08:00:00,,,,,,,,,,,,,,,,,,,,,0.0,,,
2024-01-19 09:00:00,,,,,,,,,,,,,,,,,,,,,0.0,,,
2024-01-19 10:00:00,,,,,,,,,,,,,,,,,,,,,0.0,,,
2024-01-19 11:00:00,,,,,,,,,,,,,,,,,,,,,0.0,,,
2024-01-19 12:00:00,,,,,,,,,,,,,,,,,,,,,0.0,,,
2024-01-19 13:00:00,,,,,,,,,,,,,,,,,,,,,0.0,,,
2024-01-19 14:00:00,,,,,,,,,,,,,,,,,,,,,0.0,,,
2024-01-19 15:00:00,,,,,,,,,,,,,,,,,,,,,0.0,,,
2024-01-19 16:00:00,,,,,,,,,,,,,,,,,,,,,0.0,,,
2024-01-19 17:00:00,,,,,,,,,,,,,,,,,,,,,0.0,,,
2024-01-19 18:00:00,,,,,,,,,,,,,,,,,,,,,0.0,,,
2024-01-19 19:00:00,,,,,,,,,,,,,,,,,,,,,0.0,,,
2024-01-19 20:00:00,,,,,,,,,,,,,,,,,,,,,0.0,,,
2024-01-19 21:00:00,,,,,,,,,,,,,,,,,,,,,0.0,,,
2024-01-19 22:00:00,,,,,,,,,,,,,,,,,,,,,0.0,,,
2024-01-19 23:00:00,,,,,,,,,,,,,,,,,,,,,0.0,,,
2024-01-20 00:00:00,,,,,,,,,,,,,,,,,,,,,0.0,,,
2024-01-20 01:00:00,,,,,,,,,,,,,,,,,,,,,0.0,,,
2024-01-20 02:00:00,,,,,,,,,,,,,,,,,,,,,0.0,,,
2024-01-20 03:00:00,,,,,,,,,,,,,,,,,,,,,0.0,,,
2024-01-20 04:00:00,,,,,,,,,,,,,,,,,,,,,0.0,,,
2024-01-20 05:00:00,,,,,,,,,,,,,,,,,,,,,0.0,,,
2024-01-20 06:00:00,,,,,,,,,,,,,,,,,,,,,0.0,,,
2024-01-20 07:00:00,,,,,,,,,,,,,,,,,,,,,0.0,,,
2024-01-20 08:00:00,,,,,,,,,,,,,,,,,,,,,0.0,,,
2024-01-20 09:00:00,,,,,,,,,,,,,,,,,,,,,0.0,,,
2024-01-20 10:00:00,,,,,,,,,,,,,,,,,,,,,0.0,,,
2024-01-20 11:00:00,,,,,,,,,,,,,,,,,,,,,0.0,,,
2024-01-20 12:00:00,,,,,,,,,,,,,,,,,,,,,0.0,,,
2024-01-20 13:00:00,,,,,,,,,,,,,,,,,,,,,0.0,,,
2024-01-20 14:00:00,,,,,,,,,,,,,,,,,,,,,0.0,,,
2024-01-20 15:00:00,,,,,,,,,,,,,,,,,,,,,0.0,,,
2024-01-20 16:00:00,,,,,,,,,,,,,,,,,,,,,0.0,,,
2024-01-20 17:00:00,,,,,,,,,,,,,,,,,,,,,0.0,,,
2024-01-20 18:00:00,,,,,,,,,,,,,,,,,,,,,0.0,,,
2024-01-20 19:00:00,,,,,,,,,,,,,,,,,,,,,0.0,,,
2024-01-20 20:00:00,,,,,,,,,,,,,,,,,,,,,0.0,,,
2024-01-20 21:00:00,,,,,,,,,,,,,,,,,,,,,0.0,,,
2024-01-20 22:00:00,,,,,,,,,,,,,,,,,,,,,0.0,,,
2024-01-20 23:00:00,,,,,,,,,,,,,,,,,,,,,0.0,,,
2024-01-21 00:00:00,,,,,,,,,,,,,,,,,,,,,0.0,,,
2024-01-21 01:00:00,,,,,,,,,,,,,,,,,,,,,0.0,,,
2024-01-21 02:00:00,,,,,,,,,,,,,,,,,,,,,0.0,,,
2024-01-21 03:00:00,,,,,,,,,,,,,,,,,,,,,0.0,,,
2024-01-21 04:00:00,,,,,,,,,,,,,,,,,,,,,0.0,,,
2024-01-21 05:00:00,,,,,,,,,,,,,,,,,,,,,0.0,,,
2024-01-21 06:00:00,,,,,,,,,,,,,,,,,,,,,0.0,,,
2024-01-21 07:00:00,,,,,,,,,,,,,,,,,,,,,0.0,,,
2024-01-21 08:00:00,,,,,,,,,,,,,,,,,,,,,0.0,,,
2024-01-21 09:00:00,,,,,,,,,,,,,,,,,,,,,0.0,,,
2024-01-21 10:00:00,,,,,,,,,,,,,,,,,,,,,0.0,,,
2024-01-21 11:00:00,,,,,,,,,,,,,,,,,,,,,0.0,,,
2024-01-21 12:00:00,,,,,,,,,,,,,,,,,,,,,0.0,,,
2024-01-21 13:00:00,,,,,,,,,,,,,,,,,,,,,0.0,,,
2024-01-21 14:00:00,,,,,,,,,,,,,,,,,,,,,0.0,,,
2024-01-21 15:00:00,,,,,,,,,,,,,,,,,,,,,0.0,,,
2024-01-21 16:00:00,,,,,,,,,,,,,,,,,,,,,0.0,,,
2024-01-21 17:00:00,,,,,,,,,,,,,,,,,,,,,0.0,,,
2024-01-21 18:00:00,,,,,,,,,,,,,,,,,,,,,0.0,,,
2024-01-21 19:00:00,,,,,,,,,,,,,,,,,,,,,0.0,,,
2024-01-21 20:00:00,,,,,,,,,,,,,,,,,,,,,0.0,,,
2024-01-21 21:00:00,,,,,,,,,,,,,,,,,,,,,0.0,,,
2024-01-21 22:00:00,,,,,,,,,,,,,,,,,,,,,0.0,,,
2024-01-21 23:00:00,,,,,,,,,,,,,,,,,,,,,0.0,,,
2024-01-22 00:00:00,,,,,,,,,,,,,,,,,,,,,0.0,,,
2024-01-22 01:00:00,,,,,,,,,,,,,,,,,,,,,0.0,,,
2024-01-22 02:00:00,,,,,,,,,,,,,,,,,,,,,0.0,,,
2024-01-22 03:00:00,,,,,,,,,,,,,,,,,,,,,0.0,,,
2024-01-22 04:00:00,,,,,,,,,,,,,,,,,,,,,0.0,,,
2024-01-22 05:00:00,,,,,,,,,,,,,,,,,,,,,0.0,,,
2024-01-22 06:00:00,,,,,,,,,,,,,,,,,,,,,0.0,,,
2024-01-22 07:00:00,,,,,,,,,,,,,,,,,,,,,0.0,,,
2024-01-22 08:00:00,,,,,,,,,,,,,,,,,,,,,0.0,,,
2024-01-22 09:00:00,,,,,,,,,,,,,,,,,,,,,0.0,,,
2024-01-22 10:00:00,,,,,,,,,,,,,,,,,,,,,0.0,,,
2024-01-22 11:00:00,,,,,,,,,,,,,,,,,,,,,0.0,,,
2024-01-22 12:00:00,,,,,,,,,,,,,,,,,,,,,0.0,,,
2024-01-22 13:00:00,,,,,,,,,,,,,,,,,,,,,0.0,,,
2024-01-22 14:00:00,,,,,,,,,,,,,,,,,,,,,0.0,,,
2024-01-22 15:00:00,,,,,,,,,,,,,,,,,,,,,0.0,,,
2024-01-22 16:00:00,,,,,,,,,,,,,,,,,,,,,0.0,,,
2024-01-22 17:00:00,,,,,,,,,,,,,,,,,,,,,0.0,,,
2024-01-22 18:00:00,,,,,,,,,,,,,,,,,,,,,0.0,,,
2024-01-22 19:00:00,,,,,,,,,,,,,,,,,,,,,0.0,,,
2024-01-22 20:00:00,,,,,,,,,,,,,,,,,,,,,0.0,,,
2024-01-22 21:00:00,,,,,,,,,,,,,,,,,,,,,0.0,,,
2024-01-22 22:00:00,,,,,,,,,,,,,,,,,,,,,0.0,,,
2024-01-22 23:00:00,,,,,,,,,,,,,,,,,,,,,0.0,,,
2024-01-23 00:00:00,,,,,,,,,,,,,,,,,,,,,0.0,,,
2024-01-23 01:00:00,,,,,,,,,,,,,,,,,,,,,0.0,,,
2024-01-23 02:00:00,,,,,,,,,,,,,,,,,,,,,0.0,,,
2024-01-23 03:00:00,,,,,,,,,,,,,,,,,,,,,0.0,,,
2024-01-23 04:00:00,,,,,,,,,,,,,,,,,,,,,0.0,,,
2024-01-23 05:00:00,,,,,,,,,,,,,,,,,,,,,0.0,,,
2024-01-23 06:00:00,,,,,,,,,,,,,,,,,,,,,0.0,,,
2024-01-23 07:00:00,,,,,,,,,,,,,,,,,,,,,0.0,,,
2024-01-23 08:00:00,,,,,,,,,,,,,,,,,,,,,0.0,,,
2024-01-23 09:00:00,,,,,,,,,,,,,,,,,,,,,0.0,,,
2024-01-23 10:00:00,,,,,,,,,,,,,,,,,,,,,0.0,,,
2024-01-23 11:00:00,,,,,,,,,,,,,,,,,,,,,0.0,,,
2024-01-23 12:00:00,,,,,,,,,,,,,,,,,,,,,0.0,,,
2024-01-23 13:00:00,,,,,,,,,,,,,,,,,,,,,0.0,,,
2024-01-23 14:00:00,,,,,,,,,,,,,,,,,,,,,0.0,,,
2024-01-23 15:00:00,,,,,,,,,,,,,,,,,,,,,0.0,,,
2024-01-23 16:00:00,,,,,,,,,,,,,,,,,,,,,0.0,,,
2024-01-23 17:00:00,,,,,,,,,,,,,,,,,,,,,0.0,,,
2024-01-23 18:00:00,,,,,,,,,,,,,,,,,,,,,0.0,,,
2024-01-23 19:00:00,,,,,,,,,,,,,,,,,,,,,0.0,,,
2024-01-23 20:00:00,,,,,,,,,,,,,,,,,,,,,0.0,,,
2024-01-23 21:00:00,,,,,,,,,,,,,,,,,,,,,0.0,,,
2024-01-23 22:00:00,,,,,,,,,,,,,,,,,,,,,0.0,,,
2024-01-23 23:00:00,,,,,,,,,,,,,,,,,,,,,0.0,,,
2024-01-24 00:00:00,,,,,,,,,,,,,,,,,,,,,0.0,,,
2024-01-24 01:00:00,,,,,,,,,,,,,,,,,,,,,0.0,,,
2024-01-24 02:00:00,,,,,,,,,,,,,,,,,,,,,0.0,,,
2024-01-24 03:00:00,,,,,,,,,,,,,,,,,,,,,0.0,,,
2024-01-24 04:00:00,,,,,,,,,,,,,,,,,,,,,0.0,,,
2024-01-24 05:00:00,,,,,,,,,,,,,,,,,,,,,0.0,,,
2024-01-24 06:00:00,,,,,,,,,,,,,,,,,,,,,0.0,,,
2024-01-24 07:00:00,,,,,,,,,,,,,,,,,,,,,0.0,,,
2024-01-24 08:00:00,,,,,,,,,,,,,,,,,,,,,0.0,,,
2024-01-24 09:00:00,,,,,,,,,,,,,,,,,,,,,0.0,,,
2024-01-24 10:00:00,,,,,,,,,,,,,,,,,,,,,0.0,,,
2024-01-24 11:00:00,,,,,,,,,,,,,,,,,,,,,0.0,,,
2024-01-24 12:00:00,,,,,,,,,,,,,,,,,,,,,0.0,,,
2024-01-24 13:00:00,,,,,,,,,,,,,,,,,,,,,0.0,,,
2024-01-24 14:00:00,,,,,,,,,,,,,,,,,,,,,0.0,,,
2024-01-24 15:00:00,,,,,,,,,,,,,,,,,,,,,0.0,,,
2024-01-24 16:00:00,,,,,,,,,,,,,,,,,,,,,0.0,,,
2024-01-24 17:00:00,,,,,,,,,,,,,,,,,,,,,0.0,,,
2024-01-24 18:00:00,,,,,,,,,,,,,,,,,,,,,0.0,,,
2024-01-24 19:00:00,,,,,,,,,,,,,,,,,,,,,0.0,,,
2024-01-24 20:00:00,,,,,,,,,,,,,,,,,,,,,0.0,,,
2024-01-24 21:00:00,,,,,,,,,,,,,,,,,,,,,0.0,,,
2024-01-24 22:00:00,,,,,,,,,,,,,,,,,,,,,0.0,,,
2024-01-24 23:00:00,,,,,,,,,,,,,,,,,,,,,0.0,,,
2024-01-25 00:00:00,,,,,,,,,,,,,,,,,,,,,0.0,,,
2024-01-25 01:00:00,,,,,,,,,,,,,,,,,,,,,0.0,,,
2024-01-25 02:00:00,,,,,,,,,,,,,,,,,,,,,0.0,,,
2024-01-25 03:00:00,,,,,,,,,,,,,,,,,,,,,0.0,,,
2024-01-25 04:00:00,,,,,,,,,,,,,,,,,,,,,0.0,,,
2024-01-25 05:00:00,,,,,,,,,,,,,,,,,,,,,0.0,,,
2024-01-25 06:00:00,,,,,,,,,,,,,,,,,,,,,0.0,,,
2024-01-25 07:00:00,,,,,,,,,,,,,,,,,,,,,0.0,,,
2024-01-25 08:00:00,,,,,,,,,,,,,,,,,,,,,0.0,,,
2024-01-25 09:00:00,,,,,,,,,,,,,,,,,,,,,0.0,,,
2024-01-25 10:00:00,,,,,,,,,,,,,,,,,,,,,0.0,,,
2024-01-25 11:00:00,,,,,,,,,,,,,,,,,,,,,0.0,,,
2024-01-25 12:00:00,,,,,,,,,,,,,,,,,,,,,0.0,,,
2024-01-25 13:00:00,,,,,,,,,,,,,,,,,,,,,0.0,,,
2024-01-25 14:00:00,,,,,,,,,,,,,,,,,,,,,0.0,,,
2024-01-25 15:00:00,,,,,,,,,,,,,,,,,,,,,0.0,,,
2024-01-25 16:00:00,,,,,,,,,,,,,,,,,,,,,0.0,,,
2024-01-25 17:00:00,,,,,,,,,,,,,,,,,,,,,0.0,,,
2024-01-25 18:00:00,,,,,,,,,,,,,,,,,,,,,0.0,,,
2024-01-25 19:00:00,,,,,,,,,,,,,,,,,,,,,0.0,,,
2024-01-25 20:00:00,,,,,,,,,,,,,,,,,,,,,0.0,,,
2024-01-25 21:00:00,,,,,,,,,,,,,,,,,,,,,0.0,,,
2024-01-25 22:00:00,,,,,,,,,,,,,,,,,,,,,0.0,,,
2024-01-25 23:00:00,,,,,,,,,,,,,,,,,,,,,0.0,,,
2024-01-26 00:00:00,,,,,,,,,,,,,,,,,,,,,0.0,,,
2024-01-26 01:00:00,,,,,,,,,,,,,,,,,,,,,0.0,,,
2024-01-26 02:00:00,,,,,,,,,,,,,,,,,,,,,0.0,,,
2024-01-26 03:00:00,,,,,,,,,,,,,,,,,,,,,0.0,,,
2024-01-26 04:00:00,,,,,,,,,,,,,,,,,,,,,0.0,,,
2024-01-26 05:00:00,,,,,,,,,,,,,,,,,,,,,0.0,,,
2024-01-26 06:00:00,,,,,,,,,,,,,,,,,,,,,0.0,,,
2024-01-26 07:00:00,,,,,,,,,,,,,,,,,,,,,0.0,,,
2024-01-26 08:00:00,,,,,,,,,,,,,,,,,,,,,0.0,,,
2024-01-26 09:00:00,,,,,,,,,,,,,,,,,,,,,0.0,,,
2024-01-26 10:00:00,,,,,,,,,,,,,,,,,,,,,0.0,,,
2024-01-26 11:00:00,,,,,,,,,,,,,,,,,,,,,0.0,,,
2024-01-26 12:00:00,,,,,,,,,,,,,,,,,,,,,0.0,,,
2024-01-26 13:00:00,,,,,,,,,,,,,,,,,,,,,0.0,,,
2024-01-26 14:00:00,,,,,,,,,,,,,,,,,,,,,0.0,,,
2024-01-26 15:00:00,,,,,,,,,,,,,,,,,,,,,0.0,,,
2024-01-26 16:00:00,,,,,,,,,,,,,,,,,,,,,0.0,,,
2024-01-26 17:00:00,,,,,,,,,,,,,,,,,,,,,0.0,,,
2024-01-26 18:00:00,,,,,,,,,,,,,,,,,,,,,0.0,,,
2024-01-26 19:00:00,,,,,,,,,,,,,,,,,,,,,0.0,,,
2024-01-26 20:00:00,,,,,,,,,,,,,,,,,,,,,0.0,,,
2024-01-26 21:00:00,,,,,,,,,,,,,,,,,,,,,0.0,,,
2024-01-26 22:00:00,,,,,,,,,,,,,,,,,,,,,0.0,,,
2024-01-26 23:00:00,,,,,,,,,,,,,,,,,,,,,0.0,,,
2024-01-27 00:00:00,,,,,,,,,,,,,,,,,,,,,0.0,,,
2024-01-27 01:00:00,,,,,,,,,,,,,,,,,,,,,0.0,,,
2024-01-27 02:00:00,,,,,,,,,,,,,,,,,,,,,0.0,,,
2024-01-27 03:00:00,,,,,,,,,,,,,,,,,,,,,0.0,,,
2024-01-27 04:00:00,,,,,,,,,,,,,,,,,,,,,0.0,,,
2024-01-27 05:00:00,,,,,,,,,,,,,,,,,,,,,0.0,,,
2024-01-27 06:00:00,,,,,,,,,,,,,,,,,,,,,0.0,,,
2024-01-27 07:00:00,,,,,,,,,,,,,,,,,,,,,0.0,,,
2024-01-27 08:00:00,,,,,,,,,,,,,,,,,,,,,0.0,,,
2024-01-27 09:00:00,,,,,,,,,,,,,,,,,,,,,0.0,,,
2024-01-27 10:00:00,,,,,,,,,,,,,,,,,,,,,0.0,,,
2024-01-27 11:00:00,,,,,,,,,,,,,,,,,,,,,0.0,,,
2024-01-27 12:00:00,,,,,,,,,,,,,,,,,,,,,0.0,,,
2024-01-27 13:00:00,,,,,,,,,,,,,,,,,,,,,0.0,,,
2024-01-27 14:00:00,,,,,,,,,,,,,,,,,,,,,0.0,,,
2024-01-27 15:00:00,,,,,,,,,,,,,,,,,,,,,0.0,,,
2024-01-27 16:00:00,,,,,,,,,,,,,,,,,,,,,0.0,,,
2024-01-27 17:00:00,,,,,,,,,,,,,,,,,,,,,0.0,,,
2024-01-27 18:00:00,,,,,,,,,,,,,,,,,,,,,0.0,,,
2024-01-27 19:00:00,,,,,,,,,,,,,,,,,,,,,0.0,,,
2024-01-27 20:00:00,,,,,,,,,,,,,,,,,,,,,0.0,,,
2024-01-27 21:00:00,,,,,,,,,,,,,,,,,,,,,0.0,,,
2024-01-27 22:00:00,,,,,,,,,,,,,,,,,,,,,0.0,,,
2024-01-27 23:00:00,,,,,,,,,,,,,,,,,,,,,0.0,,,
2024-01-28 00:00:00,,,,,,,,,,,,,,,,,,,,,0.0,,,
2024-01-28 01:00:00,,,,,,,,,,,,,,,,,,,,,0.0,,,
2024-01-28 02:00:00,,,,,,,,,,,,,,,,,,,,,0.0,,,
2024-01-28 03:00:00,,,,,,,,,,,,,,,,,,,,,0.0,,,
2024-01-28 04:00:00,,,,,,,,,,,,,,,,,,,,,0.0,,,
2024-01-28 05:00:00,,,,,,,,,,,,,,,,,,,,,0.0,,,
2024-01-28 06:00:00,,,,,,,,,,,,,,,,,,,,,0.0,,,
2024-01-28 07:00:00,,,,,,,,,,,,,,,,,,,,,0.0,,,
2024-01-28 08:00:00,,,,,,,,,,,,,,,,,,,,,0.0,,,
2024-01-28 09:00:00,,,,,,,,,,,,,,,,,,,,,0.0,,,
2024-01-28 10:00:00,,,,,,,,,,,,,,,,,,,,,0.0,,,
2024-01-28 11:00:00,,,,,,,,,,,,,,,,,,,,,0.0,,,
2024-01-28 12:00:00,,,,,,,,,,,,,,,,,,,,,0.0,,,
2024-01-28 13:00:00,,,,,,,,,,,,,,,,,,,,,0.0,,,
2024-01-28 14:00:00,,,,,,,,,,,,,,,,,,,,,0.0,,,
2024-01-28 15:00:00,,,,,,,,,,,,,,,,,,,,,0.0,,,
2024-01-28 16:00:00,,,,,,,,,,,,,,,,,,,,,0.0,,,
2024-01-28 17:00:00,,,,,,,,,,,,,,,,,,,,,0.0,,,
2024-01-28 18:00:00,,,,,,,,,,,,,,,,,,,,,0.0,,,
2024-01-28 19:00:00,,,,,,,,,,,,,,,,,,,,,0.0,,,
2024-01-28 20:00:00,,,,,,,,,,,,,,,,,,,,,0.0,,,
2024-01-28 21:00:00,,,,,,,,,,,,,,,,,,,,,0.0,,,
2024-01-28 22:00:00,,,,,,,,,,,,,,,,,,,,,0.0,,,
2024-01-28 23:00:00,,,,,,,,,,,,,,,,,,,,,0.0,,,
2024-01-29 00:00:00,,,,,,,,,,,,,,,,,,,,,0.0,,,
2024-01-29 01:00:00,,,,,,,,,,,,,,,,,,,,,0.0,,,
2024-01-29 02:00:00,,,,,,,,,,,,,,,,,,,,,0.0,,,
2024-01-29 03:00:00,,,,,,,,,,,,,,,,,,,,,0.0,,,
2024-01-29 04:00:00,,,,,,,,,,,,,,,,,,,,,0.0,,,
2024-01-29 05:00:00,,,,,,,,,,,,,,,,,,,,,0.0,,,
2024-01-29 06:00:00,,,,,,,,,,,,,,,,,,,,,0.0,,,
2024-01-29 07:00:00,,,,,,,,,,,,,,,,,,,,,0.0,,,
2024-01-29 08:00:00,,,,,,,,,,,,,,,,,,,,,0.0,,,
2024-01-29 09:00:00,,,,,,,,,,,,,,,,,,,,,0.0,,,
2024-01-29 10:00:00,,,,,,,,,,,,,,,,,,,,,0.0,,,
2024-01-29 11:00:00,,,,,,,,,,,,,,,,,,,,,0.0,,,
2024-01-29 12:00:00,,,,,,,,,,,,,,,,,,,,,0.0,,,
2024-01-29 13:00:00,,,,,,,,,,,,,,,,,,,,,0.0,,,
2024-01-29 14:00:00,,,,,,,,,,,,,,,,,,,,,0.0,,,
2024-01-29 15:00:00,,,,,,,,,,,,,,,,,,,,,0.0,,,
2024-01-29 16:00:00,,,,,,,,,,,,,,,,,,,,,0.0,,,
2024-01-29 17:00:00,,,,,,,,,,,,,,,,,,,,,0.0,,,
2024-01-29 18:00:00,,,,,,,,,,,,,,,,,,,,,0.0,,,
2024-01-29 19:00:00,,,,,,,,,,,,,,,,,,,,,0.0,,,
2024-01-29 20:00:00,,,,,,,,,,,,,,,,,,,,,0.0,,,
2024-01-29 21:00:00,,,,,,,,,,,,,,,,,,,,,0.0,,,
2024-01-29 22:00:00,,,,,,,,,,,,,,,,,,,,,0.0,,,
2024-01-29 23:00:00,,,,,,,,,,,,,,,,,,,,,0.0,,,
2024-01-30 00:00:00,,,,,,,,,,,,,,,,,,,,,0.0,,,
2024-01-30 01:00:00,,,,,,,,,,,,,,,,,,,,,0.0,,,
2024-01-30 02:00:00,,,,,,,,,,,,,,,,,,,,,0.0,,,
2024-01-30 03:00:00,,,,,,,,,,,,,,,,,,,,,0.0,,,
2024-01-30 04:00:00,,,,,,,,,,,,,,,,,,,,,0.0,,,
2024-01-30 05:00:00,,,,,,,,,,,,,,,,,,,,,0.0,,,
2024-01-30 06:00:00,,,,,,,,,,,,,,,,,,,,,0.0,,,
2024-01-30 07:00:00,,,,,,,,,,,,,,,,,,,,,0.0,,,
2024-01-30 08:00:00,,,,,,,,,,,,,,,,,,,,,0.0,,,
2024-01-30 09:00:00,,,,,,,,,,,,,,,,,,,,,0.0,,,
2024-01-30 10:00:00,,,,,,,,,,,,,,,,,,,,,0.0,,,
2024-01-30 11:00:00,,,,,,,,,,,,,,,,,,,,,0.0,,,
2024-01-30 12:00:00,,,,,,,,,,,,,,,,,,,,,0.0,,,
2024-01-30 13:00:00,,,,,,,,,,,,,,,,,,,,,0.0,,,
2024-01-30 14:00:00,,,,,,,,,,,,,,,,,,,,,0.0,,,
2024-01-30 15:00:00,,,,,,,,,,,,,,,,,,,,,0.0,,,
2024-01-30 16:00:00,,,,,,,,,,,,,,,,,,,,,0.0,,,
2024-01-30 17:00:00,,,,,,,,,,,,,,,,,,,,,0.0,,,
2024-01-30 18:00:00,,,,,,,,,,,,,,,,,,,,,0.0,,,
2024-01-30 19:00:00,,,,,,,,,,,,,,,,,,,,,0.0,,,
2024-01-30 20:00:00,,,,,,,,,,,,,,,,,,,,,0.0,,,
2024-01-30 21:00:00,,,,,,,,,,,,,,,,,,,,,0.0,,,
2024-01-30 22:00:00,,,,,,,,,,,,,,,,,,,,,0.0,,,
2024-01-30 23:00:00,,,,,,,,,,,,,,,,,,,,,0.0,,,
2024-01-31 00:00:00,,,,,,,,,,,,,,,,,,,,,0.0,,,
2024-01-31 01:00:00,,,,,,,,,,,,,,,,,,,,,0.0,,,
2024-01-31 02:00:00,,,,,,,,,,,,,,,,,,,,,0.0,,,
2024-01-31 03:00:00,,,,,,,,,,,,,,,,,,,,,0.0,,,
2024-01-31 04:00:00,,,,,,,,,,,,,,,,,,,,,0.0,,,
2024-01-31 05:00:00,,,,,,,,,,,,,,,,,,,,,0.0,,,
2024-01-31 06:00:00,,,,,,,,,,,,,,,,,,,,,0.0,,,
2024-01-31 07:00:00,,,,,,,,,,,,,,,,,,,,,0.0,,,
2024-01-31 08:00:00,,,,,,,,,,,,,,,,,,,,,0.0,,,
2024-01-31 09:00:00,51.29,100.37,3.02,6.4,5.85,5.15,21.55,0.65,27.84,0.01,1.06,,,0.22,0.39,26.28,92.54,0.25,118.2,0.0,0.0,316.42,769.36,0.04
2024-01-31 10:00:00,48.64,95.19,3.1,5.7,5.54,5.8,19.77,0.52,36.37,0.01,0.86,,,0.12,0.22,27.63,83.64,0.21,97.11,0.0,0.0,329.77,769.12,0.04
2024-01-31 11:00:00,43.4,84.93,3.08,5.74,5.55,6.5,16.74,0.44,36.15,0.01,0.94,,,0.12,0.22,28.3,76.83,0.3,144.13,0.0,0.0,368.6,767.06,0.04
2024-01-31 12:00:00,29.3,57.34,2.83,5.66,5.3,5.0,14.6,0.39,44.72,0.02,0.94,,,0.12,0.22,29.18,70.06,0.3,141.68,0.0,0.0,520.38,763.37,0.04
2024-01-31 13:00:00,23.8,46.56,2.42,5.61,4.94,5.58,12.81,0.38,48.26,0.01,0.89,,,0.12,0.22,29.74,65.58,0.33,134.19,0.0,0.0,515.1,758.6,0.04
2024-01-31 14:00:00,23.38,45.74,2.4,5.36,4.78,5.56,9.86,0.37,48.78,0.01,0.87,,,0.12,0.22,30.21,63.26,0.32,142.73,0.0,0.0,405.94,754.62,0.04
2024-01-31 15:00:00,18.37,35.94,2.34,5.38,4.76,7.5,6.86,0.38,50.85,0.01,0.92,,,0.12,0.23,30.3,63.6,0.31,132.1,0.0,0.0,307.49,752.06,0.04
2024-01-31 16:00:00,16.03,31.38,2.42,5.66,4.96,5.59,4.59,0.4,45.31,0.01,0.96,,,0.12,0.22,29.94,67.79,0.37,142.42,0.0,0.0,90.04,751.4,0.04
2024-01-31 17:00:00,25.98,50.84,2.51,6.48,5.48,6.23,3.7,0.47,39.1,0.01,0.89,,,0.12,0.21,29.06,73.54,0.38,145.62,0.0,0.0,20.65,753.44,0.04
2024-01-31 18:00:00,40.25,78.76,2.52,8.12,6.36,6.31,4.57,0.64,28.02,0.02,1.01,,,0.18,0.32,28.05,80.45,0.34,144.43,0.0,0.0,2.7,756.22,0.04
2024-01-31 19:00:00,39.95,78.18,2.98,10.18,7.82,7.01,7.99,0.74,26.76,0.01,1.15,,,0.24,0.42,27.31,86.33,0.4,153.73,0.0,0.0,2.2,758.25,0.04
2024-01-31 20:00:00,48.63,95.18,2.99,10.4,7.95,5.86,12.56,0.71,24.89,0.02,1.22,,,0.24,0.42,26.85,89.68,0.39,152.77,0.0,0.0,2.33,760.38,0.04
2024-01-31 21:00:00,48.64,95.19,4.48,9.45,8.66,5.57,15.42,0.74,17.64,0.02,1.15,,,0.24,0.42,26.2,94.36,0.32,69.17,0.0,0.0,2.22,761.82,0.04
2024-01-31 22:00:00,49.14,96.15,3.4,8.77,7.42,5.6,17.1,0.62,15.13,0.02,1.15,,,0.24,0.42,25.48,98.69,0.36,37.81,0.0,0.0,2.03,762.99,0.04
2024-01-31 23:00:00,48.0,93.94,2.58,10.15,7.49,5.84,18.78,0.8,12.62,0.01,1.15,,,0.24,0.42,25.18,,0.34,32.85,0.0,0.0,1.97,763.2,0.04
2024-02-01 00:00:00,45.72,89.48,2.3,8.78,6.54,6.22,14.76,0.66,15.33,0.01,1.2,,,0.24,0.43,25.05,,0.29,54.51,0.0,0.0,1.94,762.43,0.04
2024-02-01 01:00:00,44.88,87.82,2.41,7.55,5.96,5.05,13.5,0.62,14.3,0.01,1.16,,,0.24,0.43,24.92,,0.35,40.9,0.0,0.0,2.06,760.7,0.04
2024-02-01 02:00:00,47.97,93.87,2.42,7.48,5.94,5.43,14.15,0.67,12.05,0.01,1.14,,,0.24,0.43,24.7,,0.35,52.17,0.0,0.0,1.96,758.06,0.04
2024-02-01 03:00:00,53.48,104.65,2.55,6.26,5.39,5.46,15.47,0.87,13.02,0.01,1.14,,,0.24,0.43,24.48,,0.31,41.46,0.0,0.0,2.01,756.92,0.04
2024-02-01 04:00:00,48.3,94.52,2.56,8.39,6.54,6.42,17.03,0.88,12.84,0.01,1.18,,,0.24,0.43,24.58,,0.32,66.5,0.0,0.0,1.78,757.64,0.04
2024-02-01 05:00:00,43.88,85.86,2.56,7.86,6.25,4.87,17.89,0.6,13.05,0.01,1.18,,,0.24,0.43,24.64,,0.3,70.81,0.0,0.0,1.95,759.26,0.04
2024-02-01 06:00:00,42.0,82.18,3.96,9.33,8.16,5.2,19.81,0.87,9.09,0.01,1.15,,,0.24,0.43,24.52,,0.34,74.61,0.0,0.0,4.18,761.95,0.04
2024-02-01 07:00:00,37.66,73.7,6.71,7.68,9.54,5.62,22.84,1.01,3.84,0.01,1.16,,,0.24,0.42,24.76,,0.31,52.25,0.0,0.0,30.2,765.19,0.04
2024-02-01 08:00:00,68.79,134.62,4.8,6.54,7.36,6.15,28.4,0.73,12.67,0.01,0.89,,,0.12,0.22,25.6,,0.24,59.62,0.0,0.0,55.53,768.03,0.04
2024-02-01 09:00:00,156.41,306.08,3.55,6.38,6.27,5.65,31.02,0.6,11.62,0.02,0.96,,,0.12,0.22,27.14,92.79,0.22,59.84,0.0,0.0,197.05,770.4,0.04
2024-02-01 10:00:00,0.1,0.11,2.34,6.38,5.29,6.44,28.52,0.45,11.82,0.01,0.86,,,0.12,0.22,28.32,87.57,0.33,143.26,0.0,0.0,275.59,769.38,0.04
2024-02-01 11:00:00,27.12,48.98,2.27,6.56,5.32,6.06,27.69,0.39,16.24,0.01,0.81,,,0.12,0.22,29.85,75.95,0.32,145.13,0.0,0.0,446.03,766.16,0.04
2024-02-01 12:00:00,63.83,117.11,2.17,6.44,5.18,7.14,29.3,0.36,23.8,0.02,1.01,,,0.24,0.42,30.22,71.37,0.3,159.49,0.0,0.0,424.7,762.0,0.04
2024-02-01 13:00:00,30.81,52.5,2.34,6.08,5.13,8.96,28.99,0.33,28.62,0.12,1.07,,,0.26,0.46,30.82,65.48,0.33,158.93,0.0,0.0,301.86,757.38,0.04
2024-02-01 14:00:00,29.48,49.9,2.26,5.74,4.88,8.11,25.83,0.3,21.05,0.12,1.02,,,0.2,0.36,30.72,66.15,0.41,150.78,0.0,0.0,228.32,753.78,0.04
2024-02-01 15:00:00,32.15,55.12,2.24,5.66,4.82,8.4,23.58,0.29,21.92,0.12,0.47,,,0.01,0.01,30.36,70.0,0.4,147.67,0.0,0.0,109.33,751.12,0.04
2024-02-01 16:00:00,41.15,72.73,2.23,5.8,4.88,8.82,22.97,0.31,20.13,0.12,0.55,,,0.01,0.01,30.19,72.67,0.4,147.07,0.0,0.0,72.48,751.8,0.04
2024-02-01 17:00:00,51.96,94.08,2.28,6.67,5.39,10.94,23.1,0.36,15.31,0.12,0.32,,,0.01,0.01,29.52,77.83,0.42,154.84,0.0,0.0,21.55,753.41,0.04
2024-02-01 18:00:00,29.1,52.14,2.68,8.01,6.43,8.4,22.22,0.53,13.06,0.12,0.58,,,0.03,0.01,28.54,85.65,0.42,151.05,0.0,0.0,2.78,755.04,0.04
2024-02-01 19:00:00,85.83,152.06,3.68,8.63,7.56,8.06,22.56,0.76,12.82,0.12,0.25,,,0.02,0.01,27.59,93.36,0.38,148.26,0.0,0.0,2.35,757.48,0.04
2024-02-01 20:00:00,61.75,108.73,3.91,7.89,7.37,7.97,24.71,0.85,9.86,0.12,0.3,,,0.01,0.01,27.02,96.7,0.34,103.89,0.0,0.0,2.14,759.98,0.04
2024-02-01 21:00:00,90.35,158.8,3.92,8.09,7.48,7.9,28.16,0.61,9.16,0.12,0.23,,,,0.01,26.48,99.3,0.35,48.24,0.0,0.0,2.04,761.49,0.04
2024-02-01 22:00:00,96.08,168.89,3.19,8.66,7.19,7.3,27.88,0.51,8.97,0.12,0.24,,,,,26.35,,0.28,48.96,0.0,0.0,2.08,762.0,0.04
2024-02-01 23:00:00,87.69,154.12,2.77,9.54,7.31,6.59,24.58,0.51,7.21,0.11,0.22,,,,,26.18,,0.33,58.09,0.0,0.0,2.02,761.51,0.04
2024-02-02 00:00:00,81.63,143.46,2.71,7.87,6.38,6.44,13.35,0.43,7.99,0.12,0.23,,,,,26.06,,0.36,69.6,0.0,0.0,2.07,760.63,0.04
2024-02-02 01:00:00,76.59,134.59,2.68,7.34,6.07,6.38,11.33,0.4,10.18,0.12,0.21,,,,,26.13,,0.32,123.42,0.0,0.0,2.2,759.02,0.04
2024-02-02 02:00:00,64.0,112.42,2.68,6.43,5.58,6.9,8.83,0.35,11.11,0.12,0.21,,,,,25.83,,0.36,41.56,0.0,0.0,2.13,757.33,0.04
2024-02-02 03:00:00,64.34,113.01,2.32,6.46,5.31,5.87,5.74,0.34,11.5,0.11,0.19,,,,,25.98,,0.32,64.12,0.0,0.0,2.24,755.99,0.04
2024-02-02 04:00:00,58.25,102.27,2.55,6.61,5.58,5.98,3.09,0.36,10.22,0.12,0.18,,,,,25.96,,0.34,72.72,0.0,0.0,2.2,755.74,0.04
2024-02-02 05:00:00,60.91,106.96,5.17,5.56,7.15,5.94,2.6,0.51,8.1,0.11,0.2,,,,,25.7,,0.35,49.54,0.0,0.0,2.08,756.91,0.04
2024-02-02 06:00:00,60.16,105.64,4.02,7.17,7.07,6.81,2.6,0.53,8.31,0.12,0.24,,,,,25.64,,0.36,67.7,0.0,0.0,3.78,758.94,0.04
2024-02-02 07:00:00,57.65,101.3,11.06,1.98,10.03,5.7,3.06,0.61,3.47,0.12,0.26,,,,0.01,25.71,,0.38,24.5,0.0,0.0,40.85,762.1,0.04
2024-02-02 08:00:00,27.72,48.83,6.17,5.84,8.11,6.18,4.01,0.59,7.42,0.12,0.5,,,,0.01,27.04,97.02,0.2,82.68,0.0,0.0,134.63,765.34,0.04
2024-02-02 09:00:00,30.1,53.02,3.56,7.27,6.75,6.16,5.08,0.6,9.41,0.12,0.34,,,,0.01,28.57,89.8,0.27,116.54,0.0,0.0,208.96,767.6,0.04
2024-02-02 10:00:00,26.68,47.0,3.08,6.88,6.15,6.89,7.36,0.46,22.99,0.12,0.37,,,,0.01,29.77,79.18,0.36,149.9,0.0,0.0,410.26,766.94,0.04
2024-02-02 11:00:00,19.35,34.08,3.32,7.1,6.47,7.07,15.25,0.42,31.27,0.12,0.25,,,,,30.61,70.98,0.25,199.06,0.0,0.0,444.94,763.41,0.04
2024-02-02 12:00:00,13.66,24.09,3.19,7.4,6.51,6.84,12.47,0.42,39.17,0.12,0.24,,,,,31.22,64.0,0.26,192.11,0.0,0.0,446.12,759.64,0.04
2024-02-02 13:00:00,31.28,48.72,2.65,5.87,5.26,7.04,5.11,0.4,44.84,0.12,0.24,,,,0.01,31.38,63.34,0.32,156.55,0.0,0.0,416.48,756.0,0.04
2024-02-02 14:00:00,28.97,44.61,2.71,6.3,5.54,8.48,2.64,0.38,36.17,0.12,0.23,,,,,31.61,62.33,0.37,156.43,0.0,0.0,230.81,752.71,0.04
2024-02-02 15:00:00,27.32,41.69,2.28,6.27,5.18,10.8,2.6,0.38,25.74,0.12,0.62,,,,,31.31,63.27,0.4,146.37,0.0,0.0,189.25,751.07,0.04
2024-02-02 16:00:00,30.03,46.46,2.31,6.18,5.15,9.65,2.78,0.38,24.94,0.12,0.64,,,,0.01,31.1,66.66,0.41,144.91,0.0,0.0,95.03,751.0,0.04
2024-02-02 17:00:00,35.4,55.93,2.49,6.69,5.58,8.94,5.56,0.46,18.8,0.12,0.6,,,,0.01,30.06,76.59,0.39,148.51,0.0,0.0,19.5,752.5,0.04
2024-02-02 18:00:00,45.41,73.56,2.65,7.2,5.97,8.84,6.4,0.56,11.15,0.12,0.4,,,,,28.99,84.91,0.38,148.26,0.0,0.0,2.83,754.92,0.04
2024-02-02 19:00:00,53.34,87.54,4.11,8.2,7.69,9.06,7.16,0.76,12.92,0.12,0.32,,,,,28.21,89.08,0.34,135.78,0.0,0.0,2.16,756.97,0.04
2024-02-02 20:00:00,44.64,72.2,5.54,6.81,8.12,7.35,7.71,0.78,9.87,0.12,0.28,,,,0.01,27.6,92.17,0.32,95.66,0.0,0.0,2.16,759.32,0.04
2024-02-02 21:00:00,43.16,69.61,3.5,6.84,6.46,7.04,8.65,0.57,8.51,0.12,0.24,,,,0.01,27.02,95.54,0.33,42.2,0.0,0.0,2.09,761.12,0.04
2024-02-02 22:00:00,47.58,77.38,3.64,7.1,6.72,6.72,8.11,0.57,7.89,0.12,0.23,,,,0.01,26.78,97.6,0.33,46.74,0.0,0.0,1.98,761.02,0.04
2024-02-02 23:00:00,50.77,83.0,2.86,8.28,6.72,7.01,6.73,0.55,7.25,0.12,0.23,,,0.01,0.01,26.46,98.75,0.35,188.06,0.0,0.0,2.02,760.51,0.04
2024-02-03 00:00:00,48.81,79.55,2.34,6.87,5.54,6.7,15.14,0.69,7.52,0.12,0.24,,,,,26.22,,0.24,94.24,0.0,0.0,1.95,759.19,0.04
2024-02-03 01:00:00,45.87,74.38,2.23,7.12,5.59,5.93,14.53,0.46,7.58,0.12,0.21,,,,,26.07,,0.34,24.72,0.0,0.0,1.92,758.37,0.04
2024-02-03 02:00:00,43.24,69.73,2.19,6.29,5.12,5.86,14.0,0.4,8.54,0.11,0.2,,,,,25.96,,0.2,331.76,0.0,0.0,2.01,757.98,0.04
2024-02-03 03:00:00,42.06,67.65,2.35,6.06,5.12,5.91,13.24,0.4,6.53,0.12,0.2,,,,,25.88,,0.34,23.4,0.0,0.0,1.95,757.61,0.04
2024-02-03 04:00:00,36.18,57.32,2.92,7.4,6.29,6.2,12.94,0.39,3.64,0.12,0.24,,,,,25.58,,0.36,31.26,0.0,0.0,2.08,758.09,0.04
2024-02-03 05:00:00,33.01,51.71,4.69,5.55,6.76,5.3,12.88,0.45,2.82,0.11,0.22,,,,,25.57,,0.34,200.13,0.0,0.0,2.08,759.74,0.04
2024-02-03 06:00:00,41.79,67.18,6.3,4.25,7.37,5.63,11.64,0.69,3.34,0.12,0.25,,,,0.01,25.64,,0.28,53.82,0.0,0.0,4.41,762.25,0.04
2024-02-03 07:00:00,43.25,69.75,11.02,2.28,10.16,5.86,12.94,0.86,3.21,0.12,0.55,,,,0.01,26.0,,0.28,91.98,0.0,0.0,28.4,765.35,0.04
2024-02-03 08:00:00,65.08,108.2,7.72,4.87,8.86,6.61,19.27,0.96,7.76,0.12,0.38,,,,0.01,26.82,99.1,0.24,60.51,0.0,0.0,81.31,768.38,0.04
2024-02-03 09:00:00,60.0,99.27,3.04,5.32,5.29,6.17,21.82,0.58,10.14,0.12,0.32,,,,0.01,27.96,93.17,0.28,123.44,0.0,0.0,231.06,770.6,0.04
2024-02-03 10:00:00,42.34,68.15,2.5,6.71,5.59,7.06,20.27,0.47,14.62,0.12,0.46,,,,,29.56,80.74,0.26,108.1,0.0,0.0,397.98,769.82,0.04
2024-02-03 11:00:00,32.17,50.25,2.21,5.99,4.97,7.42,18.76,0.41,15.51,0.12,0.55,,,,,30.05,74.88,0.29,151.2,0.0,0.0,456.18,767.3,0.04
2024-02-03 12:00:00,28.69,44.11,2.12,5.85,4.82,9.14,20.19,0.4,20.91,0.12,0.56,,,,,30.81,68.11,0.3,150.09,0.0,0.0,511.07,764.06,0.04
2024-02-03 13:00:00,24.42,36.6,2.25,5.25,4.61,9.56,21.17,0.37,44.08,0.12,0.38,,,,,31.3,64.08,0.29,157.49,0.0,0.0,478.66,759.63,0.04
2024-02-03 14:00:00,27.45,41.94,2.27,5.28,4.65,9.39,19.4,0.39,44.71,0.11,0.22,,,,,31.6,63.34,0.29,138.54,0.0,0.0,332.37,755.84,0.04
2024-02-03 15:00:00,35.29,55.74,2.28,5.17,4.59,9.15,13.99,0.38,43.41,0.12,0.22,,,,,31.5,62.91,0.37,143.82,0.0,0.0,260.8,754.25,0.04
2024-02-03 16:00:00,34.22,53.85,2.28,5.81,4.92,9.22,10.77,0.42,39.25,0.12,0.24,,,0.01,0.01,30.9,67.5,0.43,152.85,0.0,0.0,83.32,754.56,0.04
2024-02-03 17:00:00,34.56,54.44,2.35,6.66,5.44,9.75,9.75,0.43,28.89,0.12,0.27,,,0.01,0.01,30.08,73.49,0.4,148.51,0.0,0.0,18.05,756.02,0.04
2024-02-03 18:00:00,46.77,75.96,2.85,9.09,7.14,8.35,8.86,0.64,18.33,0.12,0.25,,,0.01,0.01,29.34,78.4,0.4,150.33,0.0,0.0,2.64,758.73,0.04
2024-02-03 19:00:00,48.68,79.31,3.53,11.46,8.95,8.11,10.56,0.84,12.18,0.12,0.26,,,0.01,0.01,28.76,82.36,0.39,150.08,0.0,0.0,2.33,761.64,0.04
2024-02-03 20:00:00,58.36,96.36,4.02,10.9,9.05,7.9,16.07,0.92,10.46,0.12,0.26,,,0.01,0.01,28.23,83.23,0.36,131.74,0.0,0.0,2.15,764.22,0.04
2024-02-03 21:00:00,58.89,97.29,5.52,10.64,10.13,8.85,21.58,0.92,6.59,0.12,0.33,,,0.02,0.01,27.51,88.61,0.33,38.84,0.0,0.0,2.13,765.99,0.04
2024-02-03 22:00:00,60.58,100.28,3.88,10.01,8.46,6.91,22.67,0.72,4.84,0.12,0.32,,,0.01,0.01,26.95,93.34,0.33,64.74,0.0,0.0,2.04,766.1,0.04
2024-02-03 23:00:00,66.63,110.93,4.79,9.86,9.13,7.05,24.06,0.75,3.7,0.12,0.27,,,,0.01,26.62,95.0,0.32,107.53,0.0,0.0,2.12,765.9,0.04
2024-02-04 00:00:00,66.37,110.48,2.95,9.59,7.49,6.64,12.67,0.66,3.71,0.12,0.25,,,,,26.26,97.47,0.36,29.57,0.0,0.0,2.07,764.7,0.04
2024-02-04 01:00:00,60.27,99.73,2.52,8.15,6.37,7.48,11.94,0.73,4.74,0.11,0.25,,,,,25.92,98.54,0.34,100.23,0.0,0.0,2.02,762.7,0.04
2024-02-04 02:00:00,57.27,94.45,2.58,8.41,6.55,6.45,11.32,0.78,4.58,0.11,0.33,,,,,25.86,98.8,0.27,34.43,0.0,0.0,1.96,761.51,0.04
2024-02-04 03:00:00,59.14,97.74,3.02,7.29,6.32,6.64,9.62,0.65,2.86,0.12,0.27,,,,,25.42,,0.32,27.48,0.0,0.0,2.12,761.01,0.04
2024-02-04 04:00:00,58.61,96.81,2.98,6.25,5.74,7.59,8.3,1.37,3.8,0.12,0.23,,,,,25.24,,0.35,29.05,0.0,0.0,1.98,761.7,0.04
2024-02-04 05:00:00,68.41,114.07,3.11,7.46,6.48,8.33,8.12,1.0,4.5,0.12,0.24,,,,,25.22,,0.34,37.72,0.0,0.0,1.96,763.89,0.04
2024-02-04 06:00:00,54.38,89.36,4.05,7.23,7.12,8.87,8.43,0.79,4.17,0.12,0.25,,,,,25.28,,0.34,44.56,0.0,0.0,4.2,767.24,0.04
2024-02-04 07:00:00,53.03,86.97,4.9,5.61,6.96,9.62,9.63,0.76,3.68,0.12,0.26,,,,0.01,25.62,,0.3,51.42,0.0,0.0,36.41,771.3,0.04
2024-02-04 08:00:00,61.73,102.32,3.58,5.8,5.98,9.28,12.24,0.61,10.13,0.12,0.49,,,0.01,0.01,27.63,92.84,0.28,85.47,0.0,0.0,157.27,773.65,0.04
2024-02-04 09:00:00,59.06,97.61,3.47,5.57,5.77,9.84,14.22,0.6,17.17,0.12,0.24,,,,,28.17,88.98,0.36,145.49,0.0,0.0,189.4,775.67,0.04
2024-02-04 10:00:00,46.44,75.37,2.74,5.73,5.26,11.55,13.26,0.5,24.36,0.12,0.24,,,,,28.86,82.28,0.38,146.53,0.0,0.0,256.86,775.59,0.04
2024-02-04 11:00:00,34.86,54.96,2.52,5.16,4.78,9.89,9.68,0.47,23.3,0.12,0.29,,,,,29.52,77.34,0.4,152.47,0.0,0.0,390.47,773.49,0.04
2024-02-04 12:00:00,31.8,49.6,2.87,6.11,5.57,9.58,6.8,0.53,37.09,0.12,0.38,,,,,30.47,71.31,0.31,140.31,0.0,0.0,490.52,769.32,0.04
2024-02-04 13:00:00,43.96,71.02,2.44,5.3,4.78,9.56,4.62,0.5,41.11,0.12,0.23,,,,,30.75,68.68,0.31,143.67,0.0,0.0,300.59,765.4,0.04
2024-02-04 14:00:00,37.98,60.47,2.55,4.89,4.66,10.67,2.74,0.47,40.21,0.12,0.22,,,,,30.94,68.05,0.37,149.2,0.0,0.0,306.19,761.55,0.04
2024-02-04 15:00:00,31.08,48.32,2.55,4.7,4.56,9.52,2.6,0.44,35.8,0.12,0.26,,,0.01,,30.48,71.32,0.4,150.14,0.0,0.0,143.18,760.12,0.04
2024-02-04 16:00:00,33.31,52.24,2.5,5.32,4.85,8.89,2.6,0.48,33.44,0.11,0.23,,,,,30.04,72.89,0.42,154.92,0.0,0.0,56.1,760.57,0.04
2024-02-04 17:00:00,42.67,68.74,2.55,6.28,5.4,8.33,2.6,0.56,30.3,0.11,0.23,,,0.01,0.01,29.53,77.28,0.4,152.27,0.0,0.0,20.51,762.04,0.04
2024-02-04 18:00:00,62.51,103.68,3.31,9.86,7.93,8.91,2.6,0.84,22.8,0.12,0.24,,,0.01,0.01,28.85,82.66,0.4,149.2,0.0,0.0,2.63,764.03,0.04
2024-02-04 19:00:00,56.12,92.43,3.41,11.48,8.86,8.8,2.6,0.98,16.25,0.12,0.29,,,0.02,0.01,28.28,86.27,0.39,142.82,0.0,0.0,2.13,766.2,0.04
2024-02-04 20:00:00,82.16,138.28,3.19,8.91,7.32,7.39,4.92,0.79,14.72,0.12,0.26,,,0.02,0.01,27.72,89.1,0.37,118.13,0.0,0.0,2.28,768.44,0.04
2024-02-04 21:00:00,95.35,161.51,3.45,8.34,7.23,7.24,6.72,0.67,8.84,0.12,0.24,,,0.02,0.01,26.72,96.47,0.24,27.67,0.0,0.0,2.16,769.76,0.04
2024-02-04 22:00:00,89.78,151.72,3.21,7.85,6.78,6.97,5.7,0.74,8.88,0.12,0.23,,,,,26.39,98.85,0.36,29.08,0.0,0.0,1.96,769.56,0.04
2024-02-04 23:00:00,67.2,111.92,2.67,7.15,5.96,8.11,4.64,0.89,9.27,0.11,0.25,,,,,26.1,99.59,0.36,42.39,0.0,0.0,1.88,769.1,0.04
2024-02-05 00:00:00,76.33,128.02,2.13,6.22,5.03,6.54,15.46,0.7,10.04,0.11,0.23,,,,,25.9,99.72,0.36,44.9,0.0,0.0,1.92,767.9,0.04
2024-02-05 01:00:00,57.52,94.87,2.18,6.19,5.05,6.47,15.21,0.54,9.71,0.12,0.22,,,,,25.73,,0.29,49.0,0.0,0.0,1.93,765.81,0.04
2024-02-05 02:00:00,58.14,95.98,2.11,5.51,4.64,6.18,13.82,0.45,11.2,0.11,0.21,,,,,25.56,,0.26,144.66,0.0,0.0,1.98,764.3,0.04
2024-02-05 03:00:00,65.45,108.86,2.09,5.92,4.84,6.97,12.92,0.47,11.03,0.11,0.2,,,,,25.37,,0.32,113.72,0.0,0.0,1.95,763.14,0.04
2024-02-05 04:00:00,74.93,125.54,2.58,7.12,5.88,6.04,12.0,0.58,8.42,0.12,0.22,,,,,25.6,,0.34,110.4,0.0,0.0,1.97,763.03,0.04
2024-02-05 05:00:00,58.42,96.48,4.54,6.14,6.94,6.34,11.77,0.54,5.43,0.11,0.23,,,,,25.3,,0.29,45.48,0.0,0.0,2.04,764.74,0.04
2024-02-05 06:00:00,41.3,66.31,3.44,6.96,6.48,6.37,12.4,0.67,9.2,0.11,0.22,,,,,25.54,,0.3,41.26,0.0,0.0,4.09,767.13,0.04
2024-02-05 07:00:00,122.02,208.49,4.85,7.81,8.08,6.95,13.33,0.73,9.15,0.12,0.26,,,,0.01,25.97,,0.35,18.59,0.0,0.0,41.43,769.8,0.04
2024-02-05 08:00:00,46.88,76.15,3.82,6.03,6.3,7.38,15.68,0.55,14.04,0.12,0.33,,,,0.01,27.22,97.19,0.31,87.79,0.0,0.0,141.77,772.79,0.04
2024-02-05 09:00:00,80.91,136.08,4.14,6.74,6.94,7.0,18.06,0.6,19.6,0.12,0.27,,,,,28.28,88.55,0.25,194.46,0.0,0.0,205.43,774.98,0.04
2024-02-05 10:00:00,38.32,61.08,3.64,6.26,6.28,7.06,16.46,0.49,29.71,0.12,0.26,,,,0.01,29.48,78.84,0.32,161.51,0.0,0.0,394.05,774.25,0.04
2024-02-05 11:00:00,15.99,21.74,2.39,5.76,5.0,6.95,14.62,0.42,39.07,0.12,0.24,,,,,30.18,72.56,0.32,129.79,0.0,0.0,540.56,771.44,0.04
2024-02-05 12:00:00,15.06,20.11,2.44,6.46,5.41,8.41,13.33,0.44,43.54,0.12,0.26,,,,,30.67,69.79,0.36,156.09,0.0,0.0,546.54,767.13,0.04
2024-02-05 13:00:00,15.0,20.01,2.56,5.92,5.21,7.02,10.5,0.41,46.64,0.11,0.3,,,,,31.44,63.32,0.32,136.97,0.0,0.0,506.4,762.74,0.04
2024-02-05 14:00:00,15.0,20.0,2.33,5.5,4.81,7.22,8.02,0.39,47.99,0.11,0.23,,,,,31.86,61.24,0.34,117.49,0.0,0.0,361.44,759.56,0.04
2024-02-05 15:00:00,15.0,20.0,2.57,5.43,4.97,7.53,5.99,0.41,49.46,0.12,0.22,,,,,31.95,63.44,0.3,125.04,0.0,0.0,246.1,758.02,0.04
2024-02-05 16:00:00,15.0,20.0,2.16,5.92,4.89,9.16,4.85,0.44,43.7,0.12,0.24,,,,,31.13,68.68,0.37,140.12,0.0,0.0,76.28,758.12,0.04
2024-02-05 17:00:00,15.0,20.0,2.28,7.3,5.72,7.74,3.35,0.5,36.09,0.11,0.28,,,,,30.44,71.77,0.42,151.61,0.0,0.0,21.06,758.96,0.04
2024-02-05 18:00:00,44.8,72.5,2.52,9.4,7.03,7.41,3.33,0.61,24.19,0.12,0.26,,,,,29.53,79.18,0.41,149.91,0.0,0.0,2.74,761.01,0.04
2024-02-05 19:00:00,127.84,218.75,2.52,8.0,6.29,7.18,4.73,0.64,19.44,0.12,0.25,,,,0.01,28.46,84.68,0.4,151.94,0.0,0.0,2.41,764.04,0.04
2024-02-05 20:00:00,60.52,100.18,2.4,7.97,6.18,7.52,8.01,0.63,11.77,0.12,0.25,,,,,27.8,88.5,0.4,151.18,0.0,0.0,2.21,767.21,0.04
2024-02-05 21:00:00,20.9,30.39,2.52,8.32,6.46,7.71,8.52,0.64,14.83,0.12,0.48,,,,0.01,27.45,91.48,0.38,148.07,0.0,0.0,1.99,768.94,0.04
2024-02-05 22:00:00,81.57,137.25,2.83,8.65,6.89,6.22,8.97,0.67,11.54,0.12,0.24,,,,,27.13,94.38,0.31,125.71,0.0,0.0,1.96,769.83,0.04
2024-02-05 23:00:00,98.38,166.86,3.26,8.77,7.3,6.41,9.68,0.6,7.46,0.12,0.24,,,,,26.59,98.08,0.36,49.32,0.0,0.0,2.12,768.92,0.04
2024-02-06 00:00:00,48.26,78.58,2.82,8.17,6.62,6.06,15.1,0.46,6.86,0.12,0.22,,,,,26.04,,0.32,25.12,0.0,0.0,2.0,768.02,0.04
2024-02-06 01:00:00,68.59,114.38,2.65,9.28,7.08,6.75,14.18,0.46,6.34,0.12,0.22,,,,,25.82,,0.35,18.7,0.0,0.0,1.92,766.04,0.04
2024-02-06 02:00:00,37.34,59.34,2.57,6.74,5.66,5.8,12.3,0.63,6.96,0.12,0.26,,,,,25.65,,0.34,43.64,0.0,0.0,1.9,764.93,0.04
2024-02-06 03:00:00,65.76,109.39,2.47,6.1,5.24,6.05,11.1,0.81,6.97,0.12,0.24,,,,,25.49,,0.36,30.5,0.0,0.0,1.93,763.61,0.04
2024-02-06 04:00:00,38.85,62.01,2.66,7.28,6.02,5.97,11.24,0.95,5.88,0.12,0.26,,,,,25.44,,0.34,198.08,0.0,0.0,1.97,762.92,0.04
2024-02-06 05:00:00,81.7,137.48,3.57,9.16,7.76,6.8,12.32,1.18,3.97,0.12,0.29,,,,,25.24,,0.37,20.76,0.0,0.0,1.92,764.1,0.04
2024-02-06 06:00:00,57.99,95.71,4.5,7.22,7.49,5.81,13.42,1.0,6.38,0.11,0.29,,,,,25.2,,0.33,55.56,0.0,0.0,4.44,766.94,0.04
2024-02-06 07:00:00,171.65,295.89,3.88,7.51,7.14,5.86,15.41,0.9,8.82,0.12,0.38,,,,0.01,25.77,,0.32,42.42,0.0,0.0,41.15,769.42,0.04
2024-02-06 08:00:00,85.3,143.84,4.94,7.12,7.79,5.92,20.7,0.82,11.68,0.12,0.28,,,,0.01,27.18,95.42,0.31,51.83,0.0,0.0,160.78,771.76,0.04
2024-02-06 09:00:00,23.18,34.4,4.12,8.56,7.89,6.89,27.19,0.82,10.82,0.11,0.34,,,,0.01,28.68,86.53,0.23,182.75,0.0,0.0,255.29,773.67,0.04
2024-02-06 10:00:00,15.29,20.52,2.65,9.04,6.96,8.79,28.72,0.64,14.7,0.12,0.71,,,,0.01,29.52,78.19,0.16,203.66,0.0,0.0,317.55,773.04,0.04
2024-02-06 11:00:00,15.01,20.02,2.38,7.06,5.68,7.48,30.66,0.52,22.23,0.12,0.61,,,,0.01,30.44,72.9,0.25,175.13,0.0,0.0,488.94,770.28,0.04
2024-02-06 12:00:00,15.55,20.86,2.36,6.32,5.27,8.98,32.76,0.49,27.5,0.12,0.57,,,,0.01,31.06,69.9,0.27,138.28,0.0,0.0,494.54,765.99,0.04
2024-02-06 13:00:00,31.0,45.0,2.54,6.87,5.7,8.81,31.66,0.51,53.89,0.12,0.33,,,,,31.54,67.6,0.27,112.66,0.0,0.0,440.77,761.24,0.04
2024-02-06 14:00:00,64.69,104.33,2.54,6.46,5.48,11.67,29.62,0.51,62.56,0.12,0.25,,,,,31.95,63.36,0.24,100.96,0.0,0.0,336.57,757.76,0.04
2024-02-06 15:00:00,46.29,71.92,2.43,6.73,5.54,9.53,23.47,0.49,65.74,0.12,0.27,,,,,32.12,63.09,0.37,143.89,0.0,0.0,249.56,755.16,0.04
2024-02-06 16:00:00,33.24,48.94,2.45,6.67,5.53,9.3,19.05,0.48,64.06,0.12,0.26,,,,,31.76,63.13,0.42,147.01,0.0,0.0,75.28,755.0,0.04
2024-02-06 17:00:00,49.82,78.14,2.48,7.77,6.14,8.27,16.97,0.56,47.18,0.12,0.24,,,,,30.99,70.59,0.43,151.46,0.0,0.0,22.36,756.09,0.04
2024-02-06 18:00:00,92.42,153.18,2.92,9.8,7.58,9.69,16.59,0.71,24.71,0.12,0.26,,,,0.01,29.92,78.23,0.42,149.66,0.0,0.0,2.78,758.9,0.04
2024-02-06 19:00:00,144.04,244.08,2.58,8.01,6.35,9.25,16.94,0.65,12.52,0.12,0.49,,,,0.01,28.97,83.11,0.39,153.93,0.0,0.0,2.29,762.17,0.04
2024-02-06 20:00:00,41.32,63.18,2.88,8.44,6.82,4.95,18.28,0.61,17.45,0.12,0.44,,,,0.01,28.25,86.63,0.26,178.64,0.0,0.0,2.14,764.99,0.04
2024-02-06 21:00:00,101.83,169.75,3.11,8.63,7.1,5.43,18.42,0.7,18.64,0.12,0.24,,,,0.01,27.91,87.3,0.25,156.11,0.0,0.0,2.0,766.01,0.04
2024-02-06 22:00:00,98.62,164.1,2.94,7.1,6.15,6.66,18.38,0.56,21.52,0.12,0.24,,,,,27.56,89.38,0.2,172.82,0.0,0.0,1.95,765.99,0.04
2024-02-06 23:00:00,99.3,165.28,2.64,6.14,5.4,6.17,18.92,0.5,22.54,0.12,0.25,,,,,27.26,91.32,0.13,153.3,0.0,0.0,2.03,765.23,0.04
2024-02-07 00:00:00,92.37,153.08,2.51,6.85,5.68,5.56,13.7,0.51,16.8,0.11,0.22,,,,,26.59,95.66,0.36,93.97,0.0,0.0,2.19,763.86,0.04
2024-02-07 01:00:00,98.92,164.62,2.5,8.98,6.8,5.6,11.82,0.51,10.38,0.12,0.23,,,,,26.06,99.06,0.33,28.65,0.0,0.0,1.98,761.67,0.04
2024-02-07 02:00:00,87.52,144.56,2.62,9.13,6.98,5.57,10.58,0.54,8.17,0.12,0.22,,,,,25.83,,0.36,108.03,0.0,0.0,1.99,759.9,0.04
2024-02-07 03:00:00,100.24,166.94,2.58,8.49,6.6,6.38,9.36,0.54,7.3,0.12,0.23,,,,,25.5,,0.34,114.1,0.0,0.0,1.86,759.0,0.04
2024-02-07 04:00:00,74.1,120.9,3.23,8.55,7.16,5.0,8.04,0.53,4.61,0.11,0.22,,,,,25.44,,0.32,55.12,0.0,0.0,1.9,759.03,0.04
2024-02-07 05:00:00,116.01,194.74,2.94,7.68,6.46,5.43,7.42,0.54,5.52,0.11,0.22,,,,,25.31,,0.31,46.28,0.0,0.0,2.08,759.97,0.04
2024-02-07 06:00:00,103.85,173.31,6.56,5.13,8.06,5.28,7.68,0.68,3.58,0.11,0.22,,,,,25.05,,0.38,12.46,0.0,0.0,3.88,762.3,0.04
2024-02-07 07:00:00,69.24,115.07,9.46,3.77,8.82,6.49,9.36,1.07,2.82,0.12,0.28,,,,0.01,25.4,,0.34,40.49,0.0,0.0,38.94,765.68,0.04
2024-02-07 08:00:00,62.27,106.3,4.74,7.16,7.65,5.94,12.73,1.29,7.12,0.12,0.61,,,,0.01,26.85,96.52,0.24,88.76,0.0,0.0,128.76,768.72,0.04
2024-02-07 09:00:00,156.06,271.5,5.8,8.66,9.3,4.84,15.08,1.08,16.88,0.12,0.3,,,,0.01,28.36,89.05,0.31,154.4,0.0,0.0,278.03,770.73,0.04
2024-02-07 10:00:00,32.44,53.76,3.67,10.47,8.54,6.08,15.89,0.94,29.29,0.12,0.34,,,,0.01,29.25,83.62,0.18,180.12,0.0,0.0,339.14,770.94,0.04
2024-02-07 11:00:00,88.42,152.35,3.1,9.97,7.81,6.58,17.6,0.82,50.29,0.12,0.27,,,,0.01,30.37,76.31,0.33,252.21,0.0,0.0,496.55,768.69,0.04
2024-02-07 12:00:00,51.56,87.44,2.68,9.98,7.48,7.38,18.3,0.74,68.75,0.12,0.33,,,,0.01,31.46,69.9,0.23,214.31,0.0,0.0,497.96,764.76,0.04
2024-02-07 13:00:00,24.61,40.33,2.57,8.96,6.84,7.52,15.59,0.64,75.19,0.12,0.29,,,,,32.16,64.54,0.3,156.82,0.0,0.0,447.03,760.31,0.04
2024-02-07 14:00:00,78.26,134.46,2.44,6.98,5.68,7.63,12.73,0.56,64.04,0.12,0.24,,,,,32.62,63.53,0.32,152.04,0.0,0.0,313.44,756.84,0.04
2024-02-07 15:00:00,17.75,27.89,2.47,7.0,5.72,8.04,10.31,0.56,66.69,0.12,0.24,,,,,32.84,61.33,0.38,156.69,0.0,0.0,246.77,754.01,0.04
2024-02-07 16:00:00,11.82,17.44,2.73,9.73,7.38,9.41,9.71,0.62,68.09,0.12,0.28,,,,,32.32,63.69,0.39,154.18,0.0,0.0,75.41,753.05,0.04
2024-02-07 17:00:00,18.58,29.36,2.58,11.12,8.0,7.28,7.4,0.62,64.19,0.12,0.28,,,,,31.54,68.75,0.36,154.73,0.0,0.0,22.49,754.09,0.04
2024-02-07 18:00:00,87.76,151.21,2.84,14.71,10.12,7.34,7.42,0.9,45.44,0.12,0.29,,,0.01,0.01,30.6,73.49,0.23,186.03,0.0,0.0,2.69,755.76,0.04
2024-02-07 19:00:00,227.58,397.46,5.19,12.38,10.8,7.01,9.54,1.0,22.74,0.12,0.32,,,0.01,0.01,29.82,77.57,0.31,195.56,0.0,0.0,2.31,758.34,0.04
2024-02-07 20:00:00,165.01,287.25,3.66,12.92,9.84,7.95,13.59,1.01,13.99,0.12,0.32,,,0.01,0.01,29.14,82.77,0.33,127.41,0.0,0.0,2.01,760.94,0.04
2024-02-07 21:00:00,,,3.16,12.28,9.09,6.22,15.88,0.94,11.15,0.13,0.58,,,,0.01,28.51,86.66,0.35,140.73,0.0,0.0,2.28,762.07,0.04
2024-02-07 22:00:00,,,4.54,10.78,9.41,5.83,16.6,0.82,12.12,0.12,0.26,,,,0.01,28.02,87.27,0.28,166.04,0.0,0.0,2.16,762.1,0.04
2024-02-07 23:00:00,,,3.72,10.71,8.71,6.3,17.73,0.69,12.59,0.12,0.27,,,,0.01,27.61,88.9,0.24,233.15,0.0,0.0,2.08,761.88,0.04
2024-02-08 00:00:00,,,2.98,10.45,7.97,6.61,14.2,0.51,11.54,0.12,0.24,,,,,27.19,91.11,0.34,280.03,0.0,0.0,2.02,760.34,0.04
2024-02-08 01:00:00,,,2.49,11.81,8.3,5.81,12.54,0.48,8.18,0.12,0.24,,,,,26.72,95.62,0.3,144.52,0.0,0.0,2.1,758.52,0.04
2024-02-08 02:00:00,,,2.6,11.41,8.18,5.56,11.07,0.51,5.7,0.12,0.24,,,0.01,0.01,26.11,99.05,0.28,108.98,0.0,0.0,2.06,756.48,0.04
2024-02-08 03:00:00,,,3.88,9.91,8.41,6.04,9.24,0.54,3.53,0.11,0.25,,,0.01,0.01,25.56,,0.37,181.35,0.0,0.0,2.15,755.08,0.04
2024-02-08 04:00:00,,,5.69,7.74,8.73,6.08,7.29,0.51,2.12,0.11,0.23,,,,,25.2,,0.33,96.58,0.0,0.0,1.86,754.94,0.04
2024-02-08 05:00:00,,,5.85,7.06,8.5,6.82,5.41,0.49,2.91,0.12,0.24,,,,,25.16,,0.34,32.68,0.0,0.0,1.86,756.19,0.04
2024-02-08 06:00:00,,,6.38,6.7,8.75,6.08,4.86,0.6,3.2,0.12,0.25,,,,,25.06,,0.32,15.45,0.0,0.0,4.47,759.53,0.04
2024-02-08 07:00:00,11.0,16.0,9.86,3.38,9.8,6.75,6.64,0.79,3.21,0.12,0.28,,,,0.01,25.72,98.7,0.36,41.69,0.0,0.0,44.62,762.79,0.04
2024-02-08 08:00:00,44.14,74.01,5.9,5.42,7.67,7.27,9.48,0.72,7.2,0.12,0.55,,,,0.01,27.28,95.54,0.3,46.6,0.0,0.0,147.77,765.41,0.04
2024-02-08 09:00:00,99.31,170.98,3.91,7.01,6.89,8.06,12.76,0.74,17.9,0.12,0.29,,,,0.01,28.61,89.08,0.25,81.63,0.0,0.0,288.44,768.04,0.04
2024-02-08 10:00:00,69.56,118.58,3.33,8.09,7.0,7.42,12.42,0.72,32.63,0.12,0.29,,,,0.01,29.99,77.95,0.32,143.64,0.0,0.0,433.27,767.09,0.04
2024-02-08 11:00:00,47.97,80.55,2.65,9.9,7.42,8.36,13.84,0.68,52.74,0.12,0.29,,,,0.01,31.0,65.36,0.26,278.71,0.0,0.0,522.73,764.24,0.04
2024-02-08 12:00:00,34.14,56.18,2.58,9.02,6.88,8.74,18.9,0.57,61.05,0.12,0.29,,,,,32.12,55.29,0.19,268.59,0.0,0.0,519.87,760.08,0.04
2024-02-08 13:00:00,26.84,43.33,2.43,10.44,7.52,9.69,19.88,0.68,79.76,0.12,0.29,,,,,32.62,56.0,0.3,252.07,0.0,0.0,414.0,755.88,0.04
2024-02-08 14:00:00,22.85,36.3,2.24,10.34,7.3,9.13,12.84,0.65,85.93,0.12,0.31,,,0.01,0.01,32.63,59.17,0.4,152.82,0.0,0.0,300.46,751.7,0.04
2024-02-08 15:00:00,20.59,32.33,2.16,7.4,5.68,9.43,8.49,0.44,58.29,0.12,0.27,,,,0.01,32.73,54.15,0.42,152.23,0.0,0.0,238.44,749.95,0.04
2024-02-08 16:00:00,19.28,30.02,2.28,7.64,5.9,8.8,7.88,0.44,49.71,0.12,0.24,,,0.01,0.01,32.3,51.41,0.44,149.0,0.0,0.0,80.67,749.87,0.04
2024-02-08 17:00:00,18.5,28.63,2.17,8.99,6.52,8.47,7.11,0.49,42.24,0.12,0.24,,,0.01,0.01,31.52,55.46,0.41,138.04,0.0,0.0,22.5,750.72,0.04
2024-02-08 18:00:00,18.01,27.78,2.91,12.2,8.85,9.25,5.12,0.84,14.56,0.12,0.52,,,0.01,0.01,30.1,70.22,0.35,100.87,0.0,0.0,2.77,753.3,0.04
2024-02-08 19:00:00,23.54,37.51,3.64,12.68,9.68,7.67,5.22,0.84,10.86,0.12,0.32,,,0.01,0.01,29.44,78.9,0.38,149.55,0.0,0.0,2.21,755.58,0.04
2024-02-08 20:00:00,88.8,152.46,4.74,7.58,7.88,7.59,8.36,0.65,8.54,0.11,0.26,,,0.01,0.01,28.72,85.61,0.26,171.51,0.0,0.0,2.2,758.38,0.04
2024-02-08 21:00:00,145.0,251.44,2.67,8.39,6.62,7.29,10.83,0.57,9.03,0.12,0.25,,,,0.01,28.27,86.63,0.38,149.74,0.0,0.0,2.1,760.23,0.04
2024-02-08 22:00:00,19.27,30.0,2.47,9.58,7.1,8.48,10.06,0.54,10.64,0.12,0.33,,,,0.01,27.99,88.25,0.32,140.38,0.0,0.0,2.0,761.96,0.04
2024-02-08 23:00:00,19.68,30.72,3.74,7.18,6.84,6.3,9.75,0.49,10.32,0.12,0.25,,,,,27.73,90.24,0.21,283.76,0.0,0.0,2.13,761.95,0.04
2024-02-09 00:00:00,100.32,172.74,2.91,9.39,7.35,6.56,15.08,0.5,5.22,0.12,0.24,,,,,27.13,95.33,0.32,113.44,0.0,0.0,2.26,761.52,0.04
2024-02-09 01:00:00,232.98,406.39,8.41,8.22,9.74,6.06,12.73,0.53,2.73,0.11,0.23,,,,,26.89,97.79,0.32,63.96,0.0,0.0,2.15,759.48,0.04
2024-02-09 02:00:00,121.96,210.85,10.47,5.11,10.15,6.56,11.39,0.77,1.85,0.12,0.23,,,,,26.45,,0.32,57.32,0.0,0.0,2.04,758.5,0.04
2024-02-09 03:00:00,17.0,26.0,3.8,8.63,7.68,7.4,10.22,1.36,2.89,0.12,0.27,,,,,26.29,,0.3,48.67,0.0,0.0,2.02,757.9,0.04
2024-02-09 04:00:00,17.0,26.0,3.62,8.15,7.26,7.34,10.29,1.19,2.66,0.11,0.29,,,,,26.07,,0.29,37.0,0.0,0.0,2.0,757.92,0.04
2024-02-09 05:00:00,28.81,46.8,5.58,6.1,7.78,7.62,11.58,1.01,2.23,0.12,0.25,,,,,26.0,,0.38,115.78,0.0,0.0,2.0,759.31,0.04
2024-02-09 06:00:00,70.93,120.99,13.82,2.81,10.54,7.5,13.9,1.08,2.05,0.12,0.25,,,,,25.84,,0.28,29.73,0.0,0.0,4.35,762.07,0.04
2024-02-09 07:00:00,80.55,135.6,16.4,,12.36,9.06,17.71,1.3,2.43,0.12,0.3,,,,0.01,26.27,,0.32,31.58,0.0,0.0,36.77,765.46,0.04
2024-02-09 08:00:00,33.61,55.24,10.66,4.27,9.52,7.42,23.11,0.94,4.19,0.12,0.68,,,,0.01,27.3,95.93,0.31,56.48,0.0,0.0,113.78,768.68,0.04
2024-02-09 09:00:00,40.98,68.24,4.54,5.0,6.33,7.55,26.84,0.63,10.74,0.12,0.25,,,,0.01,28.82,88.5,0.32,138.12,0.0,0.0,242.08,770.9,0.04
2024-02-09 10:00:00,28.19,45.71,3.23,5.17,5.36,7.86,25.64,0.53,9.61,0.11,0.34,,,,,28.91,85.52,0.3,129.9,0.0,0.0,153.93,770.7,0.04
2024-02-09 11:00:00,35.79,59.1,3.09,5.77,5.57,8.81,24.05,0.46,18.88,0.12,0.36,,,,,29.32,81.8,0.36,141.5,0.0,0.0,203.09,768.38,0.04
2024-02-09 12:00:00,20.41,32.01,2.5,4.6,4.47,7.91,22.23,0.42,23.94,0.11,0.25,,,,,30.64,73.38,0.26,114.53,0.0,0.0,416.11,765.27,0.04
2024-02-09 13:00:00,17.74,27.31,2.42,4.52,4.36,10.31,18.33,0.41,26.41,0.12,0.22,,,,,31.1,67.77,0.33,135.1,0.0,0.0,273.72,761.12,0.04
2024-02-09 14:00:00,,,,,,,,,,,,,,,,,,,,,0.0,,,
2024-02-09 15:00:00,17.01,26.02,2.36,4.68,4.39,15.73,16.1,0.46,37.41,0.12,0.26,,,,,31.14,66.36,0.41,153.35,0.0,0.0,157.99,755.04,0.04
2024-02-09 16:00:00,17.01,26.02,2.35,5.3,4.72,10.04,15.32,0.46,35.58,0.12,0.3,,,0.01,,30.77,70.14,0.4,149.16,0.0,0.0,79.13,755.26,0.04
2024-02-09 17:00:00,17.0,26.01,2.38,6.17,5.2,9.34,11.98,0.52,32.5,0.12,0.25,,,0.01,,30.15,74.35,0.4,154.28,0.0,0.0,24.18,757.38,0.04
2024-02-09 18:00:00,17.0,26.0,2.48,9.5,7.06,8.7,10.49,0.72,27.62,0.12,0.24,,,,,29.48,77.85,0.4,150.3,0.0,0.0,2.86,759.4,0.04
2024-02-09 19:00:00,33.83,55.65,2.91,10.14,7.74,8.93,11.67,0.76,12.0,0.12,0.29,,,0.01,0.01,28.75,82.83,0.4,150.56,0.0,0.0,2.34,762.85,0.04
2024-02-09 20:00:00,61.32,104.06,4.96,9.41,9.02,7.85,15.28,0.86,9.5,0.12,0.3,,,0.01,0.01,28.11,87.6,0.3,115.95,0.0,0.0,2.19,766.23,0.04
2024-02-09 21:00:00,33.08,54.31,5.47,10.33,9.93,7.18,17.2,0.86,3.54,0.12,0.26,,,0.01,0.01,27.48,91.64,0.29,66.58,0.0,0.0,2.12,768.61,0.04
2024-02-09 22:00:00,23.16,36.84,4.17,8.4,7.85,7.67,17.56,0.75,4.56,0.13,0.59,,,,0.01,27.13,93.88,0.33,54.99,0.0,0.0,2.0,769.43,0.04
2024-02-09 23:00:00,19.48,30.37,3.99,9.24,8.14,5.91,17.25,0.69,4.24,0.12,0.27,,,,,26.86,96.99,0.34,43.9,0.0,0.0,2.04,768.9,0.04
2024-02-10 00:00:00,18.05,27.85,2.81,9.41,7.28,7.84,14.15,0.5,5.06,0.11,0.26,,,,,26.88,98.21,0.3,87.38,0.0,0.0,1.98,767.95,0.04
2024-02-10 01:00:00,17.46,26.81,2.51,7.94,6.26,5.82,12.26,0.44,6.1,0.07,0.14,,,,,26.72,99.13,0.28,77.5,0.0,0.0,2.22,766.17,0.04
2024-02-10 02:00:00,17.22,26.38,2.66,7.71,6.26,6.12,11.46,0.44,6.03,0.11,0.24,,,0.01,0.01,26.62,,0.32,82.02,0.0,0.0,2.06,764.48,0.04
2024-02-10 03:00:00,17.1,26.18,2.54,7.9,6.26,5.98,9.63,0.42,6.19,0.11,0.24,,,,,26.47,,0.32,50.44,0.0,0.0,2.28,762.74,0.04
2024-02-10 04:00:00,17.05,26.09,2.64,9.24,7.04,6.04,8.1,0.44,4.57,0.11,0.24,,,,0.01,26.18,,0.34,41.9,0.0,0.0,2.02,762.64,0.04
2024-02-10 05:00:00,17.11,26.19,5.06,7.6,8.15,6.12,6.88,0.55,3.63,0.12,0.27,,,0.01,0.01,26.12,,0.3,69.59,0.0,0.0,1.81,764.63,0.04
2024-02-10 06:00:00,17.33,26.58,4.44,8.75,8.25,5.34,6.01,0.6,3.54,0.12,0.28,,,0.01,0.01,26.35,,0.29,119.91,0.0,0.0,4.15,767.74,0.04
2024-02-10 07:00:00,17.47,26.83,8.57,4.54,9.37,5.83,7.44,0.71,3.2,0.12,0.36,,,,0.01,26.65,,0.26,66.39,0.0,0.0,33.67,771.2,0.04
2024-02-10 08:00:00,24.43,39.08,9.73,5.02,9.27,5.48,10.32,0.78,7.06,0.12,0.27,,,,,27.68,96.84,0.24,99.08,0.0,0.0,100.66,773.78,0.04
2024-02-10 09:00:00,45.2,75.67,3.18,6.72,6.15,7.01,12.84,0.67,22.98,0.12,0.28,,,,,28.63,90.02,0.35,146.56,0.0,0.0,207.75,775.48,0.04
2024-02-10 10:00:00,56.89,96.25,2.16,5.03,4.42,5.9,13.28,0.55,19.38,0.12,0.43,,,,,29.49,81.64,0.4,152.18,0.0,0.0,350.9,774.71,0.04
2024-02-10 11:00:00,58.48,99.07,2.24,4.93,4.44,6.0,12.58,0.5,38.7,0.12,0.32,,,,,29.92,78.39,0.41,150.2,0.0,0.0,318.06,771.51,0.04
2024-02-10 12:00:00,63.86,108.53,2.21,4.95,4.42,6.1,11.99,0.5,41.86,0.12,0.23,,,,,30.42,76.08,0.36,146.57,0.0,0.0,416.34,767.93,0.04
2024-02-10 13:00:00,56.56,95.68,2.74,4.57,4.64,7.29,10.74,0.5,42.29,0.12,0.24,,,,,30.92,73.32,0.32,131.83,0.0,0.0,324.71,764.54,0.04
2024-02-10 14:00:00,52.46,88.46,2.22,5.03,4.47,6.42,8.1,0.48,34.1,0.12,0.25,,,,,30.91,72.61,0.38,150.26,0.0,0.0,241.6,761.3,0.04
2024-02-10 15:00:00,50.3,84.66,2.07,5.64,4.68,6.88,6.18,0.46,21.87,0.12,0.49,,,,,30.42,74.36,0.41,151.13,0.0,0.0,150.41,759.84,0.04
2024-02-10 16:00:00,53.51,90.31,2.22,8.15,6.13,7.34,5.41,0.48,22.26,0.12,0.46,,,,,30.1,75.93,0.41,150.12,0.0,0.0,79.26,759.86,0.04
2024-02-10 17:00:00,69.15,117.85,2.36,7.52,5.9,7.84,7.12,0.59,34.03,0.12,0.32,,,0.02,0.01,29.32,80.82,0.4,151.7,0.0,0.0,24.22,761.15,0.04
2024-02-10 18:00:00,71.7,122.33,2.56,9.57,7.16,7.51,7.11,0.75,29.45,0.12,0.28,,,0.01,,28.55,85.7,0.4,152.02,0.0,0.0,2.85,764.14,0.04
2024-02-10 19:00:00,96.35,165.74,2.6,9.38,7.09,6.89,8.43,0.76,28.49,0.12,0.28,,,0.01,0.01,27.98,90.17,0.4,151.78,0.0,0.0,2.33,766.22,0.04
2024-02-10 20:00:00,143.74,249.23,2.4,7.98,6.18,6.67,11.3,0.71,29.79,0.12,0.27,,,0.02,0.01,27.56,91.32,0.38,148.16,0.0,0.0,2.16,768.47,0.04
2024-02-10 21:00:00,71.23,121.51,2.56,8.35,6.51,6.48,13.18,0.71,22.81,0.12,0.24,,,0.01,0.01,27.06,94.18,0.31,80.74,0.0,0.0,2.1,770.47,0.04
2024-02-10 22:00:00,76.98,131.65,3.04,9.02,7.26,8.19,13.27,0.7,22.24,0.12,0.31,,,,,26.7,96.12,0.34,63.39,0.0,0.0,1.8,771.34,0.04
2024-02-10 23:00:00,58.22,98.6,2.5,8.07,6.32,6.06,13.2,0.62,22.33,0.12,0.26,,,,,26.41,97.68,0.33,65.46,0.0,0.0,1.94,770.86,0.04
2024-02-11 00:00:00,79.84,136.68,2.32,7.35,5.78,7.07,13.84,0.7,19.68,0.12,0.26,,,,,26.1,,0.35,74.31,0.0,0.0,1.9,769.25,0.04
2024-02-11 01:00:00,81.17,139.02,2.43,8.73,6.61,6.47,12.74,0.51,22.54,0.11,0.27,,,,,26.25,98.68,0.32,102.43,0.0,0.0,1.84,768.15,0.04
2024-02-11 02:00:00,45.01,75.34,2.44,9.32,6.93,7.69,12.68,0.61,20.81,0.11,0.27,,,,,25.98,98.98,0.36,134.02,0.0,0.0,2.06,767.05,0.04
2024-02-11 03:00:00,62.81,106.68,2.42,12.54,8.63,5.68,11.87,0.72,11.03,0.11,0.28,,,,,25.57,,0.32,36.16,0.0,0.0,1.94,766.24,0.04
2024-02-11 04:00:00,128.41,222.23,2.55,9.2,6.95,6.38,11.46,1.08,10.85,0.11,0.27,,,,,25.54,,0.34,40.76,0.0,0.0,1.9,766.49,0.04
2024-02-11 05:00:00,102.32,176.26,2.72,7.61,6.25,6.57,11.95,1.22,14.57,0.12,0.31,,,,,25.4,,0.34,75.65,0.0,0.0,1.89,767.98,0.04
2024-02-11 06:00:00,123.85,214.19,3.24,8.93,7.37,6.8,12.78,1.07,13.33,0.12,0.32,,,,,25.25,,0.36,43.26,0.0,0.0,4.29,769.91,0.04
2024-02-11 07:00:00,98.79,170.05,3.9,7.91,7.36,5.82,15.76,0.96,17.01,0.12,0.38,,,,,25.78,99.86,0.31,98.6,0.0,0.0,41.29,772.1,0.04
2024-02-11 08:00:00,148.65,257.87,4.03,8.26,7.66,5.25,19.24,0.84,29.13,0.12,0.28,,,,0.01,26.99,95.26,0.38,150.23,0.0,0.0,156.45,773.77,0.04
2024-02-11 09:00:00,26.61,42.93,2.68,6.95,5.87,6.2,22.28,0.72,42.51,0.12,0.29,,,,,28.36,83.17,0.41,152.94,0.0,0.0,293.44,775.68,0.04
2024-02-11 10:00:00,76.11,130.11,2.42,5.75,5.02,5.77,23.71,0.63,49.88,0.12,0.23,,,,,29.21,77.82,0.4,153.48,0.0,0.0,318.76,776.3,0.04
2024-02-11 11:00:00,85.04,145.84,2.3,5.2,4.63,6.79,22.8,0.53,51.77,0.12,0.26,,,,,29.88,72.6,0.42,155.49,0.0,0.0,450.74,773.91,0.04
2024-02-11 12:00:00,73.91,126.23,2.76,5.39,5.1,5.19,19.65,0.63,51.22,0.12,0.24,,,0.01,,30.36,69.01,0.4,150.2,0.0,0.0,430.39,770.81,0.04
2024-02-11 13:00:00,65.29,111.05,2.35,4.99,4.56,5.86,15.8,0.5,52.2,0.12,0.23,,,,,30.39,68.46,0.4,151.04,0.0,0.0,319.11,767.9,0.03
2024-02-11 14:00:00,63.0,107.02,2.27,4.61,4.28,6.1,13.05,0.46,53.68,0.12,0.22,,,,,30.84,63.72,0.42,153.56,0.0,0.0,359.42,764.93,0.04
2024-02-11 15:00:00,53.78,90.77,2.24,4.63,4.27,7.8,11.38,0.47,53.88,0.12,0.23,,,0.01,,30.62,63.41,0.43,153.75,0.0,0.0,260.94,763.28,0.04
2024-02-11 16:00:00,52.29,88.15,2.28,5.0,4.51,5.82,9.1,0.48,52.3,0.12,0.24,,,0.01,,30.07,65.59,0.43,152.96,0.0,0.0,80.9,763.42,0.04
2024-02-11 17:00:00,51.8,87.29,2.33,6.65,5.42,6.0,8.54,0.58,50.34,0.12,0.22,,,0.01,0.01,29.35,71.55,0.41,152.12,0.0,0.0,24.47,765.32,0.04
2024-02-11 18:00:00,56.54,95.64,2.38,8.43,6.4,6.27,8.46,0.72,32.5,0.11,0.22,,,0.01,0.01,28.55,76.3,0.41,154.52,0.0,0.0,2.86,766.83,0.04
2024-02-11 19:00:00,63.6,108.08,2.49,10.12,7.39,6.33,9.89,0.84,41.42,0.12,0.4,,,0.01,0.01,27.85,83.47,0.4,155.27,0.0,0.0,2.02,768.87,0.04
2024-02-11 20:00:00,63.22,107.4,2.62,9.4,7.11,5.54,12.24,0.85,39.89,0.12,0.25,,,0.01,0.01,27.25,88.35,0.38,149.13,0.0,0.0,2.0,771.37,0.04
2024-02-11 21:00:00,85.32,146.34,3.26,10.38,8.16,5.22,14.92,0.85,29.93,0.12,0.24,,,0.01,0.01,26.51,93.12,0.34,148.78,0.0,0.0,2.18,773.13,0.04
2024-02-11 22:00:00,87.24,149.71,3.81,11.38,9.14,5.06,15.64,0.75,23.61,0.12,0.24,,,,0.01,25.8,97.58,0.33,26.84,0.0,0.0,1.8,773.09,0.04
2024-02-11 23:00:00,103.16,177.76,2.71,12.36,8.76,5.17,15.05,0.72,22.06,0.12,0.23,,,,0.01,25.51,98.29,0.37,19.4,0.0,0.0,1.88,772.74,0.04
2024-02-12 00:00:00,94.87,163.15,3.71,11.36,9.04,5.66,13.19,0.65,18.4,0.12,0.24,,,,0.01,25.13,99.94,0.36,263.38,0.0,0.0,1.95,770.93,0.04
2024-02-12 01:00:00,88.99,152.78,2.68,9.41,7.16,4.75,11.86,1.12,20.09,0.12,0.27,,,0.01,0.01,24.98,,0.27,249.46,0.0,0.0,1.88,769.28,0.04
2024-02-12 02:00:00,88.66,152.22,2.72,7.31,6.09,5.17,11.59,0.97,26.31,0.11,0.22,,,,,25.1,,0.32,54.46,0.0,0.0,1.78,766.98,0.04
2024-02-12 03:00:00,78.37,134.09,2.54,8.46,6.56,4.95,11.65,0.8,24.99,0.11,0.22,,,0.01,0.01,24.79,,0.32,73.25,0.0,0.0,1.86,765.6,0.04
2024-02-12 04:00:00,88.58,152.08,2.84,8.0,6.55,5.66,12.03,0.82,24.27,0.11,0.22,,,0.01,0.01,24.67,,0.32,53.96,0.0,0.0,1.7,765.23,0.04
2024-02-12 05:00:00,60.7,102.96,2.62,7.0,5.84,4.38,11.83,0.68,28.01,0.11,0.22,,,,0.01,24.68,,0.3,64.85,0.0,0.0,1.91,767.08,0.04
2024-02-12 06:00:00,78.02,133.46,2.65,7.78,6.28,4.22,14.31,0.74,28.51,0.11,0.2,,,,,24.8,,0.29,69.96,0.0,0.0,4.37,769.38,0.04
2024-02-12 07:00:00,81.47,139.55,2.58,7.46,6.05,5.06,15.56,0.86,11.12,0.12,0.4,,,,,25.02,99.06,0.29,42.97,0.0,0.0,41.83,772.54,0.04
2024-02-12 08:00:00,109.1,188.2,2.68,6.72,5.75,5.32,17.45,0.77,24.89,0.12,0.53,,,,,26.7,92.13,0.25,75.41,0.0,0.0,170.52,775.64,0.04
2024-02-12 09:00:00,69.03,117.65,2.84,6.36,5.68,4.46,20.08,0.6,39.72,0.12,0.3,,,,,28.01,83.22,0.29,125.15,0.0,0.0,293.09,777.05,0.04
2024-02-12 10:00:00,62.26,105.71,2.59,5.46,5.0,4.25,18.93,0.52,49.1,0.12,0.24,,,,,28.9,75.96,0.28,122.18,0.0,0.0,393.1,776.62,0.04
2024-02-12 11:00:00,57.8,97.85,2.69,5.21,4.95,4.66,17.19,0.44,51.05,0.12,0.22,,,,,29.66,70.01,0.32,137.38,0.0,0.0,562.77,774.57,0.04
2024-02-12 12:00:00,48.03,80.65,2.44,4.94,4.6,4.86,15.22,0.44,52.04,0.11,0.22,,,,,29.9,68.12,0.39,148.6,0.0,0.0,561.78,770.85,0.04
2024-02-12 13:00:00,52.94,89.29,2.41,4.51,4.35,5.56,11.9,0.37,47.13,0.12,0.28,,,,,30.59,63.06,0.41,152.68,0.0,0.0,527.6,765.83,0.04
2024-02-12 14:00:00,44.48,74.39,2.44,4.31,4.26,4.67,9.18,0.32,45.64,0.11,0.21,,,,,30.7,62.19,0.41,150.66,0.0,0.0,372.01,762.46,0.04
2024-02-12 15:00:00,37.3,61.76,2.48,4.15,4.21,5.66,6.99,0.3,44.37,0.11,0.22,,,,,30.56,57.31,0.41,150.96,0.0,0.0,214.01,761.6,0.03
2024-02-12 16:00:00,35.57,58.71,2.58,4.77,4.63,5.29,5.74,0.36,43.4,0.12,0.21,,,,,29.92,61.18,0.42,151.42,0.0,0.0,64.9,761.47,0.04
2024-02-12 17:00:00,30.92,50.51,2.59,6.01,5.29,6.28,5.34,0.43,41.26,0.12,0.24,,,0.01,,28.92,70.89,0.42,153.63,0.0,0.0,19.24,762.0,0.04
2024-02-12 18:00:00,36.18,59.78,2.55,8.06,6.35,4.96,5.43,0.56,35.87,0.12,0.24,,,0.02,0.01,28.03,77.9,0.4,153.43,0.0,0.0,2.36,763.92,0.04
2024-02-12 19:00:00,43.44,72.58,3.54,10.46,8.42,5.56,7.99,0.84,31.45,0.12,0.24,,,0.01,0.01,27.45,83.08,0.33,128.2,0.0,0.0,1.98,766.37,0.04
2024-02-12 20:00:00,55.57,93.93,3.4,12.46,9.38,5.17,10.58,0.8,19.73,0.12,0.25,,,0.01,0.01,26.51,90.71,0.35,25.31,0.0,0.0,2.03,769.39,0.04
2024-02-12 21:00:00,69.06,117.69,3.16,12.04,8.96,6.49,14.21,0.86,14.82,0.12,0.35,,,,0.01,26.15,92.88,0.32,43.35,0.0,0.0,1.68,771.0,0.04
2024-02-12 22:00:00,58.54,99.16,3.34,9.34,7.68,4.56,14.71,0.66,24.98,0.12,0.31,,,,0.01,25.98,93.96,0.29,87.72,0.0,0.0,1.69,771.0,0.04
2024-02-12 23:00:00,66.18,112.61,3.1,11.06,8.39,4.63,15.4,0.61,19.26,0.12,0.23,,,,0.01,25.53,96.59,0.31,61.2,0.0,0.0,2.02,770.59,0.04
2024-02-13 00:00:00,59.93,101.61,3.31,14.74,10.52,4.74,14.82,0.61,13.4,0.12,0.22,,,,,25.02,99.56,0.32,27.97,0.0,0.0,1.77,769.4,0.04
2024-02-13 01:00:00,62.88,106.79,2.09,7.08,5.45,5.34,14.4,0.6,24.8,0.11,0.23,,,,,25.17,99.06,0.34,74.14,0.0,0.0,2.08,767.61,0.04
2024-02-13 02:00:00,48.76,81.94,2.16,7.43,5.69,5.13,12.94,0.65,22.08,0.11,0.22,,,,,25.13,99.86,0.3,39.78,0.0,0.0,1.98,765.95,0.04
2024-02-13 03:00:00,58.83,99.67,2.15,8.78,6.41,4.3,11.11,0.65,21.0,0.11,0.26,,,,,25.03,,0.36,262.18,0.0,0.0,2.04,765.0,0.04
2024-02-13 04:00:00,62.18,105.56,2.17,6.52,5.22,4.65,9.94,0.7,24.81,0.11,0.25,,,,,25.04,,0.28,65.33,0.0,0.0,2.02,764.98,0.04
2024-02-13 05:00:00,63.6,108.08,3.88,7.22,6.98,4.69,9.66,0.8,21.66,0.12,0.23,,,,,24.91,,0.28,35.31,0.0,0.0,1.93,766.38,0.04
2024-02-13 06:00:00,60.1,101.91,3.42,7.05,6.52,5.51,10.58,0.56,25.63,0.11,0.24,,,,,24.77,,0.26,37.18,0.0,0.0,7.84,769.12,0.04
2024-02-13 07:00:00,61.61,104.57,2.53,6.93,5.73,4.17,12.67,0.66,24.07,0.11,0.32,,,,,25.44,98.66,0.29,57.04,0.0,0.0,57.62,772.08,0.04
2024-02-13 08:00:00,62.35,105.87,3.24,7.35,6.54,4.24,14.63,0.71,33.66,0.12,0.23,,,,,26.81,92.26,0.26,92.5,0.0,0.0,185.55,774.4,0.04
2024-02-13 09:00:00,57.02,96.48,2.31,6.46,5.3,5.0,15.56,0.61,27.53,0.12,0.34,,,,,28.3,82.56,0.28,133.51,0.0,0.0,345.63,775.28,0.04
2024-02-13 10:00:00,54.08,91.31,2.58,5.78,5.17,5.49,16.84,0.48,47.39,0.12,0.34,,,,,29.12,74.58,0.34,138.22,0.0,0.0,413.99,773.8,0.04
2024-02-13 11:00:00,49.22,82.74,2.2,5.08,4.48,4.4,16.18,0.42,47.79,0.12,0.24,,,,,29.71,70.06,0.37,145.13,0.0,0.0,518.54,771.05,0.04
2024-02-13 12:00:00,48.58,81.72,2.15,5.15,4.47,4.32,14.0,0.41,49.76,0.14,0.26,,,0.02,0.02,30.18,67.44,0.34,143.04,0.0,0.0,565.63,767.46,0.04
2024-02-13 13:00:00,44.4,74.54,2.23,5.29,4.62,4.66,11.42,0.41,49.84,0.17,0.31,,,0.03,0.02,30.79,65.36,0.32,151.42,0.0,0.0,435.68,763.04,0.04
2024-02-13 14:00:00,45.62,76.68,2.05,5.04,4.34,5.7,9.57,0.39,49.37,0.18,0.3,,,0.03,0.02,30.94,63.34,0.33,148.48,0.0,0.0,328.82,759.68,0.04
2024-02-13 15:00:00,41.4,69.24,2.05,5.36,4.5,6.62,7.68,0.38,27.73,0.15,0.41,,,0.03,0.02,31.04,63.32,0.35,143.73,0.0,0.0,167.77,759.04,0.04
2024-02-13 16:00:00,37.27,61.98,2.19,5.82,4.86,4.63,6.94,0.42,43.17,0.16,0.41,,,0.03,0.02,30.62,65.02,0.38,145.16,0.0,0.0,68.38,759.0,0.04
2024-02-13 17:00:00,39.22,65.42,2.37,7.65,5.98,5.34,7.34,0.49,37.67,0.18,0.32,,,0.03,0.02,29.84,69.53,0.42,154.43,0.0,0.0,23.74,760.12,0.04
2024-02-13 18:00:00,42.13,70.54,2.42,9.99,7.28,5.74,7.5,0.64,32.23,0.18,0.32,,,0.03,0.02,28.74,75.08,0.41,152.22,0.0,0.0,2.57,762.17,0.04
2024-02-13 19:00:00,51.15,86.44,2.5,10.15,7.42,6.72,8.84,0.8,24.03,0.18,0.34,,,0.03,0.02,27.71,84.62,0.4,152.01,0.0,0.0,2.12,765.12,0.04
2024-02-13 20:00:00,51.4,86.86,2.78,10.04,7.59,5.13,11.84,0.76,19.52,0.18,0.5,,,0.03,0.02,26.88,90.18,0.34,84.23,0.0,0.0,2.03,767.22,0.04
2024-02-13 21:00:00,60.81,103.44,2.99,10.75,8.14,5.01,14.82,0.69,18.75,0.17,0.34,,,0.03,0.03,26.41,93.36,0.28,85.88,0.0,0.0,1.74,768.24,0.04
2024-02-13 22:00:00,59.55,101.23,2.8,11.38,8.32,5.14,14.55,0.66,16.42,0.18,0.32,,,0.03,0.02,26.11,95.78,0.36,46.2,0.0,0.0,1.9,768.63,0.04
2024-02-13 23:00:00,66.65,113.73,2.63,10.54,7.73,5.95,14.3,0.58,18.03,0.18,0.31,,,0.03,0.02,25.98,97.22,0.31,84.87,0.0,0.0,1.68,767.2,0.04
2024-02-14 00:00:00,54.47,92.28,2.44,10.53,7.57,4.9,13.62,0.52,18.08,0.18,0.32,,,0.03,0.02,25.69,97.7,0.32,85.4,0.0,0.0,1.82,766.19,0.04
2024-02-14 01:00:00,54.78,92.83,2.3,10.37,7.37,4.64,12.78,0.6,15.35,0.13,0.22,,,0.03,0.02,25.22,98.95,0.34,30.02,0.0,0.0,1.9,763.99,0.04
2024-02-14 02:00:00,56.1,95.15,2.32,6.96,5.58,5.04,12.37,0.82,17.0,0.17,0.35,,,0.03,0.02,25.26,,0.32,57.52,0.0,0.0,1.84,762.26,0.04
2024-02-14 03:00:00,73.13,125.14,2.21,6.74,5.38,5.15,11.69,0.63,16.77,0.17,0.37,,,0.03,0.02,25.12,,0.31,68.12,0.0,0.0,2.02,761.93,0.04
2024-02-14 04:00:00,53.82,91.13,2.65,5.07,4.84,5.49,11.43,0.5,19.56,0.18,0.3,,,0.03,0.02,24.78,,0.29,57.54,0.0,0.0,1.88,761.56,0.04
2024-02-14 05:00:00,,,,,,,,,,,,,,,,,,,,,0.0,,,
2024-02-14 06:00:00,,,,,,,,,,,,,,,,,,,,,0.0,,,
2024-02-14 07:00:00,,,,,,,,,,,,,,,,,,,,,0.0,,,
2024-02-14 08:00:00,,,,,,,,,,,,,,,,,,,,,0.0,,,
2024-02-14 09:00:00,,,,,,,,,,,,,,,,,,,,,0.0,,,
2024-02-14 10:00:00,,,,,,,,,,,,,,,,,,,,,0.0,,,
2024-02-14 11:00:00,,,,,,,,,,,,,,,,,,,,,0.0,,,
2024-02-14 12:00:00,,,,,,,,,,,,,,,,,,,,,0.0,,,
2024-02-14 13:00:00,,,,,,,,,,,,,,,,,,,,,0.0,,,
2024-02-14 14:00:00,,,,,,,,,,,,,,,,,,,,,0.0,,,
2024-02-14 15:00:00,,,,,,,,,,,,,,,,,,,,,0.0,,,
2024-02-14 16:00:00,,,,,,,,,,,,,,,,,,,,,0.0,,,
2024-02-14 17:00:00,,,,,,,,,,,,,,,,,,,,,0.0,,,
2024-02-14 18:00:00,,,,,,,,,,,,,,,,,,,,,0.0,,,
2024-02-14 19:00:00,,,,,,,,,,,,,,,,,,,,,0.0,,,
2024-02-14 20:00:00,,,,,,,,,,,,,,,,,,,,,0.0,,,
2024-02-14 21:00:00,,,,,,,,,,,,,,,,,,,,,0.0,,,
2024-02-14 22:00:00,,,,,,,,,,,,,,,,,,,,,0.0,,,
2024-02-14 23:00:00,,,,,,,,,,,,,,,,,,,,,0.0,,,
2024-02-15 00:00:00,,,,,,,,,,,,,,,,,,,,,0.0,,,
2024-02-15 01:00:00,,,,,,,,,,,,,,,,,,,,,0.0,,,
2024-02-15 02:00:00,,,,,,,,,,,,,,,,,,,,,0.0,,,
2024-02-15 03:00:00,,,,,,,,,,,,,,,,,,,,,0.0,,,
2024-02-15 04:00:00,,,,,,,,,,,,,,,,,,,,,0.0,,,
2024-02-15 05:00:00,,,,,,,,,,,,,,,,,,,,,0.0,,,
2024-02-15 06:00:00,,,,,,,,,,,,,,,,,,,,,0.0,,,
2024-02-15 07:00:00,,,,,,,,,,,,,,,,,,,,,0.0,,,
2024-02-15 08:00:00,,,,,,,,,,,,,,,,,,,,,0.0,,,
2024-02-15 09:00:00,,,,,,,,,,,,,,,,,,,,,0.0,,,
2024-02-15 10:00:00,,,,,,,,,,,,,,,,,,,,,0.0,,,
2024-02-15 11:00:00,,,,,,,,,,,,,,,,,,,,,0.0,,,
2024-02-15 12:00:00,,,,,,,,,,,,,,,,,,,,,0.0,,,
2024-02-15 13:00:00,,,,,,,,,,,,,,,,,,,,,0.0,,,
2024-02-15 14:00:00,,,,,,,,,,,,,,,,,,,,,0.0,,,
2024-02-15 15:00:00,30.97,50.62,2.16,5.34,4.63,4.71,3.97,0.34,23.88,0.22,0.21,,,0.2,,29.78,55.05,0.56,132.55,0.0,0.0,7.91,747.24,0.04
2024-02-15 16:00:00,31.43,51.39,2.17,5.64,4.75,5.19,4.28,0.36,19.35,0.22,0.21,,,0.2,,32.1,57.68,0.64,140.84,0.0,0.0,8.72,747.09,0.04
2024-02-15 17:00:00,61.67,101.78,2.19,5.99,4.95,5.49,4.34,0.41,17.75,0.11,0.1,,,0.19,,32.51,59.02,0.67,144.77,0.0,0.0,9.02,748.1,0.04
2024-02-15 18:00:00,53.47,88.12,2.41,8.93,6.7,6.08,4.83,0.56,11.91,0.02,0.02,,,,,30.39,58.35,0.73,151.19,0.0,0.0,8.91,749.44,0.04
2024-02-15 19:00:00,37.65,61.74,5.78,16.92,13.68,6.34,8.23,1.06,11.86,0.02,0.02,,,,,28.02,62.54,0.62,92.55,0.0,0.0,8.91,751.54,0.04
2024-02-15 20:00:00,67.74,111.9,27.01,6.98,20.24,4.38,11.67,0.89,3.07,0.02,0.02,,,,,26.21,76.17,0.71,186.93,0.0,0.0,8.91,753.75,0.04
2024-02-15 21:00:00,79.01,130.69,14.24,5.44,14.46,5.59,14.8,0.76,3.1,0.02,0.02,,,,,24.65,80.24,0.62,99.59,0.0,0.0,8.18,754.88,0.04
2024-02-15 22:00:00,73.05,120.75,3.58,12.97,9.8,5.84,15.33,0.94,8.57,0.02,0.02,,,,,24.08,83.38,0.64,266.41,0.0,0.0,7.91,755.0,0.04
2024-02-15 23:00:00,78.73,130.21,2.47,10.47,7.56,6.4,14.09,0.69,13.46,0.02,0.02,,,,,23.81,86.75,0.65,195.98,0.0,0.0,7.91,754.96,0.04
2024-02-16 00:00:00,67.35,111.25,3.16,11.8,8.83,5.03,11.41,0.58,8.3,0.02,0.01,,,,,23.62,87.9,0.64,32.33,0.0,0.0,7.91,754.18,0.04
2024-02-16 01:00:00,67.92,112.2,2.64,8.57,6.7,5.29,10.96,0.48,13.33,0.02,0.01,,,,,23.62,88.47,0.53,97.46,0.0,0.0,7.91,752.72,0.04
2024-02-16 02:00:00,65.41,108.03,10.81,7.54,11.53,5.0,9.86,0.59,2.75,0.02,0.01,,,,,22.89,92.48,0.69,22.22,0.0,0.0,7.91,751.64,0.04
2024-02-16 03:00:00,51.12,84.2,22.69,,14.24,5.52,10.32,0.58,1.39,0.02,0.02,,,,,22.5,93.98,0.66,18.72,0.0,0.0,7.91,751.02,0.04
2024-02-16 04:00:00,35.98,58.96,7.7,6.8,9.86,4.89,9.45,0.45,1.82,0.02,0.01,,,,,22.2,94.94,0.7,27.08,0.0,0.0,7.91,750.96,0.04
2024-02-16 05:00:00,60.15,99.25,11.34,6.52,9.9,4.83,7.72,0.49,4.09,0.02,0.01,,,,,21.99,94.98,0.67,26.9,0.0,0.0,7.91,752.2,0.04
2024-02-16 06:00:00,56.76,93.6,9.07,7.59,9.65,5.19,5.98,0.75,3.72,0.02,0.01,,,,,21.76,94.98,0.59,38.84,0.0,0.0,7.91,754.74,0.04
2024-02-16 07:00:00,40.0,74.88,18.44,,12.82,5.75,7.94,1.54,2.26,0.02,0.02,,,,,21.62,98.52,0.54,108.18,0.0,0.0,7.91,757.91,0.04
2024-02-16 08:00:00,26.78,53.56,7.26,4.86,8.48,5.82,10.59,0.83,8.79,0.02,0.02,,,,,22.41,99.09,0.42,83.28,0.0,0.0,7.91,760.72,0.04
2024-02-16 09:00:00,52.71,105.42,5.11,5.29,6.96,5.56,14.94,0.68,14.16,0.02,0.01,,,,,24.66,82.9,0.42,93.43,0.0,0.0,7.91,762.06,0.04
2024-02-16 10:00:00,48.93,97.86,3.3,6.18,5.96,6.28,15.56,0.55,24.61,0.02,0.02,,,,,27.13,61.62,0.41,113.64,0.0,0.0,7.91,761.6,0.04
2024-02-16 11:00:00,45.6,91.21,8.73,5.54,10.04,6.03,15.42,0.46,39.15,0.02,0.01,,,,,29.14,45.98,0.37,114.57,0.0,0.0,7.91,758.95,0.04
2024-02-16 12:00:00,38.17,76.32,3.5,6.05,6.05,6.7,15.83,0.36,41.46,0.02,0.01,,,,,30.37,33.63,0.46,142.74,0.0,0.0,7.91,755.53,0.04
2024-02-16 13:00:00,24.06,48.12,2.82,5.66,5.3,6.18,10.56,0.32,43.86,0.02,0.01,,,,,30.83,30.95,0.56,139.91,0.0,0.0,7.91,751.93,0.04
2024-02-16 14:00:00,19.13,38.26,2.76,5.02,4.9,6.99,5.2,0.32,47.24,0.02,0.01,,,,,31.14,27.0,0.52,127.0,0.0,0.0,7.91,748.7,0.04
2024-02-16 15:00:00,13.39,26.78,2.68,5.08,4.86,7.37,2.56,0.35,50.08,0.02,0.01,,,,,31.17,32.68,0.47,127.02,0.0,0.0,7.91,746.56,0.04
2024-02-16 16:00:00,13.1,26.19,2.69,5.64,5.17,9.08,1.48,0.45,44.92,0.02,0.01,,,,,30.36,42.42,0.53,132.52,0.0,0.0,7.91,746.22,0.04
2024-02-16 17:00:00,26.23,52.45,2.56,7.33,5.96,6.77,,0.52,30.85,0.02,0.02,,,,,29.51,49.37,0.7,113.31,0.0,0.0,7.61,747.84,0.04
2024-02-16 18:00:00,33.08,66.15,3.69,15.2,11.07,6.63,2.71,0.82,26.5,0.02,0.01,,,,,28.3,57.28,0.69,132.57,0.0,0.0,8.91,749.13,0.04
2024-02-16 19:00:00,38.36,76.7,3.25,12.62,9.34,6.54,6.44,0.86,18.66,0.02,0.02,,,,,27.46,63.83,0.68,135.58,0.0,0.0,8.07,751.78,0.04
2024-02-16 20:00:00,59.93,119.85,5.07,14.56,11.86,6.28,11.33,0.73,7.08,0.02,0.02,,,,,25.87,75.32,0.57,22.98,0.0,0.0,8.91,754.67,0.04
2024-02-16 21:00:00,46.65,93.32,3.99,12.67,9.96,5.91,13.37,0.88,8.99,0.02,0.02,,,,,25.16,78.22,0.55,123.99,0.0,0.0,8.91,755.0,0.04
2024-02-16 22:00:00,57.31,114.62,5.35,10.1,9.71,5.55,12.39,0.79,8.23,0.02,0.02,,,,,24.66,81.13,0.57,37.24,0.0,0.0,8.91,755.0,0.04
2024-02-16 23:00:00,65.22,130.43,4.03,10.74,8.98,5.62,14.31,0.78,5.8,0.02,0.02,,,,,24.25,82.42,0.56,35.66,0.0,0.0,8.91,754.2,0.04
2024-02-17 00:00:00,53.7,107.4,3.87,8.91,7.88,5.35,11.82,0.5,6.53,0.02,0.02,,,,,23.58,87.02,0.58,184.64,0.0,0.0,8.91,752.16,0.04
2024-02-17 01:00:00,45.04,90.08,3.31,10.4,8.21,5.58,11.0,0.49,4.2,0.02,0.01,,,,,23.48,88.12,0.58,98.05,0.0,0.0,8.91,750.76,0.04
2024-02-17 02:00:00,45.14,90.29,17.05,8.62,11.77,4.62,8.82,0.56,3.12,0.02,0.01,,,,,23.02,90.12,0.63,35.35,0.0,0.0,8.91,748.35,0.04
2024-02-17 03:00:00,31.75,63.5,11.57,5.08,9.14,5.33,7.22,0.63,5.61,0.02,0.02,,,,,22.53,92.63,0.62,209.65,0.0,0.0,8.91,747.84,0.04
2024-02-17 04:00:00,35.92,71.84,2.8,7.11,6.06,5.52,6.86,0.51,5.54,0.02,0.01,,,,,22.37,92.62,0.67,24.6,0.0,0.0,8.91,747.2,0.04
2024-02-17 05:00:00,31.6,63.2,4.08,6.23,6.62,6.3,6.11,0.54,3.95,0.02,0.01,,,,,22.32,92.84,0.62,109.92,0.0,0.0,8.91,748.75,0.04
2024-02-17 06:00:00,37.2,74.41,8.94,3.92,9.34,5.78,5.99,0.58,3.6,0.02,0.01,,,,,22.72,93.14,0.68,95.38,0.0,0.0,8.93,751.18,0.04
2024-02-17 07:00:00,48.32,96.64,4.65,7.0,7.5,6.54,6.63,0.59,3.62,0.02,0.02,,,,,23.74,91.64,0.62,90.42,0.0,0.0,9.09,754.04,0.04
2024-02-17 08:00:00,42.96,85.91,6.98,4.91,8.28,7.08,6.94,1.08,7.18,0.02,0.02,,,,,24.72,84.86,0.5,216.99,0.0,0.0,9.39,755.89,0.04
2024-02-17 09:00:00,35.66,71.31,3.46,5.8,5.89,7.6,7.22,0.64,15.84,0.02,0.02,,,,,26.85,71.89,0.44,98.08,0.0,0.0,10.16,757.25,0.04
2024-02-17 10:00:00,32.6,65.19,2.45,6.58,5.48,7.65,7.32,0.6,14.58,0.02,0.02,,,,,28.09,60.22,0.52,147.72,0.0,0.0,10.62,756.02,0.04
2024-02-17 11:00:00,34.61,69.23,2.22,7.17,5.61,11.89,7.8,0.86,18.19,0.02,0.02,,,,,29.57,47.42,0.33,102.87,0.0,0.0,10.89,753.07,0.04
2024-02-17 12:00:00,35.38,70.75,2.46,6.88,5.64,14.68,7.79,0.68,19.13,0.02,0.03,,,0.01,,30.41,43.66,0.36,131.68,0.0,0.0,10.85,748.82,0.04
2024-02-17 13:00:00,27.42,54.83,2.51,5.62,5.02,8.04,8.82,0.56,48.51,0.02,0.02,,,0.01,,30.98,37.36,0.47,130.68,0.0,0.0,10.33,744.67,0.04
2024-02-17 14:00:00,33.65,67.3,2.5,5.26,4.81,4.77,8.85,0.28,37.11,0.02,0.01,,,0.01,,31.4,30.04,0.61,132.78,0.0,0.0,10.08,741.32,0.04
2024-02-17 15:00:00,37.97,75.94,2.69,5.26,4.97,4.69,6.04,0.4,51.69,0.02,0.02,,,0.01,,31.46,30.37,0.63,141.15,0.0,0.0,9.39,739.76,0.04
2024-02-17 16:00:00,32.72,65.44,2.53,6.26,5.38,3.83,5.23,0.35,54.68,0.02,0.01,,,0.01,,30.89,37.56,0.63,143.2,0.0,0.0,9.13,739.28,0.04
2024-02-17 17:00:00,34.45,68.89,2.37,7.94,6.14,4.77,5.27,0.43,56.61,0.02,0.01,,,0.01,,30.05,43.32,0.64,151.67,0.0,0.0,8.98,740.23,0.04
2024-02-17 18:00:00,34.12,68.23,2.75,12.18,8.71,5.49,7.64,0.67,37.85,0.02,0.02,,,0.01,,28.97,47.22,0.69,148.99,0.0,0.0,8.91,742.04,0.04
2024-02-17 19:00:00,35.2,70.41,2.98,13.1,9.38,2.9,14.74,0.74,27.26,0.02,0.01,,,0.01,,27.72,48.85,0.63,107.73,0.0,0.0,8.91,744.68,0.04
2024-02-17 20:00:00,44.04,88.07,4.84,15.78,12.32,3.56,15.23,0.7,10.92,0.02,0.01,,,0.01,,26.18,59.38,0.68,42.47,0.0,0.0,8.91,747.49,0.04
2024-02-17 21:00:00,49.15,98.29,5.49,13.42,11.59,3.86,15.69,0.81,9.36,0.02,0.02,,,0.01,,25.43,66.5,0.68,33.66,0.0,0.0,8.91,748.18,0.04
2024-02-17 22:00:00,55.21,110.42,5.44,13.91,11.8,3.73,13.21,0.79,4.88,0.02,0.02,,,0.01,,24.86,74.53,0.72,108.62,0.0,0.0,8.91,748.01,0.04
2024-02-17 23:00:00,62.12,124.25,5.33,12.2,10.81,7.13,13.28,0.72,4.59,0.02,0.02,,,0.01,,24.28,79.3,0.58,39.51,0.0,0.0,8.91,747.68,0.04
2024-02-18 00:00:00,56.56,113.12,2.46,11.13,7.9,4.36,11.76,0.58,7.09,0.02,0.01,,,0.01,,24.09,82.29,0.59,72.82,0.0,0.0,8.91,746.66,0.04
2024-02-18 01:00:00,58.45,116.89,2.28,9.83,7.07,3.0,10.36,0.56,6.74,0.02,0.01,,,0.01,,23.78,87.61,0.56,111.68,0.0,0.0,8.91,745.29,0.04
2024-02-18 02:00:00,59.33,118.66,3.82,10.06,8.44,3.28,9.3,0.54,2.99,0.02,0.01,,,0.01,,23.29,93.07,0.54,26.17,0.0,0.0,8.91,742.99,0.04
2024-02-18 03:00:00,174.5,349.01,4.5,7.92,7.86,3.75,8.76,0.52,2.3,0.02,0.01,,,0.01,,23.18,94.96,0.57,38.53,0.0,0.0,8.91,741.94,0.04
2024-02-18 04:00:00,175.99,351.98,3.39,6.55,6.23,3.96,7.36,0.51,2.75,0.02,0.01,,,0.01,,23.01,94.94,0.64,55.33,0.0,0.0,8.91,741.56,0.04
2024-02-18 05:00:00,75.6,151.21,3.52,9.59,7.95,6.76,5.77,1.02,3.69,0.02,0.01,,,0.01,,22.81,96.91,0.64,81.47,0.0,0.0,8.91,743.38,0.04
2024-02-18 06:00:00,,,32.97,2.42,15.04,4.39,5.34,2.64,2.9,0.02,0.01,,,0.01,,22.73,96.3,0.64,118.56,0.0,0.0,8.93,745.77,0.04
2024-02-18 07:00:00,31.22,62.45,31.13,,15.74,4.53,9.84,3.22,2.59,0.02,0.02,,,0.01,,22.62,99.74,0.53,127.57,0.0,0.0,9.01,748.83,0.04
2024-02-18 08:00:00,120.07,240.15,24.02,,13.55,3.65,21.47,1.72,2.85,0.02,0.02,,,0.01,,23.51,98.78,0.64,155.5,0.0,0.0,9.14,752.17,0.04
2024-02-18 09:00:00,27.43,54.87,5.45,5.05,7.11,3.32,29.48,0.65,6.6,0.02,0.01,,,0.01,,24.55,94.56,0.51,118.35,0.0,0.0,9.36,755.16,0.04
2024-02-18 10:00:00,36.64,73.29,2.63,5.64,5.12,4.04,27.01,0.58,6.12,0.02,0.02,,,0.01,,26.91,80.95,0.57,139.86,0.0,0.0,10.48,753.57,0.04
2024-02-18 11:00:00,23.59,47.16,2.15,8.56,6.3,8.14,25.34,0.5,19.09,0.02,0.02,,,0.01,,28.77,66.49,0.57,151.44,0.0,0.0,10.77,750.14,0.04
2024-02-18 12:00:00,3.51,7.02,2.06,8.82,6.36,8.32,27.03,0.48,29.88,0.02,0.02,,,0.01,,29.92,52.64,0.61,148.72,0.0,0.0,10.78,746.48,0.04
2024-02-18 13:00:00,0.23,0.47,1.9,6.2,4.83,6.42,25.87,0.44,43.4,0.02,0.01,,,0.01,,30.46,50.27,0.7,155.55,0.0,0.0,10.24,742.23,0.04
2024-02-18 14:00:00,0.02,0.04,2.34,5.92,5.04,13.55,18.23,0.38,46.93,0.02,0.01,,,0.01,,31.28,39.53,0.64,169.38,0.0,0.0,10.01,738.65,0.04
2024-02-18 15:00:00,,,2.1,6.03,4.9,14.08,10.78,0.42,52.36,0.02,0.01,,,0.01,,30.92,43.58,0.7,157.7,0.0,0.0,9.37,736.3,0.04
2024-02-18 16:00:00,11.96,23.87,2.01,6.46,5.05,16.74,6.04,0.46,25.01,0.02,0.02,,,0.01,,30.44,52.4,0.73,155.72,0.0,0.0,19.77,736.3,0.04
2024-02-18 17:00:00,18.0,34.0,2.18,7.69,5.85,17.4,4.17,0.62,29.61,0.02,0.02,,,0.01,,29.71,57.19,0.75,155.04,0.0,0.0,,737.1,0.04
2024-02-18 18:00:00,18.0,34.0,2.18,8.39,6.22,13.35,3.54,0.68,16.09,0.02,0.02,,,0.01,,29.41,64.81,0.73,156.55,0.0,0.0,14.88,740.01,0.04
2024-02-18 19:00:00,25.28,48.57,2.04,8.23,6.02,10.42,4.47,0.68,17.88,0.02,0.01,,,0.01,,28.64,70.31,0.7,157.79,0.0,0.0,6.28,743.35,0.04
2024-02-18 20:00:00,64.79,127.58,2.37,7.87,6.1,10.04,5.26,0.64,17.04,0.02,0.01,,,0.01,,28.13,72.9,0.5,165.64,0.0,0.0,6.18,746.35,0.04
2024-02-18 21:00:00,58.55,115.1,2.7,7.29,6.06,9.6,5.25,0.64,16.92,0.02,0.01,,,0.01,,27.57,77.06,0.5,114.79,0.0,0.0,6.14,747.48,0.04
2024-02-18 22:00:00,72.22,142.44,3.81,9.15,7.95,10.42,5.57,0.7,10.4,0.02,0.01,,,0.01,,26.58,83.46,0.69,31.18,0.0,0.0,6.0,747.09,0.04
2024-02-18 23:00:00,34.18,66.37,3.13,10.41,8.07,11.52,5.36,0.71,7.55,0.02,0.02,,,0.01,,26.0,86.48,0.6,46.67,0.0,0.0,5.88,746.88,0.04
2024-02-19 00:00:00,37.6,73.18,2.77,8.39,6.7,10.42,11.3,0.69,6.17,0.02,0.02,,,0.01,,25.46,89.47,0.59,37.62,0.0,0.0,6.04,745.63,0.04
2024-02-19 01:00:00,181.83,361.66,6.38,5.56,8.14,9.93,10.09,0.62,3.06,0.02,0.01,,,0.01,,25.07,91.22,0.67,71.85,0.0,0.0,5.86,743.96,0.04
2024-02-19 02:00:00,43.82,85.65,13.54,3.56,10.28,9.28,9.07,1.04,2.27,0.02,0.01,,,0.01,,24.62,92.95,0.58,80.42,0.0,0.0,6.04,742.88,0.04
2024-02-19 03:00:00,61.28,120.55,3.5,6.62,6.36,8.95,8.82,0.76,6.58,0.02,0.01,,,0.01,,24.47,94.69,0.41,70.02,0.0,0.0,5.82,742.46,0.04
2024-02-19 04:00:00,86.39,170.78,2.68,7.84,6.33,10.1,10.44,0.9,6.24,0.02,0.01,,,0.01,,26.64,95.29,0.59,35.7,0.0,0.0,5.83,742.38,0.04
2024-02-19 05:00:00,22.76,43.54,3.65,7.43,6.91,8.86,9.84,0.75,4.46,0.02,0.01,,,0.01,,26.8,95.19,0.65,50.66,0.0,0.0,5.87,743.78,0.04
2024-02-19 06:00:00,53.26,104.51,4.2,6.87,7.06,7.85,11.72,0.7,4.27,0.02,0.01,,,0.01,,27.01,94.1,0.66,68.14,0.0,0.0,19.81,746.71,0.04
2024-02-19 07:00:00,54.86,107.72,7.82,6.38,9.75,8.74,14.84,0.84,2.2,0.02,0.01,,,0.01,,27.65,90.54,0.62,53.18,0.0,0.0,61.23,749.92,0.04
2024-02-19 08:00:00,81.58,161.16,6.03,13.38,12.01,6.76,17.5,1.04,10.59,0.02,0.02,,,0.01,,29.45,83.22,0.43,101.19,0.0,0.0,151.04,751.17,0.04
2024-02-19 09:00:00,81.18,160.36,3.91,9.54,8.25,6.56,18.19,0.96,16.88,0.02,0.01,,,0.01,,31.7,72.51,0.61,172.94,0.0,0.0,364.23,752.86,0.04
2024-02-19 10:00:00,44.87,87.74,2.39,9.13,6.79,11.14,18.14,0.58,15.42,0.02,0.02,,,0.01,,32.6,60.47,0.54,204.3,0.0,0.0,475.54,752.85,0.04
2024-02-19 11:00:00,15.36,28.73,2.17,7.7,5.85,7.94,17.31,0.47,17.3,0.02,0.02,,,0.01,,32.31,49.39,0.56,212.85,0.0,0.0,542.92,749.76,0.03
2024-02-19 12:00:00,20.12,38.25,2.47,7.16,5.81,5.02,17.93,0.44,40.74,0.02,0.02,,,0.01,,32.9,46.2,0.57,208.74,0.0,0.0,553.92,745.98,0.03
2024-02-19 13:00:00,20.11,38.22,3.2,7.02,6.33,6.16,16.84,0.39,46.08,0.02,0.02,,,0.01,,33.2,43.54,0.59,222.46,0.0,0.0,388.58,742.05,0.03
2024-02-19 14:00:00,23.13,44.26,2.78,6.38,5.64,6.53,13.98,0.36,45.78,0.02,0.01,,,0.01,,33.24,41.96,0.6,230.07,0.0,0.0,326.82,738.98,0.03
2024-02-19 15:00:00,26.1,50.19,2.41,6.12,5.2,6.99,11.45,0.32,44.32,0.02,0.01,,,0.01,,33.1,39.69,0.53,203.82,0.0,0.0,99.48,737.17,0.03
2024-02-19 16:00:00,32.96,63.92,2.38,7.83,6.08,10.38,10.22,0.41,23.76,0.02,0.02,,,0.01,,32.92,41.94,0.53,209.2,0.0,0.0,37.77,737.5,0.03
2024-02-19 17:00:00,31.48,59.45,4.19,8.98,8.17,5.29,8.26,0.51,30.32,0.02,0.02,,,0.01,,31.77,47.23,0.57,226.18,0.0,0.0,18.99,739.56,0.04
2024-02-19 18:00:00,36.97,67.93,3.71,9.89,8.26,5.91,8.46,0.54,24.97,0.02,0.01,,,0.01,,30.53,58.04,0.46,187.2,0.0,0.0,,742.44,0.04
2024-02-19 19:00:00,41.68,77.37,6.09,9.61,10.05,6.62,7.73,0.78,18.03,0.02,0.01,,,0.01,,29.77,64.18,0.54,239.61,0.0,0.0,,745.56,0.04
2024-02-19 20:00:00,48.94,91.9,2.62,8.74,6.76,6.52,8.13,0.59,17.53,0.02,0.01,,,0.01,,29.04,70.83,0.62,178.45,0.0,0.0,5.53,748.31,0.04
2024-02-19 21:00:00,169.64,333.29,2.68,6.98,5.88,12.33,11.66,0.66,11.75,0.02,0.02,,,0.01,,27.4,77.04,0.49,171.2,0.0,0.0,5.3,749.29,0.04
2024-02-19 22:00:00,106.82,207.64,2.91,9.16,7.23,14.92,12.68,0.7,17.52,0.02,0.02,,,0.01,,26.88,80.46,0.64,117.19,0.0,0.0,5.38,748.86,0.04
2024-02-19 23:00:00,12.0,18.0,4.35,12.45,10.15,14.65,12.03,0.67,4.68,0.02,0.02,,,0.01,,25.51,87.53,0.68,34.6,0.0,0.0,5.31,747.82,0.04
2024-02-20 00:00:00,12.0,18.0,2.62,11.18,8.06,13.24,11.54,0.66,6.63,0.02,0.02,,,0.01,,25.13,89.77,0.65,26.63,0.0,0.0,5.1,746.35,0.04
2024-02-20 01:00:00,12.0,18.0,2.59,9.2,6.99,12.36,10.66,0.76,9.17,0.02,0.02,,,0.01,,24.99,91.04,0.56,59.15,0.0,0.0,5.08,744.05,0.04
2024-02-20 02:00:00,12.0,18.0,2.52,10.44,7.59,11.45,10.42,0.72,6.62,0.02,0.02,,,0.01,,24.73,93.06,0.53,106.92,0.0,0.0,5.11,741.93,0.04
2024-02-20 03:00:00,12.0,18.0,2.54,10.03,7.38,12.28,10.18,0.64,6.44,0.02,0.02,,,0.01,,24.62,94.9,0.57,37.94,0.0,0.0,5.06,740.66,0.04
2024-02-20 04:00:00,21.73,37.47,2.92,8.89,7.08,10.08,9.83,0.61,5.32,0.02,0.02,,,0.01,,24.39,95.25,0.68,21.51,0.0,0.0,5.12,740.08,0.04
2024-02-20 05:00:00,36.0,66.0,6.32,7.02,8.86,9.88,9.85,0.7,3.17,0.02,0.02,,,0.01,,24.19,96.42,0.6,64.75,0.0,0.0,5.06,742.34,0.04
2024-02-20 06:00:00,52.13,98.25,3.82,8.88,7.82,9.09,11.22,0.83,7.12,0.02,0.02,,,0.01,,24.29,97.48,0.53,59.4,0.0,0.0,12.26,745.53,0.04
2024-02-20 07:00:00,68.8,132.73,5.12,8.67,8.77,8.83,13.44,1.15,5.87,0.02,0.02,,,0.01,,24.66,98.05,0.52,121.65,0.0,0.0,51.13,748.6,0.04
2024-02-20 08:00:00,37.96,73.91,6.42,6.59,8.72,5.22,15.4,1.17,5.56,0.12,0.12,,,0.01,,25.32,96.36,0.53,119.78,0.0,0.0,63.74,750.42,0.04
2024-02-20 09:00:00,92.88,183.76,5.76,6.92,8.35,3.29,18.92,0.92,6.63,0.12,0.12,,,0.01,,26.7,89.02,0.39,110.76,0.0,0.0,168.84,751.83,0.04
2024-02-20 10:00:00,92.4,182.81,2.97,11.06,8.28,4.6,16.55,0.65,9.09,0.12,0.12,,,0.01,,29.12,75.68,0.51,164.7,0.0,0.0,396.97,750.72,0.04
2024-02-20 11:00:00,74.77,147.53,2.46,7.86,6.17,5.4,15.92,0.5,16.88,0.12,0.12,,,0.01,,30.42,65.78,0.58,172.61,0.0,0.0,532.57,747.08,0.04
2024-02-20 12:00:00,57.53,101.09,2.32,6.46,5.31,4.87,16.58,0.45,36.8,0.12,0.12,,,0.01,,31.52,56.64,0.63,153.49,0.0,0.0,535.72,742.42,0.04
2024-02-20 13:00:00,49.44,82.39,2.65,6.64,5.68,3.58,15.88,0.42,49.52,0.12,0.11,,,0.01,,32.04,52.07,0.54,193.92,0.0,0.0,391.99,738.3,0.04
2024-02-20 14:00:00,44.18,73.63,2.78,6.38,5.64,4.53,12.7,0.4,38.94,0.12,0.11,,,0.01,,32.65,46.76,0.6,226.56,0.0,0.0,310.95,735.29,0.03
2024-02-20 15:00:00,37.76,62.94,2.52,6.32,5.4,7.41,9.8,0.4,40.05,0.12,0.12,,,0.01,,32.27,46.8,0.59,185.67,0.0,0.0,101.4,733.28,0.04
2024-02-20 16:00:00,31.64,52.74,2.28,6.51,5.3,6.73,6.57,0.4,19.94,0.12,0.12,,,0.01,,31.36,50.66,0.54,191.63,0.0,0.0,32.89,733.34,0.04
2024-02-20 17:00:00,30.0,50.01,3.17,6.88,6.22,3.42,5.84,0.46,23.66,0.12,0.12,,,0.01,,30.27,59.03,0.54,197.08,0.0,0.0,24.41,734.67,0.04
2024-02-20 18:00:00,46.21,77.01,5.06,6.57,7.6,2.44,6.25,0.59,19.82,0.12,0.11,,,0.01,,29.16,66.2,0.52,200.28,0.0,0.0,,737.75,0.04
2024-02-20 19:00:00,38.55,64.26,4.49,7.38,7.57,3.46,5.88,0.78,15.98,0.12,0.11,,,0.01,,28.44,70.0,0.35,131.44,0.0,0.0,,741.15,0.04
2024-02-20 20:00:00,51.6,86.0,2.49,7.78,6.15,3.89,6.49,0.64,14.2,0.12,0.12,,,0.01,,27.93,74.6,0.7,153.9,0.0,0.0,0.52,743.64,0.04
2024-02-20 21:00:00,57.97,96.62,5.24,6.03,7.45,5.54,9.02,0.78,7.64,0.12,0.12,,,0.01,,27.24,81.76,0.61,87.7,0.0,0.0,0.58,744.07,0.04
2024-02-20 22:00:00,39.66,66.1,7.09,7.52,9.75,3.9,9.49,0.82,5.56,0.12,0.12,,,0.01,,26.3,87.74,0.47,109.14,0.0,0.0,0.54,744.39,0.04
2024-02-20 23:00:00,63.74,106.24,2.98,8.63,7.0,3.35,9.96,0.62,9.06,0.12,0.11,,,0.01,,26.17,88.37,0.41,47.9,0.0,0.0,0.38,742.65,0.04
2024-02-21 00:00:00,59.4,98.99,3.58,10.35,8.41,3.96,12.5,0.63,4.34,0.12,0.11,,,0.01,,25.76,90.29,0.61,109.37,0.0,0.0,0.78,740.59,0.04
2024-02-21 01:00:00,71.84,119.72,2.96,9.41,7.4,4.44,11.99,0.56,4.84,0.12,0.11,,,0.01,,25.44,91.92,0.62,30.48,0.0,0.0,0.54,737.54,0.04
2024-02-21 02:00:00,93.09,155.16,3.86,9.06,7.94,4.46,12.75,0.56,3.47,0.12,0.11,,,0.01,,25.07,92.86,0.71,31.38,0.0,0.0,0.68,735.94,0.04
2024-02-21 03:00:00,99.08,165.14,3.17,8.27,6.96,6.3,12.16,0.63,3.63,0.12,0.11,,,0.01,,25.06,93.66,0.61,43.0,0.0,0.0,0.5,734.5,0.04
2024-02-21 04:00:00,51.74,86.23,3.2,6.88,6.25,4.49,10.62,0.54,5.14,0.12,0.11,,,0.01,,25.07,93.93,0.61,54.84,0.0,0.0,0.77,734.26,0.04
2024-02-21 05:00:00,55.54,92.58,3.28,6.48,6.1,4.27,10.29,0.84,5.93,0.12,0.11,,,0.01,,25.29,94.18,0.48,84.45,0.0,0.0,0.75,735.99,0.04
2024-02-21 06:00:00,83.32,138.87,3.98,6.07,6.45,5.22,10.32,1.31,4.76,0.12,0.12,,,0.01,,25.13,96.07,0.6,36.75,0.0,0.0,6.86,739.37,0.04
2024-02-21 07:00:00,102.74,171.24,5.7,4.96,7.26,4.84,11.33,1.04,7.44,0.12,0.12,,,0.01,,25.9,93.32,0.51,71.16,0.0,0.0,53.16,742.55,0.04
2024-02-21 08:00:00,277.4,462.33,8.24,4.09,8.86,5.08,14.31,0.97,10.72,0.12,0.11,,,0.01,,26.91,88.21,0.56,260.71,0.0,0.0,116.52,745.61,0.04
2024-02-21 09:00:00,90.9,151.5,7.11,3.57,7.67,5.7,16.8,0.71,15.3,0.12,0.12,,,0.01,,28.13,80.59,0.71,262.54,0.0,0.0,275.25,747.92,0.03
2024-02-21 10:00:00,15.38,25.63,3.94,4.88,5.78,4.18,18.2,0.58,18.07,0.12,0.11,,,0.01,,29.44,69.17,0.71,250.47,0.0,0.0,450.36,746.87,0.03
2024-02-21 11:00:00,24.62,41.03,2.48,5.92,5.16,4.54,16.69,0.57,12.63,0.12,0.12,,,0.01,,30.92,55.62,0.61,232.09,0.0,0.0,541.13,743.43,0.03
2024-02-21 12:00:00,17.08,28.47,2.81,6.04,5.48,4.18,15.52,0.51,35.88,0.12,0.12,,,0.01,,31.81,46.54,0.59,219.34,0.0,0.0,554.25,739.18,0.03
2024-02-21 13:00:00,27.77,46.3,3.33,5.94,5.86,3.83,15.49,0.49,44.4,0.12,0.11,,,0.01,,32.28,41.91,0.53,196.84,0.0,0.0,395.87,735.09,0.03
2024-02-21 14:00:00,24.91,41.52,2.21,5.44,4.68,5.92,13.64,0.52,22.75,0.12,0.12,,,0.01,,32.51,36.21,0.56,186.61,0.0,0.0,332.09,731.52,0.04
2024-02-21 15:00:00,38.82,64.7,2.5,5.65,5.02,5.86,10.04,0.48,42.42,0.12,0.12,,,0.01,,32.53,36.96,0.56,181.76,0.0,0.0,134.91,729.06,0.04
2024-02-21 16:00:00,8.44,14.07,2.46,6.27,5.32,3.64,9.66,0.46,47.32,0.12,0.12,,,0.01,,31.94,33.95,0.73,158.3,0.0,0.0,64.3,729.04,0.04
2024-02-21 17:00:00,15.97,26.61,2.54,9.14,6.92,3.3,12.92,0.58,39.52,0.12,0.11,,,0.01,,30.98,41.25,0.72,150.01,0.0,0.0,30.49,730.17,0.04
2024-02-21 18:00:00,54.1,90.17,4.2,17.14,12.52,3.6,15.02,1.03,15.93,0.12,0.11,,,0.01,,29.86,46.63,0.68,128.0,0.0,0.0,1.12,732.03,0.04
2024-02-21 19:00:00,93.46,155.78,4.94,17.8,13.47,3.7,14.76,1.18,10.32,0.12,0.12,,,0.01,,29.13,51.62,0.74,153.98,0.0,0.0,0.79,734.67,0.04
2024-02-21 20:00:00,93.24,155.4,3.25,12.8,9.44,5.12,21.32,0.94,16.64,0.12,0.12,,,0.01,,28.44,63.33,0.74,157.38,0.0,0.0,0.7,737.28,0.04
2024-02-21 21:00:00,72.02,120.02,3.04,8.07,6.75,4.4,22.68,0.82,12.68,0.12,0.12,,,0.01,,27.55,79.22,0.56,94.28,0.0,0.0,0.8,738.99,0.04
2024-02-21 22:00:00,124.54,207.56,4.74,9.14,8.71,3.08,20.4,0.75,11.0,0.12,0.11,,,0.01,,26.79,84.94,0.46,56.48,0.0,0.0,0.61,739.07,0.04
2024-02-21 23:00:00,84.52,140.86,2.82,9.07,7.1,3.09,17.77,0.72,10.73,0.12,0.11,,,0.01,,26.32,88.94,0.61,50.78,0.0,0.0,0.62,737.9,0.04
2024-02-22 00:00:00,108.14,180.24,2.38,8.56,6.48,3.6,11.64,0.55,10.31,0.12,0.11,,,0.01,,26.17,90.79,0.58,49.24,0.0,0.0,0.58,736.76,0.04
2024-02-22 01:00:00,101.02,168.36,2.38,9.73,7.1,3.56,10.35,0.52,8.54,0.12,0.11,,,0.01,,25.97,92.66,0.56,108.82,0.0,0.0,0.66,735.13,0.04
2024-02-22 02:00:00,100.03,166.71,2.52,8.46,6.54,4.9,8.98,0.52,9.6,0.12,0.11,,,0.01,,26.42,91.15,0.49,66.03,0.0,0.0,0.48,733.41,0.04
2024-02-22 03:00:00,176.14,293.57,2.41,7.65,6.02,3.87,6.45,0.47,9.34,0.12,0.11,,,0.01,,26.18,92.91,0.55,39.18,0.0,0.0,0.96,733.34,0.04
2024-02-22 04:00:00,549.26,204.85,2.83,6.19,5.58,3.22,5.15,0.49,9.54,0.12,0.11,,,0.01,,26.0,94.0,0.59,91.08,0.0,0.0,0.78,734.13,0.04
2024-02-22 05:00:00,,,4.09,9.4,8.32,3.4,4.28,1.02,4.56,0.12,0.11,,,0.01,,25.93,94.5,0.58,51.09,0.0,0.0,0.9,736.46,0.04
2024-02-22 06:00:00,517.49,862.49,3.75,8.45,7.53,4.2,4.38,1.47,5.16,0.12,0.12,,,0.01,,25.81,95.92,0.59,56.49,0.0,0.0,10.22,739.51,0.04
2024-02-22 07:00:00,80.89,136.64,5.52,5.41,7.36,4.29,6.35,1.27,3.34,0.12,0.12,,,0.01,,26.37,93.93,0.48,70.37,0.0,0.0,60.11,742.39,0.04
2024-02-22 08:00:00,16.0,29.0,6.46,5.18,8.0,5.15,9.28,0.84,8.02,0.12,0.12,,,0.01,,27.79,87.45,0.44,139.18,0.0,0.0,119.12,745.16,0.04
2024-02-22 09:00:00,16.0,29.0,4.3,7.53,7.49,3.84,11.26,0.78,8.78,0.12,0.12,,,0.01,,29.01,79.82,0.51,227.16,0.0,0.0,194.8,747.82,0.04
2024-02-22 10:00:00,16.0,29.0,3.1,6.13,5.77,3.22,12.16,0.57,16.13,0.12,0.12,,,0.01,,30.51,68.48,0.55,225.31,0.0,0.0,435.06,746.02,0.03
2024-02-22 11:00:00,16.0,29.0,3.49,7.28,6.7,2.18,12.56,0.46,30.78,0.12,0.11,,,0.01,,31.84,57.4,0.54,200.1,0.0,0.0,554.5,741.98,0.04
2024-02-22 12:00:00,16.0,29.0,3.78,6.38,6.46,1.58,12.01,0.42,35.86,0.12,0.11,,,0.01,,32.6,50.16,0.58,185.77,0.0,0.0,574.23,737.13,0.03
2024-02-22 13:00:00,16.0,29.0,2.9,6.41,5.75,2.24,9.24,0.47,36.65,0.12,0.11,,,0.01,,33.03,47.5,0.54,198.78,0.0,0.0,433.57,733.12,0.03
2024-02-22 14:00:00,16.0,29.0,2.81,5.89,5.4,3.19,6.35,0.44,43.72,0.12,0.11,,,0.01,,33.21,42.88,0.56,182.5,0.0,0.0,323.4,729.3,0.04
2024-02-22 15:00:00,16.0,29.0,2.37,5.6,4.89,1.75,2.43,0.41,48.72,0.12,0.11,,,0.01,,32.8,45.05,0.72,154.11,0.0,0.0,121.73,728.02,0.04
2024-02-22 16:00:00,16.0,29.0,2.44,5.93,5.13,1.45,0.51,0.44,38.79,0.12,0.11,,,0.01,,32.18,47.68,0.72,157.66,0.0,0.0,61.6,728.72,0.04
2024-02-22 17:00:00,16.0,29.0,2.33,6.38,5.27,1.41,,0.54,31.36,0.12,0.12,,,0.01,,31.34,54.14,0.72,158.41,0.0,0.0,29.9,730.69,0.04
2024-02-22 18:00:00,16.0,29.0,2.42,6.21,5.26,1.37,,0.54,23.21,0.12,0.11,,,0.01,,29.85,72.89,0.76,159.79,0.0,0.0,1.84,733.74,0.03
2024-02-22 19:00:00,16.12,29.21,2.2,6.72,5.35,2.26,1.95,0.63,17.93,0.12,0.11,,,0.01,,29.0,78.21,0.75,158.83,0.0,0.0,0.89,736.78,0.04
2024-02-22 20:00:00,17.03,30.72,2.94,6.8,6.0,2.07,2.65,0.71,11.68,0.12,0.11,,,0.01,,28.46,82.41,0.58,137.27,0.0,0.0,0.87,740.1,0.04
2024-02-22 21:00:00,18.05,32.42,2.61,5.78,5.18,1.75,2.24,0.62,8.25,0.12,0.12,,,0.01,,28.27,83.9,0.65,149.11,0.0,0.0,0.94,742.02,0.04
2024-02-22 22:00:00,740.0,,2.73,6.99,5.92,1.33,2.38,0.58,11.06,0.12,0.11,,,0.01,,28.18,84.66,0.68,151.38,0.0,0.0,0.95,742.07,0.04
2024-02-22 23:00:00,16.0,29.0,2.7,7.01,5.92,1.37,3.1,0.59,9.73,0.12,0.11,,,0.01,,27.96,86.25,0.63,87.07,0.0,0.0,0.93,740.75,0.04
2024-02-23 00:00:00,16.0,29.0,4.77,8.55,8.42,1.06,12.01,0.58,3.9,0.12,0.11,,,0.01,,27.54,88.46,0.58,75.77,0.0,0.0,0.84,739.72,0.04
2024-02-23 01:00:00,,,4.2,8.68,8.02,2.92,12.24,0.6,4.99,0.12,0.11,,,0.01,,27.22,90.76,0.62,48.52,0.0,0.0,0.74,738.17,0.04
2024-02-23 02:00:00,16.0,29.0,4.7,12.36,10.38,1.86,10.4,0.48,6.18,0.12,0.11,,,0.01,,27.37,90.18,0.49,60.1,0.0,0.0,0.82,737.23,0.04
2024-02-23 03:00:00,16.0,29.0,4.64,13.64,11.02,1.37,7.76,0.51,4.34,0.12,0.11,,,0.01,,27.04,92.29,0.64,28.44,0.0,0.0,0.96,736.91,0.04
2024-02-23 04:00:00,16.0,29.0,4.64,10.89,9.56,1.23,6.58,0.57,5.24,0.12,0.11,,,0.01,,27.01,92.94,0.6,50.14,0.0,0.0,0.87,737.0,0.04
2024-02-23 05:00:00,16.0,29.0,4.86,12.57,10.62,0.63,5.61,0.52,4.7,0.12,0.11,,,0.01,,27.06,92.52,0.58,86.76,0.0,0.0,0.84,738.28,0.04
2024-02-23 06:00:00,16.0,29.0,5.32,13.61,11.55,0.32,5.61,0.68,3.55,0.12,0.11,,,0.01,,26.89,93.59,0.57,78.6,0.0,0.0,7.03,741.1,0.04
2024-02-23 07:00:00,16.0,29.0,6.6,14.59,13.12,0.42,8.4,0.8,4.24,0.12,0.12,,,0.01,,27.54,89.81,0.6,99.91,0.0,0.0,46.8,743.89,0.04
2024-02-23 08:00:00,16.0,29.0,4.85,11.16,9.87,1.05,9.82,0.6,11.5,0.12,0.11,,,0.01,,28.58,82.95,0.65,155.19,0.0,0.0,146.62,745.21,0.04
2024-02-23 09:00:00,16.5,29.5,3.35,12.36,9.28,3.62,12.26,0.55,7.31,0.12,0.12,,,0.01,,29.54,75.68,0.62,162.91,0.0,0.0,158.23,746.88,0.04
2024-02-23 10:00:00,44.87,75.78,3.73,17.16,12.16,6.28,13.18,0.48,12.98,0.12,0.12,,,0.01,,30.26,69.94,0.64,164.75,0.0,0.0,212.4,745.43,0.04
2024-02-23 11:00:00,80.19,134.11,3.52,12.89,9.7,8.11,12.4,0.46,17.06,0.12,0.12,,,0.01,,31.03,66.05,0.46,167.33,0.0,0.0,230.4,742.26,0.04
2024-02-23 12:00:00,59.86,99.76,3.24,14.82,10.51,9.78,12.48,0.5,16.36,0.12,0.12,,,0.01,,31.66,61.84,0.41,160.02,0.0,0.0,249.06,737.94,0.04
2024-02-23 13:00:00,35.0,57.0,3.2,15.2,10.67,8.18,13.27,0.45,24.84,0.12,0.12,,,0.01,,31.94,58.99,0.7,152.17,0.0,0.0,250.64,733.36,0.04
2024-02-23 14:00:00,58.51,96.19,3.1,11.46,8.61,6.0,12.38,0.42,22.73,0.12,0.11,,,0.01,,31.71,59.26,0.7,152.99,0.0,0.0,99.04,730.48,0.04
2024-02-23 15:00:00,75.37,123.14,3.08,11.9,8.82,6.32,10.84,0.42,31.51,0.12,0.12,,,0.01,,31.92,57.0,0.73,157.57,0.0,0.0,110.84,729.18,0.04
2024-02-23 16:00:00,65.86,109.76,3.5,13.05,9.78,6.89,9.84,0.48,17.04,0.12,0.11,,,0.01,,31.16,67.13,0.59,135.58,0.0,0.0,38.86,729.97,0.04
2024-02-23 17:00:00,46.4,74.74,3.38,12.52,9.39,9.67,9.6,0.46,14.51,0.12,0.12,,,0.01,,30.49,69.96,0.69,160.83,0.0,0.0,13.09,731.82,0.03
2024-02-23 18:00:00,37.0,58.0,4.88,21.45,15.36,27.79,10.6,0.58,14.26,0.12,0.11,,,0.01,,29.58,74.92,0.73,159.62,0.0,0.0,1.45,734.42,0.04
2024-02-23 19:00:00,62.37,100.28,4.57,13.35,10.8,18.07,10.98,0.71,9.69,0.12,0.12,,,0.01,,28.88,79.84,0.65,142.29,0.0,0.0,0.94,737.18,0.04
2024-02-23 20:00:00,39.45,62.17,5.71,14.92,12.56,12.42,10.84,1.2,7.89,0.12,0.11,,,0.01,,28.39,83.89,0.62,124.45,0.0,0.0,0.94,739.84,0.04
2024-02-23 21:00:00,68.17,110.28,5.07,19.96,14.73,15.08,11.98,1.48,3.78,0.29,0.18,,,0.01,,28.07,86.56,0.56,60.39,0.0,0.0,0.99,740.78,0.04
2024-02-23 22:00:00,34.34,53.91,5.25,19.16,14.45,19.27,13.74,1.24,3.84,0.32,0.19,,,0.01,,27.78,88.08,0.55,77.66,0.0,0.0,0.87,741.0,0.04
2024-02-23 23:00:00,69.64,112.74,4.11,18.73,13.3,10.87,13.53,1.2,4.82,0.32,0.19,,,0.01,,27.51,89.56,0.59,61.51,0.0,0.0,0.86,739.84,0.04
2024-02-24 00:00:00,56.15,90.26,2.45,30.3,18.09,8.64,13.01,0.34,4.81,0.32,0.19,,,0.01,,27.41,90.32,0.69,38.74,0.0,0.0,0.86,738.66,0.04
2024-02-24 01:00:00,54.84,88.08,2.82,21.18,13.55,8.64,10.84,0.38,3.72,0.32,0.19,,,0.01,,27.39,90.59,0.71,37.14,0.0,0.0,0.94,736.79,0.04
2024-02-24 02:00:00,56.65,91.08,2.96,18.57,12.27,9.59,9.65,0.44,4.49,0.32,0.19,,,0.01,,27.35,90.71,0.68,53.31,0.0,0.0,0.93,735.22,0.04
2024-02-24 03:00:00,59.64,96.07,2.64,20.12,12.83,7.87,8.92,0.44,4.73,0.32,0.19,,,0.01,,27.36,90.84,0.5,77.61,0.0,0.0,0.96,734.29,0.04
2024-02-24 04:00:00,64.26,103.77,3.15,19.12,12.72,2.98,7.94,,2.13,0.32,0.19,,,0.01,,27.22,91.94,0.59,47.94,0.0,0.0,1.05,734.64,0.04
2024-02-24 05:00:00,65.32,105.52,3.06,16.85,11.43,2.49,7.35,1.1,,0.32,0.19,,,0.01,,27.24,91.53,0.58,65.12,0.0,0.0,0.96,736.72,0.04
2024-02-24 06:00:00,117.55,192.58,4.48,12.53,10.3,4.92,8.57,,10.96,0.32,0.2,,,0.01,,27.4,90.89,0.63,80.41,0.0,0.0,5.18,739.6,0.04
2024-02-24 07:00:00,40.88,64.8,4.96,9.97,9.32,4.62,8.38,,15.34,0.32,0.19,,,0.01,,27.76,88.88,0.63,130.21,0.0,0.0,41.54,742.12,0.04
2024-02-24 08:00:00,108.76,177.94,3.74,11.1,8.93,4.56,12.57,,24.94,0.32,0.19,,,0.01,,28.5,84.01,0.74,158.74,0.0,0.0,90.78,744.39,0.04
2024-02-24 09:00:00,26.76,50.67,2.47,9.83,7.23,5.92,19.29,10.0,16.94,0.42,0.28,,,0.01,,29.15,78.92,0.7,164.96,0.0,0.0,107.4,746.68,0.04
2024-02-24 10:00:00,21.0,42.0,2.38,8.03,6.37,8.02,18.37,10.0,22.7,0.43,0.3,,,0.01,,30.7,66.61,0.64,171.64,0.0,0.0,308.19,746.74,0.04
2024-02-24 11:00:00,26.14,48.44,2.59,7.34,6.0,11.73,16.68,7.87,26.02,0.43,0.29,,,0.01,,31.53,58.57,0.64,172.71,0.0,0.0,448.08,744.78,0.04
2024-02-24 12:00:00,53.69,87.83,3.82,6.28,6.43,32.46,17.16,7.0,30.24,0.43,0.29,,,0.01,,32.16,53.87,0.56,191.78,0.0,0.0,405.32,742.1,0.03
2024-02-24 13:00:00,61.28,94.12,4.0,6.0,6.43,32.32,16.03,7.0,36.28,0.43,0.29,,,0.01,,32.23,51.6,0.59,176.04,0.0,0.0,367.28,738.36,0.04
2024-02-24 14:00:00,61.04,98.08,3.54,6.92,6.55,24.48,15.05,7.0,34.52,0.43,0.29,,,0.01,,32.34,53.06,0.6,181.36,0.0,0.0,267.67,734.94,0.03
2024-02-24 15:00:00,42.3,70.5,3.26,6.48,6.08,21.18,12.22,7.0,33.69,0.43,0.29,,,0.01,,31.84,56.95,0.68,169.88,0.0,0.0,155.76,733.22,0.03
2024-02-24 16:00:00,44.88,74.8,3.04,6.34,5.83,19.44,11.07,7.0,30.59,0.43,0.29,,,0.01,,30.86,63.29,0.76,161.19,0.0,0.0,58.5,734.21,0.03
2024-02-24 17:00:00,44.07,73.45,3.0,6.68,5.98,19.82,9.75,7.0,29.1,0.43,0.29,,,0.01,,30.15,66.6,0.75,161.66,0.0,0.0,21.72,734.86,0.04
2024-02-24 18:00:00,38.7,64.51,3.24,7.48,6.6,23.42,10.43,7.0,25.17,0.43,0.29,,,0.01,,29.44,69.1,0.74,161.96,0.0,0.0,1.84,736.48,0.04
2024-02-24 19:00:00,40.6,67.68,3.55,8.71,7.51,17.43,9.72,7.0,22.54,0.43,0.29,,,0.01,,28.75,74.2,0.66,151.07,0.0,0.0,0.89,740.1,0.04
2024-02-24 20:00:00,46.01,76.68,4.11,8.92,8.08,18.27,10.8,7.0,19.28,0.43,0.29,,,0.01,,28.14,80.06,0.62,147.82,0.0,0.0,0.86,743.6,0.04
2024-02-24 21:00:00,49.78,82.98,5.52,7.66,8.55,23.41,13.77,7.0,17.99,0.43,0.29,,,0.01,,27.76,82.94,0.54,108.25,0.0,0.0,0.81,744.2,0.04
2024-02-24 22:00:00,57.89,96.48,5.17,6.86,7.84,27.37,15.02,7.0,17.54,0.43,0.29,,,0.01,,27.37,85.74,0.46,74.82,0.0,0.0,0.67,744.04,0.04
2024-02-24 23:00:00,55.92,93.19,6.1,7.01,8.68,20.89,16.07,7.0,16.96,0.43,0.29,,,0.01,,26.9,88.4,0.61,42.53,0.0,0.0,0.82,743.86,0.04
2024-02-25 00:00:00,45.0,75.0,2.5,9.81,7.24,22.74,12.33,7.0,16.18,0.43,0.29,,,0.01,,26.72,88.26,0.63,47.46,0.0,0.0,0.66,741.58,0.04
2024-02-25 01:00:00,39.57,65.95,4.22,10.19,8.84,9.67,10.56,7.0,15.6,0.43,0.29,,,0.01,,26.71,87.69,0.65,61.86,0.0,0.0,0.86,738.56,0.04
2024-02-25 02:00:00,170.26,283.77,4.97,10.41,9.56,6.67,9.42,7.0,16.1,0.43,0.29,,,0.01,,26.26,90.06,0.67,45.11,0.0,0.0,0.8,736.91,0.04
2024-02-25 03:00:00,299.62,499.37,1.04,11.43,6.91,6.94,9.24,7.0,16.58,0.43,0.29,,,0.01,,26.32,90.4,0.6,57.52,0.0,0.0,0.84,735.5,0.04
2024-02-25 04:00:00,189.5,315.83,1.09,11.68,7.09,6.64,7.97,7.0,16.44,0.43,0.29,,,0.01,,26.1,92.32,0.54,34.3,0.0,0.0,0.84,736.38,0.04
2024-02-25 05:00:00,189.5,315.83,1.19,10.94,6.77,6.71,7.78,7.0,17.67,0.43,0.29,,,0.01,,26.18,92.3,0.6,69.11,0.0,0.0,0.7,738.17,0.04
2024-02-25 06:00:00,,,4.06,9.54,8.36,11.32,7.12,7.0,15.88,0.43,0.29,,,0.01,,26.28,91.6,0.6,80.18,0.0,0.0,4.88,740.86,0.04
2024-02-25 07:00:00,33.99,53.28,10.8,3.99,9.36,11.78,8.22,7.0,15.9,0.43,0.29,,,0.01,,26.62,90.76,0.56,120.07,0.0,0.0,38.44,743.96,0.04
2024-02-25 08:00:00,37.0,58.0,10.36,3.46,9.52,11.79,10.18,7.0,19.25,0.43,0.29,,,0.01,,27.94,83.41,0.72,163.5,0.0,0.0,118.08,745.75,0.04
2024-02-25 09:00:00,33.5,55.25,3.21,6.49,6.05,11.7,13.43,7.0,25.93,0.43,0.29,,,0.01,,29.34,73.5,0.66,154.14,0.0,0.0,217.01,747.49,0.04
2024-02-25 10:00:00,23.33,47.54,2.24,6.12,5.07,14.84,15.38,7.0,20.16,0.43,0.29,,,0.01,,30.16,63.45,0.7,164.44,0.0,0.0,339.14,747.89,0.04
2024-02-25 11:00:00,35.38,59.45,2.85,5.2,5.07,30.15,15.5,7.0,25.75,0.43,0.29,,,0.01,,31.25,56.56,0.66,158.52,0.0,0.0,489.6,745.85,0.04
2024-02-25 12:00:00,34.79,56.64,2.87,4.53,4.73,25.74,14.14,7.0,32.44,0.43,0.29,,,0.01,,31.27,55.12,0.71,163.42,0.0,0.0,427.2,742.29,0.04
2024-02-25 13:00:00,37.15,60.58,1.94,6.14,4.84,11.58,14.48,7.0,35.16,0.43,0.29,,,0.01,,31.77,50.44,0.72,165.18,0.0,0.0,359.88,738.44,0.04
2024-02-25 14:00:00,44.25,72.41,1.8,6.98,5.16,8.8,12.0,7.0,34.8,0.43,0.29,,,0.01,,31.42,53.9,0.7,162.45,0.0,0.0,158.84,735.62,0.04
2024-02-25 15:00:00,49.33,80.88,1.59,6.85,4.92,7.41,9.95,7.0,26.56,0.43,0.29,,,0.01,,31.23,54.14,0.74,165.41,0.0,0.0,126.77,734.06,0.03
2024-02-25 16:00:00,48.55,79.58,1.46,6.99,4.9,6.68,9.12,7.0,26.22,0.43,0.29,,,0.01,,30.83,55.58,0.74,163.13,0.0,0.0,63.21,734.56,0.03
2024-02-25 17:00:00,69.16,113.95,1.82,7.46,5.43,10.55,10.34,7.0,27.93,0.43,0.29,,,0.01,,29.98,62.73,0.74,163.8,0.0,0.0,21.86,736.73,0.04
2024-02-25 18:00:00,26.14,43.56,2.2,7.17,5.6,11.73,9.24,7.0,23.38,0.43,0.29,,,0.01,,29.15,67.32,0.76,165.62,0.0,0.0,2.0,739.05,0.04
2024-02-25 19:00:00,30.74,51.23,3.2,7.99,6.84,15.64,8.53,7.0,22.82,0.43,0.29,,,0.01,,28.56,70.79,0.62,145.04,0.0,0.0,0.87,741.2,0.04
2024-02-25 20:00:00,40.86,68.1,3.76,7.33,6.94,13.74,10.04,7.0,18.92,0.43,0.29,,,0.01,,27.62,78.24,0.66,43.52,0.0,0.0,0.9,744.11,0.04
2024-02-25 21:00:00,33.73,57.16,2.98,7.06,6.16,10.3,11.68,7.0,16.58,0.43,0.3,,,0.01,,27.28,81.12,0.44,63.32,0.0,0.0,0.64,745.82,0.04
2024-02-25 22:00:00,45.75,80.26,3.53,9.11,7.7,7.16,11.84,7.0,17.62,0.43,0.29,,,0.01,,26.84,85.03,0.61,46.8,0.0,0.0,0.73,746.71,0.04
2024-02-25 23:00:00,244.26,411.1,2.82,8.03,6.56,16.25,11.81,7.0,17.0,0.43,0.29,,,0.01,,26.8,86.34,0.52,69.3,0.0,0.0,0.57,746.54,0.04
2024-02-26 00:00:00,27.7,50.17,2.86,9.25,7.24,7.44,12.38,7.0,16.9,0.43,0.29,,,0.01,,26.32,89.51,0.62,26.7,0.0,0.0,0.82,745.24,0.04
2024-02-26 01:00:00,12.0,24.0,2.82,9.52,7.34,7.4,10.74,7.0,16.6,0.43,0.29,,,0.01,,26.22,90.16,0.65,47.27,0.0,0.0,0.71,743.49,0.04
2024-02-26 02:00:00,12.0,24.0,2.65,8.6,6.72,7.3,9.88,7.0,16.51,0.43,0.29,,,0.01,,25.98,91.62,0.66,36.6,0.0,0.0,0.77,742.09,0.04
2024-02-26 03:00:00,12.0,24.0,2.65,9.52,7.21,6.53,8.79,7.0,17.07,0.43,0.29,,,0.01,,26.02,91.77,0.56,82.66,0.0,0.0,0.7,741.06,0.04
2024-02-26 04:00:00,26.52,48.2,3.49,7.84,7.0,6.49,8.71,7.0,17.19,0.43,0.29,,,0.01,,25.76,92.96,0.53,109.22,0.0,0.0,0.74,740.4,0.04
2024-02-26 05:00:00,16.73,31.89,3.58,6.63,6.42,9.7,8.62,7.0,15.48,0.43,0.29,,,0.01,,25.67,93.59,0.6,95.66,0.0,0.0,0.49,742.01,0.04
2024-02-26 06:00:00,16.86,32.1,3.41,7.29,6.64,4.7,8.39,7.0,16.99,0.43,0.29,,,0.01,,25.66,93.48,0.54,102.18,0.0,0.0,5.67,745.16,0.04
2024-02-26 07:00:00,25.33,46.22,4.14,6.19,6.65,4.85,10.01,2.89,17.1,0.43,0.29,,,0.01,,26.38,89.99,0.57,68.16,0.0,0.0,47.37,748.5,0.04
2024-02-26 08:00:00,12.0,24.0,2.55,5.26,4.86,5.18,12.36,1.0,20.29,0.43,0.3,,,0.01,,27.83,81.2,0.51,118.56,0.0,0.0,122.86,751.12,0.04
2024-02-26 09:00:00,25.54,39.93,2.68,5.51,5.1,4.83,13.87,1.0,20.37,0.43,0.29,,,0.01,,28.84,74.74,0.51,122.67,0.0,0.0,214.27,753.24,0.03
2024-02-26 10:00:00,48.2,70.47,1.82,6.87,5.12,6.54,13.8,0.84,19.74,0.43,0.29,,,0.01,,29.9,66.87,0.62,154.24,0.0,0.0,351.27,752.66,0.03
2024-02-26 11:00:00,35.0,54.0,1.9,5.05,4.22,7.69,12.52,0.5,20.64,0.43,0.29,,,0.01,,30.76,59.43,0.68,158.69,0.0,0.0,548.44,750.12,0.03
2024-02-26 12:00:00,35.0,54.0,1.74,5.59,4.38,4.38,13.76,0.5,20.83,0.43,0.29,,,0.01,,31.09,54.96,0.71,160.21,0.0,0.0,393.72,747.8,0.03
2024-02-26 13:00:00,44.46,63.46,1.99,7.27,5.48,3.17,13.93,0.5,24.48,0.43,0.29,,,0.01,,31.38,52.15,0.68,165.74,0.0,0.0,423.39,744.78,0.03
2024-02-26 14:00:00,49.0,68.0,2.06,6.77,5.26,2.67,13.17,0.5,27.74,0.43,0.29,,,0.01,,31.62,50.1,0.74,167.68,0.0,0.0,283.24,740.8,0.03
2024-02-26 15:00:00,50.46,72.4,1.77,6.94,5.12,2.78,11.65,0.5,22.3,0.43,0.29,,,0.01,,31.41,52.06,0.7,161.26,0.0,0.0,146.9,739.91,0.03
2024-02-26 16:00:00,59.86,88.78,1.68,7.54,5.36,3.61,11.28,0.5,20.9,0.43,0.29,,,0.01,,30.92,54.97,0.7,161.89,0.0,0.0,77.36,739.97,0.04
2024-02-26 17:00:00,67.39,101.31,2.04,6.42,5.07,3.54,10.19,0.5,24.54,0.43,0.29,,,0.01,,30.04,58.72,0.74,165.7,0.0,0.0,35.29,740.9,0.04
2024-02-26 18:00:00,62.26,92.78,2.05,7.75,5.78,2.47,11.01,0.5,24.92,0.43,0.29,,,0.01,,29.25,62.9,0.74,164.79,0.0,0.0,2.04,742.12,0.04
2024-02-26 19:00:00,58.88,87.14,2.18,9.64,6.89,2.83,10.66,0.5,22.3,0.43,0.29,,,0.01,,28.56,66.59,0.73,163.48,0.0,0.0,0.87,744.88,0.04
2024-02-26 20:00:00,60.83,90.38,2.52,8.86,6.75,3.47,11.11,0.5,22.62,0.43,0.29,,,0.01,,28.04,70.99,0.64,142.66,0.0,0.0,0.83,747.62,0.04
2024-02-26 21:00:00,63.03,94.05,3.55,8.91,7.61,3.97,12.89,0.5,18.24,0.43,0.29,,,0.01,,26.84,79.06,0.7,23.85,0.0,0.0,0.94,749.28,0.04
2024-02-26 22:00:00,59.56,88.26,3.3,9.27,7.6,6.7,14.06,0.5,17.37,0.43,0.29,,,0.01,,26.39,82.5,0.68,30.26,0.0,0.0,0.52,750.09,0.04
2024-02-26 23:00:00,131.52,208.2,3.0,8.88,7.15,6.98,12.41,0.5,17.93,0.43,0.29,,,0.01,,26.06,85.06,0.69,45.4,0.0,0.0,0.58,749.25,0.04
2024-02-27 00:00:00,150.34,239.57,2.44,8.0,6.22,8.6,12.86,0.5,19.18,0.43,0.29,,,0.01,,25.78,88.16,0.71,26.88,0.0,0.0,0.62,748.98,0.04
2024-02-27 01:00:00,314.8,513.67,2.76,6.88,5.9,9.5,11.68,0.5,19.51,0.43,0.29,,,0.01,,25.86,88.54,0.67,97.86,0.0,0.0,0.59,747.92,0.04
2024-02-27 02:00:00,346.16,565.94,2.37,5.95,5.08,7.67,11.36,0.5,19.79,0.43,0.29,,,0.01,,25.58,90.92,0.54,102.05,0.0,0.0,0.57,747.23,0.04
2024-02-27 03:00:00,51.0,74.0,2.08,5.98,4.86,6.84,11.98,0.5,20.96,0.43,0.29,,,0.01,,25.35,92.09,0.51,82.81,0.0,0.0,0.48,746.99,0.04
2024-02-27 04:00:00,51.0,74.0,2.72,5.33,5.03,12.34,11.69,0.5,19.38,0.43,0.29,,,0.01,,25.51,90.57,0.59,69.72,0.0,0.0,0.46,747.01,0.04
2024-02-27 05:00:00,51.0,74.0,2.36,5.36,4.76,6.26,10.09,0.5,21.42,0.43,0.29,,,0.01,,25.4,91.3,0.64,47.57,0.0,0.0,0.8,747.75,0.04
2024-02-27 06:00:00,51.0,74.0,2.64,6.93,5.82,6.0,9.74,0.5,20.94,0.43,0.29,,,0.01,,25.25,92.37,0.58,47.36,0.0,0.0,6.25,750.16,0.04
2024-02-27 07:00:00,51.0,74.0,3.79,4.42,5.42,6.51,9.13,0.5,20.1,0.43,0.29,,,0.01,,26.15,88.1,0.56,73.47,0.0,0.0,49.5,753.03,0.04
2024-02-27 08:00:00,51.0,74.0,3.2,4.9,5.2,5.46,9.72,0.5,25.11,0.43,0.29,,,0.01,,27.68,80.24,0.44,81.36,0.0,0.0,134.76,755.0,0.04
2024-02-27 09:00:00,51.0,74.0,2.52,5.77,5.11,5.73,11.52,0.5,29.58,0.43,0.29,,,0.01,,29.46,68.18,0.44,123.74,0.0,0.0,369.96,755.66,0.04
2024-02-27 10:00:00,51.0,74.0,2.54,5.06,4.75,7.98,11.82,0.5,33.12,0.43,0.29,,,0.01,,30.19,62.87,0.39,120.77,0.0,0.0,420.21,754.84,0.04
2024-02-27 11:00:00,63.48,94.8,2.78,7.74,6.37,4.68,10.62,0.5,38.78,0.43,0.29,,,0.01,,31.44,54.72,0.44,86.28,0.0,0.0,612.14,751.59,0.04
2024-02-27 12:00:00,82.64,126.74,2.14,5.65,4.74,5.24,9.82,0.5,41.96,0.43,0.29,,,0.01,,31.76,50.5,0.55,150.76,0.0,0.0,637.21,748.14,0.04
2024-02-27 13:00:00,88.03,135.72,2.02,5.54,4.58,5.11,9.39,0.5,43.83,0.43,0.29,,,0.01,,32.19,47.21,0.51,146.28,0.0,0.0,446.23,744.19,0.04
2024-02-27 14:00:00,79.52,121.53,1.98,5.41,4.47,4.73,8.75,0.5,44.69,0.43,0.29,,,0.01,,32.27,47.36,0.5,145.13,0.0,0.0,228.44,740.35,0.04
2024-02-27 15:00:00,55.6,86.64,1.78,6.7,5.0,5.83,8.34,0.5,36.48,0.43,0.29,,,0.01,,32.26,47.0,0.68,161.2,0.0,0.0,109.62,737.42,0.04
2024-02-27 16:00:00,25.4,42.37,2.06,5.14,4.4,5.44,6.41,0.5,34.68,0.43,0.3,,,0.01,,32.04,47.42,0.66,160.6,0.0,0.0,63.02,736.99,0.04
2024-02-27 17:00:00,20.53,34.22,2.0,6.73,5.19,3.1,6.48,0.5,40.29,0.43,0.29,,,0.01,,31.41,51.33,0.61,153.49,0.0,0.0,41.14,737.02,0.04
2024-02-27 18:00:00,31.58,52.64,2.06,9.34,6.63,2.24,7.29,0.5,34.75,,,,,,,29.96,62.99,0.74,166.62,0.0,0.0,2.42,738.69,0.04
2024-02-27 19:00:00,30.32,50.53,2.22,9.05,6.6,2.83,7.69,0.5,30.96,,,,,,,28.91,71.95,0.75,166.1,0.0,0.0,0.88,741.03,0.04
2024-02-27 20:00:00,42.01,70.01,2.22,10.09,7.16,2.45,8.9,0.5,26.87,0.43,0.29,,,0.01,,28.13,76.04,0.58,113.79,0.0,0.0,0.86,744.76,0.04
2024-02-27 21:00:00,49.93,83.21,2.55,10.02,7.39,3.97,10.91,0.5,19.87,0.43,0.3,,,0.01,,26.88,83.74,0.71,20.5,0.0,0.0,0.55,746.74,0.04
2024-02-27 22:00:00,30.35,50.58,2.6,8.07,6.4,5.2,10.73,0.5,22.88,0.43,0.3,,,0.01,,26.78,84.42,0.68,54.72,0.0,0.0,0.31,748.0,0.04
2024-02-27 23:00:00,23.54,39.22,3.5,6.36,6.22,6.06,10.52,0.5,24.46,0.43,0.3,,,0.01,,26.68,85.69,0.67,51.65,0.0,0.0,0.64,747.98,0.04
2024-02-28 00:00:00,23.45,39.08,2.28,8.49,6.36,6.71,10.89,0.5,21.63,0.43,0.3,,,0.01,,26.01,89.72,0.69,37.99,0.0,0.0,0.52,746.66,0.04
2024-02-28 01:00:00,24.02,40.03,2.12,7.04,5.45,7.03,10.39,0.5,22.88,0.43,0.3,,,0.01,,25.9,90.98,0.6,84.54,0.0,0.0,0.42,744.49,0.04
2024-02-28 02:00:00,27.47,45.78,1.87,5.95,4.67,6.67,10.37,0.5,25.25,0.43,0.3,,,0.01,,25.68,93.0,0.57,125.73,0.0,0.0,0.49,743.57,0.03
2024-02-28 03:00:00,14.93,24.88,2.21,5.86,4.9,10.65,10.64,0.5,21.2,0.43,0.3,,,0.01,,25.6,93.46,0.64,53.79,0.0,0.0,0.3,742.18,0.04
2024-02-28 04:00:00,126.02,210.03,10.37,7.51,8.78,7.07,10.2,0.5,17.23,0.43,0.3,,,0.01,,25.31,93.91,0.6,77.82,0.0,0.0,0.78,742.48,0.04
2024-02-28 05:00:00,196.08,326.79,8.68,6.95,9.65,7.74,11.12,0.5,16.3,0.43,0.3,,,0.01,,24.94,96.53,0.63,47.04,0.0,0.0,0.48,743.72,0.04
2024-02-28 06:00:00,75.26,125.43,3.46,7.33,6.69,7.93,13.86,0.5,19.01,0.43,0.3,,,0.01,,24.98,97.38,0.6,70.62,0.0,0.0,6.24,745.65,0.04
2024-02-28 07:00:00,12.92,21.54,4.24,4.85,6.02,6.86,20.73,0.5,18.99,0.43,0.3,,,0.01,,25.74,94.63,0.55,45.63,0.0,0.0,53.37,748.36,0.04
2024-02-28 08:00:00,31.99,53.32,3.22,5.88,5.74,5.25,30.4,0.5,25.98,0.43,0.3,,,0.01,,27.36,85.48,0.46,86.38,0.0,0.0,134.42,749.88,0.04
2024-02-28 09:00:00,49.58,85.22,2.08,5.12,4.4,7.28,29.5,0.5,22.24,0.43,0.3,,,0.01,,29.11,72.52,0.4,122.02,0.0,0.0,338.55,751.6,0.04
2024-02-28 10:00:00,39.08,73.14,1.98,5.41,4.47,5.23,25.58,0.5,33.32,0.43,0.3,,,0.01,,30.24,63.69,0.44,135.44,0.0,0.0,498.19,750.66,0.04
2024-02-28 11:00:00,36.66,69.31,1.81,5.9,4.6,5.27,25.87,0.56,36.99,0.43,0.3,,,0.01,,31.55,56.18,0.32,123.22,0.0,0.0,600.98,747.93,0.04
2024-02-28 12:00:00,352.31,596.19,1.57,6.37,4.65,4.11,24.3,0.8,42.5,0.43,0.3,,,0.01,,32.26,50.08,0.44,140.42,0.0,0.0,617.47,743.97,0.04
2024-02-28 13:00:00,42.06,78.34,1.75,7.52,5.41,4.11,22.48,0.8,44.88,0.43,0.3,,,0.01,,32.65,45.94,0.64,160.4,0.0,0.0,448.88,739.66,0.04
2024-02-28 14:00:00,51.81,86.36,2.18,9.54,6.84,7.78,20.35,0.8,52.06,0.43,0.3,,,0.01,,32.83,40.03,0.67,166.27,0.0,0.0,196.64,736.16,0.04
2024-02-28 15:00:00,46.52,77.53,2.72,6.82,5.83,14.12,16.89,0.8,50.05,0.43,0.3,,,0.01,,33.19,36.52,0.52,140.63,0.0,0.0,107.16,733.87,0.04
2024-02-28 16:00:00,30.7,51.17,2.1,6.89,5.36,7.3,13.37,0.8,51.57,0.43,0.3,,,0.01,,32.64,41.74,0.6,158.06,0.0,0.0,60.98,733.0,0.04
2024-02-28 17:00:00,24.92,41.53,2.12,7.79,5.86,7.49,12.01,0.8,47.13,0.43,0.3,,,0.01,,31.86,50.97,0.66,161.4,0.0,0.0,40.03,733.34,0.04
2024-02-28 18:00:00,29.74,49.55,2.6,10.28,7.57,12.22,12.18,0.8,39.34,0.43,0.3,,,0.01,,30.72,56.57,0.75,164.73,0.0,0.0,2.14,735.62,0.04
2024-02-28 19:00:00,32.44,54.05,2.43,8.64,6.56,11.99,13.54,0.8,36.73,0.43,0.3,,,0.01,,29.58,65.48,0.75,165.94,0.0,0.0,1.05,738.55,0.04
2024-02-28 20:00:00,34.05,56.75,2.77,9.06,7.06,13.92,16.77,0.8,29.72,0.43,0.3,,,0.01,,28.73,73.02,0.6,148.83,0.0,0.0,0.66,741.76,0.04
2024-02-28 21:00:00,47.82,81.62,3.17,10.2,7.99,11.16,16.54,0.8,25.76,0.43,0.3,,,0.01,,27.67,80.59,0.66,30.0,0.0,0.0,0.82,743.62,0.04
2024-02-28 22:00:00,62.51,106.19,2.86,9.02,7.12,11.07,15.76,0.8,26.66,0.43,0.3,,,0.01,,27.16,84.34,0.66,26.45,0.0,0.0,0.7,744.0,0.04
2024-02-28 23:00:00,74.95,126.91,3.17,8.44,7.06,16.55,15.76,0.8,25.57,0.43,0.3,,,0.01,,26.64,88.07,0.7,9.41,0.0,0.0,0.81,744.01,0.04
2024-02-29 00:00:00,53.77,91.63,2.9,7.66,6.42,20.95,12.79,0.8,26.53,0.43,0.3,,,0.01,,26.56,89.3,0.64,36.26,0.0,0.0,0.55,742.52,0.04
2024-02-29 01:00:00,62.12,105.54,2.45,7.88,6.18,19.86,12.21,0.8,27.8,0.43,0.3,,,0.01,,26.47,90.35,0.65,39.61,0.0,0.0,0.65,741.05,0.04
2024-02-29 02:00:00,45.19,77.31,2.36,8.54,6.44,19.01,13.48,0.8,24.73,0.43,0.3,,,0.01,,26.22,92.68,0.66,25.07,0.0,0.0,0.55,739.28,0.04
2024-02-29 03:00:00,38.07,65.44,2.12,8.21,6.07,12.37,11.96,0.8,24.63,0.43,0.3,,,0.01,,26.09,93.31,0.6,38.81,0.0,0.0,0.64,738.73,0.04
2024-02-29 04:00:00,52.12,88.86,2.08,7.17,5.5,10.94,11.22,0.8,25.01,0.43,0.3,,,0.01,,25.94,93.76,0.59,35.28,0.0,0.0,0.75,738.14,0.04
2024-02-29 05:00:00,43.45,74.42,2.15,6.84,5.38,7.64,11.75,0.8,24.75,0.43,0.3,,,0.01,,25.9,93.6,0.62,60.45,0.0,0.0,0.69,739.63,0.04
2024-02-29 06:00:00,76.74,129.9,4.76,4.7,6.36,8.35,12.1,0.8,23.6,0.43,0.3,,,0.01,,25.7,94.49,0.55,49.34,0.0,0.0,5.97,741.57,0.04
2024-02-29 07:00:00,36.31,62.52,4.66,5.44,6.67,8.54,13.33,0.8,25.49,0.43,0.3,,,0.01,,26.58,90.55,0.54,66.6,0.0,0.0,46.54,745.1,0.04
2024-02-29 08:00:00,427.12,713.86,6.08,4.2,7.16,9.98,15.0,0.8,30.48,0.43,0.3,,,0.01,,27.96,83.81,0.5,173.06,0.0,0.0,126.02,748.43,0.04
2024-02-29 09:00:00,73.3,125.86,5.96,6.41,8.24,7.09,16.61,0.8,37.22,0.43,0.3,,,0.01,,29.32,76.81,0.4,299.62,0.0,0.0,277.01,750.81,0.04
2024-02-29 10:00:00,18.0,32.0,2.89,9.34,7.31,7.41,16.49,0.8,51.17,0.43,0.3,,,0.01,,30.9,67.66,0.45,199.84,0.0,0.0,436.57,750.34,0.04
2024-02-29 11:00:00,20.81,39.4,1.75,8.29,5.82,7.25,16.28,0.85,63.41,0.37,0.46,,,0.05,,32.18,56.12,0.44,161.47,0.0,0.0,532.81,747.74,0.04
2024-02-29 12:00:00,23.47,46.39,1.54,7.25,5.09,6.76,15.07,0.9,60.05,0.31,0.62,,,0.09,,33.0,45.8,0.4,125.55,0.0,0.0,562.3,744.39,0.04
2024-02-29 13:00:00,26.05,50.26,1.37,6.72,4.67,7.81,14.1,0.93,54.1,0.31,0.62,,,0.09,,33.64,39.6,0.66,163.03,0.0,0.0,409.36,740.65,0.04
2024-02-29 14:00:00,27.47,52.39,1.46,6.51,4.64,8.98,12.26,0.95,49.18,0.31,0.62,,,0.09,,33.28,41.86,0.66,159.65,0.0,0.0,174.08,736.94,0.04
2024-02-29 15:00:00,27.47,52.39,1.35,6.34,4.46,5.26,9.33,0.95,49.49,0.31,0.62,,,0.09,,33.11,42.78,0.7,163.62,0.0,0.0,119.0,734.54,0.04
2024-02-29 16:00:00,28.39,54.23,1.36,6.78,4.71,5.84,8.34,0.95,52.3,0.31,0.62,,,0.09,,32.91,44.0,0.74,164.56,0.0,0.0,67.79,734.45,0.04
2024-02-29 17:00:00,28.83,55.1,1.43,7.73,5.26,5.97,7.41,0.95,48.53,0.31,0.62,,,0.09,,32.39,47.47,0.74,164.25,0.0,0.0,32.93,736.05,0.04
2024-02-29 18:00:00,43.83,82.7,1.41,8.35,5.58,5.68,6.94,0.95,38.64,0.31,0.62,,,0.09,,31.3,53.26,0.68,167.56,0.0,0.0,2.22,738.84,0.04
2024-02-29 19:00:00,40.84,74.12,2.29,9.86,7.1,7.76,8.33,0.95,33.04,0.31,0.62,,,0.09,,30.14,58.86,0.72,164.4,0.0,0.0,0.96,742.66,0.04
2024-02-29 20:00:00,43.03,78.51,1.88,11.17,7.46,7.51,9.43,0.95,28.84,0.31,0.62,,,0.09,,29.46,65.61,0.69,156.15,0.0,0.0,0.84,745.41,0.04
2024-02-29 21:00:00,41.61,75.67,2.28,10.53,7.44,6.22,10.28,0.95,27.54,0.31,0.62,,,0.09,,28.91,71.52,0.64,151.14,0.0,0.0,0.77,747.64,0.04
2024-02-29 22:00:00,41.5,75.43,1.53,8.43,5.72,6.23,11.45,0.95,29.96,0.31,0.62,,,0.09,,28.44,78.74,0.7,158.24,0.0,0.0,0.82,748.65,0.04
2024-02-29 23:00:00,40.93,74.3,1.66,8.41,5.82,6.07,13.22,0.95,29.38,0.31,0.62,,,0.09,,28.07,82.64,0.57,144.51,0.0,0.0,0.74,747.98,0.04
2024-03-01 00:00:00,39.65,71.74,3.76,8.68,7.66,6.13,13.46,0.95,25.14,0.31,0.62,,,0.09,,27.33,86.48,0.62,29.8,0.0,0.0,0.94,747.3,0.04
2024-03-01 01:00:00,48.2,88.85,2.68,9.68,7.32,7.89,13.47,0.95,25.15,0.31,0.62,,,0.09,,26.96,89.41,0.62,47.64,0.0,0.0,0.45,745.49,0.04
2024-03-01 02:00:00,47.28,87.0,3.78,8.44,7.55,6.13,12.51,0.95,23.34,0.31,0.62,,,0.09,,26.56,92.01,0.65,15.22,0.0,0.0,0.84,743.71,0.04
2024-03-01 03:00:00,51.94,96.32,5.35,5.64,7.34,5.39,10.68,0.95,22.74,0.31,0.62,,,0.09,,26.39,92.49,0.6,57.36,0.0,0.0,0.6,742.58,0.04
2024-03-01 04:00:00,51.85,96.15,3.34,5.95,5.87,5.28,9.57,0.95,23.38,0.31,0.62,,,0.09,,26.01,92.72,0.56,70.5,0.0,0.0,0.78,743.1,0.04
2024-03-01 05:00:00,37.54,67.54,6.62,4.38,7.7,5.45,9.88,0.95,22.92,0.31,0.62,,,0.09,,25.94,94.15,0.67,58.6,0.0,0.0,0.6,745.19,0.04
2024-03-01 06:00:00,43.76,79.96,5.48,5.07,7.14,4.82,11.46,0.95,23.41,0.31,0.62,,,0.09,,25.93,94.88,0.61,41.54,0.0,0.0,4.96,748.16,0.04
2024-03-01 07:00:00,43.68,79.82,5.6,3.91,6.62,3.58,18.8,0.95,24.48,0.31,0.62,,,0.09,,26.69,91.58,0.62,43.95,0.0,0.0,43.84,751.22,0.04
2024-03-01 08:00:00,37.47,67.39,3.28,6.69,6.22,3.52,23.85,0.95,27.06,0.31,0.62,,,0.09,,28.02,86.65,0.4,76.62,0.0,0.0,120.15,753.49,0.04
2024-03-01 09:00:00,38.72,69.89,2.79,7.5,6.25,2.3,26.22,0.95,28.07,0.31,0.62,,,0.09,,29.76,74.82,0.52,143.62,0.0,0.0,285.4,754.79,0.04
2024-03-01 10:00:00,39.03,70.52,2.3,6.0,5.05,2.76,27.18,0.95,33.22,0.31,0.62,,,0.09,,30.88,64.09,0.62,168.87,0.0,0.0,488.13,754.12,0.04
2024-03-01 11:00:00,38.45,69.34,2.24,6.24,5.13,2.5,29.98,0.95,41.05,0.31,0.62,,,0.09,,31.73,58.86,0.49,157.59,0.0,0.0,538.06,751.36,0.04
2024-03-01 12:00:00,38.25,68.94,2.15,7.56,5.76,2.74,33.18,0.95,44.16,0.31,0.62,,,0.09,,32.52,55.47,0.32,89.45,0.0,0.0,523.67,747.6,0.04
2024-03-01 13:00:00,37.64,67.74,2.11,7.69,5.79,2.52,33.34,0.95,40.31,0.31,0.62,,,0.09,,33.08,48.13,0.54,168.98,0.0,0.0,393.2,742.83,0.04
2024-03-01 14:00:00,38.3,69.04,2.41,6.1,5.19,5.84,27.66,0.95,47.01,0.31,0.62,,,0.09,,33.06,48.84,0.52,163.02,0.0,0.0,184.54,738.74,0.04
2024-03-01 15:00:00,39.49,71.42,2.48,5.7,5.04,4.75,22.96,0.95,46.11,0.31,0.62,,,0.09,,32.95,49.37,0.64,175.93,0.0,0.0,113.3,736.85,0.04
2024-03-01 16:00:00,40.89,74.22,2.27,5.7,4.86,5.39,18.52,0.95,44.2,0.31,0.62,,,0.09,,32.66,46.95,0.69,168.77,0.0,0.0,70.78,736.74,0.04
2024-03-01 17:00:00,40.18,72.5,2.31,5.92,5.0,7.18,15.68,0.95,36.24,0.31,0.62,,,0.09,,31.97,51.72,0.6,183.19,0.0,0.0,32.64,737.37,0.04
2024-03-01 18:00:00,40.16,72.76,3.09,6.72,6.08,16.96,15.21,0.95,36.7,0.31,0.62,,,0.09,,31.02,58.64,0.56,190.11,0.0,0.0,2.02,738.9,0.04
2024-03-01 19:00:00,39.98,72.4,3.7,6.02,6.2,27.06,16.32,0.95,30.75,0.31,0.62,,,0.09,,30.17,65.06,0.54,178.46,0.0,0.0,0.78,741.32,0.04
2024-03-01 20:00:00,38.82,70.1,2.84,6.94,5.99,12.2,16.93,0.95,30.18,0.31,0.62,,,0.09,,29.43,68.67,0.69,164.57,0.0,0.0,0.82,745.31,0.04
2024-03-01 21:00:00,40.37,73.18,2.63,7.06,5.88,9.34,16.94,0.95,30.39,0.31,0.62,,,0.09,,28.92,71.23,0.68,165.43,0.0,0.0,0.73,747.8,0.04
2024-03-01 22:00:00,41.64,75.72,2.45,7.02,5.71,7.93,16.54,0.95,30.46,0.31,0.62,,,0.09,,28.43,76.31,0.68,164.86,0.0,0.0,0.75,748.0,0.04
2024-03-01 23:00:00,41.06,74.58,2.86,8.13,6.64,5.49,16.91,0.95,27.49,0.31,0.62,,,0.09,,27.87,79.87,0.7,135.19,0.0,0.0,0.89,747.72,0.04
2024-03-02 00:00:00,47.32,87.08,5.13,8.18,8.52,7.22,12.32,0.95,23.4,0.31,0.62,,,0.09,,26.91,84.25,0.64,56.13,0.0,0.0,0.64,746.32,0.04
2024-03-02 01:00:00,45.56,83.56,3.28,8.68,7.27,9.41,11.87,0.95,23.01,0.31,0.62,,,0.09,,26.78,86.5,0.56,78.34,0.0,0.0,0.48,743.62,0.04
2024-03-02 02:00:00,37.47,67.39,2.78,7.72,6.36,6.46,10.75,0.95,24.35,0.31,0.62,,,0.09,,26.6,88.53,0.63,63.11,0.0,0.0,0.5,741.45,0.04
2024-03-02 03:00:00,37.47,67.4,2.62,7.61,6.17,4.67,11.0,0.95,24.62,0.31,0.62,,,0.09,,26.16,91.08,0.63,56.68,0.0,0.0,0.81,741.0,0.04
2024-03-02 04:00:00,37.79,68.04,2.47,7.52,5.99,5.01,10.48,0.95,24.9,0.31,0.62,,,0.09,,25.78,94.04,0.59,120.57,0.0,0.0,0.6,741.54,0.04
2024-03-02 05:00:00,40.14,72.73,2.48,6.56,5.49,5.11,10.72,0.95,25.75,0.31,0.62,,,0.09,,25.8,94.34,0.66,49.34,0.0,0.0,0.56,742.26,0.04
2024-03-02 06:00:00,63.92,120.28,3.31,6.44,6.11,5.14,11.82,0.95,24.19,0.31,0.62,,,0.09,,25.6,94.36,0.68,34.31,0.0,0.0,6.32,744.65,0.04
2024-03-02 07:00:00,61.32,115.09,7.14,3.04,7.41,5.11,12.33,0.95,23.84,0.31,0.62,,,0.09,,26.24,91.62,0.73,33.29,0.0,0.0,50.12,747.47,0.04
2024-03-02 08:00:00,37.47,67.39,3.57,6.3,6.24,3.67,13.12,0.95,31.24,0.31,0.62,,,0.09,,28.04,83.73,0.55,111.43,0.0,0.0,136.1,748.8,0.04
2024-03-02 09:00:00,36.39,68.47,3.2,7.79,6.72,3.59,14.15,0.95,33.52,0.31,0.62,,,0.09,,29.84,73.09,0.49,154.36,0.0,0.0,329.72,750.7,0.04
2024-03-02 10:00:00,35.47,69.39,2.19,6.89,5.43,3.98,14.38,0.95,35.43,0.31,0.62,,,0.09,,31.5,63.13,0.52,160.99,0.0,0.0,502.39,749.95,0.04
2024-03-02 11:00:00,35.47,69.39,1.98,6.07,4.82,4.01,15.08,0.95,24.38,0.31,0.62,,,0.09,,32.84,55.87,0.51,157.57,0.0,0.0,575.27,747.42,0.04
2024-03-02 12:00:00,35.47,69.39,2.02,6.02,4.83,6.58,16.54,0.95,17.31,0.31,0.62,,,0.09,,33.48,45.67,0.56,191.73,0.0,0.0,590.64,744.14,0.03
2024-03-02 13:00:00,35.47,69.39,2.26,6.12,5.08,6.43,15.24,0.95,29.0,0.31,0.62,,,0.09,,33.89,42.14,0.58,198.43,0.0,0.0,417.35,740.73,0.04
2024-03-02 14:00:00,35.47,69.39,2.34,6.25,5.22,5.62,15.68,0.95,30.94,0.31,0.62,,,0.09,,34.06,44.28,0.53,217.88,0.0,0.0,185.51,736.39,0.03
2024-03-02 15:00:00,35.47,69.39,2.12,6.0,4.9,6.46,13.59,0.95,26.76,0.31,0.62,,,0.09,,34.12,44.05,0.5,203.36,0.0,0.0,113.25,733.83,0.03
2024-03-02 16:00:00,35.47,69.39,3.03,7.29,6.33,8.36,11.4,0.95,29.81,0.31,0.62,,,0.09,,33.52,45.46,0.55,236.46,0.0,0.0,74.66,733.0,0.03
2024-03-02 17:00:00,35.47,69.39,3.41,7.88,6.96,12.13,11.77,0.95,26.34,0.31,0.62,,,0.09,,32.65,44.01,0.54,216.01,0.0,0.0,34.58,733.68,0.03
2024-03-02 18:00:00,35.47,69.39,2.72,9.13,7.06,11.5,11.2,0.95,21.89,0.31,0.62,,,0.09,,31.44,50.06,0.57,182.7,0.0,0.0,1.87,736.32,0.04
2024-03-02 19:00:00,36.72,71.89,2.45,10.1,7.36,6.93,9.63,0.95,17.49,0.31,0.62,,,0.09,,30.44,62.53,0.7,162.82,0.0,0.0,0.83,739.6,0.04
2024-03-02 20:00:00,40.15,78.75,2.49,8.93,6.77,7.71,10.22,0.95,11.84,0.31,0.62,,,0.09,,29.44,69.1,0.7,163.46,0.0,0.0,0.8,743.68,0.04
2024-03-02 21:00:00,41.48,81.4,4.33,9.16,8.38,6.41,10.62,0.95,11.6,0.31,0.62,,,0.09,,28.43,76.09,0.64,67.14,0.0,0.0,0.77,745.13,0.04
2024-03-02 22:00:00,40.27,78.98,5.27,8.2,8.64,6.16,10.95,0.95,9.76,0.31,0.62,,,0.09,,27.53,81.74,0.68,29.53,0.0,0.0,0.46,745.88,0.04
2024-03-02 23:00:00,40.06,78.56,3.62,9.68,8.08,7.3,11.82,0.95,8.99,0.31,0.62,,,0.09,,27.05,85.08,0.69,37.65,0.0,0.0,0.42,744.84,0.04
2024-03-03 00:00:00,38.92,76.28,2.42,9.84,7.19,8.44,11.81,0.95,7.59,0.31,0.62,,,0.09,,26.58,88.3,0.69,24.34,0.0,0.0,0.53,743.15,0.04
2024-03-03 01:00:00,37.97,74.4,2.11,8.97,6.48,5.91,10.98,0.95,9.76,0.31,0.62,,,0.09,,26.39,90.18,0.69,18.33,0.0,0.0,0.46,741.5,0.04
2024-03-03 02:00:00,40.32,79.09,2.32,8.17,6.22,6.36,10.95,0.95,13.64,0.31,0.62,,,0.09,,26.96,87.26,0.42,85.41,0.0,0.0,0.33,739.68,0.04
2024-03-03 03:00:00,40.31,79.06,2.53,8.71,6.68,6.9,10.97,0.95,12.36,0.31,0.62,,,0.09,,26.65,88.98,0.51,37.44,0.0,0.0,0.74,738.1,0.04
2024-03-03 04:00:00,38.44,75.34,2.33,7.66,5.96,6.92,11.0,0.95,12.33,0.31,0.62,,,0.09,,26.56,89.66,0.6,68.94,0.0,0.0,0.45,737.98,0.04
2024-03-03 05:00:00,40.84,80.14,2.43,8.11,6.28,8.01,12.06,0.95,11.98,0.31,0.62,,,0.09,,26.53,90.63,0.6,71.62,0.0,0.0,0.52,739.4,0.04
2024-03-03 06:00:00,41.02,80.5,3.25,7.96,6.86,7.22,11.45,0.95,9.28,0.31,0.62,,,0.09,,26.24,92.16,0.65,57.68,0.0,0.0,5.03,742.26,0.04
2024-03-03 07:00:00,38.06,74.57,6.35,6.52,7.7,4.26,11.66,0.95,10.87,0.31,0.62,,,0.09,,27.06,89.11,0.51,104.09,0.0,0.0,50.26,744.07,0.04
2024-03-03 08:00:00,36.88,72.23,3.0,6.86,6.07,5.48,12.3,0.95,16.56,0.31,0.62,,,0.09,,28.45,83.8,0.56,153.0,0.0,0.0,137.26,746.28,0.04
2024-03-03 09:00:00,38.4,75.26,2.13,6.55,5.2,5.85,13.48,0.95,12.97,0.31,0.62,,,0.09,,30.11,74.88,0.41,223.58,0.0,0.0,239.49,749.54,0.04
2024-03-03 10:00:00,39.16,76.77,2.07,6.93,5.36,5.96,13.47,0.95,13.64,0.31,0.62,,,0.09,,31.0,65.52,0.68,261.29,0.0,0.0,380.06,748.88,0.03
2024-03-03 11:00:00,51.1,100.65,2.23,6.97,5.51,8.57,14.43,0.95,20.72,0.31,0.62,,,0.09,,32.44,60.18,0.66,270.84,0.0,0.0,428.94,746.1,0.03
2024-03-03 12:00:00,49.6,97.64,2.59,7.12,5.89,5.1,13.9,0.95,32.91,0.31,0.62,,,0.09,,33.95,52.9,0.43,278.85,0.0,0.0,514.15,741.64,0.03
2024-03-03 13:00:00,35.47,69.39,2.22,6.78,5.4,4.36,13.44,0.95,33.58,0.31,0.62,,,0.09,,34.73,47.77,0.48,240.04,0.0,0.0,381.74,737.59,0.03
2024-03-03 14:00:00,35.47,69.39,2.46,6.46,5.42,5.05,11.57,0.95,34.98,0.31,0.62,,,0.09,,34.82,47.77,0.53,224.42,0.0,0.0,177.82,733.87,0.03
2024-03-03 15:00:00,35.47,69.39,1.9,6.19,4.82,5.23,10.07,0.95,34.19,0.31,0.62,,,0.09,,34.62,47.68,0.55,202.89,0.0,0.0,116.78,732.02,0.04
2024-03-03 16:00:00,35.47,69.39,1.8,6.44,4.88,6.16,9.13,0.95,28.56,0.31,0.62,,,0.09,,34.36,46.27,0.57,190.97,0.0,0.0,69.16,732.8,0.04
2024-03-03 17:00:00,35.47,69.39,1.96,7.75,5.7,8.64,9.2,0.95,28.35,0.31,0.62,,,0.09,,33.6,49.13,0.54,182.16,0.0,0.0,34.04,733.0,0.04
2024-03-03 18:00:00,35.56,69.56,2.48,8.3,6.42,5.62,8.84,0.95,24.98,0.31,0.62,,,0.09,,32.48,55.01,0.62,178.14,0.0,0.0,2.01,734.06,0.04
2024-03-03 19:00:00,38.87,76.19,2.09,8.83,6.38,5.15,9.15,0.95,20.64,0.31,0.62,,,0.09,,31.52,62.39,0.56,177.49,0.0,0.0,0.81,736.66,0.04
2024-03-03 20:00:00,41.76,81.97,1.93,8.05,5.84,5.42,10.77,0.95,19.4,0.31,0.62,,,0.09,,30.68,71.0,0.66,168.08,0.0,0.0,0.83,739.2,0.04
2024-03-03 21:00:00,39.0,76.45,2.01,8.11,5.94,5.54,11.24,0.95,17.34,0.31,0.62,,,0.09,,29.92,77.46,0.69,165.38,0.0,0.0,0.84,740.77,0.04
2024-03-03 22:00:00,38.03,74.5,1.9,8.04,5.81,6.03,11.17,0.95,16.81,0.31,0.62,,,0.09,,29.46,80.65,0.68,162.52,0.0,0.0,0.45,741.24,0.04
2024-03-03 23:00:00,37.9,74.25,1.97,7.42,5.54,7.83,11.41,0.95,17.95,0.31,0.62,,,0.09,,29.4,81.35,0.51,165.77,0.0,0.0,0.37,740.86,0.04
2024-03-04 00:00:00,36.55,71.55,2.38,6.34,5.3,5.75,13.59,0.95,20.96,0.31,0.62,,,0.09,,29.18,82.94,0.46,178.47,0.0,0.0,0.46,739.88,0.04
2024-03-04 01:00:00,56.02,110.48,2.36,6.38,5.3,5.12,11.91,0.95,20.6,0.31,0.62,,,0.09,,28.86,85.11,0.66,162.45,0.0,0.0,0.56,737.77,0.04
2024-03-04 02:00:00,55.16,108.77,2.24,5.46,4.71,4.21,10.49,0.95,19.97,0.31,0.62,,,0.09,,28.66,86.24,0.68,160.93,0.0,0.0,0.51,737.0,0.04
2024-03-04 03:00:00,35.47,69.39,2.34,5.74,4.94,4.66,9.48,0.95,18.26,0.31,0.62,,,0.09,,28.41,87.72,0.71,155.8,0.0,0.0,0.68,736.68,0.04
2024-03-04 04:00:00,35.47,69.39,2.8,6.72,5.84,5.56,9.73,0.95,12.31,0.31,0.62,,,0.09,,27.7,91.44,0.67,57.68,0.0,0.0,0.6,737.0,0.04
2024-03-04 05:00:00,35.47,69.39,2.71,6.66,5.73,5.42,9.79,0.95,9.63,0.31,0.62,,,0.09,,27.16,93.91,0.56,54.19,0.0,0.0,0.53,738.44,0.04
2024-03-04 06:00:00,35.47,69.39,2.58,5.94,5.26,4.94,9.58,0.95,8.05,0.31,0.62,,,0.09,,27.0,95.18,0.61,41.08,0.0,0.0,8.54,740.4,0.04
2024-03-04 07:00:00,35.47,69.39,3.91,5.84,6.27,4.71,9.73,0.95,10.6,0.31,0.62,,,0.09,,28.03,91.16,0.53,62.11,0.0,0.0,55.97,742.98,0.04
2024-03-04 08:00:00,35.47,69.39,5.25,6.78,7.86,3.9,11.18,0.95,16.58,0.31,0.62,,,0.09,,29.76,82.1,0.4,117.73,0.0,0.0,141.2,744.78,0.04
2024-03-04 09:00:00,35.47,69.39,2.55,6.48,5.51,4.9,13.01,0.95,15.9,0.31,0.62,,,0.09,,31.86,67.14,0.52,203.49,0.0,0.0,361.3,746.92,0.04
2024-03-04 10:00:00,35.47,69.39,2.2,6.2,5.07,7.15,15.78,0.95,15.29,0.31,0.62,,,0.09,,33.14,54.42,0.55,194.94,0.0,0.0,497.0,746.49,0.04
2024-03-04 11:00:00,35.54,69.54,2.27,6.12,5.09,5.78,15.72,0.95,19.68,0.31,0.62,,,0.09,,33.56,52.77,0.46,184.89,0.0,0.0,562.41,745.1,0.04
2024-03-04 12:00:00,36.25,70.95,2.68,6.3,5.51,4.13,16.83,0.95,23.41,0.31,0.62,,,0.09,,34.35,49.42,0.59,229.82,0.0,0.0,552.36,742.74,0.04
2024-03-04 13:00:00,37.7,73.85,2.77,6.1,5.48,4.14,17.82,0.95,33.79,0.31,0.62,,,0.09,,34.8,43.04,0.4,213.19,0.0,0.0,398.58,739.06,0.03
2024-03-04 14:00:00,37.8,74.05,2.49,6.06,5.24,4.26,16.38,0.95,35.52,0.31,0.62,,,0.09,,34.89,42.83,0.54,205.86,0.0,0.0,162.19,736.04,0.03
2024-03-04 15:00:00,37.38,73.21,2.3,6.4,5.27,4.35,13.49,0.95,36.54,0.31,0.62,,,0.09,,34.7,45.75,0.51,192.0,0.0,0.0,114.98,733.75,0.04
2024-03-04 16:00:00,38.0,74.45,2.24,7.16,5.62,6.69,12.33,0.95,32.85,0.31,0.62,,,0.09,,34.22,48.04,0.64,171.66,0.0,0.0,68.18,733.27,0.04
2024-03-04 17:00:00,37.67,73.79,2.8,7.72,6.37,4.8,10.32,0.95,29.16,0.31,0.62,,,0.09,,33.37,52.19,0.57,191.1,0.0,0.0,32.51,734.26,0.04
2024-03-04 18:00:00,36.83,72.11,2.26,7.46,5.79,4.39,9.65,0.95,18.38,0.36,0.67,,,0.14,,32.34,58.02,0.59,184.78,0.0,0.0,2.12,736.3,0.04
2024-03-04 19:00:00,38.06,74.57,2.29,7.91,6.06,4.01,9.64,0.95,20.87,0.51,0.81,,,0.29,,31.31,65.77,0.66,167.05,0.0,0.0,0.92,739.45,0.04
2024-03-04 20:00:00,39.12,76.69,2.31,7.74,5.98,3.81,10.01,0.95,21.7,0.51,0.81,,,0.29,,30.49,71.46,0.67,164.16,0.0,0.0,0.82,743.09,0.04
2024-03-04 21:00:00,39.51,77.46,2.23,7.77,5.94,4.25,10.73,0.95,20.49,0.51,0.81,,,0.29,,30.07,74.3,0.67,167.32,0.0,0.0,0.69,744.67,0.04
2024-03-04 22:00:00,38.71,75.86,2.22,7.69,5.88,5.7,11.92,0.95,19.37,0.51,0.81,,,0.29,,29.76,76.5,0.69,162.26,0.0,0.0,0.5,745.37,0.04
2024-03-04 23:00:00,37.71,73.87,2.69,7.28,6.04,4.58,11.75,0.95,21.83,0.51,0.81,,,0.29,,29.56,77.85,0.69,160.6,0.0,0.0,0.62,745.04,0.04
2024-03-05 00:00:00,39.38,77.2,2.12,7.14,5.5,4.22,12.71,0.95,21.95,0.51,0.81,,,0.29,,29.31,79.07,0.68,157.66,0.0,0.0,0.62,743.31,0.04
2024-03-05 01:00:00,39.26,76.97,2.3,7.88,6.04,4.6,12.04,0.95,17.17,0.51,0.81,,,0.29,,28.81,82.05,0.52,75.05,0.0,0.0,0.7,740.86,0.04
2024-03-05 02:00:00,41.15,80.76,2.3,8.88,6.59,5.11,11.48,0.95,12.14,0.51,0.81,,,0.29,,27.83,87.72,0.67,17.54,0.0,0.0,0.78,739.22,0.04
2024-03-05 03:00:00,51.49,101.43,2.25,7.47,5.79,5.1,11.1,0.95,12.2,0.51,0.81,,,0.29,,27.6,89.84,0.64,28.35,0.0,0.0,0.49,738.06,0.04
2024-03-05 04:00:00,43.44,85.34,2.42,8.07,6.25,6.72,10.1,0.95,8.62,0.51,0.81,,,0.29,,27.33,91.77,0.68,32.46,0.0,0.0,0.48,738.47,0.04
2024-03-05 05:00:00,36.98,72.4,2.66,7.7,6.25,4.64,8.5,0.95,8.94,0.51,0.81,,,0.29,,27.2,92.12,0.6,35.2,0.0,0.0,0.56,740.07,0.04
2024-03-05 06:00:00,36.44,71.32,3.79,6.36,6.46,4.49,8.68,0.95,8.18,0.51,0.81,,,0.29,,27.3,91.39,0.62,56.59,0.0,0.0,6.16,742.66,0.04
2024-03-05 07:00:00,35.51,69.47,3.44,5.88,5.92,4.95,10.07,0.95,8.71,0.51,0.81,,,0.29,,27.89,88.72,0.49,62.08,0.0,0.0,47.06,744.98,0.04
2024-03-05 08:00:00,35.47,69.4,3.38,6.6,6.24,4.07,13.19,0.95,16.19,0.51,0.81,,,0.29,,29.44,81.95,0.39,79.01,0.0,0.0,125.92,747.58,0.04
2024-03-05 09:00:00,38.16,74.78,2.22,6.01,4.99,4.29,16.28,0.95,13.09,0.51,0.81,,,0.29,,30.94,72.82,0.59,165.46,0.0,0.0,244.77,748.77,0.04
2024-03-05 10:00:00,37.41,73.28,2.2,6.18,5.07,5.07,15.5,0.95,18.41,0.51,0.81,,,0.29,,32.09,65.05,0.4,183.82,0.0,0.0,407.42,748.76,0.04
2024-03-05 11:00:00,38.5,75.45,1.98,5.88,4.72,4.36,14.82,0.95,19.93,0.51,0.81,,,0.29,,33.66,55.42,0.43,127.02,0.0,0.0,571.68,746.72,0.04
2024-03-05 12:00:00,38.32,75.1,1.96,5.84,4.69,4.1,14.63,0.95,24.94,0.51,0.81,,,0.29,,34.15,49.35,0.32,72.68,0.0,0.0,567.0,742.92,0.04
2024-03-05 13:00:00,37.84,74.14,1.97,5.89,4.72,3.43,14.37,0.95,34.55,0.51,0.81,,,0.29,,34.52,46.96,0.32,111.43,0.0,0.0,355.54,738.8,0.04
2024-03-05 14:00:00,38.33,75.12,1.9,5.83,4.63,3.61,14.28,0.95,31.76,0.51,0.81,,,0.29,,34.83,45.5,0.49,166.32,0.0,0.0,143.93,735.07,0.04
2024-03-05 15:00:00,39.05,76.55,1.84,6.24,4.8,5.7,14.17,0.95,31.23,0.51,0.81,,,0.29,,34.97,46.23,0.6,166.21,0.0,0.0,107.32,732.26,0.04
2024-03-05 16:00:00,37.54,73.53,1.99,6.33,4.97,4.22,12.95,0.95,35.98,0.51,0.81,,,0.29,,34.68,47.72,0.72,164.7,0.0,0.0,64.0,730.94,0.04
2024-03-05 17:00:00,36.53,71.51,2.05,6.93,5.34,3.37,12.36,0.95,31.5,0.51,0.81,,,0.29,,34.09,53.86,0.74,163.75,0.0,0.0,30.51,732.02,0.04
2024-03-05 18:00:00,38.17,74.79,2.09,8.09,5.99,3.26,11.33,0.95,22.24,0.51,0.81,,,0.29,,32.84,63.28,0.75,166.69,0.0,0.0,2.38,734.18,0.04
2024-03-05 19:00:00,40.52,79.5,2.12,8.08,6.01,3.32,11.22,0.95,16.37,0.51,0.81,,,0.29,,31.58,68.94,0.74,164.44,0.0,0.0,1.02,737.51,0.04
2024-03-05 20:00:00,40.49,79.43,2.19,8.41,6.24,3.52,12.96,0.95,12.87,0.51,0.81,,,0.29,,30.9,71.81,0.61,177.78,0.0,0.0,0.74,740.94,0.04
2024-03-05 21:00:00,73.77,146.0,2.16,7.29,5.63,5.48,14.7,0.95,10.36,0.51,0.81,,,0.29,,30.36,74.52,0.53,175.26,0.0,0.0,0.44,743.51,0.04
2024-03-05 22:00:00,57.44,113.34,2.36,7.1,5.68,3.96,14.09,0.95,15.81,0.51,0.81,,,0.29,,29.96,77.01,0.48,171.74,0.0,0.0,0.5,743.98,0.04
2024-03-05 23:00:00,35.47,69.39,2.12,6.3,5.07,3.4,14.77,0.95,18.02,0.51,0.81,,,0.29,,29.75,78.35,0.43,164.12,0.0,0.0,0.52,743.42,0.04
2024-03-06 00:00:00,35.47,69.39,2.32,6.38,5.27,3.58,13.5,0.95,16.37,0.51,0.81,,,0.29,,29.28,81.61,0.52,107.24,0.0,0.0,0.82,741.3,0.04
2024-03-06 01:00:00,35.47,69.39,2.44,6.68,5.52,3.45,12.48,0.95,15.57,0.51,0.81,,,0.29,,28.84,84.88,0.47,132.34,0.0,0.0,0.45,739.29,0.04
2024-03-06 02:00:00,35.47,69.39,2.28,6.02,5.05,3.1,11.96,0.95,16.03,0.51,0.81,,,0.29,,28.79,86.0,0.45,148.54,0.0,0.0,0.7,737.44,0.04
2024-03-06 03:00:00,35.47,69.39,2.37,6.61,5.43,4.31,11.74,0.95,11.83,0.51,0.81,,,0.29,,28.26,88.8,0.56,78.19,0.0,0.0,0.4,736.21,0.04
2024-03-06 04:00:00,35.47,69.39,2.81,8.09,6.58,3.55,10.11,0.95,9.75,0.51,0.81,,,0.29,,27.53,92.49,0.55,75.39,0.0,0.0,0.58,735.59,0.04
2024-03-06 05:00:00,35.47,69.39,3.15,6.62,6.07,3.42,9.29,0.95,9.72,0.51,0.81,,,0.29,,27.34,94.3,0.52,31.16,0.0,0.0,0.54,737.87,0.04
2024-03-06 06:00:00,35.88,70.22,4.3,5.91,6.63,3.7,8.9,0.95,9.12,0.51,0.81,,,0.29,,27.6,93.16,0.64,58.9,0.0,0.0,8.76,739.73,0.04
2024-03-06 07:00:00,35.89,70.22,3.24,5.83,5.72,3.87,9.14,0.95,9.32,0.51,0.81,,,0.29,,28.34,90.86,0.68,32.72,0.0,0.0,41.95,744.03,0.04
2024-03-06 08:00:00,35.6,69.66,4.61,4.38,6.06,4.47,11.72,0.95,11.01,0.51,0.81,,,0.29,,29.6,84.13,0.38,182.51,0.0,0.0,122.06,747.55,0.04
2024-03-06 09:00:00,35.49,69.44,6.56,4.1,7.5,4.24,13.46,0.95,14.99,0.51,0.81,,,0.29,,30.72,77.33,0.67,276.32,0.0,0.0,218.55,749.7,0.03
2024-03-06 10:00:00,35.47,69.4,2.72,5.48,5.11,3.67,13.36,0.82,10.8,0.45,0.83,,,0.24,,31.56,69.01,0.66,274.86,0.0,0.0,386.41,750.29,0.03
2024-03-06 11:00:00,36.42,71.3,2.31,5.58,4.83,3.77,13.63,0.75,13.07,0.41,0.84,,,0.21,,32.94,59.61,0.52,292.51,0.0,0.0,499.49,746.94,0.03
2024-03-06 12:00:00,36.67,71.78,2.24,5.35,4.65,3.72,14.9,0.75,15.49,0.41,0.84,,,0.21,,33.8,56.33,0.43,220.82,0.0,0.0,536.2,742.48,0.03
2024-03-06 13:00:00,37.26,72.97,2.41,5.55,4.89,3.6,15.86,0.75,26.44,0.41,0.84,,,0.21,,34.5,52.04,0.44,249.3,0.0,0.0,301.7,737.65,0.04
2024-03-06 14:00:00,38.64,75.74,2.2,6.1,5.03,5.1,16.39,0.75,33.56,0.41,0.84,,,0.21,,34.61,51.52,0.54,159.22,0.0,0.0,163.42,733.32,0.04
2024-03-06 15:00:00,37.65,73.76,2.26,6.28,5.17,4.72,13.84,0.75,34.56,0.41,0.84,,,0.21,,34.58,51.42,0.66,158.02,0.0,0.0,111.54,730.92,0.04
2024-03-06 16:00:00,36.22,70.91,2.34,6.52,5.36,3.67,11.6,0.75,33.25,0.41,0.84,,,0.21,,34.23,50.81,0.74,162.59,0.0,0.0,69.02,731.02,0.04
2024-03-06 17:00:00,35.75,69.95,2.31,7.36,5.78,3.69,11.02,0.75,29.1,0.41,0.84,,,0.21,,33.78,51.62,0.75,165.12,0.0,0.0,29.18,732.43,0.04
2024-03-06 18:00:00,36.98,72.41,2.38,9.42,6.93,3.25,11.3,0.75,23.66,0.41,0.84,,,0.21,,33.02,57.6,0.72,161.83,0.0,0.0,2.14,734.01,0.04
2024-03-06 19:00:00,40.46,79.36,2.95,12.62,9.1,3.12,12.93,0.75,14.51,0.41,0.84,,,0.21,,32.41,62.48,0.75,160.02,0.0,0.0,0.81,736.41,0.04
2024-03-06 20:00:00,52.48,103.42,4.1,9.43,8.34,4.78,15.73,0.75,8.96,0.41,0.84,,,0.21,,30.99,73.49,0.64,153.41,0.0,0.0,0.88,738.8,0.04
2024-03-06 21:00:00,44.2,86.84,9.49,7.01,9.52,3.92,17.47,0.75,7.15,0.41,0.84,,,0.21,,30.1,78.55,0.61,142.85,0.0,0.0,0.6,741.15,0.04
2024-03-06 22:00:00,35.47,69.39,3.94,7.96,7.42,3.38,18.35,0.75,9.75,0.41,0.84,,,0.21,,29.94,76.18,0.66,163.9,0.0,0.0,0.58,742.16,0.04
2024-03-06 23:00:00,35.47,69.39,3.08,7.24,6.35,3.34,17.68,0.75,12.17,0.41,0.84,,,0.21,,29.49,80.82,0.72,163.79,0.0,0.0,0.7,740.58,0.04
2024-03-07 00:00:00,35.47,69.39,2.48,7.82,6.16,3.6,12.7,0.75,11.43,0.41,0.84,,,0.21,,29.01,85.97,0.62,169.4,0.0,0.0,0.6,738.07,0.04
2024-03-07 01:00:00,35.47,69.39,2.46,7.77,6.12,3.57,12.41,0.75,10.11,0.41,0.84,,,0.21,,28.66,87.78,0.56,109.16,0.0,0.0,0.64,734.72,0.04
2024-03-07 02:00:00,67.57,133.59,2.5,7.74,6.14,5.08,12.29,0.75,7.5,0.41,0.84,,,0.21,,27.82,92.2,0.7,33.86,0.0,0.0,0.52,732.42,0.04
2024-03-07 03:00:00,54.73,107.91,2.39,7.39,5.87,4.67,9.94,0.75,7.82,0.41,0.84,,,0.21,,27.65,93.96,0.59,113.83,0.0,0.0,0.4,731.15,0.04
2024-03-07 04:00:00,35.47,69.39,2.54,6.14,5.31,4.48,8.24,0.75,8.09,0.41,0.84,,,0.21,,27.62,94.32,0.68,36.68,0.0,0.0,0.55,731.63,0.04
2024-03-07 05:00:00,35.47,69.39,2.65,5.59,5.12,2.7,6.73,0.75,7.7,0.41,0.84,,,0.21,,27.76,93.42,0.48,76.49,0.0,0.0,0.6,733.74,0.04
2024-03-07 06:00:00,35.47,69.39,2.95,5.36,5.24,2.83,6.25,0.75,7.66,0.41,0.84,,,0.21,,27.78,93.86,0.63,74.18,0.0,0.0,6.07,736.74,0.04
2024-03-07 07:00:00,35.47,69.39,4.34,4.16,5.73,3.88,8.54,0.75,8.25,0.41,0.84,,,0.21,,28.49,91.74,0.67,34.15,0.0,0.0,50.31,740.58,0.04
2024-03-07 08:00:00,35.47,69.39,6.5,2.56,6.63,4.98,11.03,0.75,10.48,0.41,0.84,,,0.21,,29.74,85.84,0.67,261.88,0.0,0.0,122.44,744.69,0.04
2024-03-07 09:00:00,35.47,69.39,4.62,4.53,6.15,3.57,10.64,0.75,15.23,0.41,0.84,,,0.21,,31.23,76.82,0.68,256.35,0.0,0.0,278.42,746.6,0.04
2024-03-07 10:00:00,35.47,69.39,3.38,5.14,5.47,3.64,10.24,0.75,14.84,0.41,0.84,,,0.21,,32.52,64.26,0.59,243.27,0.0,0.0,476.25,746.54,0.04
2024-03-07 11:00:00,35.65,69.74,2.66,5.99,5.34,3.82,10.0,0.69,28.09,0.39,0.8,,,0.18,,34.15,53.52,0.47,183.61,0.0,0.0,552.91,743.7,0.04
2024-03-07 12:00:00,35.72,69.89,2.37,5.64,4.92,3.79,9.98,0.67,24.69,0.38,0.78,,,0.17,,35.09,46.87,0.43,199.5,0.0,0.0,571.65,739.79,0.04
2024-03-07 13:00:00,35.71,69.88,2.08,5.74,4.73,4.62,9.0,0.67,27.47,0.38,0.78,,,0.17,,35.56,43.46,0.55,196.86,0.0,0.0,296.1,734.95,0.04
2024-03-07 14:00:00,35.6,69.65,2.14,6.3,5.08,4.87,8.68,0.67,30.32,0.38,0.78,,,0.17,,35.6,43.2,0.53,164.88,0.0,0.0,155.45,730.48,0.04
2024-03-07 15:00:00,35.5,69.45,2.05,6.21,4.96,4.05,8.82,0.67,31.95,0.38,0.78,,,0.17,,35.44,41.41,0.73,163.82,0.0,0.0,105.34,728.22,0.04
2024-03-07 16:00:00,35.47,69.41,2.12,6.68,5.26,4.0,7.21,0.67,31.5,0.38,0.78,,,0.17,,35.32,37.63,0.75,162.38,0.0,0.0,67.0,727.92,0.04
2024-03-07 17:00:00,35.47,69.39,2.47,8.82,6.69,3.66,6.27,0.67,28.4,0.38,0.78,,,0.17,,34.81,37.44,0.72,156.71,0.0,0.0,26.78,728.36,0.04
2024-03-07 18:00:00,35.47,69.39,4.18,13.47,10.56,3.31,7.28,0.67,16.68,0.38,0.78,,,0.17,,33.5,42.42,0.65,100.81,0.0,0.0,2.05,730.4,0.04
2024-03-07 19:00:00,38.04,74.52,2.94,11.39,8.43,5.09,10.52,0.67,13.12,0.38,0.78,,,0.17,,31.94,58.13,0.64,148.72,0.0,0.0,0.78,734.13,0.04
2024-03-07 20:00:00,38.22,74.88,3.03,9.3,7.4,4.79,16.02,0.67,12.19,0.38,0.78,,,0.17,,31.04,63.31,0.5,105.99,0.0,0.0,0.43,737.4,0.04
2024-03-07 21:00:00,38.18,74.81,5.13,7.33,8.06,3.87,16.77,0.67,10.46,0.38,0.78,,,0.17,,30.46,71.18,0.6,79.11,0.0,0.0,0.45,739.56,0.04
2024-03-07 22:00:00,41.96,82.37,4.93,6.63,7.52,3.78,15.04,0.67,9.57,0.38,0.78,,,0.17,,30.11,75.96,0.59,72.34,0.0,0.0,0.53,739.61,0.04
2024-03-07 23:00:00,40.89,80.22,3.2,6.78,6.2,4.01,15.25,0.67,10.36,0.38,0.78,,,0.17,,30.06,79.22,0.6,52.67,0.0,0.0,0.75,738.99,0.04
2024-03-08 00:00:00,38.56,75.56,2.4,7.19,5.77,4.43,10.19,0.67,10.49,0.38,0.78,,,0.17,,29.63,82.58,0.64,98.56,0.0,0.0,0.65,737.96,0.04
2024-03-08 01:00:00,48.2,94.87,2.39,7.18,5.75,5.47,9.25,0.67,10.33,0.38,0.78,,,0.17,,29.87,81.78,0.48,142.99,0.0,0.0,0.52,736.33,0.04
2024-03-08 02:00:00,42.48,83.42,2.59,7.64,6.16,5.66,7.52,0.67,10.43,0.38,0.78,,,0.17,,30.01,82.23,0.5,99.99,0.0,0.0,0.76,734.4,0.04
2024-03-08 03:00:00,35.47,69.39,3.15,7.79,6.69,5.68,6.46,0.67,7.27,0.38,0.78,,,0.17,,29.46,85.5,0.57,42.44,0.0,0.0,0.88,733.62,0.04
2024-03-08 04:00:00,35.47,69.39,2.9,8.27,6.74,5.28,5.82,0.67,7.03,0.38,0.78,,,0.17,,29.3,87.19,0.68,34.86,0.0,0.0,0.76,734.01,0.04
2024-03-08 05:00:00,35.47,69.39,3.7,7.53,7.0,5.29,5.02,0.67,6.46,0.38,0.78,,,0.17,,29.12,88.8,0.66,29.2,0.0,0.0,0.84,736.26,0.04
2024-03-08 06:00:00,35.47,69.39,6.37,5.19,7.92,5.1,5.0,0.67,6.02,0.38,0.78,,,0.17,,28.93,90.38,0.65,48.7,0.0,0.0,7.31,739.34,0.04
2024-03-08 07:00:00,37.02,72.48,6.41,5.07,7.9,6.58,6.87,0.67,6.74,0.38,0.78,,,0.17,,29.76,86.79,0.6,108.52,0.0,0.0,54.59,742.15,0.04
2024-03-08 08:00:00,36.58,71.61,5.47,6.15,7.71,5.17,7.97,0.67,11.02,0.38,0.78,,,0.17,,31.2,79.88,0.62,167.62,0.0,0.0,135.91,744.82,0.04
2024-03-08 09:00:00,35.61,69.66,6.22,4.99,7.7,2.72,11.96,0.67,13.54,0.38,0.78,,,0.17,,32.44,71.15,0.52,217.42,0.0,0.0,213.64,746.98,0.04
2024-03-08 10:00:00,38.34,75.14,3.05,5.34,5.31,3.82,14.5,0.67,8.57,0.38,0.78,,,0.17,,33.73,63.84,0.48,196.53,0.0,0.0,440.1,746.78,0.04
2024-03-08 11:00:00,39.79,78.03,2.68,5.87,5.29,3.87,13.38,0.67,20.02,0.38,0.78,,,0.17,,34.76,58.97,0.49,197.9,0.0,0.0,507.14,743.72,0.04
2024-03-08 12:00:00,37.95,74.35,2.55,5.88,5.19,4.27,13.89,0.67,24.6,0.38,0.78,,,0.17,,35.57,52.56,0.5,189.01,0.0,0.0,542.11,739.62,0.04
2024-03-08 13:00:00,36.34,71.14,2.44,6.09,5.22,5.64,13.06,0.67,23.89,0.38,0.78,,,0.17,,35.96,48.34,0.55,198.76,0.0,0.0,280.4,735.86,0.04
2024-03-08 14:00:00,35.74,69.93,2.39,5.65,4.93,3.94,10.09,0.67,28.01,0.38,0.78,,,0.17,,36.03,42.28,0.67,167.36,0.0,0.0,157.84,732.28,0.04
2024-03-08 15:00:00,35.63,69.7,2.23,5.51,4.73,3.68,8.63,0.67,28.92,0.38,0.78,,,0.17,,35.99,40.6,0.67,174.45,0.0,0.0,106.95,730.04,0.04
2024-03-08 16:00:00,35.63,69.72,2.24,5.92,4.96,3.6,7.39,0.67,28.38,0.38,0.78,,,0.17,,35.66,39.16,0.72,166.63,0.0,0.0,70.56,729.83,0.04
2024-03-08 17:00:00,35.58,69.61,2.32,6.91,5.55,3.4,5.73,0.67,25.9,0.38,0.78,,,0.17,,34.95,41.43,0.6,177.51,0.0,0.0,28.66,730.72,0.04
2024-03-08 18:00:00,36.64,71.73,2.47,7.94,6.23,4.28,4.95,0.67,19.98,0.38,0.78,,,0.17,,33.82,50.28,0.55,191.46,0.0,0.0,2.03,732.79,0.04
2024-03-08 19:00:00,36.68,71.81,2.57,8.82,6.77,4.98,4.42,0.67,14.88,0.38,0.78,,,0.17,,32.99,58.18,0.65,164.02,0.0,0.0,0.72,735.73,0.04
2024-03-08 20:00:00,36.29,71.02,4.55,8.04,7.96,3.7,4.89,0.67,11.7,0.38,0.78,,,0.17,,32.13,64.01,0.51,138.63,0.0,0.0,0.76,738.76,0.04
2024-03-08 21:00:00,37.91,74.28,9.2,9.33,10.77,3.54,5.72,0.67,7.79,0.38,0.78,,,0.17,,30.98,71.69,0.47,75.49,0.0,0.0,0.75,740.68,0.04
2024-03-08 22:00:00,38.29,75.03,7.5,6.13,9.35,3.5,7.35,0.67,6.54,0.38,0.78,,,0.17,,30.58,76.28,0.54,55.03,0.0,0.0,0.6,740.99,0.04
2024-03-08 23:00:00,38.28,75.02,6.75,6.33,8.84,3.66,8.92,0.67,5.86,0.38,0.78,,,0.17,,29.81,81.73,0.64,20.31,0.0,0.0,0.76,740.1,0.04
2024-03-09 00:00:00,39.61,77.67,4.07,7.79,7.44,5.51,13.56,0.67,7.04,0.38,0.78,,,0.17,,30.04,84.2,0.58,88.39,0.0,0.0,0.45,738.02,0.04
2024-03-09 01:00:00,38.65,75.74,2.63,6.7,5.69,5.92,12.58,0.67,9.94,0.38,0.78,,,0.17,,30.74,83.9,0.63,254.18,0.0,0.0,0.46,735.77,0.04
2024-03-09 02:00:00,36.96,72.37,2.21,6.94,5.48,4.44,12.72,0.67,11.32,0.38,0.78,,,0.17,,32.06,85.24,0.65,261.66,0.0,0.0,0.74,734.05,0.04
2024-03-09 03:00:00,36.2,70.85,2.13,6.94,5.42,4.32,13.4,0.67,11.6,0.38,0.78,,,0.17,,30.59,86.97,0.7,209.68,0.0,0.0,0.9,733.88,0.04
2024-03-09 04:00:00,35.84,70.13,2.21,7.5,5.78,4.4,13.3,0.67,8.72,0.38,0.78,,,0.17,,29.78,89.97,0.7,38.94,0.0,0.0,0.79,734.45,0.04
2024-03-09 05:00:00,35.67,69.78,6.92,4.59,8.06,4.17,11.86,0.67,6.24,0.38,0.78,,,0.17,,29.79,89.98,0.57,90.72,0.0,0.0,1.02,737.52,0.04
2024-03-09 06:00:00,36.28,71.02,3.32,6.65,6.22,6.02,10.26,0.67,6.76,0.38,0.78,,,0.17,,29.59,91.19,0.43,84.18,0.0,0.0,6.61,741.15,0.04
2024-03-09 07:00:00,36.36,71.17,3.91,6.0,6.36,4.8,8.17,0.67,7.29,0.38,0.78,,,0.17,,30.44,87.91,0.44,102.55,0.0,0.0,49.04,744.26,0.04
2024-03-09 08:00:00,36.0,70.44,3.19,5.46,5.48,2.68,8.34,0.67,9.08,0.38,0.78,,,0.17,,31.39,83.86,0.32,116.06,0.0,0.0,125.78,747.35,0.04
2024-03-09 09:00:00,35.79,70.03,2.7,5.52,5.12,2.97,9.44,0.67,11.87,0.38,0.78,,,0.17,,32.74,76.35,0.5,145.15,0.0,0.0,260.14,748.86,0.04
2024-03-09 10:00:00,35.67,69.79,2.33,5.41,4.76,3.1,9.6,0.67,17.7,0.38,0.78,,,0.17,,33.64,67.17,0.51,124.7,0.0,0.0,291.22,748.2,0.04
2024-03-09 11:00:00,36.75,71.95,2.04,5.76,4.71,2.96,10.54,0.67,23.22,0.38,0.78,,,0.17,,34.59,61.16,0.38,118.08,0.0,0.0,331.66,745.54,0.04
2024-03-09 12:00:00,37.1,72.64,1.99,6.1,4.84,5.66,10.62,0.67,24.51,0.38,0.78,,,0.17,,35.24,54.75,0.47,175.74,0.0,0.0,481.84,740.8,0.04
2024-03-09 13:00:00,36.7,71.86,1.95,5.98,4.75,3.84,8.6,0.67,28.99,0.38,0.78,,,0.17,,35.72,52.06,0.55,167.5,0.0,0.0,254.24,736.74,0.04
2024-03-09 14:00:00,36.48,71.42,1.81,5.82,4.56,3.28,7.62,0.67,30.45,0.38,0.78,,,0.17,,36.11,50.24,0.45,148.21,0.0,0.0,169.54,732.96,0.04
2024-03-09 15:00:00,36.28,71.02,1.81,5.78,4.53,3.18,6.79,0.67,29.47,0.38,0.78,,,0.17,,35.96,51.1,0.72,169.33,0.0,0.0,118.3,730.3,0.04
2024-03-09 16:00:00,36.17,70.8,1.84,5.95,4.65,3.16,5.62,0.67,22.79,0.38,0.78,,,0.17,,35.3,56.64,0.69,164.55,0.0,0.0,69.05,730.46,0.04
2024-03-09 17:00:00,36.12,70.69,2.04,6.8,5.27,3.55,5.32,0.67,18.19,0.38,0.78,,,0.17,,34.3,61.79,0.74,169.26,0.0,0.0,27.45,732.7,0.04
2024-03-09 18:00:00,36.11,70.66,2.12,8.0,5.97,4.41,6.06,0.67,11.72,0.38,0.78,,,0.17,,33.17,67.19,0.74,166.51,0.0,0.0,2.25,735.85,0.04
2024-03-09 19:00:00,36.02,70.5,2.19,8.37,6.22,3.38,6.5,0.67,11.07,0.38,0.78,,,0.17,,32.2,71.61,0.74,169.1,0.0,0.0,0.88,739.32,0.04
2024-03-09 20:00:00,36.03,70.5,2.31,8.09,6.17,3.13,7.07,0.67,10.75,0.38,0.78,,,0.17,,31.57,76.36,0.64,148.77,0.0,0.0,0.84,742.43,0.04
2024-03-09 21:00:00,36.01,70.47,2.98,6.82,6.04,3.21,8.44,0.67,6.99,0.38,0.78,,,0.17,,30.8,80.81,0.58,67.53,0.0,0.0,0.73,744.75,0.04
2024-03-09 22:00:00,36.0,70.44,2.92,7.78,6.5,3.17,9.05,0.67,7.6,0.38,0.78,,,0.17,,30.39,82.99,0.55,78.57,0.0,0.0,0.6,745.06,0.04
2024-03-09 23:00:00,36.65,71.74,2.62,7.76,6.24,3.82,10.75,0.67,8.35,0.38,0.78,,,0.17,,30.1,85.13,0.49,58.7,0.0,0.0,0.52,744.99,0.04
2024-03-10 00:00:00,36.84,72.12,2.69,8.14,6.5,4.54,11.6,0.67,7.33,0.38,0.78,,,0.17,,29.92,86.23,0.54,69.51,0.0,0.0,0.55,743.46,0.04
2024-03-10 01:00:00,36.57,71.59,2.54,7.32,5.94,3.44,10.16,0.67,8.71,0.38,0.78,,,0.17,,30.12,85.21,0.46,114.29,0.0,0.0,0.85,741.37,0.04
2024-03-10 02:00:00,36.32,71.1,3.06,7.46,6.44,2.85,8.97,0.67,6.77,0.38,0.78,,,0.17,,29.77,87.43,0.49,80.19,0.0,0.0,0.73,740.02,0.04
2024-03-10 03:00:00,36.18,70.81,4.92,6.24,7.31,2.42,7.71,0.67,5.55,0.38,0.78,,,0.17,,29.32,90.02,0.62,64.46,0.0,0.0,0.67,740.0,0.04
2024-03-10 04:00:00,36.13,70.72,3.55,7.0,6.6,2.69,6.77,0.67,5.92,0.38,0.78,,,0.17,,29.24,90.9,0.52,61.77,0.0,0.0,0.76,740.13,0.04
2024-03-10 05:00:00,36.85,72.16,3.75,6.65,6.58,3.94,7.0,0.67,6.14,0.38,0.78,,,0.17,,28.99,92.62,0.57,50.42,0.0,0.0,0.66,742.92,0.04
2024-03-10 06:00:00,36.92,72.28,3.83,5.75,6.17,4.37,6.42,0.67,6.1,0.38,0.78,,,0.17,,29.14,92.74,0.57,35.88,0.0,0.0,7.82,746.72,0.04
2024-03-10 07:00:00,36.45,71.36,4.08,4.95,5.94,3.29,6.87,0.67,7.47,0.38,0.78,,,0.17,,29.82,89.63,0.54,76.36,0.0,0.0,54.19,749.75,0.04
2024-03-10 08:00:00,36.16,70.76,4.64,4.82,6.32,2.9,7.07,0.67,10.73,0.38,0.78,,,0.17,,31.19,81.31,0.65,162.12,0.0,0.0,141.51,752.92,0.04
2024-03-10 09:00:00,35.95,70.35,2.91,4.84,4.93,2.96,7.64,0.67,18.18,0.38,0.78,,,0.17,,32.43,70.58,0.74,169.19,0.0,0.0,287.96,754.52,0.04
2024-03-10 10:00:00,35.8,70.06,2.65,4.96,4.78,3.0,9.21,0.67,13.44,0.38,0.78,,,0.17,,33.45,63.38,0.64,171.49,0.0,0.0,351.64,754.58,0.04
2024-03-10 11:00:00,44.05,86.54,2.37,5.32,4.74,3.58,9.84,0.67,19.12,0.38,0.78,,,0.17,,34.29,57.58,0.7,166.28,0.0,0.0,476.09,752.45,0.04
2024-03-10 12:00:00,40.55,79.55,2.63,4.39,4.46,4.22,7.54,0.67,16.67,0.38,0.78,,,0.17,,35.17,51.0,0.62,172.52,0.0,0.0,503.34,748.8,0.04
2024-03-10 13:00:00,38.34,75.14,2.67,4.12,4.35,2.11,6.01,0.67,21.11,0.38,0.78,,,0.17,,35.45,49.48,0.6,169.2,0.0,0.0,236.04,745.15,0.04
2024-03-10 14:00:00,41.51,81.47,2.56,4.13,4.27,1.58,4.99,0.67,22.56,0.38,0.78,,,0.17,,35.35,49.5,0.63,165.76,0.0,0.0,154.93,742.17,0.04
2024-03-10 15:00:00,40.14,78.72,2.76,4.21,4.46,1.45,4.71,0.67,23.66,0.38,0.78,,,0.17,,35.3,49.35,0.66,170.94,0.0,0.0,123.92,740.16,0.04
2024-03-10 16:00:00,39.06,76.58,2.48,4.32,4.3,2.6,3.34,0.67,22.37,0.38,0.78,,,0.17,,35.03,48.81,0.66,173.02,0.0,0.0,72.4,740.36,0.04
2024-03-10 17:00:00,38.3,75.06,2.51,4.46,4.4,3.58,3.84,0.67,17.86,0.38,0.78,,,0.17,,34.54,49.83,0.7,167.5,0.0,0.0,26.74,741.86,0.04
2024-03-10 18:00:00,38.19,74.83,2.55,6.01,5.26,1.93,3.32,0.67,19.37,0.38,0.78,,,0.17,,33.78,54.33,0.6,169.88,0.0,0.0,2.19,743.92,0.04
2024-03-10 19:00:00,38.63,75.71,2.64,6.81,5.76,1.76,3.84,0.67,13.34,0.38,0.78,,,0.17,,32.77,64.8,0.74,162.02,0.0,0.0,1.06,746.84,0.04
2024-03-10 20:00:00,38.87,76.18,2.68,6.26,5.5,1.74,4.94,0.67,11.2,0.38,0.78,,,0.17,,31.91,71.33,0.73,163.38,0.0,0.0,0.94,749.56,0.04
2024-03-10 21:00:00,38.48,75.42,2.74,5.43,5.1,1.8,6.1,0.67,8.39,0.38,0.78,,,0.17,,31.31,75.26,0.67,161.3,0.0,0.0,0.92,752.6,0.04
2024-03-10 22:00:00,45.64,89.74,5.82,4.48,7.1,1.98,7.46,0.67,7.6,0.38,0.78,,,0.17,,30.62,79.58,0.56,83.42,0.0,0.0,0.67,752.36,0.04
2024-03-10 23:00:00,47.26,92.97,6.32,5.18,7.88,2.8,8.32,0.67,5.38,0.38,0.78,,,0.17,,30.06,83.24,0.61,63.16,0.0,0.0,0.62,751.19,0.04
2024-03-11 00:00:00,36.78,72.0,3.28,6.5,6.11,1.93,11.64,0.67,6.63,0.38,0.78,,,0.17,,29.58,86.3,0.69,44.56,0.0,0.0,0.76,749.33,0.04
2024-03-11 01:00:00,42.21,82.87,4.29,5.11,6.2,1.45,10.27,0.67,7.34,0.38,0.78,,,0.17,,29.43,88.1,0.61,87.3,0.0,0.0,0.67,745.42,0.04
2024-03-11 02:00:00,42.53,83.52,2.45,5.55,4.93,2.14,9.55,0.67,8.46,0.38,0.78,,,0.17,,29.0,91.76,0.69,93.55,0.0,0.0,0.71,745.21,0.04
2024-03-11 03:00:00,35.9,70.25,2.08,5.17,4.43,2.02,8.92,0.67,9.62,0.38,0.78,,,0.17,,29.14,91.37,0.49,34.7,0.0,0.0,0.68,745.02,0.04
2024-03-11 04:00:00,41.41,81.26,2.22,6.91,5.47,2.1,10.08,0.67,9.34,0.38,0.78,,,0.17,,29.04,92.37,0.63,44.35,0.0,0.0,0.61,745.64,0.03
2024-03-11 05:00:00,43.37,85.19,2.99,5.72,5.46,2.66,10.13,0.67,6.8,0.38,0.78,,,0.17,,29.03,92.03,0.7,24.22,0.0,0.0,0.85,747.59,0.04
2024-03-11 06:00:00,35.47,69.39,4.54,4.58,6.12,1.76,9.45,0.67,6.72,0.38,0.78,,,0.17,,28.9,93.22,0.62,56.65,0.0,0.0,9.74,750.88,0.04
2024-03-11 07:00:00,35.47,69.39,4.43,6.24,6.91,1.3,10.87,0.67,5.9,0.38,0.78,,,0.17,,29.82,89.29,0.54,88.25,0.0,0.0,59.59,754.52,0.04
2024-03-11 08:00:00,36.33,71.11,3.76,3.96,5.16,1.85,12.0,0.67,9.18,0.38,0.78,,,0.17,,31.02,83.35,0.64,157.78,0.0,0.0,106.88,757.18,0.04
2024-03-11 09:00:00,39.03,76.51,2.76,4.86,4.82,1.79,12.2,0.67,14.94,0.38,0.78,,,0.17,,31.92,76.87,0.69,164.04,0.0,0.0,164.12,758.88,0.04
2024-03-11 10:00:00,54.78,108.01,2.62,5.0,4.77,2.25,14.98,0.67,19.79,0.38,0.78,,,0.17,,33.28,66.51,0.6,173.05,0.0,0.0,319.48,758.42,0.04
2024-03-11 11:00:00,56.98,112.41,2.49,4.34,4.32,2.24,14.98,0.67,27.91,0.38,0.78,,,0.17,,34.44,56.99,0.62,171.56,0.0,0.0,454.32,756.16,0.04
2024-03-11 12:00:00,35.47,69.39,2.46,4.7,4.49,1.85,13.8,0.67,30.08,0.38,0.78,,,0.17,,34.99,53.73,0.54,185.92,0.0,0.0,362.26,752.16,0.04
2024-03-11 13:00:00,36.45,71.36,2.25,4.57,4.25,1.74,11.48,0.67,32.35,0.38,0.78,,,0.17,,35.3,52.22,0.48,168.62,0.0,0.0,198.45,748.22,0.04
2024-03-11 14:00:00,37.14,72.73,2.16,4.59,4.18,1.66,10.69,0.67,35.0,0.38,0.78,,,0.17,,35.19,51.46,0.7,165.06,0.0,0.0,151.51,743.96,0.04
2024-03-11 15:00:00,36.03,70.52,2.15,4.5,4.13,1.8,9.35,0.67,27.83,0.38,0.78,,,0.17,,35.25,51.99,0.64,163.54,0.0,0.0,102.18,741.43,0.04
2024-03-11 16:00:00,36.51,71.47,2.15,5.37,4.6,2.4,9.74,0.67,22.2,0.38,0.78,,,0.17,,35.18,52.6,0.65,177.79,0.0,0.0,70.84,740.03,0.04
2024-03-11 17:00:00,37.45,73.36,3.62,6.52,6.4,1.19,9.18,0.67,24.42,0.38,0.78,,,0.17,,34.53,53.98,0.61,241.23,0.0,0.0,27.44,740.81,0.04
2024-03-11 18:00:00,37.8,74.06,2.64,6.1,5.38,1.57,9.85,0.67,18.13,0.38,0.78,,,0.17,,33.68,55.93,0.52,231.2,0.0,0.0,2.36,743.12,0.04
2024-03-11 19:00:00,42.51,83.47,2.94,8.14,6.71,0.75,9.55,0.67,18.75,0.38,0.78,,,0.17,,32.8,59.63,0.45,219.26,0.0,0.0,1.04,745.02,0.04
2024-03-11 20:00:00,43.95,86.34,3.37,7.73,6.84,0.64,10.8,0.67,17.94,0.38,0.78,,,0.17,,32.02,61.28,0.44,219.68,0.0,0.0,0.94,747.88,0.04
2024-03-11 21:00:00,73.24,144.93,2.68,7.18,5.99,1.75,14.02,0.67,21.74,0.38,0.78,,,0.17,,31.44,67.3,0.47,191.69,0.0,0.0,0.64,749.57,0.04
2024-03-11 22:00:00,82.85,164.14,3.91,5.43,6.06,2.92,15.78,0.67,20.26,0.38,0.78,,,0.17,,30.89,75.71,0.54,161.12,0.0,0.0,0.44,750.01,0.04
2024-03-11 23:00:00,35.47,69.39,2.32,6.86,5.52,2.53,15.95,0.67,15.21,0.38,0.78,,,0.17,,30.02,81.37,0.59,63.64,0.0,0.0,0.63,749.72,0.04
2024-03-12 00:00:00,35.47,69.39,2.57,6.88,5.74,2.34,10.17,0.67,13.35,0.38,0.78,,,0.17,,29.45,85.03,0.65,52.12,0.0,0.0,0.3,747.5,0.04
2024-03-12 01:00:00,35.47,69.39,2.59,6.73,5.67,2.68,8.63,0.67,14.44,0.38,0.78,,,0.17,,29.34,85.88,0.64,19.98,0.0,0.0,0.4,744.39,0.04
2024-03-12 02:00:00,35.47,69.39,2.46,6.16,5.26,2.86,8.36,0.67,15.5,0.38,0.78,,,0.17,,29.37,86.61,0.57,30.67,0.0,0.0,0.38,742.4,0.04
2024-03-12 03:00:00,35.47,69.39,2.33,6.19,5.17,3.21,8.76,0.67,16.51,0.38,0.78,,,0.17,,29.1,88.25,0.62,45.96,0.0,0.0,0.45,741.44,0.04
2024-03-12 04:00:00,35.47,69.39,2.68,6.4,5.57,3.94,8.77,0.67,13.65,0.38,0.78,,,0.17,,29.01,89.34,0.65,52.38,0.0,0.0,0.4,741.06,0.04
2024-03-12 05:00:00,35.47,69.39,2.98,6.58,5.91,2.96,8.42,0.67,10.18,0.38,0.78,,,0.17,,28.66,91.79,0.63,59.56,0.0,0.0,0.43,743.19,0.04
2024-03-12 06:00:00,35.47,69.39,3.42,6.41,6.18,2.82,8.7,0.67,9.49,0.38,0.78,,,0.17,,28.61,92.54,0.72,40.05,0.0,0.0,8.62,746.07,0.04
2024-03-12 07:00:00,35.47,69.39,5.12,4.37,6.47,3.08,9.93,0.67,11.19,0.38,0.78,,,0.17,,29.44,89.39,0.56,69.32,0.0,0.0,64.64,749.49,0.04
2024-03-12 08:00:00,35.47,69.39,4.07,4.92,5.91,3.33,11.76,0.67,14.0,0.38,0.78,,,0.17,,31.16,81.08,0.37,154.52,0.0,0.0,171.74,752.44,0.04
2024-03-12 09:00:00,35.47,69.39,5.51,4.72,6.98,4.03,13.7,0.67,15.04,0.38,0.78,,,0.17,,32.4,74.47,0.52,239.96,0.0,0.0,282.57,753.94,0.03
2024-03-12 10:00:00,35.47,69.39,3.54,5.38,5.73,5.44,13.56,0.67,26.71,0.38,0.78,,,0.17,,33.54,67.71,0.54,224.9,0.0,0.0,387.07,753.16,0.04
2024-03-12 11:00:00,35.47,69.39,3.06,5.67,5.49,4.83,14.64,0.67,33.44,0.38,0.78,,,0.17,,34.57,62.42,0.49,227.2,0.0,0.0,503.58,750.16,0.04
2024-03-12 12:00:00,35.47,69.39,2.56,5.25,4.87,5.45,14.16,0.67,32.48,0.38,0.78,,,0.17,,35.73,56.53,0.55,211.98,0.0,0.0,502.25,745.91,0.04
2024-03-12 13:00:00,35.55,69.54,2.99,14.87,10.32,4.13,12.34,0.67,31.68,0.38,0.78,,,0.17,,36.21,53.76,0.43,237.33,0.0,0.0,234.91,742.15,0.03
2024-03-12 14:00:00,35.64,69.74,2.93,29.16,17.88,4.48,10.78,0.67,40.52,0.38,0.78,,,0.17,,36.31,51.58,0.53,211.96,0.0,0.0,166.52,738.29,0.04
2024-03-12 15:00:00,37.78,74.01,2.76,26.76,16.47,7.28,11.32,0.67,29.76,0.38,0.78,,,0.17,,36.13,51.29,0.54,201.39,0.0,0.0,104.46,736.38,0.04
2024-03-12 16:00:00,39.21,76.87,2.74,22.17,14.01,4.65,9.04,0.67,28.66,0.38,0.78,,,0.17,,35.56,52.26,0.55,196.64,0.0,0.0,66.52,736.4,0.04
2024-03-12 17:00:00,36.83,72.11,3.51,20.51,13.75,3.12,8.6,0.67,30.48,0.38,0.78,,,0.17,,34.69,52.39,0.5,185.95,0.0,0.0,27.4,736.9,0.04
2024-03-12 18:00:00,38.11,74.68,2.66,18.54,12.01,3.58,9.2,0.67,28.14,0.38,0.78,,,0.17,,33.58,59.04,0.68,170.1,0.0,0.0,2.08,738.62,0.04
2024-03-12 19:00:00,42.02,82.5,2.56,16.74,10.98,3.54,9.84,0.67,27.26,0.38,0.78,,,0.17,,32.8,62.89,0.6,172.95,0.0,0.0,0.6,740.54,0.04
2024-03-12 20:00:00,41.79,82.03,3.3,15.41,10.87,3.61,10.59,0.67,25.26,0.38,0.78,,,0.17,,32.17,67.02,0.51,193.89,0.0,0.0,0.48,742.5,0.04
2024-03-12 21:00:00,38.29,75.02,3.62,13.48,10.1,6.9,11.8,0.67,19.08,0.38,0.78,,,0.17,,31.6,73.2,0.52,182.65,0.0,0.0,0.29,743.9,0.04
2024-03-12 22:00:00,38.65,75.75,2.59,12.61,8.8,4.22,10.66,0.67,24.74,0.38,0.78,,,0.17,,31.25,77.77,0.57,173.99,0.0,0.0,0.46,743.4,0.04
2024-03-12 23:00:00,39.3,77.04,2.57,11.23,8.05,3.68,10.94,0.67,25.12,0.38,0.78,,,0.17,,31.04,80.38,0.26,147.01,0.0,0.0,0.31,741.66,0.04
2024-03-13 00:00:00,39.54,77.53,3.91,10.0,8.49,3.43,13.66,0.67,24.47,0.38,0.78,,,0.17,,30.77,82.26,0.34,252.85,0.0,0.0,0.42,739.59,0.04
2024-03-13 01:00:00,40.18,78.82,2.29,10.34,7.34,3.7,12.72,0.67,23.78,0.38,0.78,,,0.17,,30.48,84.85,0.51,256.97,0.0,0.0,0.46,737.16,0.04
2024-03-13 02:00:00,37.15,72.74,2.1,10.22,7.14,3.74,12.66,0.67,23.56,0.38,0.78,,,0.17,,30.33,86.86,0.47,222.14,0.0,0.0,0.36,734.63,0.04
2024-03-13 03:00:00,36.34,71.13,2.42,9.96,7.24,5.63,12.82,0.67,25.18,0.38,0.78,,,0.17,,30.33,87.44,0.67,264.59,0.0,0.0,0.32,733.05,0.04
2024-03-13 04:00:00,36.27,71.0,2.34,9.71,7.05,3.97,11.68,0.67,24.02,0.38,0.78,,,0.17,,30.32,86.96,0.49,248.73,0.0,0.0,0.47,733.28,0.04
2024-03-13 05:00:00,36.44,71.34,2.65,9.73,7.32,3.98,11.32,0.67,22.78,0.38,0.78,,,0.17,,30.13,88.32,0.45,249.81,0.0,0.0,0.46,735.1,0.04
2024-03-13 06:00:00,35.84,70.14,3.11,10.66,8.18,4.21,11.56,0.67,13.86,0.38,0.78,,,0.17,,29.74,90.56,0.5,142.72,0.0,0.0,10.4,737.8,0.04
2024-03-13 07:00:00,36.6,71.66,3.57,9.38,7.88,4.62,12.06,0.67,12.06,0.38,0.78,,,0.17,,30.04,89.58,0.5,120.38,0.0,0.0,55.5,741.27,0.04
2024-03-13 08:00:00,39.5,77.46,2.85,8.25,6.7,5.6,15.29,0.67,16.03,0.38,0.78,,,0.17,,31.24,83.85,0.49,149.13,0.0,0.0,133.4,744.67,0.04
2024-03-13 09:00:00,40.27,78.99,3.78,8.93,7.81,6.81,17.58,0.67,18.22,0.38,0.78,,,0.17,,32.45,77.46,0.39,207.92,0.0,0.0,201.22,747.12,0.04
2024-03-13 10:00:00,37.7,73.86,2.84,9.04,7.11,4.13,17.47,0.67,27.9,0.38,0.78,,,0.17,,33.62,69.31,0.64,250.37,0.0,0.0,296.0,747.9,0.04
2024-03-13 11:00:00,36.56,71.56,2.58,8.6,6.66,4.06,18.72,0.67,37.13,0.38,0.78,,,0.17,,34.42,63.16,0.53,227.05,0.0,0.0,329.41,744.81,0.04
2024-03-13 12:00:00,36.02,70.49,2.28,7.88,6.04,3.94,20.46,0.67,41.47,0.38,0.78,,,0.17,,35.45,58.11,0.47,184.32,0.0,0.0,365.21,740.38,0.04
2024-03-13 13:00:00,35.76,69.98,2.23,7.42,5.75,4.05,22.47,0.67,48.64,0.38,0.78,,,0.17,,35.96,51.82,0.57,190.97,0.0,0.0,229.16,736.17,0.04
2024-03-13 14:00:00,35.73,69.91,2.32,8.23,6.25,6.76,21.16,0.67,51.51,0.38,0.78,,,0.17,,35.94,51.77,0.65,178.09,0.0,0.0,173.11,732.92,0.04
2024-03-13 15:00:00,35.76,69.97,2.34,7.64,5.96,5.93,16.43,0.67,50.0,0.38,0.78,,,0.17,,35.94,49.06,0.7,167.91,0.0,0.0,113.66,731.31,0.04
2024-03-13 16:00:00,35.68,69.8,2.28,7.51,5.84,4.35,15.54,0.67,47.78,0.38,0.78,,,0.17,,35.32,51.4,0.71,168.93,0.0,0.0,72.95,731.26,0.04
2024-03-13 17:00:00,36.76,71.96,2.22,7.9,6.0,4.1,14.89,0.67,37.64,0.38,0.78,,,0.17,,34.49,55.84,0.69,170.06,0.0,0.0,28.31,732.41,0.04
2024-03-13 18:00:00,37.8,74.04,2.25,8.6,6.4,4.03,15.42,0.67,33.14,0.38,0.78,,,0.17,,33.49,62.1,0.75,167.89,0.0,0.0,1.99,734.1,0.04
2024-03-13 19:00:00,37.56,73.57,2.34,9.34,6.85,3.76,16.0,0.67,23.91,0.38,0.78,,,0.17,,32.62,67.79,0.74,167.88,0.0,0.0,0.76,737.37,0.04
2024-03-13 20:00:00,43.2,84.85,2.42,9.37,6.94,6.65,15.98,0.67,24.32,0.38,0.78,,,0.17,,31.87,76.08,0.71,169.23,0.0,0.0,0.48,739.73,0.04
2024-03-13 21:00:00,44.2,86.85,2.31,8.2,6.23,4.58,14.91,0.67,23.2,0.38,0.78,,,0.17,,31.37,81.22,0.66,167.43,0.0,0.0,0.53,741.22,0.04
2024-03-13 22:00:00,36.09,70.62,2.54,8.25,6.44,3.95,14.9,0.67,19.97,0.38,0.78,,,0.17,,31.1,83.5,0.55,144.4,0.0,0.0,0.42,741.89,0.04
2024-03-13 23:00:00,47.18,92.81,2.35,8.0,6.15,4.29,14.77,0.67,19.83,0.38,0.78,,,0.17,,30.84,84.49,0.58,129.45,0.0,0.0,0.51,741.08,0.04
2024-03-14 00:00:00,55.85,110.15,2.29,7.47,5.82,4.63,13.28,0.67,17.23,0.38,0.78,,,0.17,,30.29,87.71,0.41,117.78,0.0,0.0,1.07,740.04,0.04
2024-03-14 01:00:00,35.47,69.39,2.38,6.62,5.44,4.45,10.89,0.67,13.78,0.38,0.78,,,0.17,,29.68,91.31,0.4,69.18,0.0,0.0,24.04,742.86,0.04
2024-03-14 02:00:00,,,,,,,,,,,,,,,,,,,,,0.0,,,
2024-03-14 03:00:00,,,,,,,,,,,,,,,,,,,,,0.0,,,
2024-03-14 04:00:00,,,,,,,,,,,,,,,,,,,,,0.0,,,
2024-03-14 05:00:00,,,,,,,,,,,,,,,,,,,,,0.0,,,
2024-03-14 06:00:00,,,,,,,,,,,,,,,,,,,,,0.0,,,
2024-03-14 07:00:00,35.47,69.39,2.32,6.4,5.28,5.44,11.81,0.67,10.09,0.38,0.78,,,0.17,,30.5,87.33,0.52,90.03,0.0,0.0,51.61,745.86,0.04
2024-03-14 08:00:00,35.47,69.39,2.76,6.6,5.74,7.49,11.64,0.67,14.55,0.38,0.78,,,0.17,,31.35,83.02,0.53,152.9,0.0,0.0,132.01,747.64,0.04
2024-03-14 09:00:00,35.47,69.39,3.48,7.29,6.7,4.1,12.72,0.67,26.66,0.38,0.78,,,0.17,,32.84,73.21,0.5,202.9,0.0,0.0,284.74,748.66,0.04
2024-03-14 10:00:00,35.47,69.39,2.3,6.17,5.14,4.5,13.96,0.67,18.56,0.38,0.78,,,0.17,,34.21,62.84,0.68,166.55,0.0,0.0,402.42,747.77,0.04
2024-03-14 11:00:00,36.34,71.12,2.11,5.9,4.84,4.09,13.52,0.67,22.13,0.38,0.78,,,0.17,,35.07,56.37,0.68,165.67,0.0,0.0,430.0,744.82,0.04
2024-03-14 12:00:00,46.94,92.32,2.14,6.07,4.96,4.22,16.82,0.67,45.11,0.38,0.78,,,0.17,,36.29,45.06,0.64,153.31,0.0,0.0,419.65,740.76,0.04
2024-03-14 13:00:00,45.48,89.4,2.04,6.28,4.99,6.23,18.38,0.67,45.61,0.38,0.78,,,0.17,,36.74,39.51,0.71,162.25,0.0,0.0,236.72,737.21,0.04
2024-03-14 14:00:00,35.47,69.39,2.29,6.44,5.28,6.16,15.95,0.67,43.64,0.38,0.78,,,0.17,,37.07,34.92,0.7,163.91,0.0,0.0,159.47,733.38,0.04
2024-03-14 15:00:00,35.47,69.39,2.22,7.39,5.73,3.52,13.88,0.67,38.84,0.38,0.78,,,0.17,,37.02,32.59,0.74,167.38,0.0,0.0,105.76,731.07,0.04
2024-03-14 16:00:00,35.47,69.39,2.16,6.72,5.32,4.21,14.02,0.67,43.11,0.38,0.78,,,0.17,,36.76,32.85,0.73,167.22,0.0,0.0,68.48,730.18,0.04
2024-03-14 17:00:00,35.47,69.39,2.3,7.27,5.72,4.4,13.52,0.67,31.33,0.38,0.78,,,0.17,,36.2,47.53,0.64,145.63,0.0,0.0,30.02,731.24,0.04
2024-03-14 18:00:00,35.47,69.39,2.26,7.32,5.72,4.36,13.56,0.67,25.21,0.38,0.78,,,0.17,,34.16,59.27,0.75,168.49,0.0,0.0,2.25,734.02,0.04
2024-03-14 19:00:00,35.47,69.39,2.84,8.3,6.71,9.81,13.95,0.67,18.44,0.38,0.78,,,0.17,,32.95,66.09,0.61,147.79,0.0,0.0,0.5,736.69,0.04
2024-03-14 20:00:00,36.47,71.39,3.22,8.77,7.27,6.96,14.14,0.67,16.83,0.38,0.78,,,0.17,,32.01,72.94,0.57,108.53,0.0,0.0,0.47,738.74,0.04
2024-03-14 21:00:00,50.86,100.16,2.93,6.68,5.92,6.69,14.92,0.67,13.4,0.38,0.78,,,0.17,,31.41,81.45,0.51,82.21,0.0,0.0,0.3,739.94,0.04
2024-03-14 22:00:00,72.93,144.32,2.78,6.35,5.62,7.0,14.93,0.67,15.05,0.38,0.78,,,0.17,,31.1,85.46,0.54,73.57,0.0,0.0,0.32,739.99,0.04
2024-03-14 23:00:00,35.98,70.41,2.51,6.85,5.67,7.0,14.76,0.67,14.34,0.38,0.78,,,0.17,,30.73,88.42,0.58,35.3,0.0,0.0,0.45,739.38,0.04
2024-03-15 00:00:00,41.77,81.98,2.33,6.14,5.16,7.21,13.88,0.67,15.93,0.38,0.78,,,0.17,,30.58,89.6,0.62,36.32,0.0,0.0,0.32,737.22,0.04
2024-03-15 01:00:00,35.49,69.44,2.5,5.56,4.98,11.32,13.28,0.67,20.38,0.38,0.78,,,0.17,,30.83,87.06,0.44,215.58,0.0,0.0,0.24,734.76,0.04
2024-03-15 02:00:00,35.47,69.39,2.26,5.56,4.78,6.19,11.99,0.67,21.97,0.38,0.78,,,0.17,,30.85,86.26,0.5,240.48,0.0,0.0,0.56,733.01,0.04
2024-03-15 03:00:00,35.47,69.39,2.26,5.3,4.64,6.0,11.51,0.67,24.69,0.38,0.78,,,0.17,,30.9,84.58,0.35,236.4,0.0,0.0,0.6,732.99,0.04
2024-03-15 04:00:00,35.47,69.39,2.33,6.42,5.3,5.76,10.8,0.67,18.36,0.38,0.78,,,0.17,,30.68,86.7,0.62,78.96,0.0,0.0,0.9,733.4,0.04
2024-03-15 05:00:00,35.47,69.39,2.38,7.01,5.66,5.66,9.89,0.67,14.53,0.38,0.78,,,0.17,,30.54,88.32,0.51,83.54,0.0,0.0,0.72,735.49,0.04
2024-03-15 06:00:00,35.47,69.39,2.64,7.28,6.01,5.6,9.77,0.67,13.59,0.38,0.78,,,0.17,,30.46,88.9,0.52,104.16,0.0,0.0,8.9,738.11,0.04
2024-03-15 07:00:00,35.47,69.39,4.08,6.57,6.8,9.3,10.52,0.67,13.48,0.38,0.78,,,0.17,,30.82,87.68,0.47,65.95,0.0,0.0,47.44,741.16,0.04
2024-03-15 08:00:00,35.47,69.39,2.89,6.34,5.71,5.3,11.92,0.67,14.2,0.38,0.78,,,0.17,,32.05,80.93,0.59,153.22,0.0,0.0,178.72,744.0,0.04
2024-03-15 09:00:00,39.8,78.05,2.83,6.57,5.78,5.01,14.88,0.67,21.34,0.38,0.78,,,0.17,,33.04,72.54,0.6,186.08,0.0,0.0,236.03,745.0,0.04
2024-03-15 10:00:00,50.2,98.84,2.21,5.46,4.69,5.24,14.47,0.67,15.66,0.38,0.78,,,0.17,,34.1,63.42,0.64,167.93,0.0,0.0,422.32,744.44,0.04
2024-03-15 11:00:00,41.3,81.05,2.32,5.54,4.82,4.77,14.66,0.67,34.36,0.38,0.78,,,0.17,,34.77,58.38,0.56,179.56,0.0,0.0,407.55,742.36,0.04
2024-03-15 12:00:00,35.47,69.39,2.13,5.83,4.82,6.04,15.81,0.67,36.26,0.38,0.78,,,0.17,,35.32,55.36,0.58,170.28,0.0,0.0,329.62,738.79,0.04
2024-03-15 13:00:00,35.47,69.39,2.47,5.55,4.95,8.78,15.01,0.67,34.21,0.38,0.78,,,0.17,,35.87,51.94,0.61,181.81,0.0,0.0,227.87,735.78,0.04
2024-03-15 14:00:00,35.47,69.39,2.2,5.5,4.71,4.5,13.06,0.67,33.35,0.38,0.78,,,0.17,,35.79,51.79,0.63,171.21,0.0,0.0,157.99,733.83,0.04
2024-03-15 15:00:00,35.47,69.39,2.12,5.47,4.62,4.19,11.78,0.67,33.51,0.38,0.78,,,0.17,,35.54,52.91,0.65,169.68,0.0,0.0,118.55,732.99,0.04
2024-03-15 16:00:00,35.47,69.39,2.18,5.96,4.93,4.24,10.64,0.67,30.43,0.38,0.78,,,0.17,,35.23,54.78,0.5,175.4,0.0,0.0,75.62,732.72,0.04
2024-03-15 17:00:00,35.47,69.39,2.22,6.38,5.19,4.9,9.59,0.67,25.26,0.38,0.78,,,0.17,,34.35,58.53,0.73,163.12,0.0,0.0,31.74,732.0,0.04
2024-03-15 18:00:00,35.47,69.39,2.31,8.91,6.61,6.54,9.77,0.67,23.92,0.38,0.78,,,0.17,,33.55,62.27,0.74,166.9,0.0,0.0,1.84,733.39,0.04
2024-03-15 19:00:00,35.47,69.39,2.63,8.91,6.87,7.19,10.16,0.67,18.0,0.38,0.78,,,0.17,,32.81,66.7,0.71,162.79,0.0,0.0,0.65,736.72,0.04
2024-03-15 20:00:00,37.73,73.9,2.82,9.57,7.37,4.62,10.41,0.67,12.2,0.38,0.78,,,0.17,,31.93,73.03,0.68,158.5,0.0,0.0,0.55,739.27,0.04
2024-03-15 21:00:00,37.02,72.48,2.39,7.2,5.76,5.32,11.96,0.67,13.5,0.38,0.78,,,0.17,,31.6,76.17,0.69,164.5,0.0,0.0,0.43,741.53,0.04
2024-03-15 22:00:00,35.9,70.24,3.09,7.54,6.5,4.78,13.18,0.67,11.89,0.38,0.78,,,0.17,,31.02,80.0,0.6,95.72,0.0,0.0,0.56,742.61,0.04
2024-03-15 23:00:00,50.81,100.08,2.83,8.2,6.65,5.08,13.42,0.67,11.35,0.38,0.78,,,0.17,,30.78,81.32,0.7,161.63,0.0,0.0,0.26,740.33,0.04
2024-03-16 00:00:00,42.45,83.35,3.02,7.97,6.68,7.72,13.14,0.67,10.84,0.38,0.78,,,0.17,,30.39,83.52,0.62,80.81,0.0,0.0,0.41,740.0,0.04
2024-03-16 01:00:00,41.07,80.59,3.18,8.75,7.22,5.96,12.72,0.67,8.52,0.38,0.78,,,0.17,,30.19,85.11,0.66,114.02,0.0,0.0,0.3,738.79,0.04
2024-03-16 02:00:00,38.26,74.96,2.55,8.23,6.44,5.35,13.26,0.67,10.88,0.38,0.78,,,0.17,,30.48,84.46,0.67,152.8,0.0,0.0,0.56,737.12,0.04
2024-03-16 03:00:00,42.1,82.66,2.6,8.04,6.38,5.66,13.22,0.67,10.78,0.38,0.78,,,0.17,,30.21,86.26,0.66,150.42,0.0,0.0,0.65,737.0,0.04
2024-03-16 04:00:00,38.99,76.44,2.62,8.01,6.38,5.76,13.55,0.67,10.53,0.38,0.78,,,0.17,,29.88,88.23,0.61,112.94,0.0,0.0,0.41,736.5,0.04
2024-03-16 05:00:00,35.76,69.97,2.69,7.49,6.16,5.8,14.02,0.67,11.27,0.38,0.78,,,0.17,,29.8,89.37,0.6,92.11,0.0,0.0,0.51,738.48,0.04
2024-03-16 06:00:00,35.5,69.45,3.1,10.3,8.0,9.24,14.52,0.67,10.75,0.38,0.78,,,0.17,,29.86,89.69,0.63,105.28,0.0,0.0,9.6,741.44,0.04
2024-03-16 07:00:00,35.47,69.4,6.14,5.4,7.85,6.28,14.48,0.67,9.33,0.38,0.78,,,0.17,,30.64,86.32,0.54,130.03,0.0,0.0,64.48,744.43,0.04
2024-03-16 08:00:00,46.99,92.43,3.44,5.87,5.91,6.5,13.83,0.67,11.54,0.38,0.78,,,0.17,,32.1,77.79,0.72,162.77,0.0,0.0,165.93,747.25,0.04
2024-03-16 09:00:00,42.17,82.79,2.8,5.71,5.3,6.18,15.49,0.67,14.54,0.38,0.78,,,0.17,,32.91,71.99,0.68,167.4,0.0,0.0,172.82,748.66,0.04
2024-03-16 10:00:00,37.15,72.75,2.47,5.67,5.02,6.24,14.85,0.67,10.56,0.38,0.78,,,0.17,,33.9,64.99,0.62,169.23,0.0,0.0,292.34,749.16,0.04
2024-03-16 11:00:00,37.14,72.74,2.33,5.55,4.83,5.94,12.91,0.67,11.54,0.38,0.78,,,0.17,,34.85,58.75,0.64,168.36,0.0,0.0,344.36,745.87,0.04
2024-03-16 12:00:00,37.78,74.03,3.09,8.44,6.99,8.09,14.05,0.67,21.8,0.38,0.78,,,0.17,,35.34,54.32,0.67,169.66,0.0,0.0,315.15,741.99,0.04
2024-03-16 13:00:00,36.42,71.29,3.25,5.94,5.79,5.36,17.34,0.67,26.28,0.38,0.78,,,0.17,,35.94,51.71,0.53,165.52,0.0,0.0,228.83,738.74,0.04
2024-03-16 14:00:00,35.55,69.55,2.31,6.28,5.21,4.95,18.05,0.67,25.89,0.38,0.78,,,0.17,,35.93,51.06,0.72,169.11,0.0,0.0,139.2,735.4,0.04
2024-03-16 15:00:00,36.41,71.27,2.32,6.7,5.43,5.06,13.3,0.67,16.52,0.38,0.78,,,0.17,,35.94,50.55,0.72,170.11,0.0,0.0,104.93,733.26,0.04
2024-03-16 16:00:00,38.12,74.68,2.32,6.38,5.26,5.1,11.28,0.67,28.8,0.38,0.78,,,0.17,,35.79,49.97,0.73,164.56,0.0,0.0,65.48,733.07,0.04
2024-03-16 17:00:00,37.19,72.84,2.35,7.4,5.83,7.7,13.12,0.67,27.17,0.38,0.78,,,0.17,,35.19,50.7,0.77,165.65,0.0,0.0,32.0,734.35,0.04
2024-03-16 18:00:00,35.97,70.38,2.58,7.83,6.25,8.04,12.97,0.67,18.87,0.38,0.78,,,0.17,,33.73,63.79,0.76,167.07,0.0,0.0,2.25,737.23,0.04
2024-03-16 19:00:00,36.8,72.04,2.55,7.05,5.81,4.94,10.69,0.67,11.38,0.38,0.78,,,0.17,,32.53,70.59,0.72,162.52,0.0,0.0,0.78,740.24,0.04
2024-03-16 20:00:00,40.3,79.04,2.69,6.8,5.8,5.57,10.5,0.67,9.86,0.38,0.78,,,0.17,,31.67,77.09,0.73,165.88,0.0,0.0,0.74,741.9,0.04
2024-03-16 21:00:00,38.98,76.41,2.82,7.32,6.18,5.49,11.27,0.67,10.06,0.38,0.78,,,0.17,,31.13,81.05,0.59,127.83,0.0,0.0,0.4,743.08,0.04
2024-03-16 22:00:00,36.68,71.8,2.6,7.39,6.04,5.6,12.7,0.67,10.02,0.38,0.78,,,0.17,,30.7,83.91,0.58,75.4,0.0,0.0,0.34,744.0,0.04
2024-03-16 23:00:00,35.9,70.26,2.48,8.1,6.32,7.63,12.92,0.67,10.74,0.38,0.78,,,0.17,,30.46,85.46,0.54,104.16,0.0,0.0,0.23,742.58,0.04
2024-03-17 00:00:00,35.65,69.76,2.41,7.78,6.09,7.14,13.06,0.67,9.8,0.38,0.78,,,0.17,,30.33,86.18,0.65,81.65,0.0,0.0,0.4,741.09,0.04
2024-03-17 01:00:00,38.5,75.44,2.55,7.3,5.95,5.32,12.4,0.67,10.09,0.38,0.78,,,0.17,,30.2,86.68,0.7,68.27,0.0,0.0,0.59,739.15,0.04
2024-03-17 02:00:00,37.9,74.26,3.05,8.15,6.8,5.29,12.22,0.67,8.06,0.38,0.78,,,0.17,,29.92,88.38,0.65,81.55,0.0,0.0,0.38,737.39,0.04
2024-03-17 03:00:00,36.39,71.22,2.29,7.86,6.03,5.41,12.06,0.67,9.48,0.38,0.78,,,0.17,,29.92,88.51,0.57,110.52,0.0,0.0,0.46,736.5,0.04
2024-03-17 04:00:00,37.3,73.05,2.57,8.81,6.76,5.32,11.46,0.67,8.16,0.38,0.78,,,0.17,,29.75,89.37,0.52,96.0,0.0,0.0,0.53,737.12,0.04
2024-03-17 05:00:00,36.94,72.34,2.92,9.03,7.16,7.95,11.4,0.67,7.76,0.38,0.78,,,0.17,,29.52,91.07,0.63,43.94,0.0,0.0,0.47,739.44,0.04
2024-03-17 06:00:00,36.18,70.82,2.95,7.74,6.5,5.9,10.89,0.67,8.62,0.38,0.78,,,0.17,,29.86,90.12,0.66,62.84,0.0,0.0,8.51,742.95,0.04
2024-03-17 07:00:00,38.0,74.44,3.22,7.08,6.38,5.22,11.34,0.67,9.66,0.38,0.78,,,0.17,,30.62,86.68,0.5,124.89,0.0,0.0,38.18,746.33,0.04
2024-03-17 08:00:00,37.69,73.82,3.21,6.35,5.97,5.24,12.87,0.67,9.46,0.38,0.78,,,0.17,,31.74,81.52,0.6,128.74,0.0,0.0,145.49,748.51,0.04
2024-03-17 09:00:00,37.08,72.61,2.47,5.86,5.12,5.49,15.48,0.67,14.25,0.38,0.78,,,0.17,,32.84,73.57,0.61,154.61,0.0,0.0,245.84,749.98,0.04
2024-03-17 10:00:00,37.24,72.94,2.26,5.5,4.75,5.65,16.6,0.67,15.4,0.38,0.78,,,0.17,,34.12,64.64,0.59,167.62,0.0,0.0,381.42,749.75,0.04
2024-03-17 11:00:00,37.44,73.32,2.46,7.69,6.08,7.97,16.77,0.67,14.1,0.38,0.78,,,0.17,,35.03,56.72,0.45,176.2,0.0,0.0,397.98,748.08,0.04
2024-03-17 12:00:00,37.03,72.51,2.33,6.57,5.38,7.73,16.25,0.67,23.37,0.38,0.78,,,0.17,,34.96,54.37,0.71,163.88,0.0,0.0,359.69,743.5,0.04
2024-03-17 13:00:00,36.66,71.78,2.06,6.58,5.16,6.96,16.7,0.67,18.16,0.38,0.78,,,0.17,,35.39,52.6,0.62,160.39,0.0,0.0,205.06,740.08,0.04
2024-03-17 14:00:00,36.31,71.06,2.19,5.56,4.73,5.68,15.24,0.67,30.19,0.38,0.78,,,0.17,,35.57,49.94,0.59,158.96,0.0,0.0,148.87,737.3,0.04
2024-03-17 15:00:00,35.98,70.41,2.14,4.99,4.38,3.05,13.48,0.67,31.12,0.38,0.78,,,0.17,,35.63,47.29,0.64,165.98,0.0,0.0,105.18,735.3,0.04
2024-03-17 16:00:00,36.68,71.82,2.02,4.94,4.26,3.0,12.24,0.67,17.79,0.38,0.78,,,0.17,,35.16,50.8,0.73,166.62,0.0,0.0,68.34,735.49,0.04
2024-03-17 17:00:00,37.26,72.97,2.13,5.24,4.51,3.42,10.36,0.67,19.46,0.38,0.78,,,0.17,,34.22,56.5,0.72,164.73,0.0,0.0,30.86,736.6,0.04
2024-03-17 18:00:00,37.39,73.23,2.26,6.21,5.12,3.51,10.69,0.67,14.3,0.38,0.78,,,0.17,,33.25,61.93,0.72,162.5,0.0,0.0,2.38,738.72,0.04
2024-03-17 19:00:00,37.51,73.47,2.24,6.19,5.1,4.7,11.34,0.67,7.41,0.38,0.78,,,0.17,,31.96,68.85,0.68,156.58,0.0,0.0,0.82,741.91,0.04
2024-03-17 20:00:00,37.14,72.72,2.78,6.46,5.69,6.1,12.6,0.67,9.28,0.38,0.78,,,0.17,,31.31,72.71,0.67,153.94,0.0,0.0,0.56,743.86,0.04
2024-03-17 21:00:00,37.02,72.5,2.47,6.23,5.3,3.62,12.86,0.67,9.26,0.38,0.78,,,0.17,,30.9,75.72,0.74,164.14,0.0,0.0,0.55,744.25,0.04
2024-03-17 22:00:00,38.26,74.97,2.28,5.65,4.85,3.96,13.31,0.67,9.44,0.38,0.78,,,0.17,,30.57,78.19,0.71,160.68,0.0,0.0,0.68,744.65,0.04
2024-03-17 23:00:00,37.94,74.34,2.94,6.2,5.68,3.94,12.94,0.67,6.56,0.38,0.78,,,0.17,,29.84,82.55,0.55,66.14,0.0,0.0,0.69,744.02,0.04
2024-03-18 00:00:00,38.66,75.75,2.41,6.02,5.15,4.47,10.83,0.67,6.66,0.38,0.78,,,0.17,,29.52,84.27,0.58,73.48,0.0,0.0,0.5,742.97,0.04
2024-03-18 01:00:00,37.9,74.24,2.37,5.99,5.1,4.76,10.21,0.67,6.6,0.38,0.78,,,0.17,,29.2,86.44,0.62,79.16,0.0,0.0,0.37,740.02,0.04
2024-03-18 02:00:00,36.71,71.87,2.66,5.62,5.14,6.66,10.68,0.67,6.39,0.38,0.78,,,0.17,,29.02,87.35,0.42,97.14,0.0,0.0,0.3,737.12,0.04
2024-03-18 03:00:00,36.57,71.6,2.99,6.0,5.6,3.68,9.79,0.67,6.08,0.38,0.78,,,0.17,,28.8,88.29,0.62,66.44,0.0,0.0,0.5,736.66,0.04
2024-03-18 04:00:00,37.25,72.94,2.38,5.92,5.08,3.93,9.6,0.67,6.2,0.38,0.78,,,0.17,,28.67,89.38,0.6,73.62,0.0,0.0,0.42,736.78,0.04
2024-03-18 05:00:00,36.95,72.34,4.8,4.1,6.07,3.43,10.04,0.67,5.82,0.38,0.78,,,0.17,,28.76,89.2,0.68,56.9,0.0,0.0,0.63,737.43,0.04
2024-03-18 06:00:00,36.39,71.23,6.04,3.82,6.93,3.65,10.55,0.67,5.77,0.38,0.78,,,0.17,,28.74,89.68,0.6,124.45,0.0,0.0,10.18,739.65,0.04
2024-03-18 07:00:00,36.11,70.67,8.65,1.12,7.62,3.82,11.92,0.67,6.05,0.38,0.78,,,0.17,,29.74,85.38,0.54,112.34,0.0,0.0,65.3,743.38,0.04
2024-03-18 08:00:00,36.36,71.17,5.54,3.49,6.34,6.13,14.15,0.67,7.51,0.38,0.78,,,0.17,,31.16,78.29,0.66,166.02,0.0,0.0,170.02,746.8,0.04
2024-03-18 09:00:00,36.68,71.82,3.59,4.31,5.2,4.01,16.17,0.67,7.15,0.38,0.78,,,0.17,,32.18,70.96,0.5,217.42,0.0,0.0,178.74,748.85,0.04
2024-03-18 10:00:00,36.49,71.43,2.75,5.16,4.97,3.66,16.4,0.67,8.71,0.38,0.78,,,0.17,,33.04,64.26,0.42,233.19,0.0,0.0,247.64,749.6,0.04
2024-03-18 11:00:00,36.22,70.9,2.3,5.3,4.68,3.16,15.3,0.67,12.04,0.38,0.78,,,0.17,,34.36,56.06,0.35,209.45,0.0,0.0,431.08,747.44,0.04
2024-03-18 12:00:00,36.04,70.54,2.54,5.18,4.81,2.84,15.16,0.67,20.32,0.38,0.78,,,0.17,,34.16,56.85,0.3,296.99,0.0,0.0,190.76,743.36,0.04
2024-03-18 13:00:00,35.91,70.27,3.54,5.7,5.9,2.61,15.6,0.67,29.78,0.38,0.78,,,0.17,,35.14,51.75,0.38,187.06,0.0,0.0,226.19,738.21,0.04
2024-03-18 14:00:00,36.85,72.14,3.49,5.56,5.78,5.31,15.44,0.67,18.64,0.38,0.78,,,0.17,,35.29,49.52,0.38,89.49,0.0,0.0,127.11,734.75,0.04
2024-03-18 15:00:00,36.89,72.22,5.37,6.16,7.64,2.56,11.36,0.67,20.12,0.38,0.78,,,0.17,,35.37,45.67,0.61,152.68,0.0,0.0,99.23,732.72,0.04
2024-03-18 16:00:00,36.44,71.32,2.08,5.29,4.5,2.39,12.56,0.67,31.75,0.38,0.78,,,0.17,,35.07,46.08,0.6,147.89,0.0,0.0,65.62,731.58,0.04
2024-03-18 17:00:00,36.14,70.73,2.24,7.06,5.56,2.27,14.0,0.67,27.63,0.38,0.78,,,0.17,,34.54,47.19,0.71,161.06,0.0,0.0,25.66,731.31,0.04
2024-03-18 18:00:00,35.94,70.33,2.29,7.03,5.59,2.61,12.04,0.67,14.98,0.38,0.78,,,0.17,,33.15,64.04,0.75,167.42,0.0,0.0,2.43,732.78,0.04
2024-03-18 19:00:00,35.96,70.38,2.72,6.5,5.65,2.69,12.47,0.67,10.76,0.38,0.78,,,0.17,,32.19,68.15,0.73,170.59,0.0,0.0,0.84,735.84,0.04
2024-03-18 20:00:00,36.78,72.02,2.36,6.48,5.35,4.5,14.32,0.67,10.98,0.38,0.78,,,0.17,,31.54,69.74,0.68,166.32,0.0,0.0,0.63,739.05,0.04
2024-03-18 21:00:00,36.77,72.0,2.38,6.45,5.35,3.13,13.24,0.67,9.64,0.38,0.78,,,0.17,,30.86,74.84,0.46,120.3,0.0,0.0,0.58,740.68,0.04
2024-03-18 22:00:00,36.39,71.23,3.14,6.56,6.04,2.63,13.24,0.67,6.86,0.38,0.78,,,0.17,,29.95,80.32,0.49,37.39,0.0,0.0,0.64,740.29,0.04
2024-03-18 23:00:00,36.62,71.69,3.08,6.57,5.98,2.77,13.41,0.67,6.19,0.38,0.78,,,0.17,,29.39,84.02,0.67,28.52,0.0,0.0,0.4,740.98,0.04
2024-03-19 00:00:00,36.65,71.75,2.83,6.31,5.64,2.89,12.67,0.67,6.12,0.38,0.78,,,0.17,,28.94,87.41,0.72,10.54,0.0,0.0,0.47,740.31,0.04
2024-03-19 01:00:00,36.41,71.26,2.76,6.2,5.54,2.93,11.25,0.67,6.18,0.38,0.78,,,0.17,,28.84,88.65,0.63,38.02,0.0,0.0,0.3,736.36,0.04
2024-03-19 02:00:00,37.4,73.24,2.62,6.26,5.44,4.52,10.74,0.67,6.63,0.38,0.78,,,0.17,,28.78,89.5,0.62,50.96,0.0,0.0,0.22,733.63,0.04
2024-03-19 03:00:00,37.34,73.13,2.28,5.48,4.76,3.68,9.46,0.67,7.33,0.38,0.78,,,0.17,,28.92,89.84,0.56,101.29,0.0,0.0,0.66,733.11,0.04
2024-03-19 04:00:00,36.75,71.94,2.28,5.42,4.73,3.18,8.92,0.67,7.54,0.38,0.78,,,0.17,,28.95,90.44,0.6,53.16,0.0,0.0,0.59,733.14,0.04
2024-03-19 05:00:00,36.85,72.14,3.21,4.78,5.14,3.08,8.56,0.67,7.12,0.38,0.78,,,0.17,,28.91,91.24,0.49,187.95,0.0,0.0,0.71,735.81,0.04
2024-03-19 06:00:00,36.7,71.84,4.26,3.77,5.46,2.89,9.02,0.67,7.75,0.38,0.78,,,0.17,,29.26,90.02,0.56,176.27,0.0,0.0,5.95,738.44,0.04
2024-03-19 07:00:00,36.35,71.15,4.64,4.22,6.0,2.75,9.44,0.67,7.52,0.38,0.78,,,0.17,,29.75,87.9,0.42,142.64,0.0,0.0,22.11,740.5,0.04
2024-03-19 08:00:00,37.33,73.1,5.84,3.44,6.57,3.9,11.08,0.67,9.09,0.38,0.78,,,0.17,,30.24,85.83,0.61,13.25,0.0,0.0,65.74,744.52,0.04
2024-03-19 09:00:00,37.45,73.36,5.6,4.04,6.7,3.5,12.89,0.67,13.22,0.38,0.78,,,0.17,,31.7,76.34,0.52,240.58,0.0,0.0,152.38,746.32,0.04
2024-03-19 10:00:00,36.89,72.24,4.66,4.33,6.08,2.46,13.37,0.67,18.81,0.38,0.78,,,0.17,,32.98,65.66,0.5,265.49,0.0,0.0,361.26,747.31,0.04
2024-03-19 11:00:00,37.43,73.3,3.04,5.38,5.32,2.96,13.63,0.67,25.36,0.38,0.78,,,0.17,,34.01,56.25,0.67,256.31,0.0,0.0,429.02,743.57,0.03
2024-03-19 12:00:00,29.91,65.84,2.94,5.12,5.11,2.86,12.61,0.72,27.56,0.34,0.82,,,0.16,,35.08,49.93,0.38,226.99,0.0,0.0,321.68,739.57,0.04
2024-03-19 13:00:00,27.24,62.93,3.27,5.42,5.54,2.82,11.45,0.74,32.74,0.32,0.84,,,0.15,,35.16,47.96,0.26,175.68,0.0,0.0,187.56,736.13,0.04
2024-03-19 14:00:00,27.18,62.8,2.6,5.1,4.82,4.35,11.07,0.74,37.92,0.32,0.84,,,0.15,,35.07,46.67,0.43,150.18,0.0,0.0,149.39,733.1,0.04
2024-03-19 15:00:00,26.96,62.37,2.41,4.97,4.59,3.75,10.0,0.74,36.71,0.32,0.84,,,0.15,,35.28,46.65,0.65,158.09,0.0,0.0,107.31,729.54,0.04
2024-03-19 16:00:00,26.94,62.32,2.08,5.19,4.44,2.74,8.85,0.74,31.99,0.32,0.84,,,0.15,,34.83,48.72,0.58,155.93,0.0,0.0,68.24,729.89,0.04
2024-03-19 17:00:00,26.96,62.38,2.1,6.1,4.95,2.56,9.09,0.74,29.28,0.32,0.84,,,0.15,,34.32,53.92,0.68,156.64,0.0,0.0,31.19,732.05,0.04
2024-03-19 18:00:00,27.0,62.46,2.23,6.68,5.36,2.47,8.28,0.74,16.71,0.32,0.84,,,0.15,,32.83,65.38,0.72,160.3,0.0,0.0,2.6,733.98,0.04
2024-03-19 19:00:00,27.32,63.1,2.45,6.9,5.65,2.32,8.8,0.74,12.72,0.32,0.84,,,0.15,,31.98,69.49,0.75,161.99,0.0,0.0,0.86,737.82,0.04
2024-03-19 20:00:00,28.35,65.16,2.41,7.52,5.94,3.42,10.74,0.74,10.96,0.32,0.84,,,0.15,,31.41,70.86,0.74,162.2,0.0,0.0,0.74,739.34,0.04
2024-03-19 21:00:00,27.94,64.34,2.53,6.02,5.24,3.84,12.81,0.74,10.01,0.32,0.84,,,0.15,,30.66,77.25,0.6,129.15,0.0,0.0,0.71,739.92,0.04
2024-03-19 22:00:00,27.95,64.35,2.36,6.36,5.29,2.64,12.76,0.74,10.42,0.32,0.84,,,0.15,,30.37,80.44,0.62,144.08,0.0,0.0,0.38,740.24,0.04
2024-03-19 23:00:00,27.88,64.22,2.28,5.84,4.95,2.7,12.98,0.74,9.72,0.32,0.84,,,0.15,,29.92,83.27,0.55,81.25,0.0,0.0,0.55,740.22,0.04
2024-03-20 00:00:00,29.28,67.02,2.17,6.04,4.96,2.6,12.73,0.74,8.52,0.32,0.84,,,0.15,,29.41,86.65,0.66,39.93,0.0,0.0,0.72,739.27,0.04
2024-03-20 01:00:00,28.75,65.94,2.19,6.13,5.03,2.68,11.77,0.74,8.0,0.32,0.84,,,0.15,,29.38,86.71,0.61,63.86,0.0,0.0,0.5,737.07,0.04
2024-03-20 02:00:00,27.34,63.14,2.07,6.43,5.09,3.04,10.93,0.74,8.59,0.32,0.84,,,0.15,,29.07,87.37,0.6,64.11,0.0,0.0,0.5,733.85,0.04
2024-03-20 03:00:00,26.57,61.58,2.31,6.24,5.18,3.58,9.15,0.74,8.35,0.32,0.84,,,0.15,,28.68,89.01,0.66,37.62,0.0,0.0,0.45,733.94,0.04
2024-03-20 04:00:00,26.39,61.23,2.22,6.21,5.1,2.74,7.71,0.74,8.94,0.32,0.84,,,0.15,,28.64,89.4,0.68,36.24,0.0,0.0,0.52,735.12,0.04
2024-03-20 05:00:00,26.44,61.34,2.3,6.09,5.1,2.73,6.96,0.74,9.06,0.32,0.84,,,0.15,,28.46,90.82,0.6,30.66,0.0,0.0,0.48,738.26,0.04
2024-03-20 06:00:00,26.78,62.0,2.29,5.97,5.02,2.87,6.35,0.74,9.68,0.32,0.84,,,0.15,,28.89,87.85,0.48,116.06,0.0,0.0,8.71,741.88,0.04
2024-03-20 07:00:00,28.26,64.96,2.77,5.22,5.02,2.94,7.2,0.74,9.92,0.32,0.84,,,0.15,,29.94,82.63,0.62,58.68,0.0,0.0,60.02,745.92,0.04
2024-03-20 08:00:00,27.96,64.36,2.07,5.3,4.49,3.2,8.88,0.74,12.63,0.32,0.84,,,0.15,,31.16,75.96,0.5,49.52,0.0,0.0,118.21,748.34,0.04
2024-03-20 09:00:00,27.39,63.22,2.19,4.82,4.33,4.16,9.11,0.74,16.23,0.32,0.84,,,0.15,,32.16,70.68,0.43,86.82,0.0,0.0,183.02,749.71,0.04
2024-03-20 10:00:00,26.89,62.23,2.73,5.22,4.99,2.66,8.58,0.74,23.15,0.32,0.84,,,0.15,,32.82,64.6,0.47,185.96,0.0,0.0,323.63,748.62,0.04
2024-03-20 11:00:00,26.81,62.07,2.05,5.21,4.43,2.55,9.13,0.74,33.06,0.32,0.84,,,0.15,,34.5,52.51,0.42,162.19,0.0,0.0,513.06,745.73,0.04
2024-03-20 12:00:00,26.8,62.04,2.04,5.91,4.79,2.67,9.29,0.74,39.4,0.32,0.84,,,0.15,,34.8,47.63,0.46,155.77,0.0,0.0,322.76,741.9,0.04
2024-03-20 13:00:00,27.01,62.47,2.08,6.04,4.89,2.68,9.16,0.74,41.86,0.32,0.84,,,0.15,,34.92,46.56,0.46,168.02,0.0,0.0,202.14,738.24,0.04
2024-03-20 14:00:00,27.14,62.73,1.83,5.97,4.65,3.42,9.61,0.74,43.5,0.32,0.84,,,0.15,,34.68,48.35,0.56,147.99,0.0,0.0,144.27,735.29,0.04
2024-03-20 15:00:00,26.93,62.31,2.07,5.32,4.5,4.36,8.63,0.74,40.86,0.32,0.84,,,0.15,,34.54,49.98,0.7,159.99,0.0,0.0,110.02,733.1,0.04
2024-03-20 16:00:00,27.04,62.53,1.96,5.32,4.41,2.78,7.52,0.74,32.98,0.32,0.84,,,0.15,,33.9,52.44,0.65,135.38,0.0,0.0,56.8,733.59,0.04
2024-03-20 17:00:00,27.24,62.94,1.91,5.2,4.3,2.5,7.06,0.74,32.1,0.32,0.84,,,0.15,,31.64,65.15,0.6,62.6,0.0,0.0,17.55,735.83,0.03
2024-03-20 18:00:00,27.58,63.6,1.96,6.36,4.96,2.44,7.25,0.74,23.99,0.32,0.84,,,0.15,,30.6,73.82,0.6,71.73,0.0,0.0,1.04,738.16,0.04
2024-03-20 19:00:00,27.47,63.39,2.23,7.43,5.75,2.78,7.58,0.74,15.94,0.32,0.84,,,0.15,,30.79,71.72,0.62,96.51,0.0,0.0,0.39,741.9,0.04
2024-03-20 20:00:00,29.08,66.62,2.1,7.43,5.65,2.98,9.97,0.74,15.87,0.32,0.84,,,0.15,,30.71,73.85,0.62,117.61,0.0,0.0,1.01,744.47,0.04
2024-03-20 21:00:00,28.66,65.78,2.01,5.36,4.48,3.91,12.42,0.74,22.72,0.32,0.84,,,0.15,,29.76,81.06,0.55,85.26,0.0,0.0,1.02,747.16,0.03
2024-03-20 22:00:00,27.29,63.04,1.91,5.27,4.34,2.55,12.37,0.74,24.48,0.32,0.84,,,0.15,,28.94,79.32,0.57,81.89,0.0,0.0,1.12,748.83,0.03
2024-03-20 23:00:00,37.16,82.78,1.92,5.34,4.38,2.47,11.37,0.74,24.53,0.32,0.84,,,0.15,,28.53,80.79,0.64,86.94,0.0,0.0,0.71,748.33,0.04
2024-03-21 00:00:00,30.61,69.68,2.01,5.64,4.62,2.42,14.55,0.74,23.32,0.32,0.84,,,0.15,,28.22,83.27,0.59,91.04,0.0,0.0,0.58,747.5,0.04
2024-03-21 01:00:00,25.47,59.39,2.01,5.7,4.66,2.37,14.92,0.74,22.89,0.32,0.84,,,0.15,,28.08,85.54,0.61,79.34,0.0,0.0,0.5,744.67,0.04
2024-03-21 02:00:00,25.47,59.39,1.86,5.7,4.53,2.57,15.34,0.74,20.42,0.32,0.84,,,0.15,,27.8,87.49,0.6,65.16,0.0,0.0,0.52,743.27,0.04
2024-03-21 03:00:00,25.47,59.39,1.99,5.22,4.38,3.47,14.57,0.74,20.14,0.32,0.84,,,0.15,,27.74,88.27,0.62,83.88,0.0,0.0,0.36,742.26,0.04
2024-03-21 04:00:00,28.99,66.44,2.05,5.67,4.67,2.6,13.86,0.74,18.04,0.32,0.84,,,0.15,,27.54,89.47,0.56,94.96,0.0,0.0,0.43,742.44,0.04
2024-03-21 05:00:00,31.82,72.08,2.03,5.52,4.57,2.55,13.86,0.74,17.56,0.32,0.84,,,0.15,,27.34,89.17,0.55,80.18,0.0,0.0,0.55,744.19,0.04
2024-03-21 06:00:00,28.2,64.85,2.06,5.61,4.65,2.37,14.69,0.74,19.05,0.32,0.84,,,0.15,,27.47,84.07,0.51,79.54,0.0,0.0,17.1,746.53,0.04
2024-03-21 07:00:00,25.82,60.07,2.24,5.39,4.68,2.59,16.02,0.74,19.19,0.32,0.84,,,0.15,,28.92,78.18,0.57,77.88,0.0,0.0,108.95,748.17,0.04
2024-03-21 08:00:00,25.52,59.49,2.21,5.41,4.66,2.7,17.52,0.74,19.2,0.32,0.84,,,0.15,,31.0,72.21,0.49,111.96,0.0,0.0,277.44,749.75,0.04
2024-03-21 09:00:00,29.74,67.95,2.53,10.7,7.73,1.86,18.88,0.74,29.54,0.32,0.84,,,0.15,,32.16,68.82,0.7,159.96,0.0,0.0,389.08,750.0,0.04
2024-03-21 10:00:00,28.29,65.03,2.25,5.95,4.98,2.54,18.84,0.74,34.54,0.32,0.84,,,0.15,,33.48,61.56,0.71,162.75,0.0,0.0,531.28,748.46,0.04
2024-03-21 11:00:00,26.04,60.55,2.17,4.89,4.36,2.8,18.18,0.74,36.08,0.32,0.84,,,0.15,,34.5,55.03,0.64,160.71,0.0,0.0,493.46,744.21,0.04
2024-03-21 12:00:00,25.6,59.65,2.09,4.71,4.2,2.81,17.32,0.74,39.9,0.32,0.84,,,0.15,,35.01,49.1,0.63,157.82,0.0,0.0,284.84,739.69,0.04
2024-03-21 13:00:00,25.5,59.45,2.08,4.66,4.16,2.65,16.86,0.74,43.1,0.32,0.84,,,0.15,,35.29,45.04,0.6,165.2,0.0,0.0,152.52,735.3,0.04
2024-03-21 14:00:00,25.48,59.41,1.94,5.18,4.32,2.69,16.24,0.74,43.22,0.32,0.84,,,0.15,,34.84,45.92,0.68,161.39,0.0,0.0,84.12,731.68,0.04
2024-03-21 15:00:00,25.47,59.39,2.02,5.71,4.67,4.1,15.71,0.74,42.84,0.32,0.84,,,0.15,,35.09,45.17,0.7,163.04,0.0,0.0,83.22,729.38,0.04
2024-03-21 16:00:00,25.47,59.39,2.15,5.03,4.41,2.9,14.61,0.74,38.51,0.32,0.84,,,0.15,,34.61,47.09,0.73,158.61,0.0,0.0,54.61,729.38,0.04
2024-03-21 17:00:00,25.47,59.39,2.03,5.46,4.55,2.26,14.18,0.74,33.7,0.32,0.84,,,0.15,,33.81,52.86,0.73,163.89,0.0,0.0,25.65,731.16,0.04
2024-03-21 18:00:00,25.47,59.39,2.08,6.17,4.96,1.99,14.07,0.74,26.92,0.32,0.84,,,0.15,,32.91,61.23,0.67,171.13,0.0,0.0,1.38,734.23,0.04
2024-03-21 19:00:00,27.56,63.56,2.13,6.97,5.43,2.06,14.2,0.74,21.7,0.32,0.84,,,0.15,,32.19,68.26,0.72,162.03,0.0,0.0,0.8,737.97,0.04
2024-03-21 20:00:00,50.86,110.18,2.17,7.19,5.58,2.08,15.61,0.74,18.6,0.32,0.84,,,0.15,,31.47,73.7,0.68,163.61,0.0,0.0,0.7,740.55,0.04
2024-03-21 21:00:00,36.65,81.76,2.31,9.0,6.65,2.64,18.38,0.74,14.0,0.32,0.84,,,0.15,,30.62,78.6,0.55,81.77,0.0,0.0,0.5,742.22,0.04
2024-03-21 22:00:00,25.47,59.39,2.47,8.42,6.48,2.31,18.09,0.74,10.37,0.32,0.84,,,0.15,,29.85,81.6,0.63,65.74,0.0,0.0,0.36,741.91,0.04
2024-03-21 23:00:00,25.47,59.39,2.66,8.41,6.63,2.05,18.01,0.74,8.51,0.32,0.84,,,0.15,,29.1,85.78,0.72,21.1,0.0,0.0,0.62,740.34,0.04
2024-03-22 00:00:00,25.47,59.39,2.12,7.3,5.6,2.43,12.61,0.74,9.2,0.32,0.84,,,0.15,,28.93,87.67,0.59,46.73,0.0,0.0,0.32,738.17,0.04
2024-03-22 01:00:00,25.47,59.39,2.03,6.8,5.26,2.35,12.02,0.74,9.92,0.32,0.84,,,0.15,,29.0,87.65,0.61,59.94,0.0,0.0,0.4,736.08,0.04
2024-03-22 02:00:00,25.47,59.39,2.1,7.36,5.61,2.14,11.49,0.74,8.79,0.32,0.84,,,0.15,,28.84,88.42,0.66,38.57,0.0,0.0,0.64,733.64,0.04
2024-03-22 03:00:00,25.47,59.39,3.17,5.66,5.63,2.8,11.74,0.74,7.1,0.32,0.84,,,0.15,,28.33,91.63,0.7,36.07,0.0,0.0,14.31,736.07,0.04
2024-03-22 04:00:00,,,,,,,,,,,,,,,,,,,,,0.0,,,
2024-03-22 05:00:00,,,,,,,,,,,,,,,,,,,,,0.0,,,
2024-03-22 06:00:00,25.47,59.39,4.24,5.19,6.19,2.78,11.83,0.74,6.95,0.32,0.84,,,0.15,,28.48,91.4,0.73,37.83,0.0,0.0,27.92,737.0,0.04
2024-03-22 07:00:00,25.47,59.39,6.14,4.02,7.11,2.48,13.18,0.74,8.74,0.32,0.84,,,0.15,,29.65,85.7,0.67,60.16,0.0,0.0,103.14,738.77,0.04
2024-03-22 08:00:00,25.47,59.39,3.38,5.83,5.84,2.77,16.48,0.74,17.11,0.32,0.84,,,0.15,,31.76,72.02,0.66,157.96,0.0,0.0,243.75,740.72,0.04
2024-03-22 09:00:00,32.92,74.28,2.63,5.27,4.93,3.72,20.66,0.74,22.34,0.32,0.84,,,0.15,,32.98,61.89,0.6,192.48,0.0,0.0,359.84,741.74,0.04
2024-03-22 10:00:00,45.38,99.21,3.36,4.89,5.32,3.82,20.78,0.74,27.55,0.32,0.84,,,0.15,,33.8,56.24,0.46,217.0,0.0,0.0,504.3,740.72,0.04
2024-03-22 11:00:00,25.47,59.39,2.14,4.98,4.38,3.07,20.55,0.74,34.07,0.32,0.84,,,0.15,,34.58,52.44,0.52,154.27,0.0,0.0,571.5,737.72,0.04
2024-03-22 12:00:00,25.47,59.39,,,,,21.12,0.74,35.51,0.32,0.84,,,0.15,,35.36,49.15,0.43,188.05,0.0,0.0,289.21,733.31,0.04
2024-03-22 13:00:00,25.47,59.39,,,,,20.82,0.74,40.3,0.32,0.84,,,0.15,,35.42,46.5,0.67,156.67,0.0,0.0,137.7,728.13,0.04
2024-03-22 14:00:00,25.53,59.51,,,,,18.92,0.74,41.99,0.32,0.84,,,0.15,,35.6,44.6,0.55,177.61,0.0,0.0,99.04,724.72,0.04
2024-03-22 15:00:00,26.22,60.9,1.72,5.46,4.29,4.07,16.95,0.74,42.69,0.32,0.84,,,0.15,,35.59,44.96,0.59,164.75,0.0,0.0,80.43,722.18,0.04
2024-03-22 16:00:00,27.15,62.76,2.15,4.93,4.36,5.39,13.57,0.74,34.4,0.32,0.84,,,0.15,,35.08,50.38,0.59,172.95,0.0,0.0,64.03,722.45,0.04
2024-03-22 17:00:00,25.75,59.95,,,,,11.73,0.74,27.96,0.32,0.84,,,0.15,,33.94,57.2,0.65,173.62,0.0,0.0,28.76,723.9,0.04
2024-03-22 18:00:00,25.79,60.03,,,,,11.28,0.74,16.23,0.32,0.84,,,0.15,,32.73,64.26,0.56,190.08,0.0,0.0,1.84,726.91,0.04
2024-03-22 19:00:00,26.26,60.98,,,,,10.59,0.74,12.74,0.32,0.84,,,0.15,,31.85,68.28,0.59,173.97,0.0,0.0,0.79,730.15,0.04
2024-03-22 20:00:00,26.77,61.98,1.95,5.83,4.68,2.64,11.31,0.74,17.47,0.32,0.84,,,0.15,,31.29,72.73,0.64,174.88,0.0,0.0,0.67,732.74,0.04
2024-03-22 21:00:00,30.06,68.57,1.81,6.28,4.8,3.7,12.4,0.74,16.53,0.32,0.84,,,0.15,,31.0,75.58,0.67,160.11,0.0,0.0,0.57,734.41,0.04
2024-03-22 22:00:00,30.04,68.52,2.16,6.41,5.16,4.26,12.48,0.74,14.18,0.32,0.84,,,0.15,,30.71,78.06,0.66,149.12,0.0,0.0,0.48,734.51,0.04
2024-03-22 23:00:00,26.57,61.59,2.02,6.5,5.09,2.67,12.42,0.74,11.05,0.32,0.84,,,0.15,,30.13,81.22,0.5,69.98,0.0,0.0,0.73,733.2,0.04
2024-03-23 00:00:00,33.53,75.52,,,,,13.5,0.74,12.9,0.32,0.84,,,0.15,,30.02,82.68,0.44,100.23,0.0,0.0,0.45,731.63,0.04
2024-03-23 01:00:00,27.6,63.65,,,,,14.04,0.74,14.92,0.32,0.84,,,0.15,,30.32,82.4,0.54,234.53,0.0,0.0,0.85,730.1,0.04
2024-03-23 02:00:00,25.47,59.39,,,,,13.65,0.74,15.13,0.32,0.84,,,0.15,,30.17,84.14,0.51,221.24,0.0,0.0,0.72,728.39,0.04
2024-03-23 03:00:00,25.47,59.39,1.91,6.29,4.89,2.79,13.4,0.74,15.17,0.32,0.84,,,0.15,,29.99,86.28,0.43,241.6,0.0,0.0,0.56,727.14,0.04
2024-03-23 04:00:00,25.47,59.39,2.25,5.4,4.69,5.68,14.21,0.74,9.77,0.32,0.84,,,0.15,,29.44,88.53,0.55,101.14,0.0,0.0,0.7,727.08,0.04
2024-03-23 05:00:00,27.12,62.7,,,,,13.84,0.74,6.79,0.32,0.84,,,0.15,,29.08,90.22,0.55,56.27,0.0,0.0,0.58,729.02,0.04
2024-03-23 06:00:00,26.42,61.3,3.43,5.23,5.56,2.74,13.6,0.74,7.35,0.32,0.84,,,0.15,,29.04,90.87,0.53,79.84,0.0,0.0,15.45,732.32,0.04
2024-03-23 07:00:00,25.59,59.63,4.34,4.42,5.87,2.73,14.32,0.74,8.1,0.32,0.84,,,0.15,,29.83,87.07,0.51,60.31,0.0,0.0,98.56,735.87,0.04
2024-03-23 08:00:00,25.49,59.42,5.68,3.86,6.66,2.47,15.02,0.74,11.28,0.32,0.84,,,0.15,,29.54,80.74,0.48,132.72,0.0,0.0,155.3,738.79,0.04
2024-03-23 09:00:00,26.15,60.74,2.76,8.12,6.56,3.39,15.97,0.74,9.72,0.32,0.84,,,0.15,,30.88,72.15,0.54,213.86,0.0,0.0,327.34,739.9,0.04
2024-03-23 10:00:00,28.26,64.97,2.49,5.99,5.2,4.28,16.7,0.74,23.0,0.32,0.84,,,0.15,,32.39,61.63,0.52,177.73,0.0,0.0,527.78,738.31,0.04
2024-03-23 11:00:00,27.27,62.98,2.38,4.89,4.53,3.08,16.59,0.74,33.86,0.32,0.84,,,0.15,,33.49,54.66,0.5,178.94,0.0,0.0,571.84,736.19,0.04
2024-03-23 12:00:00,25.96,60.38,,,,,15.98,0.74,35.54,0.32,0.84,,,0.15,,33.71,53.86,0.6,151.68,0.0,0.0,253.26,732.47,0.04
2024-03-23 13:00:00,25.68,59.81,,,,,14.21,0.74,32.58,0.32,0.84,,,0.15,,33.98,51.57,0.62,156.02,0.0,0.0,136.11,728.34,0.04
2024-03-23 14:00:00,26.81,62.07,,,,,12.5,0.74,36.01,0.32,0.84,,,0.15,,34.18,49.7,0.49,185.8,0.0,0.0,113.9,724.9,0.04
2024-03-23 15:00:00,26.92,62.29,2.17,6.31,5.11,3.34,12.3,0.74,27.6,0.32,0.84,,,0.15,,33.91,51.94,0.55,191.04,0.0,0.0,96.23,723.05,0.04
2024-03-23 16:00:00,29.57,67.59,2.8,5.66,5.28,3.88,12.78,0.74,26.09,0.32,0.84,,,0.15,,33.32,55.02,0.57,224.07,0.0,0.0,60.16,723.02,0.04
2024-03-23 17:00:00,28.42,65.3,,,,,11.32,0.74,23.63,0.32,0.84,,,0.15,,32.36,59.89,0.6,219.16,0.0,0.0,27.96,725.38,0.04
2024-03-23 18:00:00,26.5,61.45,,,,,11.4,0.74,19.01,0.32,0.84,,,0.15,,31.12,64.11,0.58,231.16,0.0,0.0,1.9,728.66,0.03
2024-03-23 19:00:00,26.78,62.01,,,,,11.51,0.74,15.96,0.32,0.84,,,0.15,,30.32,68.25,0.54,228.38,0.0,0.0,0.77,732.67,0.04
2024-03-23 20:00:00,27.29,63.03,,,,,12.04,0.74,11.6,0.32,0.84,,,0.15,,29.82,73.82,0.45,199.64,0.0,0.0,0.52,736.6,0.04
2024-03-23 21:00:00,28.08,64.61,2.24,7.3,5.69,1.86,12.67,0.74,16.55,0.32,0.84,,,0.15,,29.51,77.25,0.67,172.02,0.0,0.0,0.49,737.88,0.04
2024-03-23 22:00:00,36.51,81.47,2.49,8.21,6.38,2.9,13.33,0.74,11.14,0.32,0.84,,,0.15,,28.9,80.89,0.61,115.38,0.0,0.0,0.55,738.66,0.04
2024-03-23 23:00:00,30.1,68.65,2.52,8.41,6.52,2.09,12.73,0.74,12.6,0.32,0.84,,,0.15,,28.8,81.18,0.57,117.84,0.0,0.0,0.53,737.24,0.04
2024-03-24 00:00:00,25.47,59.39,2.17,7.57,5.78,2.46,12.58,0.74,7.94,0.32,0.84,,,0.15,,27.91,86.12,0.65,36.06,0.0,0.0,0.66,736.11,0.04
2024-03-24 01:00:00,25.47,59.39,1.91,6.0,4.73,2.7,12.33,0.74,11.15,0.32,0.84,,,0.15,,28.0,86.26,0.59,98.64,0.0,0.0,0.29,733.94,0.04
2024-03-24 02:00:00,25.47,59.39,1.79,4.87,4.04,2.78,12.12,0.74,15.36,0.32,0.84,,,0.15,,28.34,84.8,0.64,160.02,0.0,0.0,0.49,732.78,0.04
2024-03-24 03:00:00,25.47,59.39,1.75,4.9,4.03,2.86,12.01,0.74,15.8,0.32,0.84,,,0.15,,28.4,84.72,0.49,154.49,0.0,0.0,0.77,733.59,0.04
2024-03-24 04:00:00,36.67,81.79,1.94,6.1,4.81,4.07,13.26,0.74,10.87,0.32,0.84,,,0.15,,27.91,87.54,0.68,133.74,0.0,0.0,0.61,733.81,0.04
2024-03-24 05:00:00,30.59,69.64,2.46,9.18,6.88,2.45,12.96,0.74,8.12,0.32,0.84,,,0.15,,27.72,88.44,0.58,99.22,0.0,0.0,0.67,736.37,0.04
2024-03-24 06:00:00,25.47,59.39,3.11,5.95,5.68,2.99,14.01,0.74,8.01,0.32,0.84,,,0.15,,27.6,89.56,0.57,78.99,0.0,0.0,16.03,739.09,0.04
2024-03-24 07:00:00,25.47,59.39,3.26,5.08,5.34,3.38,15.51,0.74,10.96,0.32,0.84,,,0.15,,28.58,84.87,0.66,150.42,0.0,0.0,90.56,742.18,0.04
2024-03-24 08:00:00,25.47,59.39,3.08,4.69,4.98,3.89,16.41,0.74,16.05,0.32,0.84,,,0.15,,30.31,74.56,0.62,165.94,0.0,0.0,237.8,745.72,0.04
2024-03-24 09:00:00,25.56,59.56,2.48,6.4,5.41,2.97,18.21,0.74,14.7,0.32,0.84,,,0.15,,31.39,67.1,0.53,186.39,0.0,0.0,239.59,746.96,0.04
2024-03-24 10:00:00,28.43,65.32,2.31,5.5,4.79,4.76,19.55,0.74,13.04,0.32,0.84,,,0.15,,32.09,61.51,0.54,190.1,0.0,0.0,402.73,745.65,0.04
2024-03-24 11:00:00,27.18,62.82,2.7,4.32,4.48,4.16,17.66,0.74,28.6,0.32,0.84,,,0.15,,33.08,55.42,0.58,213.6,0.0,0.0,529.4,743.4,0.04
2024-03-24 12:00:00,25.81,60.08,,,,,17.69,0.74,32.33,0.32,0.84,,,0.15,,33.52,52.08,0.53,225.19,0.0,0.0,225.7,739.79,0.03
2024-03-24 13:00:00,26.69,61.84,,,,,15.93,0.74,33.71,0.32,0.84,,,0.15,,33.9,48.57,0.55,197.64,0.0,0.0,138.38,736.54,0.04
2024-03-24 14:00:00,26.62,61.69,,,,,13.95,0.74,35.41,0.32,0.84,,,0.15,,34.02,47.19,0.55,192.35,0.0,0.0,116.07,733.62,0.04
2024-03-24 15:00:00,27.12,62.7,,,,,12.8,0.74,26.32,0.32,0.84,,,0.15,,33.91,46.76,0.57,181.32,0.0,0.0,91.63,732.95,0.04
2024-03-24 16:00:00,28.0,64.45,2.58,5.48,5.0,5.16,13.82,0.74,34.15,0.32,0.84,,,0.15,,33.36,48.84,0.53,220.17,0.0,0.0,58.18,732.62,0.04
2024-03-24 17:00:00,27.22,62.89,3.18,5.07,5.27,4.24,12.9,0.74,28.6,0.32,0.84,,,0.15,,32.64,49.97,0.53,195.77,0.0,0.0,25.65,733.63,0.04
2024-03-24 18:00:00,27.3,63.05,,,,,11.67,0.74,22.25,0.32,0.84,,,0.15,,31.62,57.16,0.56,200.1,0.0,0.0,1.77,736.44,0.04
2024-03-24 19:00:00,27.28,63.02,2.45,5.69,5.01,2.52,12.02,0.74,20.5,0.32,0.84,,,0.15,,30.89,64.7,0.62,174.02,0.0,0.0,0.62,739.44,0.04
2024-03-24 20:00:00,26.8,62.05,2.42,5.95,5.12,2.48,12.18,0.74,16.32,0.32,0.84,,,0.15,,30.1,72.29,0.64,166.99,0.0,0.0,0.79,742.22,0.04
2024-03-24 21:00:00,26.8,62.05,2.46,5.65,4.99,2.71,12.7,0.74,14.88,0.32,0.84,,,0.15,,29.49,77.76,0.69,163.97,0.0,0.0,0.64,744.54,0.04
2024-03-24 22:00:00,28.98,66.4,2.31,6.61,5.38,3.29,13.42,0.74,13.96,0.32,0.84,,,0.15,,29.11,80.95,0.62,158.7,0.0,0.0,0.34,744.94,0.04
2024-03-24 23:00:00,27.98,64.4,3.01,5.39,5.3,3.94,12.76,0.74,9.83,0.32,0.84,,,0.15,,28.54,84.2,0.63,60.16,0.0,0.0,0.62,743.83,0.04
2024-03-25 00:00:00,26.5,61.46,2.96,9.49,7.44,1.72,11.09,0.74,6.76,0.32,0.84,,,0.15,,28.15,86.41,0.65,90.56,0.0,0.0,0.3,741.24,0.04
2024-03-25 01:00:00,25.99,60.43,2.82,7.76,6.41,2.43,10.76,0.74,6.83,0.32,0.84,,,0.15,,27.8,88.63,0.61,67.58,0.0,0.0,0.38,739.2,0.04
2024-03-25 02:00:00,28.52,65.51,2.51,6.76,5.62,2.76,11.38,0.74,7.47,0.32,0.84,,,0.15,,27.47,90.31,0.62,38.37,0.0,0.0,0.56,737.67,0.04
2024-03-25 03:00:00,29.47,67.38,2.24,5.32,4.64,3.31,11.9,0.74,8.45,0.32,0.84,,,0.15,,27.31,91.4,0.49,125.33,0.0,0.0,0.31,737.06,0.04
2024-03-25 04:00:00,27.95,64.36,2.2,5.47,4.68,4.2,12.56,0.74,8.4,0.32,0.84,,,0.15,,27.14,92.95,0.53,118.8,0.0,0.0,0.38,737.13,0.04
2024-03-25 05:00:00,26.66,61.76,2.58,4.83,4.65,4.66,12.0,0.74,6.86,0.32,0.84,,,0.15,,27.06,92.22,0.54,44.94,0.0,0.0,0.52,738.95,0.04
2024-03-25 06:00:00,26.05,60.55,2.76,4.42,4.58,3.17,12.03,0.74,7.0,0.32,0.84,,,0.15,,27.12,91.84,0.59,48.15,0.0,0.0,15.15,741.0,0.04
2024-03-25 07:00:00,25.77,59.98,3.06,4.42,4.83,3.29,13.36,0.74,8.56,0.32,0.84,,,0.15,,28.2,87.24,0.58,58.52,0.0,0.0,59.21,744.45,0.04
2024-03-25 08:00:00,26.55,61.54,3.22,7.58,6.63,2.44,14.84,0.74,13.11,0.32,0.84,,,0.15,,29.87,78.17,0.56,116.86,0.0,0.0,198.99,747.38,0.04
2024-03-25 09:00:00,27.38,63.2,2.59,4.72,4.6,3.62,16.46,0.74,21.12,0.32,0.84,,,0.15,,31.06,68.51,0.66,156.81,0.0,0.0,377.27,747.7,0.04
2024-03-25 10:00:00,27.2,62.84,2.05,4.19,3.88,5.15,17.31,0.74,13.62,0.32,0.84,,,0.15,,32.09,60.3,0.61,148.94,0.0,0.0,497.47,746.72,0.04
2024-03-25 11:00:00,27.4,63.24,2.7,3.69,4.14,6.98,15.8,0.74,21.8,0.32,0.84,,,0.15,,33.3,50.74,0.57,159.9,0.0,0.0,549.82,743.94,0.04
2024-03-25 12:00:00,27.19,62.83,,,,,15.6,0.74,32.49,0.32,0.84,,,0.15,,33.96,46.11,0.52,165.67,0.0,0.0,210.62,740.46,0.04
2024-03-25 13:00:00,26.92,62.3,,,,,15.14,0.74,25.92,0.32,0.84,,,0.15,,34.08,46.94,0.66,165.42,0.0,0.0,132.66,736.94,0.04
2024-03-25 14:00:00,26.98,62.41,,,,,12.74,0.74,26.74,0.32,0.84,,,0.15,,34.3,43.49,0.57,174.38,0.0,0.0,108.59,733.92,0.04
2024-03-25 15:00:00,26.82,62.1,,,,,12.72,0.74,33.13,0.32,0.84,,,0.15,,34.29,41.87,0.61,178.12,0.0,0.0,86.14,732.21,0.04
2024-03-25 16:00:00,26.88,62.2,,,,,14.5,0.74,34.26,0.32,0.84,,,0.15,,33.66,49.8,0.58,189.38,0.0,0.0,57.86,732.05,0.04
2024-03-25 17:00:00,27.16,62.76,,,,,14.58,0.74,24.84,0.32,0.84,,,0.15,,32.54,57.58,0.57,208.87,0.0,0.0,24.72,733.53,0.04
2024-03-25 18:00:00,27.08,62.6,,,,,11.93,0.74,14.3,0.32,0.84,,,0.15,,31.52,60.86,0.6,208.09,0.0,0.0,1.66,736.42,0.04
2024-03-25 19:00:00,27.2,62.85,,,,,12.49,0.74,18.52,0.32,0.84,,,0.15,,30.69,62.98,0.52,228.47,0.0,0.0,0.67,738.35,0.04
2024-03-25 20:00:00,27.37,63.18,,,,,13.34,0.74,15.34,0.32,0.84,,,0.15,,29.95,69.25,0.57,236.41,0.0,0.0,0.64,741.11,0.04
2024-03-25 21:00:00,27.48,63.41,8.26,3.16,8.38,1.38,13.36,0.74,14.52,0.32,0.84,,,0.15,,29.38,75.13,0.46,234.21,0.0,0.0,0.46,743.75,0.04
2024-03-25 22:00:00,27.32,63.09,2.33,7.54,5.9,2.46,13.23,0.74,17.07,0.32,0.84,,,0.15,,29.09,77.66,0.54,209.29,0.0,0.0,0.35,743.78,0.04
2024-03-25 23:00:00,27.42,63.29,2.45,6.66,5.52,4.47,13.44,0.74,15.4,0.32,0.84,,,0.15,,28.67,80.37,0.41,115.5,0.0,0.0,0.24,742.48,0.04
2024-03-26 00:00:00,27.1,62.64,,,,,13.05,0.74,11.96,0.32,0.84,,,0.15,,28.26,83.23,0.54,116.58,0.0,0.0,0.39,740.55,0.04
2024-03-26 01:00:00,27.68,63.82,,,,,12.4,0.74,7.77,0.32,0.84,,,0.15,,27.13,89.37,0.54,17.66,0.0,0.0,0.72,738.98,0.04
2024-03-26 02:00:00,27.78,64.01,,,,,12.64,0.74,7.52,0.32,0.84,,,0.15,,26.87,91.52,0.6,106.08,0.0,0.0,0.28,737.13,0.04
2024-03-26 03:00:00,27.2,62.86,,,,,12.4,0.74,7.67,0.32,0.84,,,0.15,,26.81,91.58,0.63,35.52,0.0,0.0,0.38,736.42,0.04
2024-03-26 04:00:00,27.14,62.73,2.01,7.5,5.62,3.3,12.16,0.74,6.98,0.32,0.84,,,0.15,,26.42,94.22,0.71,25.74,0.0,0.0,0.46,736.5,0.04
2024-03-26 05:00:00,27.86,64.17,2.08,6.6,5.19,5.07,12.3,0.74,7.82,0.32,0.84,,,0.15,,26.52,93.82,0.69,32.72,0.0,0.0,0.51,738.74,0.04
2024-03-26 06:00:00,27.73,63.91,,,,,12.25,0.74,7.36,0.32,0.84,,,0.15,,26.68,93.92,0.68,32.46,0.0,0.0,15.06,741.39,0.04
2024-03-26 07:00:00,27.09,62.63,,,,,13.19,0.74,8.83,0.32,0.84,,,0.15,,27.88,88.79,0.52,119.04,0.0,0.0,91.86,744.14,0.04
2024-03-26 08:00:00,27.69,63.82,,,,,16.47,0.74,9.5,0.32,0.84,,,0.15,,29.54,78.64,0.65,165.07,0.0,0.0,238.21,747.1,0.04
2024-03-26 09:00:00,27.75,63.94,,,,,20.57,0.74,11.02,0.32,0.84,,,0.15,,30.98,68.66,0.56,191.27,0.0,0.0,392.86,747.44,0.04
2024-03-26 10:00:00,27.85,64.15,1.65,5.48,4.24,3.72,21.07,0.74,16.07,0.32,0.84,,,0.15,,32.24,60.35,0.36,199.51,0.0,0.0,503.11,746.84,0.04
2024-03-26 11:00:00,28.35,65.15,1.8,5.76,4.52,5.19,20.37,0.74,15.85,0.32,0.84,,,0.15,,33.16,52.86,0.64,156.48,0.0,0.0,533.49,744.77,0.04
2024-03-26 12:00:00,27.84,64.14,,,,,18.43,0.74,22.66,0.32,0.84,,,0.15,,33.66,48.94,0.6,160.66,0.0,0.0,215.54,741.57,0.04
2024-03-26 13:00:00,27.1,62.64,,,,,20.35,0.74,33.36,0.32,0.84,,,0.15,,33.86,44.94,0.62,167.27,0.0,0.0,131.93,738.36,0.04
2024-03-26 14:00:00,26.63,61.72,,,,,18.99,0.74,33.21,0.32,0.84,,,0.15,,34.04,44.52,0.57,181.98,0.0,0.0,110.44,735.87,0.04
2024-03-26 15:00:00,26.48,61.4,,,,,15.24,0.74,31.28,0.32,0.84,,,0.15,,33.81,46.28,0.69,164.18,0.0,0.0,84.39,734.69,0.04
2024-03-26 16:00:00,26.73,61.9,,,,,12.76,0.74,31.51,0.32,0.84,,,0.15,,33.34,43.54,0.69,170.24,0.0,0.0,58.64,735.44,0.04
2024-03-26 17:00:00,26.99,62.44,1.58,6.78,4.88,3.74,12.3,0.74,31.14,0.32,0.84,,,0.15,,32.57,40.29,0.73,163.95,0.0,0.0,24.08,737.12,0.04
2024-03-26 18:00:00,26.76,61.97,,,,,10.75,0.74,17.58,0.32,0.84,,,0.15,,31.42,49.25,0.67,170.54,0.0,0.0,1.77,740.2,0.04
2024-03-26 19:00:00,26.59,61.63,,,,,9.7,0.74,11.59,0.32,0.84,,,0.15,,30.61,53.9,0.61,174.08,0.0,0.0,0.68,743.33,0.04
2024-03-26 20:00:00,26.98,62.4,,,,,10.02,0.74,11.85,0.32,0.84,,,0.15,,29.86,60.71,0.68,160.11,0.0,0.0,0.54,745.75,0.04
2024-03-26 21:00:00,27.2,62.84,,,,,10.89,0.74,14.1,0.32,0.84,,,0.15,,29.23,68.7,0.71,155.66,0.0,0.0,0.54,747.93,0.04
2024-03-26 22:00:00,26.9,62.24,1.73,7.13,5.18,3.24,11.56,0.74,12.28,0.32,0.84,,,0.15,,28.82,73.19,0.67,158.14,0.0,0.0,0.45,748.84,0.04
2024-03-26 23:00:00,27.62,63.69,2.44,7.43,5.92,4.4,13.47,0.74,7.57,0.32,0.84,,,0.15,,27.94,78.59,0.64,36.38,0.0,0.0,0.46,748.62,0.04
2024-03-27 00:00:00,27.48,63.41,2.03,7.13,5.43,5.02,12.24,0.74,7.17,0.32,0.84,,,0.15,,27.5,81.84,0.64,49.34,0.0,0.0,0.41,747.72,0.04
2024-03-27 01:00:00,27.3,63.05,,,,,11.92,0.74,6.69,0.32,0.84,,,0.15,,27.12,84.35,0.66,46.28,0.0,0.0,0.44,745.65,0.04
2024-03-27 02:00:00,27.51,63.46,,,,,11.5,0.74,5.56,0.32,0.84,,,0.15,,26.76,86.52,0.7,37.24,0.0,0.0,0.4,744.42,0.04
2024-03-27 03:00:00,27.71,63.87,,,,,11.16,0.74,5.78,0.32,0.84,,,0.15,,26.48,88.62,0.71,33.25,0.0,0.0,0.43,744.96,0.04
2024-03-27 04:00:00,27.33,63.11,,,,,11.62,0.74,6.98,0.32,0.84,,,0.15,,26.36,89.66,0.71,34.74,0.0,0.0,0.46,745.14,0.04
2024-03-27 05:00:00,27.48,63.41,1.66,6.26,4.67,5.4,12.54,0.74,7.4,0.32,0.84,,,0.15,,26.41,90.27,0.63,57.78,0.0,0.0,0.28,747.07,0.04
2024-03-27 06:00:00,27.21,62.87,1.88,6.04,4.72,5.51,12.36,0.74,7.26,0.32,0.84,,,0.15,,26.77,88.73,0.6,82.59,0.0,0.0,15.48,748.2,0.04
2024-03-27 07:00:00,26.7,61.84,6.3,2.38,6.38,20.38,14.3,0.74,7.42,0.32,0.84,,,0.15,,28.12,83.3,0.48,107.98,0.0,0.0,98.31,751.24,0.04
2024-03-27 08:00:00,27.44,63.33,4.81,2.59,5.28,26.02,16.38,0.74,10.38,0.32,0.84,,,0.15,,29.8,76.54,0.69,164.26,0.0,0.0,248.05,752.68,0.04
2024-03-27 09:00:00,27.89,64.24,3.58,3.06,4.53,24.4,17.84,0.74,9.69,0.32,0.84,,,0.15,,31.0,69.05,0.65,166.33,0.0,0.0,340.46,753.25,0.04
2024-03-27 10:00:00,27.72,63.82,,,,,17.58,0.74,10.96,0.32,0.84,,,0.15,,32.16,61.06,0.48,215.62,0.0,0.0,482.84,753.2,0.04
2024-03-27 11:00:00,27.85,64.14,3.86,2.95,4.7,35.17,18.05,0.74,11.82,0.32,0.84,,,0.15,,33.29,54.52,0.56,185.24,0.0,0.0,574.92,750.25,0.04
2024-03-27 12:00:00,27.51,63.47,3.68,3.12,4.64,25.34,16.84,0.74,16.56,0.32,0.84,,,0.15,,34.08,48.87,0.47,206.07,0.0,0.0,199.1,745.9,0.03
2024-03-27 13:00:00,26.99,62.42,,,,,16.89,0.74,23.35,0.32,0.84,,,0.15,,34.11,43.47,0.53,198.15,0.0,0.0,108.5,742.68,0.04
2024-03-27 14:00:00,26.67,61.8,,,,,15.82,0.74,25.45,0.32,0.84,,,0.15,,34.29,40.74,0.51,179.37,0.0,0.0,89.4,739.9,0.04
2024-03-27 15:00:00,26.7,61.85,,,,,13.19,0.74,21.36,0.32,0.84,,,0.15,,34.19,43.02,0.54,192.85,0.0,0.0,74.17,737.27,0.04
2024-03-27 16:00:00,26.66,61.78,,,,,11.52,0.74,20.31,0.32,0.84,,,0.15,,33.63,43.5,0.6,186.62,0.0,0.0,57.74,736.04,0.04
2024-03-27 17:00:00,26.96,62.38,4.68,3.56,5.69,34.52,11.52,0.74,18.42,0.32,0.84,,,0.15,,32.81,46.1,0.58,183.26,0.0,0.0,27.28,736.89,0.04
2024-03-27 18:00:00,26.91,62.26,5.03,8.95,8.84,22.83,11.76,0.74,13.33,0.32,0.84,,,0.15,,31.59,55.66,0.58,227.82,0.0,0.0,2.3,739.62,0.04
2024-03-27 19:00:00,26.5,61.45,,,,,10.46,0.74,6.53,0.32,0.84,,,0.15,,30.83,62.02,0.61,246.2,0.0,0.0,0.53,743.18,0.04
2024-03-27 20:00:00,27.03,62.52,,,,,10.49,0.74,8.92,0.32,0.84,,,0.15,,30.18,67.72,0.55,194.26,0.0,0.0,0.54,746.36,0.04
2024-03-27 21:00:00,27.18,62.8,,,,,10.94,0.74,9.83,0.32,0.84,,,0.15,,29.5,76.41,0.58,181.68,0.0,0.0,0.57,748.54,0.04
2024-03-27 22:00:00,26.93,62.3,,,,,11.33,0.74,8.81,0.32,0.84,,,0.15,,28.99,81.21,0.58,148.18,0.0,0.0,0.5,749.31,0.04
2024-03-27 23:00:00,27.01,62.46,3.94,5.18,5.95,26.3,11.66,0.74,6.72,0.32,0.84,,,0.15,,28.43,84.34,0.66,34.68,0.0,0.0,0.52,748.47,0.04
2024-03-28 00:00:00,27.1,62.65,2.81,6.1,5.52,22.63,11.97,0.74,5.72,0.32,0.84,,,0.15,,28.04,86.43,0.64,41.0,0.0,0.0,0.26,746.92,0.04
2024-03-28 01:00:00,26.79,62.03,,,,,11.26,0.74,6.24,0.32,0.84,,,0.15,,27.82,88.54,0.54,182.0,0.0,0.0,0.4,744.66,0.04
2024-03-28 02:00:00,27.28,63.02,,,,,11.62,0.74,6.49,0.32,0.84,,,0.15,,27.8,88.19,0.66,20.92,0.0,0.0,0.42,742.25,0.04
2024-03-28 03:00:00,27.13,62.72,,,,,10.96,0.74,8.39,0.32,0.84,,,0.15,,28.07,86.71,0.51,192.0,0.0,0.0,0.33,740.35,0.04
2024-03-28 04:00:00,26.95,62.35,,,,,11.2,0.74,8.04,0.32,0.84,,,0.15,,27.78,88.2,0.56,44.59,0.0,0.0,0.72,739.55,0.04
2024-03-28 05:00:00,26.67,61.79,2.88,6.32,5.69,20.5,11.91,0.74,6.17,0.32,0.84,,,0.15,,27.13,91.82,0.65,38.22,0.0,0.0,0.51,740.32,0.04
2024-03-28 06:00:00,26.8,62.04,5.44,4.15,6.62,21.85,12.44,0.74,5.3,0.32,0.84,,,0.15,,26.94,92.91,0.74,30.62,0.0,0.0,12.76,742.32,0.04
2024-03-28 07:00:00,26.63,61.7,,,,,13.0,0.74,6.47,0.32,0.84,,,0.15,,28.04,88.24,0.56,57.65,0.0,0.0,83.19,744.54,0.04
2024-03-28 08:00:00,26.81,62.07,,,,,14.12,0.74,7.96,0.32,0.84,,,0.15,,29.84,79.06,0.57,157.82,0.0,0.0,222.52,746.84,0.04
2024-03-28 09:00:00,26.92,62.3,,,,,14.5,0.74,9.15,0.32,0.84,,,0.15,,31.06,70.54,0.55,235.28,0.0,0.0,388.52,746.79,0.04
2024-03-28 10:00:00,26.96,62.37,,,,,14.39,0.74,13.61,0.32,0.84,,,0.15,,32.3,62.18,0.5,216.57,0.0,0.0,507.02,744.9,0.04
2024-03-28 11:00:00,26.98,62.4,2.21,6.06,5.01,18.28,14.78,0.74,22.29,0.32,0.84,,,0.15,,33.36,54.32,0.45,207.81,0.0,0.0,557.96,742.34,0.04
2024-03-28 12:00:00,27.41,63.28,2.21,5.75,4.85,20.95,15.12,0.74,24.61,0.32,0.84,,,0.15,,34.16,48.39,0.49,219.15,0.0,0.0,219.77,738.39,0.04
2024-03-28 13:00:00,27.18,62.81,,,,,12.41,0.74,26.4,0.32,0.84,,,0.15,,34.63,42.0,0.48,201.74,0.0,0.0,122.07,734.12,0.04
2024-03-28 14:00:00,26.69,61.84,,,,,10.58,0.74,28.06,0.32,0.84,,,0.15,,34.76,41.52,0.52,211.91,0.0,0.0,90.55,730.31,0.04
2024-03-28 15:00:00,26.35,61.16,,,,,9.3,0.74,26.56,0.32,0.84,,,0.15,,34.44,42.86,0.56,192.69,0.0,0.0,72.76,728.42,0.04
2024-03-28 16:00:00,26.11,60.67,,,,,8.28,0.74,22.99,0.32,0.84,,,0.15,,33.83,45.24,0.55,217.82,0.0,0.0,56.13,728.28,0.04
2024-03-28 17:00:00,26.04,60.51,4.14,5.96,6.52,15.59,8.17,0.74,20.05,0.32,0.84,,,0.15,,32.91,48.75,0.54,208.98,0.0,0.0,26.21,729.1,0.04
2024-03-28 18:00:00,26.5,61.44,2.86,6.16,5.59,18.62,8.64,0.74,11.02,0.32,0.84,,,0.15,,31.62,59.2,0.57,197.91,0.0,0.0,2.22,731.23,0.04
2024-03-28 19:00:00,26.48,61.4,,,,,8.2,0.74,11.78,0.32,0.84,,,0.15,,30.6,67.02,0.53,173.78,0.0,0.0,0.63,733.47,0.04
2024-03-28 20:00:00,26.34,61.12,,,,,9.61,0.74,9.64,0.32,0.84,,,0.15,,30.02,71.34,0.42,121.94,0.0,0.0,0.44,736.36,0.04
2024-03-28 21:00:00,27.04,62.53,,,,,10.91,0.74,9.54,0.32,0.84,,,0.15,,29.48,75.86,0.55,146.46,0.0,0.0,0.47,737.02,0.04
2024-03-28 22:00:00,26.98,62.4,,,,,12.61,0.74,8.96,0.32,0.84,,,0.15,,29.18,77.46,0.67,236.17,0.0,0.0,0.56,737.04,0.04
2024-03-28 23:00:00,26.7,61.84,2.25,8.08,6.12,11.8,12.7,0.74,5.78,0.32,0.84,,,0.15,,28.39,82.88,0.7,268.57,0.0,0.0,0.57,736.68,0.04
2024-03-29 00:00:00,28.04,64.52,3.22,6.54,6.09,16.18,12.62,0.74,6.02,0.32,0.84,,,0.15,,28.1,85.32,0.61,268.05,0.0,0.0,0.33,734.9,0.04
2024-03-29 01:00:00,27.78,63.99,,,,,11.65,0.74,8.42,0.32,0.84,,,0.15,,28.38,86.06,0.41,236.92,0.0,0.0,0.29,733.17,0.04
2024-03-29 02:00:00,26.85,62.15,,,,,11.26,0.74,9.52,0.32,0.84,,,0.15,,28.22,89.56,0.52,209.02,0.0,0.0,0.52,731.87,0.04
2024-03-29 03:00:00,26.4,61.25,,,,,10.71,0.74,9.17,0.32,0.84,,,0.15,,28.24,90.6,0.48,220.03,0.0,0.0,0.46,731.62,0.04
2024-03-29 04:00:00,26.9,62.25,,,,,10.04,0.74,10.02,0.32,0.84,,,0.15,,28.32,90.04,0.55,238.0,0.0,0.0,0.73,731.77,0.04
2024-03-29 05:00:00,26.84,62.12,,,,,10.17,0.74,9.56,0.32,0.84,,,0.15,,28.18,91.88,0.57,226.26,0.0,0.0,0.61,732.34,0.04
2024-03-29 06:00:00,27.46,63.38,4.54,3.61,5.6,15.66,10.48,0.74,10.02,0.32,0.84,,,0.15,,28.13,91.98,0.52,243.72,0.0,0.0,9.39,734.73,0.04
2024-03-29 07:00:00,27.29,63.04,,,,,10.13,0.74,9.81,0.32,0.84,,,0.15,,28.6,89.14,0.59,243.24,0.0,0.0,72.33,738.06,0.04
2024-03-29 08:00:00,26.72,61.88,,,,,10.33,0.74,11.86,0.32,0.84,,,0.15,,29.75,82.3,0.57,213.42,0.0,0.0,208.69,740.86,0.04
2024-03-29 09:00:00,26.52,61.51,,,,,10.91,0.74,10.12,0.32,0.84,,,0.15,,31.12,73.29,0.54,221.57,0.0,0.0,355.74,742.19,0.04
2024-03-29 10:00:00,26.98,62.41,,,,,10.45,0.74,14.57,0.32,0.84,,,0.15,,32.49,63.66,0.53,202.37,0.0,0.0,481.72,741.38,0.04
2024-03-29 11:00:00,26.87,62.19,,,,,10.09,0.74,11.3,0.32,0.84,,,0.15,,33.78,55.5,0.6,176.4,0.0,0.0,548.82,738.65,0.04
2024-03-29 12:00:00,26.95,62.36,2.46,6.03,5.2,12.88,10.35,0.74,11.31,0.32,0.84,,,0.15,,34.63,47.44,0.57,179.99,0.0,0.0,226.43,735.11,0.04
2024-03-29 13:00:00,26.82,62.09,2.61,3.98,4.23,11.24,9.35,0.74,22.04,0.32,0.84,,,0.15,,34.52,44.82,0.61,183.84,0.0,0.0,120.63,731.42,0.04
2024-03-29 14:00:00,26.46,61.36,,,,,9.98,0.74,19.16,0.32,0.84,,,0.15,,34.55,44.74,0.48,206.6,0.0,0.0,95.13,728.94,0.04
2024-03-29 15:00:00,27.01,62.47,,,,,9.1,0.74,21.21,0.32,0.84,,,0.15,,34.44,41.41,0.63,182.19,0.0,0.0,82.41,727.57,0.04
2024-03-29 16:00:00,27.04,62.54,,,,,8.06,0.74,25.92,0.32,0.84,,,0.15,,33.94,41.89,0.65,173.42,0.0,0.0,59.09,727.06,0.04
2024-03-29 17:00:00,26.88,62.2,,,,,8.84,0.74,29.61,0.32,0.84,,,0.15,,33.05,46.04,0.68,171.02,0.0,0.0,26.74,727.82,0.04
2024-03-29 18:00:00,26.89,62.24,3.83,5.83,6.21,18.0,9.66,0.74,24.86,0.32,0.84,,,0.15,,31.9,52.76,0.57,191.06,0.0,0.0,2.06,730.16,0.04
2024-03-29 19:00:00,26.72,61.89,2.73,5.29,5.02,14.43,8.94,0.74,22.24,0.32,0.84,,,0.15,,31.14,60.71,0.67,169.37,0.0,0.0,0.42,732.44,0.04
2024-03-29 20:00:00,26.77,61.98,,,,,9.04,0.74,19.73,0.32,0.84,,,0.15,,30.5,68.97,0.67,162.44,0.0,0.0,0.5,734.6,0.04
2024-03-29 21:00:00,26.81,62.06,,,,,9.16,0.74,12.83,0.32,0.84,,,0.15,,29.97,74.8,0.3,150.21,0.0,0.0,0.45,737.63,0.04
2024-03-29 22:00:00,26.57,61.59,,,,,9.44,0.74,10.94,0.32,0.84,,,0.15,,29.45,80.13,0.6,118.81,0.0,0.0,0.37,739.64,0.04
2024-03-29 23:00:00,26.72,61.9,,,,,9.4,0.74,7.2,0.32,0.84,,,0.15,,28.89,84.78,0.63,117.66,0.0,0.0,0.45,739.97,0.04
2024-03-30 00:00:00,27.2,62.85,,,,,12.88,0.74,7.48,0.32,0.84,,,0.15,,28.5,88.86,0.52,88.38,0.0,0.0,0.29,738.25,0.04
2024-03-30 01:00:00,27.15,62.74,,,,,12.99,0.74,7.21,0.32,0.84,,,0.15,,28.44,90.15,0.53,113.09,0.0,0.0,0.3,735.69,0.04
2024-03-30 02:00:00,26.8,62.06,,,,,13.41,0.74,6.9,0.32,0.84,,,0.15,,28.14,92.19,0.46,100.95,0.0,0.0,0.56,734.52,0.04
2024-03-30 03:00:00,27.58,63.61,,,,,13.68,0.74,7.26,0.32,0.84,,,0.15,,28.26,92.02,0.3,125.76,0.0,0.0,0.82,733.92,0.04
2024-03-30 04:00:00,27.45,63.34,,,,,13.71,0.74,8.41,0.32,0.84,,,0.15,,28.44,91.0,0.45,90.77,0.0,0.0,0.78,734.64,0.04
2024-03-30 05:00:00,27.1,62.66,,,,,14.16,0.74,8.1,0.32,0.84,,,0.15,,28.15,92.84,0.57,108.32,0.0,0.0,0.95,737.48,0.04
2024-03-30 06:00:00,27.19,62.83,,,,,14.65,0.74,8.28,0.32,0.84,,,0.15,,27.93,94.4,0.46,95.81,0.0,0.0,13.72,739.59,0.04
2024-03-30 07:00:00,26.89,62.22,,,,,14.98,0.74,7.17,0.32,0.84,,,0.15,,28.72,89.59,0.29,90.98,0.0,0.0,73.14,742.64,0.04
2024-03-30 08:00:00,26.46,61.37,,,,,14.35,0.74,10.69,0.32,0.84,,,0.15,,30.02,81.43,0.54,143.5,0.0,0.0,181.02,744.92,0.04
2024-03-30 09:00:00,26.24,60.93,,,,,14.86,0.74,8.46,0.32,0.84,,,0.15,,31.46,69.62,0.48,188.81,0.0,0.0,357.24,745.36,0.04
2024-03-30 10:00:00,26.61,61.68,,,,,14.73,0.74,10.75,0.32,0.84,,,0.15,,32.92,59.12,0.52,185.57,0.0,0.0,490.11,745.09,0.04
2024-03-30 11:00:00,27.16,62.77,,,,,14.66,0.74,25.14,0.32,0.84,,,0.15,,34.06,49.29,0.56,170.99,0.0,0.0,549.64,741.85,0.04
2024-03-30 12:00:00,26.97,62.4,,,,,15.32,0.74,29.58,0.32,0.84,,,0.15,,34.75,46.4,0.58,169.94,0.0,0.0,255.42,738.89,0.04
2024-03-30 13:00:00,27.2,62.85,,,,,15.09,0.74,36.94,0.32,0.84,,,0.15,,35.17,39.34,0.53,204.84,0.0,0.0,134.03,735.65,0.04
2024-03-30 14:00:00,26.98,62.41,,,,,13.53,0.74,42.2,0.32,0.84,,,0.15,,35.33,36.85,0.6,186.74,0.0,0.0,118.5,733.06,0.04
2024-03-30 15:00:00,26.52,61.5,,,,,12.98,0.74,32.47,0.32,0.84,,,0.15,,35.38,33.9,0.65,169.36,0.0,0.0,107.57,731.54,0.04
2024-03-30 16:00:00,26.52,61.5,,,,,12.46,0.74,30.32,0.32,0.84,,,0.15,,34.82,35.86,0.59,193.86,0.0,0.0,58.09,730.93,0.04
2024-03-30 17:00:00,26.56,61.58,,,,,12.21,0.74,26.52,0.32,0.84,,,0.15,,33.68,41.41,0.65,241.96,0.0,0.0,27.48,731.56,0.04
2024-03-30 18:00:00,26.98,62.42,,,,,13.13,0.74,24.56,0.32,0.84,,,0.15,,32.3,48.34,0.56,212.71,0.0,0.0,2.4,733.88,0.04
2024-03-30 19:00:00,27.18,62.8,,,,,14.51,0.74,23.38,0.32,0.84,,,0.15,,31.38,54.96,0.57,180.7,0.0,0.0,0.44,736.8,0.04
2024-03-30 20:00:00,27.04,62.54,,,,,15.06,0.74,15.1,0.32,0.84,,,0.15,,30.64,63.72,0.6,173.04,0.0,0.0,0.6,740.15,0.04
2024-03-30 21:00:00,26.97,62.4,,,,,15.45,0.74,14.57,0.32,0.84,,,0.15,,29.88,73.35,0.7,158.48,0.0,0.0,0.63,742.76,0.04
2024-03-30 22:00:00,26.91,62.27,,,,,15.16,0.74,12.52,0.32,0.84,,,0.15,,29.42,79.02,0.61,133.99,0.0,0.0,0.42,743.59,0.04
2024-03-30 23:00:00,26.79,62.02,,,,,15.14,0.74,11.22,0.32,0.84,,,0.15,,29.02,82.29,0.57,64.81,0.0,0.0,0.44,743.95,0.04
2024-03-31 00:00:00,27.09,62.63,,,,,13.02,0.74,9.51,0.32,0.84,,,0.15,,28.52,85.3,0.49,51.7,0.0,0.0,0.47,742.62,0.04
2024-03-31 01:00:00,28.49,65.43,,,,,12.74,0.74,8.95,0.32,0.84,,,0.15,,28.26,87.06,0.6,79.7,0.0,0.0,0.29,742.07,0.04
2024-03-31 02:00:00,28.08,64.6,,,,,12.0,0.74,8.98,0.32,0.84,,,0.15,,27.88,89.67,0.7,22.49,0.0,0.0,0.42,741.74,0.04
2024-03-31 03:00:00,27.07,62.58,,,,,12.0,0.74,9.82,0.32,0.84,,,0.15,,27.71,90.85,0.59,119.46,0.0,0.0,0.41,740.22,0.04
2024-03-31 04:00:00,26.48,61.4,,,,,12.08,0.74,7.46,0.32,0.84,,,0.15,,27.45,91.35,0.58,33.74,0.0,0.0,0.42,740.92,0.04
2024-03-31 05:00:00,26.12,60.7,,,,,12.45,0.74,6.26,0.32,0.84,,,0.15,,27.34,91.02,0.62,63.36,0.0,0.0,0.5,743.34,0.04
2024-03-31 06:00:00,25.91,60.27,,,,,14.43,0.74,6.71,0.32,0.84,,,0.15,,27.36,91.04,0.56,55.0,0.0,0.0,13.43,745.98,0.04
2024-03-31 07:00:00,27.34,63.13,,,,,17.11,0.74,7.96,0.32,0.84,,,0.15,,28.36,86.16,0.5,66.92,0.0,0.0,81.93,748.15,0.04
2024-03-31 08:00:00,27.41,63.27,,,,,18.2,0.74,9.68,0.32,0.84,,,0.15,,30.18,76.54,0.43,168.44,0.0,0.0,225.97,750.78,0.04
2024-03-31 09:00:00,26.97,62.4,,,,,19.08,0.74,14.97,0.32,0.84,,,0.15,,31.28,68.31,0.57,240.78,0.0,0.0,363.92,751.4,0.04
2024-03-31 10:00:00,26.96,62.36,,,,,19.16,0.74,18.76,0.32,0.84,,,0.15,,32.63,59.5,0.51,222.3,0.0,0.0,440.88,750.38,0.04
2024-03-31 11:00:00,26.79,62.03,,,,,18.32,0.74,23.43,0.32,0.84,,,0.15,,33.54,53.4,0.46,216.43,0.0,0.0,523.75,747.58,0.04
2024-03-31 12:00:00,26.65,61.75,,,,,17.08,0.74,24.18,0.32,0.84,,,0.15,,34.65,41.88,0.44,224.34,0.0,0.0,283.44,743.75,0.04
2024-03-31 13:00:00,26.74,61.93,,,,,16.45,0.74,26.91,0.32,0.84,,,0.15,,34.68,38.03,0.49,183.84,0.0,0.0,166.3,739.5,0.04
2024-03-31 14:00:00,26.55,61.54,,,,,13.5,0.74,29.09,0.32,0.84,,,0.15,,34.43,39.14,0.59,177.28,0.0,0.0,125.22,736.25,0.04
2024-03-31 15:00:00,26.24,60.92,,,,,11.8,0.74,19.29,0.32,0.84,,,0.15,,34.26,41.12,0.67,167.1,0.0,0.0,127.69,734.54,0.04
2024-03-31 16:00:00,26.14,60.74,,,,,10.5,0.74,21.07,0.32,0.84,,,0.15,,33.85,42.91,0.59,177.61,0.0,0.0,60.68,733.24,0.04
2024-03-31 17:00:00,26.39,61.23,,,,,10.74,0.74,19.38,0.32,0.84,,,0.15,,33.16,43.77,0.57,194.79,0.0,0.0,26.59,733.89,0.04
2024-03-31 18:00:00,26.94,62.32,,,,,11.15,0.74,20.72,0.32,0.84,,,0.15,,32.15,45.87,0.58,198.87,0.0,0.0,2.49,735.75,0.04
2024-03-31 19:00:00,27.11,62.66,,,,,12.46,0.74,17.96,0.32,0.84,,,0.15,,31.44,48.02,0.53,185.24,0.0,0.0,0.53,737.42,0.04
2024-03-31 20:00:00,26.87,62.18,,,,,13.11,0.74,14.83,0.32,0.84,,,0.15,,30.78,55.36,0.46,189.26,0.0,0.0,0.73,739.52,0.04
2024-03-31 21:00:00,26.5,61.44,,,,,13.82,0.74,13.38,0.32,0.84,,,0.15,,29.92,66.93,0.63,149.55,0.0,0.0,0.83,741.07,0.04
2024-03-31 22:00:00,27.23,62.92,,,,,14.52,0.74,11.23,0.32,0.84,,,0.15,,29.36,75.02,0.44,124.42,0.0,0.0,0.5,741.02,0.04
2024-03-31 23:00:00,27.14,62.74,,,,,14.24,0.74,10.8,0.32,0.84,,,0.15,,29.14,79.78,0.61,148.14,0.0,0.0,0.48,739.5,0.04
2024-04-01 00:00:00,26.64,61.72,,,,,14.34,0.74,8.4,0.32,0.84,,,0.15,,28.32,84.44,0.55,27.22,0.0,0.0,0.73,736.51,0.04
2024-04-01 01:00:00,26.99,62.43,,,,,13.96,0.74,7.65,0.32,0.84,,,0.15,,27.81,88.42,0.68,15.33,0.0,0.0,0.42,733.79,0.04
2024-04-01 02:00:00,26.85,62.15,,,,,12.77,0.74,8.37,0.32,0.84,,,0.15,,27.94,89.81,0.38,201.27,0.0,0.0,0.25,732.4,0.04
2024-04-01 03:00:00,26.44,61.32,,,,,12.05,0.74,9.94,0.32,0.84,,,0.15,,28.24,88.94,0.42,243.68,0.0,0.0,0.52,731.84,0.04
2024-04-01 04:00:00,26.15,60.74,,,,,13.38,0.74,9.69,0.32,0.84,,,0.15,,28.31,89.04,0.51,253.59,0.0,0.0,0.73,732.65,0.04
2024-04-01 05:00:00,25.95,60.36,,,,,14.49,0.74,9.28,0.32,0.84,,,0.15,,28.24,90.0,0.55,237.14,0.0,0.0,0.79,733.89,0.04
2024-04-01 06:00:00,26.32,61.09,,,,,13.86,0.74,8.99,0.32,0.84,,,0.15,,28.19,90.04,0.52,219.92,0.0,0.0,14.65,735.96,0.04
2024-04-01 07:00:00,26.52,61.49,,,,,13.93,0.74,8.17,0.32,0.84,,,0.15,,28.95,85.47,0.58,235.88,0.0,0.0,93.12,737.77,0.04
2024-04-01 08:00:00,26.34,61.12,,,,,14.78,0.74,8.82,0.32,0.84,,,0.15,,30.2,77.87,0.55,236.01,0.0,0.0,246.09,739.67,0.04
2024-04-01 09:00:00,26.62,61.7,,,,,15.21,0.74,7.1,0.32,0.84,,,0.15,,31.44,69.96,0.55,223.26,0.0,0.0,369.54,740.37,0.04
2024-04-01 10:00:00,26.82,62.11,,,,,14.68,0.74,9.69,0.32,0.84,,,0.15,,32.84,61.18,0.5,193.91,0.0,0.0,429.28,738.89,0.04
2024-04-01 11:00:00,26.6,61.65,,,,,13.75,0.74,15.87,0.32,0.84,,,0.15,,33.46,55.59,0.54,210.81,0.0,0.0,532.64,736.27,0.04
2024-04-01 12:00:00,26.37,61.18,,,,,13.57,0.74,21.08,0.32,0.84,,,0.15,,34.23,52.62,0.44,206.52,0.0,0.0,280.33,732.07,0.03
2024-04-01 13:00:00,26.53,61.5,,,,,13.66,0.74,22.56,0.32,0.84,,,0.15,,34.42,49.67,0.47,184.31,0.0,0.0,176.29,727.7,0.04
2024-04-01 14:00:00,27.34,63.13,,,,,12.62,0.74,26.77,0.32,0.84,,,0.15,,34.34,50.02,0.51,199.76,0.0,0.0,119.67,724.05,0.04
2024-04-01 15:00:00,27.17,62.78,,,,,10.98,0.74,25.96,0.32,0.84,,,0.15,,34.35,48.44,0.57,204.07,0.0,0.0,117.9,722.21,0.04
2024-04-01 16:00:00,26.82,62.08,,,,,10.54,0.74,28.59,0.32,0.84,,,0.15,,33.79,50.72,0.57,195.52,0.0,0.0,63.54,722.01,0.04
2024-04-01 17:00:00,26.56,61.58,,,,,10.65,0.74,27.54,0.32,0.84,,,0.15,,33.05,50.21,0.62,181.88,0.0,0.0,26.34,723.29,0.04
2024-04-01 18:00:00,26.7,61.84,,,,,11.07,0.74,24.12,0.32,0.84,,,0.15,,32.11,55.0,0.62,181.38,0.0,0.0,2.42,725.08,0.04
2024-04-01 19:00:00,27.12,62.69,,,,,11.64,0.74,20.91,0.32,0.84,,,0.15,,31.28,59.63,0.62,172.82,0.0,0.0,0.55,727.33,0.04
2024-04-01 20:00:00,26.93,62.3,,,,,12.55,0.74,16.04,0.32,0.84,,,0.15,,30.75,62.47,0.52,138.3,0.0,0.0,0.32,729.42,0.04
2024-04-01 21:00:00,26.56,61.58,,,,,12.55,0.74,14.91,0.32,0.84,,,0.15,,30.2,68.0,0.59,155.88,0.0,0.0,0.55,731.31,0.04
2024-04-01 22:00:00,26.96,62.37,,,,,13.73,0.74,13.26,0.32,0.84,,,0.15,,29.6,74.33,0.64,137.46,0.0,0.0,0.48,731.88,0.04
2024-04-01 23:00:00,26.86,62.17,,,,,14.43,0.74,10.17,0.32,0.84,,,0.15,,29.05,80.56,0.52,124.64,0.0,0.0,0.44,730.74,0.04
2024-04-02 00:00:00,26.73,61.91,,,,,13.02,0.74,12.28,0.32,0.84,,,0.15,,28.84,86.44,0.65,153.36,0.0,0.0,0.41,728.25,0.04
2024-04-02 01:00:00,26.87,62.2,,,,,13.97,0.74,12.2,0.32,0.84,,,0.15,,28.81,88.75,0.52,198.91,0.0,0.0,0.42,725.78,0.04
2024-04-02 02:00:00,26.96,62.38,,,,,14.43,0.74,10.9,0.32,0.84,,,0.15,,28.5,90.72,0.58,238.82,0.0,0.0,0.79,723.97,0.04
2024-04-02 03:00:00,26.68,61.82,,,,,13.51,0.74,10.82,0.32,0.84,,,0.15,,28.4,91.79,0.48,236.32,0.0,0.0,0.43,723.04,0.04
2024-04-02 04:00:00,26.38,61.2,,,,,14.11,0.74,10.82,0.32,0.84,,,0.15,,28.43,91.52,0.53,238.32,0.0,0.0,0.53,724.11,0.04
2024-04-02 05:00:00,26.31,61.08,,,,,15.04,0.74,9.16,0.32,0.84,,,0.15,,28.36,91.3,0.55,233.9,0.0,0.0,0.67,726.17,0.04
2024-04-02 06:00:00,26.32,61.09,,,,,13.77,0.74,7.69,0.32,0.84,,,0.15,,28.45,90.71,0.56,173.1,0.0,0.0,14.1,728.38,0.04
2024-04-02 07:00:00,27.02,62.49,,,,,13.37,0.74,7.11,0.32,0.84,,,0.15,,28.72,89.11,0.6,154.44,0.0,0.0,68.7,730.92,0.04
2024-04-02 08:00:00,27.62,63.7,,,,,14.77,0.74,7.52,0.32,0.84,,,0.15,,30.03,82.0,0.38,167.62,0.0,0.0,112.86,733.11,0.04
2024-04-02 09:00:00,27.26,62.98,,,,,15.79,0.74,7.14,0.32,0.84,,,0.15,,30.97,74.44,0.61,244.74,0.0,0.0,268.83,734.14,0.04
2024-04-02 10:00:00,26.73,61.92,,,,,14.91,0.74,8.9,0.32,0.84,,,0.15,,32.44,65.5,0.46,213.38,0.0,0.0,342.84,733.56,0.04
2024-04-02 11:00:00,27.24,62.93,,,,,13.95,0.74,13.11,0.32,0.84,,,0.15,,33.92,57.2,0.57,168.88,0.0,0.0,500.38,730.88,0.04
2024-04-02 12:00:00,50.84,110.11,,,,,13.61,0.74,16.72,0.32,0.84,,,0.15,,34.25,53.26,0.58,234.44,0.0,0.0,303.98,727.32,0.04
2024-04-02 13:00:00,36.88,82.21,,,,,14.0,0.74,35.45,0.32,0.84,,,0.15,,34.51,51.88,0.56,182.6,0.0,0.0,184.96,722.89,0.04
2024-04-02 14:00:00,33.1,74.65,,,,,14.74,0.74,39.92,0.32,0.84,,,0.15,,34.61,50.2,0.55,191.8,0.0,0.0,118.32,719.8,0.04
2024-04-02 15:00:00,28.95,66.34,,,,,12.09,0.74,40.72,0.32,0.84,,,0.15,,34.26,49.93,0.65,169.69,0.0,0.0,107.67,717.8,0.04
2024-04-02 16:00:00,25.47,59.39,,,,,10.66,0.74,32.64,0.32,0.84,,,0.15,,33.93,52.04,0.64,171.22,0.0,0.0,66.5,717.5,0.04
2024-04-02 17:00:00,25.47,59.39,,,,,10.1,0.74,27.37,0.32,0.84,,,0.15,,33.12,53.0,0.58,208.6,0.0,0.0,26.84,718.71,0.04
2024-04-02 18:00:00,25.47,59.39,,,,,9.98,0.74,24.78,0.32,0.84,,,0.15,,32.17,56.2,0.58,188.9,0.0,0.0,2.46,721.46,0.04
2024-04-02 19:00:00,25.47,59.39,,,,,10.2,0.74,22.14,0.32,0.84,,,0.15,,31.45,59.47,0.53,189.43,0.0,0.0,0.59,724.55,0.04
2024-04-02 20:00:00,26.94,62.35,,,,,11.35,0.74,19.9,0.32,0.84,,,0.15,,30.8,65.22,0.63,179.56,0.0,0.0,0.4,727.03,0.04
2024-04-02 21:00:00,26.32,61.1,,,,,10.81,0.74,18.91,0.32,0.84,,,0.15,,30.05,74.67,0.72,164.76,0.0,0.0,0.66,729.38,0.04
2024-04-02 22:00:00,25.58,59.6,,,,,11.23,0.74,15.52,0.32,0.84,,,0.15,,29.63,80.64,0.72,160.06,0.0,0.0,0.48,730.97,0.04
2024-04-02 23:00:00,25.49,59.42,,,,,11.41,0.74,11.31,0.32,0.84,,,0.15,,29.29,84.82,0.66,147.2,0.0,0.0,0.46,730.0,0.04
2024-04-03 00:00:00,25.47,59.39,,,,,12.15,0.74,8.73,0.32,0.84,,,0.15,,28.66,86.96,0.61,83.22,0.0,0.0,0.48,728.81,0.04
2024-04-03 01:00:00,27.71,63.88,,,,,12.12,0.74,7.97,0.32,0.84,,,0.15,,29.04,87.68,0.52,146.86,0.0,0.0,0.64,727.1,0.04
2024-04-03 02:00:00,37.37,83.19,,,,,13.25,0.74,9.55,0.32,0.84,,,0.15,,29.2,87.23,0.59,150.42,0.0,0.0,0.69,725.3,0.04
2024-04-03 03:00:00,30.5,69.45,,,,,12.76,0.74,8.85,0.32,0.84,,,0.15,,29.12,88.33,0.52,133.24,0.0,0.0,0.9,725.54,0.04
2024-04-03 04:00:00,25.47,59.39,,,,,12.78,0.74,5.92,0.32,0.84,,,0.15,,28.74,89.89,0.52,93.75,0.0,0.0,0.97,726.45,0.04
2024-04-03 05:00:00,25.47,59.39,,,,,12.92,0.74,5.4,0.32,0.84,,,0.15,,28.41,91.88,0.51,70.97,0.0,0.0,0.99,728.23,0.04
2024-04-03 06:00:00,25.47,59.39,,,,,13.47,0.74,5.52,0.32,0.84,,,0.15,,28.36,92.4,0.61,54.12,0.0,0.0,16.63,729.94,0.04
2024-04-03 07:00:00,25.47,59.39,,,,,14.01,0.74,7.06,0.32,0.84,,,0.15,,29.58,84.78,0.5,164.22,0.0,0.0,69.91,732.82,0.04
2024-04-03 08:00:00,32.72,73.9,,,,,16.79,0.74,9.84,0.32,0.84,,,0.15,,30.56,77.44,0.5,196.59,0.0,0.0,142.39,735.68,0.04
2024-04-03 09:00:00,28.79,66.03,,,,,17.72,0.74,11.19,0.32,0.84,,,0.15,,31.65,69.48,0.56,227.11,0.0,0.0,313.96,737.0,0.03
2024-04-03 10:00:00,25.47,59.39,,,,,16.66,0.74,16.16,0.32,0.84,,,0.15,,32.71,62.87,0.54,232.1,0.0,0.0,383.64,736.45,0.04
2024-04-03 11:00:00,25.47,59.39,,,,,15.6,0.74,15.42,0.32,0.84,,,0.15,,33.8,56.27,0.54,195.54,0.0,0.0,492.38,734.24,0.04
2024-04-03 12:00:00,25.47,59.39,,,,,14.41,0.82,17.6,0.3,0.89,,,0.16,,34.19,53.91,0.55,198.09,0.0,0.0,317.54,731.59,0.03
2024-04-03 13:00:00,25.47,59.39,,,,,13.17,0.88,20.08,0.28,0.92,,,0.17,,34.14,50.92,0.54,190.02,0.0,0.0,180.38,727.77,0.04
2024-04-03 14:00:00,25.47,59.39,,,,,12.35,0.88,22.0,0.28,0.92,,,0.17,,34.13,50.14,0.52,205.22,0.0,0.0,117.6,724.48,0.04
2024-04-03 15:00:00,25.47,59.39,,,,,10.52,0.88,23.47,0.28,0.92,,,0.17,,33.86,51.55,0.5,188.6,0.0,0.0,102.55,722.1,0.04
2024-04-03 16:00:00,25.47,59.39,,,,,9.15,0.88,24.22,0.28,0.92,,,0.17,,33.32,51.81,0.57,192.95,0.0,0.0,66.47,722.62,0.04
2024-04-03 17:00:00,25.47,59.39,,,,,8.63,0.88,22.22,0.28,0.92,,,0.17,,32.62,54.95,0.65,168.95,0.0,0.0,26.48,724.5,0.04
2024-04-03 18:00:00,25.47,59.39,,,,,8.74,0.88,19.14,0.28,0.92,,,0.17,,31.87,56.67,0.7,164.42,0.0,0.0,2.36,726.46,0.04
2024-04-03 19:00:00,25.47,59.39,,,,,9.62,0.88,14.16,0.28,0.92,,,0.17,,31.36,59.21,0.66,147.93,0.0,0.0,0.45,728.75,0.04
2024-04-03 20:00:00,25.47,59.39,,,,,11.97,0.88,10.33,0.28,0.92,,,0.17,,30.73,64.45,0.59,150.37,0.0,0.0,0.37,730.29,0.04
2024-04-03 21:00:00,25.47,59.39,,,,,14.12,0.88,5.98,0.28,0.92,,,0.17,,30.26,71.74,0.73,161.64,0.0,0.0,0.46,732.38,0.04
2024-04-03 22:00:00,25.47,59.39,,,,,15.03,0.88,6.24,0.28,0.92,,,0.17,,29.82,77.86,0.72,163.05,0.0,0.0,0.53,733.0,0.04
2024-04-03 23:00:00,25.47,59.39,,,,,14.45,0.88,6.11,0.28,0.92,,,0.17,,29.4,82.44,0.59,127.82,0.0,0.0,0.63,732.54,0.04
2024-04-04 00:00:00,25.47,59.39,,,,,11.94,0.88,5.63,0.28,0.92,,,0.17,,28.77,83.95,0.67,46.07,0.0,0.0,0.66,731.1,0.04
2024-04-04 01:00:00,25.47,59.39,,,,,11.98,0.88,6.02,0.28,0.92,,,0.17,,28.93,85.52,0.56,84.22,0.0,0.0,0.64,729.0,0.04
2024-04-04 02:00:00,25.47,59.39,,,,,12.69,0.88,6.19,0.28,0.92,,,0.17,,28.8,88.14,0.52,97.41,0.0,0.0,0.51,727.04,0.04
2024-04-04 03:00:00,25.47,59.39,,,,,11.63,0.88,5.24,0.28,0.92,,,0.17,,29.01,88.18,0.38,102.68,0.0,0.0,0.46,726.0,0.04
2024-04-04 04:00:00,25.47,59.39,,,,,11.16,0.88,6.4,0.28,0.92,,,0.17,,29.06,89.82,0.58,151.78,0.0,0.0,0.66,726.3,0.04
2024-04-04 05:00:00,25.75,59.94,,,,,12.22,0.88,5.82,0.28,0.92,,,0.17,,28.75,90.78,0.53,96.81,0.0,0.0,0.95,728.55,0.04
2024-04-04 06:00:00,25.72,59.88,,,,,12.67,0.88,5.29,0.28,0.92,,,0.17,,28.48,92.66,0.46,91.62,0.0,0.0,15.7,731.14,0.04
2024-04-04 07:00:00,26.18,60.81,,,,,12.6,0.88,5.93,0.28,0.92,,,0.17,,29.51,86.74,0.56,169.62,0.0,0.0,72.76,733.76,0.04
2024-04-04 08:00:00,29.48,67.42,,,,,13.95,0.88,8.45,0.28,0.92,,,0.17,,30.39,78.06,0.52,217.18,0.0,0.0,127.65,736.7,0.04
2024-04-04 09:00:00,28.95,66.36,,,,,15.09,0.88,4.19,0.28,0.92,,,0.17,,31.28,71.75,0.53,230.36,0.0,0.0,258.21,737.45,0.04
2024-04-04 10:00:00,27.18,62.8,,,,,14.22,0.88,7.78,0.28,0.92,,,0.17,,32.64,64.21,0.5,222.25,0.0,0.0,378.15,736.82,0.04
2024-04-04 11:00:00,26.34,61.13,,,,,13.32,0.88,13.06,0.28,0.92,,,0.17,,33.98,55.52,0.53,207.54,0.0,0.0,526.46,734.07,0.04
2024-04-04 12:00:00,25.93,60.32,,,,,12.56,0.88,16.77,0.28,0.92,,,0.17,,34.4,51.83,0.56,235.46,0.0,0.0,321.49,731.13,0.03
2024-04-04 13:00:00,25.72,59.9,,,,,11.16,0.88,19.33,0.28,0.92,,,0.17,,34.58,50.38,0.55,225.94,0.0,0.0,162.63,728.06,0.04
2024-04-04 14:00:00,25.62,59.68,,,,,10.39,0.88,20.12,0.28,0.92,,,0.17,,34.56,48.44,0.5,212.84,0.0,0.0,105.61,725.32,0.04
2024-04-04 15:00:00,25.56,59.56,,,,,10.48,0.88,29.01,0.28,0.92,,,0.17,,34.77,44.22,0.54,192.46,0.0,0.0,94.76,722.76,0.04
2024-04-04 16:00:00,25.52,59.5,,,,,9.82,0.88,27.82,0.28,0.92,,,0.17,,34.53,43.78,0.66,166.63,0.0,0.0,60.48,722.18,0.04
2024-04-04 17:00:00,25.5,59.46,,,,,8.92,0.88,23.54,0.28,0.92,,,0.17,,33.8,47.81,0.74,164.38,0.0,0.0,28.35,723.74,0.04
2024-04-04 18:00:00,25.79,60.03,,,,,8.43,0.88,17.13,0.28,0.92,,,0.17,,32.87,53.02,0.74,164.64,0.0,0.0,2.48,725.85,0.04
2024-04-04 19:00:00,26.02,60.5,,,,,9.52,0.88,13.29,0.28,0.92,,,0.17,,32.22,54.91,0.55,162.26,0.0,0.0,0.48,728.52,0.04
2024-04-04 20:00:00,26.56,61.56,,,,,12.05,0.88,15.63,0.28,0.92,,,0.17,,31.76,58.55,0.69,165.88,0.0,0.0,0.54,730.9,0.04
2024-04-04 21:00:00,28.22,64.9,,,,,14.85,0.88,12.45,0.28,0.92,,,0.17,,30.48,76.4,0.64,159.29,0.0,0.0,0.64,732.64,0.04
2024-04-04 22:00:00,27.95,64.34,,,,,15.68,0.88,8.8,0.28,0.92,,,0.17,,29.94,82.58,0.66,154.42,0.0,0.0,0.43,733.04,0.04
2024-04-04 23:00:00,27.06,62.56,,,,,14.65,0.88,7.28,0.28,0.92,,,0.17,,29.57,86.04,0.67,152.16,0.0,0.0,0.5,732.37,0.04
2024-04-05 00:00:00,26.53,61.51,,,,,12.69,0.88,5.77,0.28,0.92,,,0.17,,29.01,88.39,0.55,62.45,0.0,0.0,0.44,730.18,0.04
2024-04-05 01:00:00,26.22,60.88,,,,,12.02,0.88,6.68,0.28,0.92,,,0.17,,28.86,90.78,0.46,145.39,0.0,0.0,0.22,728.38,0.04
2024-04-05 02:00:00,27.79,64.02,,,,,11.32,0.88,10.62,0.28,0.92,,,0.17,,29.08,90.8,0.53,223.02,0.0,0.0,0.77,726.78,0.04
2024-04-05 03:00:00,48.48,105.41,,,,,10.8,0.88,13.23,0.28,0.92,,,0.17,,29.12,89.0,0.57,238.82,0.0,0.0,0.53,725.43,0.04
2024-04-05 04:00:00,35.56,79.56,,,,,9.82,0.88,15.54,0.28,0.92,,,0.17,,29.32,87.43,0.53,229.39,0.0,0.0,0.81,726.03,0.04
2024-04-05 05:00:00,25.47,59.39,,,,,9.66,0.88,16.42,0.28,0.92,,,0.17,,29.34,87.74,0.63,249.4,0.0,0.0,0.98,727.32,0.04
2024-04-05 06:00:00,25.47,59.39,,,,,8.76,0.88,10.65,0.28,0.92,,,0.17,,29.37,88.09,0.63,243.1,0.0,0.0,14.45,729.19,0.04
2024-04-05 07:00:00,25.47,59.39,,,,,7.83,0.88,9.5,0.28,0.92,,,0.17,,29.75,85.46,0.6,234.75,0.0,0.0,48.69,732.02,0.04
2024-04-05 08:00:00,25.47,59.39,,,,,7.88,0.88,8.94,0.28,0.92,,,0.17,,30.7,78.44,0.54,228.74,0.0,0.0,203.19,734.86,0.04
2024-04-05 09:00:00,34.74,77.93,,,,,8.94,0.88,7.24,0.28,0.92,,,0.17,,31.93,71.27,0.63,242.58,0.0,0.0,343.37,735.36,0.04
2024-04-05 10:00:00,30.1,68.66,,,,,8.35,0.88,10.54,0.28,0.92,,,0.17,,33.35,63.27,0.52,253.94,0.0,0.0,419.28,734.62,0.04
2024-04-05 11:00:00,25.47,59.39,,,,,8.24,0.88,17.34,0.28,0.92,,,0.17,,34.68,54.24,0.48,247.2,0.0,0.0,485.42,732.4,0.04
2024-04-05 12:00:00,25.47,59.39,,,,,8.52,0.88,26.29,0.28,0.92,,,0.17,,35.73,46.49,0.58,249.16,0.0,0.0,327.86,727.52,0.03
2024-04-05 13:00:00,25.47,59.39,,,,,8.71,0.88,34.08,0.28,0.92,,,0.17,,36.16,41.85,0.55,238.82,0.0,0.0,186.09,722.57,0.03
2024-04-05 14:00:00,25.47,59.39,,,,,9.44,0.88,23.97,0.28,0.92,,,0.17,,36.36,42.25,0.5,212.2,0.0,0.0,114.18,719.28,0.04
2024-04-05 15:00:00,27.86,64.16,,,,,10.38,0.88,23.94,0.28,0.92,,,0.17,,36.3,40.05,0.6,189.23,0.0,0.0,99.97,717.38,0.04
2024-04-05 16:00:00,26.95,62.35,,,,,9.64,0.88,44.14,0.28,0.92,,,0.17,,35.76,42.91,0.57,193.82,0.0,0.0,60.86,716.61,0.04
2024-04-05 17:00:00,25.65,59.76,,,,,10.4,0.88,36.2,0.28,0.92,,,0.17,,34.52,46.22,0.57,196.14,0.0,0.0,30.76,718.14,0.04
2024-04-05 18:00:00,26.6,61.64,,,,,9.94,0.88,31.2,0.28,0.92,,,0.17,,33.17,54.11,0.56,179.27,0.0,0.0,2.59,720.63,0.04
2024-04-05 19:00:00,27.88,64.21,,,,,9.85,0.88,17.59,0.28,0.92,,,0.17,,32.02,64.05,0.6,170.98,0.0,0.0,0.76,723.77,0.04
2024-04-05 20:00:00,27.65,63.76,,,,,10.11,0.88,12.64,0.28,0.92,,,0.17,,31.18,71.39,0.46,167.77,0.0,0.0,0.54,725.84,0.04
2024-04-05 21:00:00,30.5,69.44,,,,,10.32,0.88,11.28,0.28,0.92,,,0.17,,30.57,78.21,0.38,117.86,0.0,0.0,0.28,727.47,0.04
2024-04-05 22:00:00,28.7,65.85,,,,,9.68,0.88,9.28,0.28,0.92,,,0.17,,30.22,80.04,0.49,163.86,0.0,0.0,0.37,727.31,0.04
2024-04-05 23:00:00,26.27,60.98,,,,,9.92,0.88,10.76,0.28,0.92,,,0.17,,29.84,86.8,0.38,205.52,0.0,0.0,0.25,725.95,0.04
2024-04-06 00:00:00,25.68,59.82,,,,,13.39,0.88,11.34,0.28,0.92,,,0.17,,29.65,89.6,0.58,238.87,0.0,0.0,0.42,724.27,0.04
2024-04-06 01:00:00,25.53,59.51,,,,,13.37,0.88,10.25,0.28,0.92,,,0.17,,29.48,90.44,0.61,259.58,0.0,0.0,0.42,722.52,0.04
2024-04-06 02:00:00,25.49,59.42,,,,,12.4,0.88,10.35,0.28,0.92,,,0.17,,29.51,90.88,0.65,244.76,0.0,0.0,0.53,721.0,0.04
2024-04-06 03:00:00,27.86,64.17,,,,,12.76,0.88,11.69,0.28,0.92,,,0.17,,29.47,90.08,0.69,251.81,0.0,0.0,0.68,720.4,0.04
2024-04-06 04:00:00,27.42,63.3,,,,,11.98,0.88,9.86,0.28,0.92,,,0.17,,29.29,90.53,0.6,230.62,0.0,0.0,0.44,720.41,0.04
2024-04-06 05:00:00,26.19,60.84,,,,,10.93,0.88,8.37,0.28,0.92,,,0.17,,29.03,92.27,0.43,249.63,0.0,0.0,0.69,721.88,0.04
2024-04-06 06:00:00,25.75,59.95,,,,,10.63,0.88,7.14,0.28,0.92,,,0.17,,29.02,92.1,0.42,241.2,0.0,0.0,18.87,724.12,0.04
2024-04-06 07:00:00,25.58,59.62,,,,,11.24,0.88,7.53,0.28,0.92,,,0.17,,29.99,86.26,0.44,233.69,0.0,0.0,100.49,727.95,0.04
2024-04-06 08:00:00,27.98,64.4,,,,,12.95,0.88,11.42,0.28,0.92,,,0.17,,31.63,75.76,0.3,212.33,0.0,0.0,261.78,729.53,0.04
2024-04-06 09:00:00,29.01,66.46,,,,,14.7,0.88,11.64,0.28,0.92,,,0.17,,33.28,62.16,0.5,235.73,0.0,0.0,391.92,729.9,0.04
2024-04-06 10:00:00,28.56,65.56,,,,,14.44,0.88,15.07,0.28,0.92,,,0.17,,34.72,48.84,0.62,242.12,0.0,0.0,468.29,728.7,0.04
2024-04-06 11:00:00,27.74,63.93,,,,,13.26,0.88,34.61,0.28,0.92,,,0.17,,36.38,41.16,0.5,225.77,0.0,0.0,472.68,725.74,0.04
2024-04-06 12:00:00,27.96,64.39,,,,,13.44,0.88,41.34,0.28,0.92,,,0.17,,37.14,37.18,0.5,225.01,0.0,0.0,333.33,722.37,0.04
2024-04-06 13:00:00,27.71,63.87,,,,,12.21,0.88,34.98,0.28,0.92,,,0.17,,37.53,31.99,0.48,181.28,0.0,0.0,217.98,718.7,0.04
2024-04-06 14:00:00,27.82,64.1,,,,,11.6,0.88,35.27,0.28,0.92,,,0.17,,37.22,30.4,0.61,191.72,0.0,0.0,128.63,715.88,0.04
2024-04-06 15:00:00,28.33,65.1,,,,,12.34,0.88,24.09,0.28,0.92,,,0.17,,36.85,26.94,0.66,175.57,0.0,0.0,110.46,714.25,0.04
2024-04-06 16:00:00,28.57,65.59,,,,,13.19,0.88,23.43,0.28,0.92,,,0.17,,36.08,31.12,0.54,186.71,0.0,0.0,74.7,714.0,0.04
2024-04-06 17:00:00,28.14,64.73,,,,,12.76,0.88,30.04,0.28,0.92,,,0.17,,35.04,34.34,0.59,182.46,0.0,0.0,34.16,715.28,0.04
2024-04-06 18:00:00,27.73,63.9,,,,,13.24,0.88,31.94,0.28,0.92,,,0.17,,33.85,40.66,0.56,168.11,0.0,0.0,2.24,717.74,0.04
2024-04-06 19:00:00,27.81,64.07,,,,,14.12,0.88,29.81,0.28,0.92,,,0.17,,32.86,45.03,0.65,152.5,0.0,0.0,0.58,720.32,0.04
2024-04-06 20:00:00,27.96,64.38,,,,,14.58,0.88,33.63,0.28,0.92,,,0.17,,32.0,51.63,0.73,164.0,0.0,0.0,0.57,722.64,0.04
2024-04-06 21:00:00,27.48,63.42,,,,,15.76,0.88,32.3,0.28,0.92,,,0.17,,31.33,61.23,0.7,173.14,0.0,0.0,0.44,724.62,0.04
2024-04-06 22:00:00,27.47,63.39,,,,,16.26,0.88,27.83,0.28,0.92,,,0.17,,30.53,67.81,0.55,143.64,0.0,0.0,0.67,724.31,0.04
2024-04-06 23:00:00,27.84,64.13,,,,,15.06,0.88,23.49,0.28,0.92,,,0.17,,30.1,76.12,0.52,186.66,0.0,0.0,0.28,722.82,0.04
2024-04-07 00:00:00,28.05,64.55,,,,,12.46,0.88,19.96,0.28,0.92,,,0.17,,30.04,82.43,0.59,151.79,0.0,0.0,0.47,721.75,0.04
2024-04-07 01:00:00,27.85,64.16,,,,,11.8,0.88,15.7,0.28,0.92,,,0.17,,29.44,84.02,0.58,52.55,0.0,0.0,0.6,720.1,0.04
2024-04-07 02:00:00,27.64,63.73,,,,,12.02,0.88,14.6,0.28,0.92,,,0.17,,28.89,87.79,0.72,24.08,0.0,0.0,0.52,718.69,0.04
2024-04-07 03:00:00,27.53,63.51,,,,,12.1,0.88,12.6,0.28,0.92,,,0.17,,28.62,90.82,0.69,30.17,0.0,0.0,0.36,717.92,0.04
2024-04-07 04:00:00,28.01,64.47,,,,,11.53,0.88,11.47,0.28,0.92,,,0.17,,28.74,90.3,0.51,61.12,0.0,0.0,0.1,718.28,0.04
2024-04-07 05:00:00,27.58,63.61,,,,,10.63,0.88,11.32,0.28,0.92,,,0.17,,28.61,90.02,0.55,102.65,0.0,0.0,0.6,719.34,0.04
2024-04-07 06:00:00,27.0,62.44,,,,,11.44,0.88,8.9,0.28,0.92,,,0.17,,28.49,89.64,0.64,51.42,0.0,0.0,14.66,721.95,0.04
2024-04-07 07:00:00,28.44,65.32,,,,,13.94,0.88,9.82,0.28,0.92,,,0.17,,29.78,83.76,0.5,91.19,0.0,0.0,85.91,724.81,0.04
2024-04-07 08:00:00,29.09,66.62,,,,,16.92,0.88,5.74,0.28,0.92,,,0.17,,31.47,72.74,0.56,182.86,0.0,0.0,228.98,727.46,0.04
2024-04-07 09:00:00,28.24,64.93,,,,,18.17,0.88,5.45,0.28,0.92,,,0.17,,33.15,59.44,0.52,204.82,0.0,0.0,355.94,727.7,0.04
2024-04-07 10:00:00,27.42,63.28,,,,,19.72,0.88,5.26,0.28,0.92,,,0.17,,34.66,49.94,0.55,192.16,0.0,0.0,432.18,726.69,0.04
2024-04-07 11:00:00,26.84,62.13,,,,,19.52,0.88,11.77,0.28,0.92,,,0.17,,36.12,38.15,0.52,208.12,0.0,0.0,433.91,724.52,0.04
2024-04-07 12:00:00,26.49,61.44,,,,,19.18,0.88,28.56,0.28,0.92,,,0.17,,36.74,34.56,0.5,219.7,0.0,0.0,347.21,722.31,0.04
2024-04-07 13:00:00,26.55,61.54,,,,,18.56,0.88,52.41,0.28,0.92,,,0.17,,37.06,31.31,0.57,206.9,0.0,0.0,224.02,718.72,0.04
2024-04-07 14:00:00,26.88,62.2,,,,,18.14,0.88,47.03,0.28,0.92,,,0.17,,37.02,30.26,0.58,190.5,0.0,0.0,123.99,715.42,0.04
2024-04-07 15:00:00,27.9,64.25,,,,,17.95,0.88,29.3,0.28,0.92,,,0.17,,36.7,28.28,0.7,166.34,0.0,0.0,111.12,714.1,0.04
2024-04-07 16:00:00,27.95,64.35,,,,,19.89,0.88,26.2,0.28,0.92,,,0.17,,36.02,30.26,0.72,165.94,0.0,0.0,63.08,713.17,0.04
2024-04-07 17:00:00,27.6,63.64,,,,,19.97,0.88,39.88,0.28,0.92,,,0.17,,35.03,32.86,0.74,165.41,0.0,0.0,30.64,714.66,0.04
2024-04-07 18:00:00,27.8,64.04,,,,,24.64,0.88,34.05,0.28,0.92,,,0.17,,33.68,37.9,0.45,96.04,0.0,0.0,2.34,717.54,0.04
2024-04-07 19:00:00,28.82,66.1,,,,,21.88,0.88,21.16,0.28,0.92,,,0.17,,32.88,44.78,0.66,149.91,0.0,0.0,0.42,719.94,0.04
2024-04-07 20:00:00,29.04,66.54,,,,,21.4,0.88,12.16,0.28,0.92,,,0.17,,31.55,60.13,0.78,165.46,0.0,0.0,0.84,722.86,0.04
2024-04-07 21:00:00,29.24,66.91,,,,,22.32,0.88,11.77,0.28,0.92,,,0.17,,30.72,72.74,0.74,162.37,0.0,0.0,0.63,724.61,0.04
2024-04-07 22:00:00,36.8,82.06,,,,,21.68,0.88,9.37,0.28,0.92,,,0.17,,29.87,80.71,0.58,63.02,0.0,0.0,0.36,724.8,0.04
2024-04-07 23:00:00,30.1,68.64,,,,,21.32,0.88,8.69,0.28,0.92,,,0.17,,29.66,85.08,0.58,85.61,0.0,0.0,0.17,724.5,0.04
2024-04-08 00:00:00,25.47,59.39,,,,,13.26,0.88,8.3,0.28,0.92,,,0.17,,29.32,87.86,0.68,102.91,0.0,0.0,0.22,723.01,0.04
2024-04-08 01:00:00,25.47,59.39,,,,,12.04,0.88,8.0,0.28,0.92,,,0.17,,29.19,89.7,0.64,91.61,0.0,0.0,0.24,721.99,0.04
2024-04-08 02:00:00,25.47,59.39,,,,,11.3,0.88,8.43,0.28,0.92,,,0.17,,29.4,90.29,0.56,85.87,0.0,0.0,0.48,720.93,0.04
2024-04-08 03:00:00,25.47,59.39,,,,,10.79,0.88,8.73,0.28,0.92,,,0.17,,29.51,89.52,0.6,82.7,0.0,0.0,0.51,721.82,0.04
2024-04-08 04:00:00,31.12,70.68,,,,,10.27,0.88,8.76,0.28,0.92,,,0.17,,29.23,91.17,0.62,101.9,0.0,0.0,0.43,723.38,0.04
2024-04-08 05:00:00,28.74,65.94,,,,,8.29,0.88,7.9,0.28,0.92,,,0.17,,29.0,92.06,0.65,105.17,0.0,0.0,0.74,725.97,0.04
2024-04-08 06:00:00,25.88,60.2,,,,,7.85,0.88,8.04,0.28,0.92,,,0.17,,29.2,90.66,0.6,87.1,0.0,0.0,18.19,728.93,0.04
2024-04-08 07:00:00,25.53,59.51,,,,,7.57,0.88,8.89,0.28,0.92,,,0.17,,30.08,82.88,0.57,112.0,0.0,0.0,95.35,732.86,0.04
2024-04-08 08:00:00,25.48,59.41,,,,,7.56,0.88,14.43,0.28,0.92,,,0.17,,31.68,67.28,0.62,147.13,0.0,0.0,251.25,736.95,0.04
2024-04-08 09:00:00,27.04,62.54,,,,,7.32,0.88,18.34,0.28,0.92,,,0.17,,33.1,56.72,0.53,130.7,0.0,0.0,311.36,739.22,0.04
2024-04-08 10:00:00,27.65,63.75,,,,,7.11,0.88,20.63,0.28,0.92,,,0.17,,33.64,54.14,0.65,152.28,0.0,0.0,423.87,738.99,0.04
2024-04-08 11:00:00,27.26,62.96,,,,,5.95,0.88,22.88,0.28,0.92,,,0.17,,34.03,53.58,0.68,153.46,0.0,0.0,381.36,737.81,0.03
2024-04-08 12:00:00,27.5,63.44,,,,,6.19,0.88,26.82,0.28,0.92,,,0.17,,34.42,51.14,0.67,153.63,0.0,0.0,341.94,735.57,0.04
2024-04-08 13:00:00,27.26,62.97,,,,,6.46,0.88,27.63,0.28,0.92,,,0.17,,34.53,50.07,0.66,141.8,0.0,0.0,225.39,732.78,0.03
2024-04-08 14:00:00,27.38,63.22,,,,,5.08,0.88,21.08,0.28,0.92,,,0.17,,34.48,48.74,0.7,154.82,0.0,0.0,130.5,729.98,0.03
2024-04-08 15:00:00,27.38,63.22,,,,,4.37,0.88,17.54,0.28,0.92,,,0.17,,34.2,48.46,0.76,161.35,0.0,0.0,119.72,728.47,0.04
2024-04-08 16:00:00,27.74,63.92,,,,,5.18,0.88,15.54,0.28,0.92,,,0.17,,33.52,51.34,0.76,161.56,0.0,0.0,62.57,728.19,0.04
2024-04-08 17:00:00,27.54,63.54,,,,,4.88,0.88,22.43,0.28,0.92,,,0.17,,32.7,56.18,0.76,161.76,0.0,0.0,29.98,729.22,0.04
2024-04-08 18:00:00,27.76,63.98,,,,,4.58,0.88,19.94,0.28,0.92,,,0.17,,31.48,68.19,0.75,161.01,0.0,0.0,2.95,732.1,0.04
2024-04-08 19:00:00,28.1,64.65,,,,,4.5,0.88,16.03,0.28,0.92,,,0.17,,30.7,75.22,0.75,162.18,0.0,0.0,0.84,734.58,0.04
2024-04-08 20:00:00,27.75,63.94,,,,,4.55,0.88,14.34,0.28,0.92,,,0.17,,30.26,79.18,0.7,159.9,0.0,0.0,0.75,737.6,0.04
2024-04-08 21:00:00,27.82,64.1,,,,,4.83,0.88,12.84,0.28,0.92,,,0.17,,30.03,81.43,0.72,159.84,0.0,0.0,0.6,739.59,0.04
2024-04-08 22:00:00,27.78,64.02,,,,,5.56,0.88,12.29,0.28,0.92,,,0.17,,29.91,82.98,0.62,134.46,0.0,0.0,0.39,740.16,0.04
2024-04-08 23:00:00,26.94,62.34,,,,,6.0,0.88,13.22,0.28,0.92,,,0.17,,29.92,79.89,0.62,147.84,0.0,0.0,0.46,738.89,0.04
2024-04-09 00:00:00,26.71,61.87,,,,,12.48,0.88,18.63,0.28,0.92,,,0.17,,29.86,78.65,0.64,153.94,0.0,0.0,0.62,735.75,0.04
2024-04-09 01:00:00,27.44,63.34,,,,,12.23,0.88,14.89,0.28,0.92,,,0.17,,29.5,82.29,0.66,154.09,0.0,0.0,0.64,733.28,0.04
2024-04-09 02:00:00,27.04,62.54,,,,,11.34,0.88,14.43,0.28,0.92,,,0.17,,29.35,81.76,0.54,141.12,0.0,0.0,0.5,731.95,0.04
2024-04-09 03:00:00,28.08,64.61,,,,,11.1,0.88,12.72,0.28,0.92,,,0.17,,29.1,83.95,0.63,112.38,0.0,0.0,0.45,731.64,0.04
2024-04-09 04:00:00,27.78,64.0,,,,,11.26,0.88,12.18,0.28,0.92,,,0.17,,28.86,86.06,0.69,160.56,0.0,0.0,0.61,731.95,0.04
2024-04-09 05:00:00,26.84,62.12,,,,,11.19,0.88,8.18,0.28,0.92,,,0.17,,28.76,87.22,0.68,114.89,0.0,0.0,0.69,733.17,0.04
2024-04-09 06:00:00,26.3,61.06,,,,,11.0,0.88,9.1,0.28,0.92,,,0.17,,28.52,89.01,0.62,76.4,0.0,0.0,17.5,735.46,0.04
2024-04-09 07:00:00,26.0,60.44,,,,,11.58,0.88,11.74,0.28,0.92,,,0.17,,29.84,83.71,0.55,152.54,0.0,0.0,94.62,738.35,0.04
2024-04-09 08:00:00,27.08,62.6,,,,,11.51,0.88,19.83,0.28,0.92,,,0.17,,31.04,74.81,0.71,159.98,0.0,0.0,188.48,741.03,0.04
2024-04-09 09:00:00,27.6,63.64,,,,,12.09,0.88,23.63,0.28,0.92,,,0.17,,31.84,68.14,0.76,166.95,0.0,0.0,224.06,742.62,0.04
2024-04-09 10:00:00,27.3,63.03,,,,,12.92,0.88,18.99,0.28,0.92,,,0.17,,33.16,58.2,0.68,160.68,0.0,0.0,385.92,742.7,0.04
2024-04-09 11:00:00,27.48,63.4,,,,,13.12,0.88,10.92,0.28,0.92,,,0.17,,34.39,47.79,0.68,160.73,0.0,0.0,401.44,740.8,0.04
2024-04-09 12:00:00,27.62,63.68,,,,,11.56,0.88,16.68,0.28,0.92,,,0.17,,34.91,45.6,0.63,154.29,0.0,0.0,319.14,738.22,0.04
2024-04-09 13:00:00,27.76,63.98,,,,,12.42,0.88,27.14,0.28,0.92,,,0.17,,34.85,45.44,0.65,156.62,0.0,0.0,279.85,735.19,0.04
2024-04-09 14:00:00,27.86,64.18,,,,,12.62,0.88,26.61,0.28,0.92,,,0.17,,35.02,37.16,0.74,162.09,0.0,0.0,119.22,732.37,0.04
2024-04-09 15:00:00,27.61,63.68,,,,,11.86,0.88,37.54,0.28,0.92,,,0.17,,35.14,30.58,0.69,153.44,0.0,0.0,115.6,730.08,0.04
2024-04-09 16:00:00,27.83,64.1,,,,,11.7,0.88,33.62,0.28,0.92,,,0.17,,34.59,29.41,0.72,157.89,0.0,0.0,63.59,728.52,0.04
2024-04-09 17:00:00,27.77,63.99,,,,,12.16,0.88,41.95,0.28,0.92,,,0.17,,33.68,30.08,0.75,161.06,0.0,0.0,29.34,728.0,0.04
2024-04-09 18:00:00,27.22,62.89,,,,,11.52,0.88,37.8,0.28,0.92,,,0.17,,32.51,35.48,0.76,162.15,0.0,0.0,2.92,729.52,0.04
2024-04-09 19:00:00,28.01,64.45,,,,,12.18,0.88,27.96,0.28,0.92,,,0.17,,31.5,41.38,0.68,149.03,0.0,0.0,0.62,732.44,0.04
2024-04-09 20:00:00,27.94,64.32,,,,,13.02,0.88,18.2,0.28,0.92,,,0.17,,30.15,52.83,0.64,51.49,0.0,0.0,0.95,736.99,0.04
2024-04-09 21:00:00,28.93,66.31,,,,,15.55,0.88,13.75,0.28,0.92,,,0.17,,29.2,60.53,0.73,31.24,0.0,0.0,0.22,740.16,0.04
2024-04-09 22:00:00,28.42,65.29,,,,,20.27,0.88,13.94,0.28,0.92,,,0.17,,28.98,68.33,0.66,38.47,0.0,0.0,0.42,740.31,0.04
2024-04-09 23:00:00,30.54,69.52,,,,,22.87,0.88,12.67,0.28,0.92,,,0.17,,28.6,74.74,0.64,52.22,0.0,0.0,0.43,739.94,0.04
2024-04-10 00:00:00,29.58,67.61,,,,,11.22,0.88,13.95,0.28,0.92,,,0.17,,28.55,80.2,0.63,64.5,0.0,0.0,0.4,738.4,0.04
2024-04-10 01:00:00,28.38,65.2,,,,,10.62,0.88,15.69,0.28,0.92,,,0.17,,28.2,82.34,0.56,47.77,0.0,0.0,0.45,735.25,0.04
2024-04-10 02:00:00,27.44,63.32,,,,,11.54,0.88,17.01,0.28,0.92,,,0.17,,27.92,84.83,0.64,36.44,0.0,0.0,0.49,732.68,0.04
2024-04-10 03:00:00,26.88,62.21,,,,,12.26,0.88,17.24,0.28,0.92,,,0.17,,27.67,88.13,0.61,269.29,0.0,0.0,0.34,731.51,0.03
2024-04-10 04:00:00,26.49,61.42,,,,,13.05,0.88,17.78,0.28,0.92,,,0.17,,27.57,89.69,0.69,43.74,0.0,0.0,1.76,733.99,0.04
2024-04-10 05:00:00,,,,,,,,,,,,,,,,,,,,,0.0,,,
2024-04-10 06:00:00,26.34,61.13,,,,,13.17,0.88,10.77,0.28,0.92,,,0.17,,27.68,89.04,0.65,41.76,0.0,0.0,22.02,739.73,0.04
2024-04-10 07:00:00,26.34,61.13,,,,,13.31,0.88,23.34,0.28,0.92,,,0.17,,28.93,83.19,0.55,40.44,0.0,0.0,110.63,741.3,0.04
2024-04-10 08:00:00,26.34,61.13,,,,,14.13,0.88,25.98,0.28,0.92,,,0.17,,30.92,73.13,0.38,156.08,0.0,0.0,243.93,742.86,0.04
2024-04-10 09:00:00,26.34,61.13,,,,,14.0,0.88,37.31,0.28,0.92,,,0.17,,31.83,64.82,0.42,196.7,0.0,0.0,367.84,742.62,0.04
2024-04-10 10:00:00,26.46,61.36,,,,,13.04,0.88,41.04,0.28,0.92,,,0.17,,33.35,51.43,0.31,182.81,0.0,0.0,473.44,741.61,0.04
2024-04-10 11:00:00,26.87,62.18,,,,,12.2,0.88,48.32,0.28,0.92,,,0.17,,34.26,46.02,0.53,166.31,0.0,0.0,396.7,739.28,0.04
2024-04-10 12:00:00,26.45,61.33,,,,,9.59,0.88,51.49,0.28,0.92,,,0.17,,34.78,41.92,0.55,163.03,0.0,0.0,386.72,736.45,0.04
2024-04-10 13:00:00,26.27,61.0,,,,,8.4,0.86,52.51,0.29,0.95,,,0.18,,35.91,39.8,0.67,162.74,0.0,0.0,268.0,732.07,0.03
2024-04-10 14:00:00,27.06,62.57,,,,,7.34,0.79,51.38,0.32,1.04,,,0.22,,38.82,32.08,0.74,159.48,0.0,0.0,101.98,728.96,0.04
2024-04-10 15:00:00,26.87,62.19,,,,,6.22,0.79,50.96,0.32,1.04,,,0.22,,38.8,29.27,0.74,158.18,0.0,0.0,120.66,727.21,0.04
2024-04-10 16:00:00,26.75,61.96,,,,,6.22,0.79,49.4,0.32,1.04,,,0.22,,38.25,30.18,0.74,158.5,0.0,0.0,63.5,726.99,0.03
2024-04-10 17:00:00,26.61,61.66,,,,,7.47,0.79,45.58,0.32,1.04,,,0.22,,37.33,33.25,0.74,159.4,0.0,0.0,29.96,727.46,0.04
2024-04-10 18:00:00,26.58,61.61,,,,,7.52,0.79,35.83,0.32,1.04,,,0.22,,36.17,40.14,0.75,161.47,0.0,0.0,2.68,728.9,0.04
2024-04-10 19:00:00,27.27,63.0,,,,,8.84,0.79,26.2,0.32,1.04,,,0.22,,35.25,49.84,0.7,150.24,0.0,0.0,0.66,730.76,0.04
2024-04-10 20:00:00,28.87,66.19,,,,,10.23,0.79,22.74,0.32,1.04,,,0.22,,34.48,56.08,0.63,135.79,0.0,0.0,0.47,733.26,0.04
2024-04-10 21:00:00,28.25,64.96,,,,,11.84,0.79,12.32,0.32,1.04,,,0.22,,33.53,66.12,0.61,68.9,0.0,0.0,0.44,736.13,0.04
2024-04-10 22:00:00,27.63,63.71,,,,,12.46,0.79,12.47,0.32,1.04,,,0.22,,33.14,74.52,0.57,87.37,0.0,0.0,0.48,737.78,0.04
2024-04-10 23:00:00,34.64,77.73,,,,,14.76,0.79,10.36,0.32,1.04,,,0.22,,32.19,81.18,0.74,21.93,0.0,0.0,0.28,737.3,0.04
2024-04-11 00:00:00,29.36,67.17,,,,,11.63,0.79,12.27,0.32,1.04,,,0.22,,32.1,83.19,0.7,39.14,0.0,0.0,0.36,736.59,0.04
2024-04-11 01:00:00,25.47,59.39,,,,,10.05,0.79,12.73,0.32,1.04,,,0.22,,31.81,84.48,0.74,37.79,0.0,0.0,0.52,734.74,0.04
2024-04-11 02:00:00,33.37,75.19,,,,,10.1,0.79,11.24,0.32,1.04,,,0.22,,31.49,87.41,0.68,26.56,0.0,0.0,0.5,733.46,0.04
2024-04-11 03:00:00,29.24,66.94,,,,,11.26,0.79,10.71,0.32,1.04,,,0.22,,31.36,89.86,0.66,23.42,0.0,0.0,0.47,733.0,0.04
2024-04-11 04:00:00,25.6,59.64,,,,,12.93,0.79,11.34,0.32,1.04,,,0.22,,31.32,91.52,0.56,34.17,0.0,0.0,0.45,733.64,0.04
2024-04-11 05:00:00,31.61,71.67,,,,,15.85,0.79,11.43,0.32,1.04,,,0.22,,31.34,92.58,0.71,28.68,0.0,0.0,0.63,735.73,0.04
2024-04-11 06:00:00,28.64,65.74,,,,,17.27,0.79,8.5,0.32,1.04,,,0.22,,31.63,91.11,0.63,53.87,0.0,0.0,23.39,738.18,0.04
2024-04-11 07:00:00,25.67,59.79,,,,,18.52,0.79,15.42,0.32,1.04,,,0.22,,32.96,85.26,0.41,89.45,0.0,0.0,70.57,741.84,0.04
2024-04-11 08:00:00,25.48,59.42,,,,,20.4,0.79,22.3,0.32,1.04,,,0.22,,34.39,74.63,0.45,132.41,0.0,0.0,204.65,743.9,0.04
2024-04-11 09:00:00,26.02,60.5,,,,,21.48,0.79,18.8,0.32,1.04,,,0.22,,35.56,63.84,0.51,129.05,0.0,0.0,340.26,743.88,0.04
2024-04-11 10:00:00,25.92,60.3,,,,,19.87,0.79,18.25,0.32,1.04,,,0.22,,36.54,56.74,0.55,131.7,0.0,0.0,418.18,743.87,0.04
2024-04-11 11:00:00,25.66,59.76,,,,,18.82,0.79,32.47,0.32,1.04,,,0.22,,37.37,51.93,0.46,85.33,0.0,0.0,308.78,741.56,0.04
2024-04-11 12:00:00,25.63,59.71,,,,,16.63,0.79,36.03,0.32,1.04,,,0.22,,38.05,46.96,0.25,134.43,0.0,0.0,384.4,738.33,0.04
2024-04-11 13:00:00,25.54,59.54,,,,,12.59,0.79,40.58,0.32,1.04,,,0.22,,38.5,43.59,0.41,132.65,0.0,0.0,265.2,734.8,0.04
2024-04-11 14:00:00,25.93,60.31,,,,,9.66,0.79,42.61,0.32,1.04,,,0.22,,38.51,44.06,0.5,128.98,0.0,0.0,132.99,732.08,0.04
2024-04-11 15:00:00,26.42,61.28,,,,,8.19,0.79,45.2,0.32,1.04,,,0.22,,38.62,44.46,0.5,124.68,0.0,0.0,154.76,729.62,0.04
2024-04-11 16:00:00,26.55,61.55,,,,,7.53,0.79,40.9,0.32,1.04,,,0.22,,38.03,47.92,0.6,144.16,0.0,0.0,60.05,728.92,0.04
2024-04-11 17:00:00,27.5,63.44,,,,,7.11,0.79,35.41,0.32,1.04,,,0.22,,36.98,51.21,0.73,159.04,0.0,0.0,29.74,729.41,0.04
2024-04-11 18:00:00,27.59,63.62,,,,,7.16,0.79,28.69,0.32,1.04,,,0.22,,36.06,51.03,0.76,162.32,0.0,0.0,2.28,732.5,0.04
2024-04-11 19:00:00,26.9,62.25,,,,,6.97,0.79,22.54,0.32,1.04,,,0.22,,35.27,53.93,0.69,152.88,0.0,0.0,0.88,733.8,0.04
2024-04-11 20:00:00,28.54,65.52,,,,,8.48,0.79,17.31,0.32,1.04,,,0.22,,34.34,62.72,0.64,132.35,0.0,0.0,0.68,736.3,0.04
2024-04-11 21:00:00,29.56,67.56,,,,,9.71,0.79,16.71,0.32,1.04,,,0.22,,33.65,72.06,0.54,107.73,0.0,0.0,0.49,739.86,0.04
2024-04-11 22:00:00,28.78,66.0,,,,,9.79,0.79,16.03,0.32,1.04,,,0.22,,33.16,77.46,0.51,78.97,0.0,0.0,0.5,741.17,0.04
2024-04-11 23:00:00,47.35,103.15,,,,,8.94,0.79,14.77,0.32,1.04,,,0.22,,32.79,80.54,0.58,74.86,0.0,0.0,0.39,740.48,0.04
2024-04-12 00:00:00,35.06,78.57,,,,,12.47,0.79,16.54,0.32,1.04,,,0.22,,32.7,81.51,0.56,87.77,0.0,0.0,0.31,738.86,0.04
2024-04-12 01:00:00,25.47,59.39,,,,,11.72,0.79,18.08,0.32,1.04,,,0.22,,32.57,83.52,0.54,92.08,0.0,0.0,0.56,737.39,0.04
2024-04-12 02:00:00,25.47,59.39,,,,,11.74,0.79,18.74,0.32,1.04,,,0.22,,32.42,84.52,0.5,74.03,0.0,0.0,0.64,735.25,0.04
2024-04-12 03:00:00,25.47,59.39,,,,,10.95,0.79,15.98,0.32,1.04,,,0.22,,31.99,86.73,0.66,28.16,0.0,0.0,0.63,733.72,0.04
2024-04-12 04:00:00,25.47,59.39,,,,,10.16,0.79,15.03,0.32,1.04,,,0.22,,31.86,87.5,0.67,48.38,0.0,0.0,0.45,734.75,0.04
2024-04-12 05:00:00,27.93,64.32,,,,,10.12,0.79,14.37,0.32,1.04,,,0.22,,31.54,88.9,0.64,51.31,0.0,0.0,0.86,736.38,0.04
2024-04-12 06:00:00,26.9,62.25,,,,,11.31,0.79,15.12,0.32,1.04,,,0.22,,31.87,87.42,0.6,106.36,0.0,0.0,21.33,738.54,0.04
2024-04-12 07:00:00,25.64,59.74,,,,,12.06,0.79,17.46,0.32,1.04,,,0.22,,32.98,81.77,0.47,105.1,0.0,0.0,88.59,741.24,0.04
2024-04-12 08:00:00,25.5,59.44,,,,,14.63,0.79,16.1,0.32,1.04,,,0.22,,34.45,74.3,0.57,146.34,0.0,0.0,204.54,743.44,0.04
2024-04-12 09:00:00,25.51,59.46,,,,,17.78,0.79,30.22,0.32,1.04,,,0.22,,35.28,66.0,0.62,149.16,0.0,0.0,264.14,743.91,0.04
2024-04-12 10:00:00,25.58,59.6,,,,,18.7,0.79,28.43,0.32,1.04,,,0.22,,36.74,54.28,0.61,151.12,0.0,0.0,405.86,743.94,0.04
2024-04-12 11:00:00,25.88,60.19,,,,,20.07,0.79,38.21,0.32,1.04,,,0.22,,37.7,47.88,0.66,160.97,0.0,0.0,367.05,741.08,0.04
2024-04-12 12:00:00,45.36,99.18,,,,,23.62,0.79,37.19,0.32,1.04,,,0.22,,38.25,43.43,0.7,165.41,0.0,0.0,429.71,737.39,0.04
2024-04-12 13:00:00,34.49,77.44,,,,,22.9,0.79,39.76,0.32,1.04,,,0.22,,38.51,40.96,0.64,159.99,0.0,0.0,267.85,734.41,0.04
2024-04-12 14:00:00,25.47,59.39,,,,,20.54,0.79,40.83,0.32,1.04,,,0.22,,38.56,40.04,0.68,157.2,0.0,0.0,117.96,731.06,0.04
2024-04-12 15:00:00,25.47,59.39,,,,,16.96,0.79,39.99,0.32,1.04,,,0.22,,38.31,39.92,0.73,159.21,0.0,0.0,134.72,729.27,0.04
2024-04-12 16:00:00,25.47,59.39,,,,,14.38,0.79,39.35,0.32,1.04,,,0.22,,37.54,38.64,0.76,159.83,0.0,0.0,33.73,728.62,0.04
2024-04-12 17:00:00,25.47,59.39,,,,,12.94,0.79,38.63,0.32,1.04,,,0.22,,36.6,42.16,0.76,164.13,0.0,0.0,16.29,729.32,0.04
2024-04-12 18:00:00,25.47,59.39,,,,,13.37,0.79,28.2,0.32,1.04,,,0.22,,35.86,45.28,0.76,162.33,0.0,0.0,1.86,731.79,0.04
2024-04-12 19:00:00,25.47,59.39,,,,,13.09,0.79,28.49,0.32,1.04,,,0.22,,35.16,54.74,0.73,161.7,0.0,0.0,0.88,734.08,0.04
2024-04-12 20:00:00,25.47,59.39,,,,,14.58,0.79,26.16,0.32,1.04,,,0.22,,34.46,65.68,0.72,161.64,0.0,0.0,0.87,736.8,0.04
2024-04-12 21:00:00,25.47,59.39,,,,,15.83,0.79,18.16,0.32,1.04,,,0.22,,33.93,71.34,0.68,135.45,0.0,0.0,0.78,738.57,0.04
2024-04-12 22:00:00,25.47,59.39,,,,,16.45,0.79,19.55,0.32,1.04,,,0.22,,33.44,79.36,0.53,106.55,0.0,0.0,0.57,738.17,0.04
2024-04-12 23:00:00,25.47,59.39,,,,,17.64,0.79,15.92,0.32,1.04,,,0.22,,32.89,82.42,0.63,33.18,0.0,0.0,0.58,737.1,0.04
2024-04-13 00:00:00,40.58,89.62,,,,,10.03,0.79,16.33,0.32,1.04,,,0.22,,32.53,84.78,0.68,24.76,0.0,0.0,0.36,736.87,0.04
2024-04-13 01:00:00,32.45,73.34,,,,,7.15,0.79,19.36,0.32,1.04,,,0.22,,32.46,85.63,0.67,30.6,0.0,0.0,0.44,734.28,0.04
2024-04-13 02:00:00,25.47,59.39,,,,,6.03,0.79,19.14,0.32,1.04,,,0.22,,32.44,85.8,0.68,113.22,0.0,0.0,0.82,732.52,0.04
2024-04-13 03:00:00,25.47,59.39,,,,,5.08,0.79,17.54,0.32,1.04,,,0.22,,32.3,87.22,0.58,33.65,0.0,0.0,0.66,731.98,0.04
2024-04-13 04:00:00,25.47,59.39,,,,,5.05,0.79,16.43,0.32,1.04,,,0.22,,32.3,87.68,0.54,59.1,0.0,0.0,0.52,733.64,0.04
2024-04-13 05:00:00,25.47,59.39,,,,,5.59,0.79,17.14,0.32,1.04,,,0.22,,32.43,87.47,0.56,78.66,0.0,0.0,1.02,736.04,0.04
2024-04-13 06:00:00,35.08,78.62,,,,,7.65,0.79,14.15,0.32,1.04,,,0.22,,32.46,88.19,0.5,96.63,0.0,0.0,23.53,737.65,0.04
2024-04-13 07:00:00,29.89,68.22,,,,,7.73,0.79,21.32,0.32,1.04,,,0.22,,33.23,84.85,0.62,154.91,0.0,0.0,113.67,739.79,0.04
2024-04-13 08:00:00,25.47,59.39,,,,,8.73,0.79,21.74,0.32,1.04,,,0.22,,34.02,79.91,0.69,156.8,0.0,0.0,149.34,742.02,0.04
2024-04-13 09:00:00,27.42,63.28,,,,,9.98,0.79,6.8,0.32,1.04,,,0.22,,35.46,66.47,0.63,147.25,0.0,0.0,322.01,742.87,0.04
2024-04-13 10:00:00,26.48,61.42,,,,,9.26,0.79,22.09,0.32,1.04,,,0.22,,37.08,55.63,0.52,162.47,0.0,0.0,446.28,742.66,0.04
2024-04-13 11:00:00,26.1,60.66,,,,,8.88,0.79,17.17,0.32,1.04,,,0.22,,38.01,50.1,0.47,165.07,0.0,0.0,353.97,741.73,0.04
2024-04-13 12:00:00,28.51,65.47,,,,,8.32,0.79,20.91,0.32,1.04,,,0.22,,38.35,47.12,0.5,151.3,0.0,0.0,354.11,738.39,0.04
2024-04-13 13:00:00,27.08,62.6,,,,,6.51,0.79,34.89,0.32,1.04,,,0.22,,38.36,45.5,0.33,155.29,0.0,0.0,187.03,733.9,0.04
2024-04-13 14:00:00,25.9,60.24,,,,,5.52,0.79,22.5,0.32,1.04,,,0.22,,38.7,45.27,0.63,146.63,0.0,0.0,154.92,730.02,0.04
2024-04-13 15:00:00,30.28,69.02,,,,,4.57,0.79,19.45,0.32,1.04,,,0.22,,37.81,51.26,0.54,142.03,0.0,0.0,67.84,727.89,0.04
2024-04-13 16:00:00,28.47,65.39,,,,,4.82,0.79,13.76,0.32,1.04,,,0.22,,31.32,84.29,0.55,277.72,0.0,0.0,16.7,731.25,0.04
2024-04-13 17:00:00,27.56,63.58,,,,,5.2,0.79,19.56,0.32,1.04,,,0.22,,31.14,89.58,0.48,134.3,0.0,0.0,41.78,729.21,0.04
2024-04-13 18:00:00,29.1,66.66,,,,,6.49,0.79,13.4,0.32,1.04,,,0.22,,32.11,84.76,0.63,46.98,0.0,0.0,3.76,729.26,0.04
2024-04-13 19:00:00,27.6,63.64,,,,,7.26,0.79,5.68,0.32,1.04,,,0.22,,32.23,87.11,0.63,55.85,0.0,0.0,1.43,731.97,0.04
2024-04-13 20:00:00,26.18,60.8,,,,,11.2,0.79,5.3,0.32,1.04,,,0.22,,32.38,86.23,0.66,65.33,0.0,0.0,1.58,734.78,0.04
2024-04-13 21:00:00,25.7,59.87,,,,,14.65,0.79,5.5,0.32,1.04,,,0.22,,32.32,85.23,0.69,37.13,0.0,0.0,1.34,737.8,0.04
2024-04-13 22:00:00,27.82,64.1,,,,,13.67,0.79,5.4,0.32,1.04,,,0.22,,32.16,85.48,0.71,21.14,0.0,0.0,1.18,737.03,0.04
2024-04-13 23:00:00,28.07,64.59,,,,,14.6,0.79,5.5,0.32,1.04,,,0.22,,32.06,86.1,0.66,51.54,0.0,0.0,0.92,736.85,0.04
2024-04-14 00:00:00,27.63,63.71,,,,,12.55,0.79,5.64,0.32,1.04,,,0.22,,31.94,90.06,0.63,58.67,0.0,0.0,0.75,734.98,0.04
2024-04-14 01:00:00,28.03,64.51,,,,,13.4,0.79,5.32,0.32,1.04,,,0.22,,31.77,92.07,0.72,35.56,0.0,0.0,0.72,733.15,0.04
2024-04-14 02:00:00,27.79,64.02,,,,,12.42,0.79,5.5,0.32,1.04,,,0.22,,31.58,94.14,0.64,39.55,0.0,0.0,0.72,733.0,0.04
2024-04-14 03:00:00,27.05,62.55,,,,,11.98,0.79,5.42,0.32,1.04,,,0.22,,31.54,95.17,0.6,60.3,0.0,0.0,0.63,733.27,0.04
2024-04-14 04:00:00,27.42,63.28,,,,,11.0,0.79,5.66,0.32,1.04,,,0.22,,31.56,94.82,0.58,85.1,0.0,0.0,0.78,734.82,0.04
2024-04-14 05:00:00,34.91,78.28,,,,,9.78,0.79,5.47,0.32,1.04,,,0.22,,31.46,94.89,0.68,77.11,0.0,0.0,1.14,737.21,0.04
2024-04-14 06:00:00,29.48,67.42,,,,,8.12,0.79,6.28,0.32,1.04,,,0.22,,31.7,94.24,0.61,97.19,0.0,0.0,24.34,739.24,0.04
2024-04-14 07:00:00,25.47,59.39,,,,,8.28,0.79,7.14,0.32,1.04,,,0.22,,32.64,87.91,0.64,156.78,0.0,0.0,128.23,740.99,0.04
2024-04-14 08:00:00,25.47,59.39,,,,,9.34,0.79,15.24,0.32,1.04,,,0.22,,34.02,79.98,0.6,158.04,0.0,0.0,235.87,743.58,0.04
2024-04-14 09:00:00,25.74,59.92,,,,,10.24,0.79,9.2,0.32,1.04,,,0.22,,35.16,70.56,0.7,161.22,0.0,0.0,434.99,744.1,0.04
2024-04-14 10:00:00,25.67,59.78,,,,,8.33,0.79,17.93,0.32,1.04,,,0.22,,36.77,59.94,0.51,138.18,0.0,0.0,557.2,743.01,0.04
2024-04-14 11:00:00,25.67,59.78,,,,,7.48,0.79,20.02,0.32,1.04,,,0.22,,38.25,50.3,0.51,157.06,0.0,0.0,378.31,740.77,0.04
2024-04-14 12:00:00,25.85,60.15,,,,,7.47,0.79,25.17,0.32,1.04,,,0.22,,38.67,44.74,0.6,167.13,0.0,0.0,555.24,736.9,0.04
2024-04-14 13:00:00,25.76,59.96,,,,,7.3,0.79,30.76,0.32,1.04,,,0.22,,38.99,41.52,0.64,165.74,0.0,0.0,333.78,732.17,0.04
2024-04-14 14:00:00,25.62,59.7,,,,,4.4,0.79,32.86,0.32,1.04,,,0.22,,38.85,40.88,0.68,170.38,0.0,0.0,133.0,729.28,0.04
2024-04-14 15:00:00,25.79,60.03,,,,,1.73,0.79,29.86,0.32,1.04,,,0.22,,38.5,42.06,0.69,168.8,0.0,0.0,132.46,728.08,0.04
2024-04-14 16:00:00,25.9,60.24,,,,,0.44,0.79,29.17,0.32,1.04,,,0.22,,37.94,43.07,0.74,163.81,0.0,0.0,75.24,727.96,0.04
2024-04-14 17:00:00,25.88,60.22,,,,,,0.79,28.15,0.32,1.04,,,0.22,,37.11,44.58,0.76,164.36,0.0,0.0,33.9,729.33,0.04
2024-04-14 18:00:00,25.93,60.31,,,,,,0.79,24.91,0.32,1.04,,,0.22,,36.21,49.58,0.76,166.1,0.0,0.0,3.21,731.56,0.04
2024-04-14 19:00:00,25.8,60.04,,,,,,0.79,21.12,0.32,1.04,,,0.22,,35.39,58.11,0.71,161.63,0.0,0.0,0.7,733.76,0.04
2024-04-14 20:00:00,25.78,60.01,,,,,,0.79,15.36,0.32,1.04,,,0.22,,34.73,63.53,0.62,175.56,0.0,0.0,0.82,736.28,0.04
2024-04-14 21:00:00,25.93,60.32,,,,,,0.79,17.11,0.32,1.04,,,0.22,,34.02,70.19,0.53,199.52,0.0,0.0,0.84,738.15,0.04
2024-04-14 22:00:00,25.87,60.2,,,,,0.11,0.79,15.18,0.32,1.04,,,0.22,,33.48,76.92,0.43,183.34,0.0,0.0,0.66,739.58,0.04
2024-04-14 23:00:00,25.87,60.18,,,,,1.58,0.79,14.78,0.32,1.04,,,0.22,,33.2,78.87,0.55,205.12,0.0,0.0,0.69,738.36,0.04
2024-04-15 00:00:00,26.21,60.88,,,,,13.11,0.79,14.0,0.32,1.04,,,0.22,,32.74,83.0,0.49,159.61,0.0,0.0,0.58,736.7,0.04
2024-04-15 01:00:00,42.94,94.32,,,,,12.4,0.79,11.74,0.32,1.04,,,0.22,,32.41,86.1,0.48,184.86,0.0,0.0,0.62,735.01,0.04
2024-04-15 02:00:00,33.36,75.18,,,,,11.08,0.79,10.8,0.32,1.04,,,0.22,,32.17,88.08,0.64,81.28,0.0,0.0,0.6,733.2,0.04
2024-04-15 03:00:00,25.47,59.39,,,,,11.34,0.79,16.46,0.32,1.04,,,0.22,,32.55,87.82,0.64,265.52,0.0,0.0,0.55,732.61,0.04
2024-04-15 04:00:00,25.47,59.39,,,,,11.06,0.79,9.28,0.32,1.04,,,0.22,,31.94,90.93,0.7,21.37,0.0,0.0,0.87,733.82,0.04
2024-04-15 05:00:00,25.47,59.39,,,,,9.15,0.79,7.11,0.32,1.04,,,0.22,,31.41,92.5,0.64,36.12,0.0,0.0,1.22,736.74,0.04
2024-04-15 06:00:00,25.47,59.39,,,,,8.61,0.79,6.14,0.32,1.04,,,0.22,,31.47,92.11,0.6,58.66,0.0,0.0,23.04,739.02,0.04
2024-04-15 07:00:00,28.97,66.38,,,,,11.09,0.79,6.66,0.32,1.04,,,0.22,,32.67,87.14,0.48,86.62,0.0,0.0,108.63,741.95,0.04
2024-04-15 08:00:00,27.49,63.42,,,,,11.19,0.79,11.44,0.32,1.04,,,0.22,,34.12,79.7,0.52,180.8,0.0,0.0,266.56,744.07,0.04
2024-04-15 09:00:00,37.22,82.9,,,,,11.82,0.79,11.99,0.32,1.04,,,0.22,,35.46,69.96,0.45,234.76,0.0,0.0,455.72,745.6,0.04
2024-04-15 10:00:00,34.87,78.19,,,,,12.27,0.79,24.89,0.32,1.04,,,0.22,,36.83,59.39,0.41,220.02,0.0,0.0,559.61,744.34,0.04
2024-04-15 11:00:00,27.45,63.34,,,,,12.12,0.79,33.56,0.32,1.04,,,0.22,,38.19,48.5,0.44,214.49,0.0,0.0,366.94,741.76,0.04
2024-04-15 12:00:00,25.6,59.64,,,,,11.34,0.79,34.66,0.32,1.04,,,0.22,,38.86,41.18,0.47,211.5,0.0,0.0,576.38,738.36,0.04
2024-04-15 13:00:00,26.52,61.48,,,,,10.55,0.79,32.84,0.32,1.04,,,0.22,,39.54,34.44,0.44,185.97,0.0,0.0,321.78,734.16,0.04
2024-04-15 14:00:00,26.12,60.7,,,,,8.11,0.79,40.21,0.32,1.04,,,0.22,,39.24,38.97,0.44,159.36,0.0,0.0,129.89,730.02,0.04
2024-04-15 15:00:00,25.61,59.68,,,,,6.76,0.79,38.32,0.32,1.04,,,0.22,,39.49,38.97,0.46,197.54,0.0,0.0,117.17,727.06,0.04
2024-04-15 16:00:00,26.9,62.26,,,,,5.44,0.79,18.93,0.32,1.04,,,0.22,,39.02,38.88,0.56,207.42,0.0,0.0,76.68,726.15,0.04
2024-04-15 17:00:00,27.32,63.1,,,,,4.58,0.79,24.21,0.32,1.04,,,0.22,,37.93,37.93,0.56,226.58,0.0,0.0,34.51,727.54,0.04
2024-04-15 18:00:00,27.18,62.82,,,,,5.17,0.79,23.31,0.32,1.04,,,0.22,,36.64,44.32,0.56,238.22,0.0,0.0,3.48,730.53,0.04
2024-04-15 19:00:00,28.48,65.42,,,,,7.05,0.79,16.14,0.32,1.04,,,0.22,,35.65,50.28,0.42,219.68,0.0,0.0,0.72,733.49,0.04
2024-04-15 20:00:00,27.2,62.84,,,,,7.21,0.79,13.74,0.32,1.04,,,0.22,,34.94,57.54,0.46,202.4,0.0,0.0,0.76,735.94,0.04
2024-04-15 21:00:00,27.48,63.42,,,,,7.47,0.79,11.39,0.32,1.04,,,0.22,,33.97,73.04,0.51,222.26,0.0,0.0,0.85,737.35,0.04
2024-04-15 22:00:00,28.13,64.72,,,,,8.0,0.79,11.3,0.32,1.04,,,0.22,,33.54,78.63,0.5,239.19,0.0,0.0,0.64,737.92,0.04
2024-04-15 23:00:00,28.6,65.65,,,,,9.72,0.79,11.94,0.32,1.04,,,0.22,,33.29,81.4,0.6,246.68,0.0,0.0,0.53,736.84,0.04
2024-04-16 00:00:00,27.37,63.18,,,,,12.32,0.79,12.28,0.32,1.04,,,0.22,,33.22,79.77,0.73,266.52,0.0,0.0,0.65,735.59,0.04
2024-04-16 01:00:00,28.28,65.0,,,,,11.48,0.79,12.48,0.32,1.04,,,0.22,,33.13,79.47,0.59,279.2,0.0,0.0,0.35,733.2,0.04
2024-04-16 02:00:00,27.35,63.14,,,,,10.41,0.79,14.34,0.32,1.04,,,0.22,,33.26,78.33,0.71,261.72,0.0,0.0,0.62,730.69,0.04
2024-04-16 03:00:00,26.08,60.62,,,,,9.88,0.79,16.82,0.32,1.04,,,0.22,,33.18,79.68,0.75,255.35,0.0,0.0,0.69,730.2,0.04
2024-04-16 04:00:00,25.68,59.82,,,,,9.66,0.79,16.28,0.32,1.04,,,0.22,,33.09,79.88,0.75,257.17,0.0,0.0,0.71,731.74,0.04
2024-04-16 05:00:00,25.55,59.55,,,,,8.75,0.79,14.78,0.32,1.04,,,0.22,,33.01,76.68,0.72,258.46,0.0,0.0,1.26,732.66,0.04
2024-04-16 06:00:00,26.55,61.55,,,,,8.64,0.79,7.45,0.32,1.04,,,0.22,,32.94,75.19,0.68,255.87,0.0,0.0,23.23,733.64,0.04
2024-04-16 07:00:00,28.1,64.66,,,,,9.88,0.79,9.54,0.32,1.04,,,0.22,,33.73,70.11,0.65,253.04,0.0,0.0,129.03,735.41,0.04
2024-04-16 08:00:00,27.48,63.42,,,,,12.0,0.79,14.92,0.32,1.04,,,0.22,,35.15,58.66,0.62,240.33,0.0,0.0,317.44,736.53,0.04
2024-04-16 09:00:00,27.77,64.0,,,,,12.87,0.79,9.74,0.32,1.04,,,0.22,,36.72,49.5,0.66,240.35,0.0,0.0,484.39,737.02,0.04
2024-04-16 10:00:00,28.0,64.44,,,,,11.84,0.79,17.14,0.32,1.04,,,0.22,,37.92,43.52,0.55,231.58,0.0,0.0,568.72,736.09,0.04
2024-04-16 11:00:00,27.78,64.02,,,,,10.8,0.79,21.67,0.32,1.04,,,0.22,,39.12,37.82,0.57,241.54,0.0,0.0,374.6,733.61,0.04
2024-04-16 12:00:00,27.06,62.56,,,,,10.26,0.79,30.31,0.32,1.04,,,0.22,,39.94,34.89,0.6,214.31,0.0,0.0,552.39,729.7,0.04
2024-04-16 13:00:00,26.64,61.72,,,,,10.64,0.79,42.75,0.32,1.04,,,0.22,,40.02,32.28,0.47,205.04,0.0,0.0,300.73,725.4,0.04
2024-04-16 14:00:00,27.5,63.44,,,,,11.05,0.79,25.2,0.32,1.04,,,0.22,,39.88,30.36,0.6,207.09,0.0,0.0,133.75,722.67,0.04
2024-04-16 15:00:00,27.78,64.0,,,,,12.3,0.79,42.53,0.32,1.04,,,0.22,,39.68,31.52,0.54,210.9,0.0,0.0,115.32,722.0,0.04
2024-04-16 16:00:00,27.57,63.58,,,,,18.1,0.79,40.62,0.32,1.04,,,0.22,,39.02,34.3,0.53,204.52,0.0,0.0,79.91,721.72,0.04
2024-04-16 17:00:00,27.12,62.7,,,,,11.8,0.79,33.22,0.32,1.04,,,0.22,,37.86,39.86,0.55,218.91,0.0,0.0,34.19,723.24,0.04
2024-04-16 18:00:00,27.16,62.78,,,,,10.88,0.79,28.92,0.32,1.04,,,0.22,,36.79,43.66,0.48,223.4,0.0,0.0,3.88,725.99,0.04
2024-04-16 19:00:00,27.29,63.03,,,,,13.0,0.79,30.62,0.32,1.04,,,0.22,,35.92,48.96,0.5,226.64,0.0,0.0,0.8,727.7,0.04
2024-04-16 20:00:00,27.53,63.51,,,,,15.23,0.79,27.43,0.32,1.04,,,0.22,,35.23,55.64,0.45,242.82,0.0,0.0,0.67,730.22,0.04
2024-04-16 21:00:00,27.38,63.21,,,,,12.31,0.79,24.1,0.32,1.04,,,0.22,,34.64,63.02,0.36,182.17,0.0,0.0,0.76,731.51,0.04
2024-04-16 22:00:00,27.33,63.12,,,,,11.56,0.79,24.14,0.32,1.04,,,0.22,,34.38,67.15,0.53,152.65,0.0,0.0,0.68,730.92,0.04
2024-04-16 23:00:00,28.97,66.4,,,,,11.58,0.79,20.97,0.32,1.04,,,0.22,,34.07,70.9,0.35,122.46,0.0,0.0,0.59,728.64,0.04
2024-04-17 00:00:00,28.62,65.69,,,,,11.82,0.79,19.45,0.32,1.04,,,0.22,,33.82,74.83,0.42,232.79,0.0,0.0,0.77,726.23,0.04
2024-04-17 01:00:00,27.48,63.42,,,,,11.63,0.79,18.05,0.32,1.04,,,0.22,,33.62,77.28,0.59,252.74,0.0,0.0,0.6,724.97,0.04
2024-04-17 02:00:00,27.5,63.45,,,,,12.76,0.79,14.25,0.32,1.04,,,0.22,,33.55,79.14,0.5,180.72,0.0,0.0,0.55,723.59,0.04
2024-04-17 03:00:00,27.17,62.79,,,,,11.67,0.79,11.01,0.32,1.04,,,0.22,,32.63,81.96,0.6,36.7,0.0,0.0,0.97,723.01,0.04
2024-04-17 04:00:00,26.69,61.82,,,,,10.41,0.79,11.05,0.32,1.04,,,0.22,,32.25,84.78,0.64,41.6,0.0,0.0,0.77,724.21,0.04
2024-04-17 05:00:00,26.42,61.28,,,,,9.42,0.79,8.52,0.32,1.04,,,0.22,,32.18,86.08,0.51,48.47,0.0,0.0,1.25,726.11,0.04
2024-04-17 06:00:00,27.03,62.51,,,,,9.2,0.79,8.81,0.32,1.04,,,0.22,,32.39,85.52,0.49,72.57,0.0,0.0,23.64,728.98,0.04
2024-04-17 07:00:00,27.86,64.16,,,,,10.87,0.79,7.48,0.32,1.04,,,0.22,,33.26,82.27,0.5,129.07,0.0,0.0,88.66,732.48,0.04
2024-04-17 08:00:00,36.72,81.88,,,,,13.75,0.79,12.2,0.32,1.04,,,0.22,,34.91,76.18,0.37,130.91,0.0,0.0,271.06,733.14,0.04
2024-04-17 09:00:00,30.29,69.04,,,,,14.85,0.79,13.6,0.32,1.04,,,0.22,,36.42,64.88,0.61,235.22,0.0,0.0,446.88,733.14,0.04
2024-04-17 10:00:00,25.69,59.82,,,,,15.6,0.79,15.93,0.32,1.04,,,0.22,,37.66,55.89,0.55,225.94,0.0,0.0,537.9,731.8,0.03
2024-04-17 11:00:00,25.73,59.9,,,,,16.27,0.79,21.74,0.32,1.04,,,0.22,,39.17,45.54,0.55,219.26,0.0,0.0,369.15,730.08,0.04
2024-04-17 12:00:00,25.99,60.43,,,,,16.67,0.79,40.95,0.32,1.04,,,0.22,,40.01,38.32,0.54,216.4,0.0,0.0,541.74,726.1,0.03
2024-04-17 13:00:00,26.79,62.03,,,,,16.28,0.79,35.19,0.32,1.04,,,0.22,,40.2,32.96,0.55,216.2,0.0,0.0,288.56,722.7,0.04
2024-04-17 14:00:00,29.64,67.72,,,,,14.94,0.79,22.52,0.32,1.04,,,0.22,,40.23,32.58,0.57,181.6,0.0,0.0,135.94,720.79,0.04
2024-04-17 15:00:00,27.68,63.82,,,,,11.47,0.79,32.46,0.32,1.04,,,0.22,,40.03,33.64,0.52,198.79,0.0,0.0,114.8,719.14,0.04
2024-04-17 16:00:00,25.92,60.3,,,,,11.8,0.79,46.83,0.32,1.04,,,0.22,,39.56,32.76,0.67,170.1,0.0,0.0,75.06,718.8,0.04
2024-04-17 17:00:00,26.33,61.11,,,,,12.16,0.79,42.38,0.32,1.04,,,0.22,,38.66,35.29,0.62,168.5,0.0,0.0,31.84,719.19,0.04
2024-04-17 18:00:00,26.88,62.2,,,,,11.26,0.79,37.94,0.32,1.04,,,0.22,,37.47,39.72,0.59,179.1,0.0,0.0,3.48,721.92,0.04
2024-04-17 19:00:00,27.75,63.95,,,,,12.21,0.79,36.77,0.32,1.04,,,0.22,,36.61,46.28,0.6,171.29,0.0,0.0,1.02,724.54,0.04
2024-04-17 20:00:00,28.81,66.07,,,,,14.14,0.79,31.28,0.32,1.04,,,0.22,,35.62,58.53,0.7,161.75,0.0,0.0,0.97,726.02,0.04
2024-04-17 21:00:00,27.36,63.17,,,,,12.9,0.79,20.61,0.32,1.04,,,0.22,,34.75,69.47,0.66,155.98,0.0,0.0,0.86,727.4,0.04
2024-04-17 22:00:00,26.03,60.51,,,,,13.57,0.79,11.01,0.32,1.04,,,0.22,,34.38,76.37,0.5,186.18,0.0,0.0,0.77,727.53,0.04
2024-04-17 23:00:00,28.42,65.31,,,,,12.84,0.79,16.93,0.32,1.04,,,0.22,,33.98,81.99,0.54,210.52,0.0,0.0,0.76,726.12,0.04
2024-04-18 00:00:00,28.48,65.41,,,,,13.3,0.79,16.43,0.32,1.04,,,0.22,,33.78,86.17,0.65,247.31,0.0,0.0,0.86,724.11,0.04
2024-04-18 01:00:00,26.93,62.3,,,,,14.09,0.79,14.58,0.32,1.04,,,0.22,,33.7,87.32,0.55,232.04,0.0,0.0,0.81,722.48,0.04
2024-04-18 02:00:00,36.49,81.42,,,,,14.29,0.79,13.1,0.32,1.04,,,0.22,,33.62,87.18,0.64,248.58,0.0,0.0,0.6,721.0,0.04
2024-04-18 03:00:00,30.43,69.32,,,,,12.18,0.79,12.72,0.32,1.04,,,0.22,,33.47,87.66,0.48,221.68,0.0,0.0,0.8,720.4,0.04
2024-04-18 04:00:00,25.47,59.39,,,,,11.23,0.79,12.71,0.32,1.04,,,0.22,,33.38,87.64,0.45,231.03,0.0,0.0,0.82,721.6,0.04
2024-04-18 05:00:00,25.47,59.39,,,,,10.66,0.79,8.88,0.32,1.04,,,0.22,,32.96,90.44,0.54,152.51,0.0,0.0,1.43,723.54,0.04
2024-04-18 06:00:00,25.47,59.39,,,,,10.38,0.79,7.09,0.32,1.04,,,0.22,,32.78,91.82,0.57,58.04,0.0,0.0,22.58,726.22,0.04
2024-04-18 07:00:00,25.47,59.39,,,,,11.38,0.79,9.13,0.32,1.04,,,0.22,,33.74,87.11,0.49,127.46,0.0,0.0,98.88,729.43,0.04
2024-04-18 08:00:00,33.88,76.2,,,,,13.3,0.79,12.13,0.32,1.04,,,0.22,,34.8,80.64,0.46,169.4,0.0,0.0,211.2,731.0,0.04
2024-04-18 09:00:00,29.32,67.08,,,,,12.34,0.79,10.85,0.32,1.04,,,0.22,,36.44,70.39,0.52,229.26,0.0,0.0,443.53,732.16,0.04
2024-04-18 10:00:00,25.47,59.39,,,,,11.94,0.79,13.5,0.32,1.04,,,0.22,,37.71,62.06,0.58,215.97,0.0,0.0,538.6,731.24,0.04
2024-04-18 11:00:00,25.47,59.39,,,,,12.02,0.79,32.06,0.32,1.04,,,0.22,,38.97,53.82,0.45,184.23,0.0,0.0,403.63,728.31,0.04
2024-04-18 12:00:00,25.47,59.39,,,,,12.2,0.79,41.1,0.32,1.04,,,0.22,,39.81,47.89,0.36,195.86,0.0,0.0,569.22,724.01,0.04
2024-04-18 13:00:00,25.47,59.39,,,,,11.68,0.79,44.01,0.32,1.04,,,0.22,,40.05,45.76,0.61,168.3,0.0,0.0,262.84,719.73,0.04
2024-04-18 14:00:00,25.47,59.39,,,,,11.6,0.79,41.84,0.32,1.04,,,0.22,,40.1,44.32,0.57,182.58,0.0,0.0,140.5,716.06,0.04
2024-04-18 15:00:00,25.47,59.39,,,,,11.3,0.79,25.08,0.32,1.04,,,0.22,,40.13,42.26,0.7,165.69,0.0,0.0,120.03,713.64,0.04
2024-04-18 16:00:00,25.47,59.39,,,,,10.45,0.79,39.99,0.32,1.04,,,0.22,,39.8,42.54,0.57,161.7,0.0,0.0,70.66,711.52,0.04
2024-04-18 17:00:00,25.47,59.39,,,,,11.05,0.79,39.25,0.32,1.04,,,0.22,,39.14,43.04,0.53,164.55,0.0,0.0,32.64,711.64,0.04
2024-04-18 18:00:00,25.85,60.15,,,,,11.1,0.79,30.02,0.32,1.04,,,0.22,,38.25,43.96,0.44,176.0,0.0,0.0,4.65,713.67,0.04
2024-04-18 19:00:00,26.13,60.7,,,,,11.06,0.79,29.81,0.32,1.04,,,0.22,,37.8,46.46,0.71,164.16,0.0,0.0,1.12,715.0,0.04
2024-04-18 20:00:00,27.39,63.22,,,,,10.8,0.79,29.57,0.32,1.04,,,0.22,,36.84,55.56,0.64,174.92,0.0,0.0,1.27,716.7,0.04
2024-04-18 21:00:00,28.12,64.7,,,,,11.58,0.79,27.13,0.32,1.04,,,0.22,,35.1,73.66,0.59,182.68,0.0,0.0,0.9,721.84,0.04
2024-04-18 22:00:00,27.91,64.27,,,,,11.64,0.79,25.58,0.32,1.04,,,0.22,,34.39,81.39,0.52,176.7,0.0,0.0,0.78,722.75,0.04
2024-04-18 23:00:00,27.42,63.28,,,,,11.36,0.79,22.79,0.32,1.04,,,0.22,,34.16,84.6,0.55,172.57,0.0,0.0,0.78,721.14,0.04
2024-04-19 00:00:00,27.1,62.66,,,,,13.11,0.79,21.91,0.32,1.04,,,0.22,,34.04,86.48,0.54,215.36,0.0,0.0,0.84,719.99,0.04
2024-04-19 01:00:00,28.15,64.75,,,,,13.21,0.79,20.16,0.32,1.04,,,0.22,,34.0,86.76,0.58,234.12,0.0,0.0,0.88,718.62,0.04
2024-04-19 02:00:00,27.23,62.91,,,,,12.61,0.79,18.78,0.32,1.04,,,0.22,,33.96,86.93,0.56,233.21,0.0,0.0,0.82,716.98,0.04
2024-04-19 03:00:00,28.25,64.96,,,,,12.28,0.79,15.91,0.32,1.04,,,0.22,,33.86,87.19,0.51,211.73,0.0,0.0,0.78,716.09,0.04
2024-04-19 04:00:00,27.63,63.71,,,,,10.78,0.79,17.25,0.32,1.04,,,0.22,,33.8,87.54,0.52,223.18,0.0,0.0,0.89,716.7,0.04
2024-04-19 05:00:00,26.52,61.48,,,,,10.34,0.79,16.05,0.32,1.04,,,0.22,,33.79,87.66,0.53,174.33,0.0,0.0,1.72,718.48,0.04
2024-04-19 06:00:00,25.98,60.42,,,,,10.04,0.79,11.42,0.32,1.04,,,0.22,,33.6,89.61,0.68,156.68,0.0,0.0,20.13,720.77,0.04
2024-04-19 07:00:00,26.81,62.06,,,,,10.58,0.79,11.52,0.32,1.04,,,0.22,,34.01,87.25,0.67,152.62,0.0,0.0,70.73,723.38,0.04
2024-04-19 08:00:00,26.74,61.94,,,,,13.58,0.79,15.33,0.32,1.04,,,0.22,,35.07,79.76,0.68,155.0,0.0,0.0,242.67,725.16,0.04
2024-04-19 09:00:00,29.48,67.4,,,,,16.62,0.79,13.88,0.32,1.04,,,0.22,,36.7,68.51,0.52,193.04,0.0,0.0,362.27,726.01,0.04
2024-04-19 10:00:00,29.02,66.5,,,,,14.95,0.79,20.95,0.32,1.04,,,0.22,,38.14,59.42,0.53,234.92,0.0,0.0,503.33,724.92,0.04
2024-04-19 11:00:00,27.36,63.18,,,,,13.99,0.79,32.92,0.32,1.04,,,0.22,,39.44,49.92,0.5,228.3,0.0,0.0,401.49,722.34,0.04
2024-04-19 12:00:00,26.56,61.58,,,,,13.91,0.79,36.78,0.32,1.04,,,0.22,,40.16,46.86,0.5,221.82,0.0,0.0,529.37,718.8,0.04
2024-04-19 13:00:00,26.32,61.08,,,,,13.67,0.79,40.17,0.32,1.04,,,0.22,,40.44,43.71,0.56,201.05,0.0,0.0,276.66,714.76,0.04
2024-04-19 14:00:00,26.06,60.56,,,,,13.14,0.79,44.01,0.32,1.04,,,0.22,,40.61,41.39,0.55,173.64,0.0,0.0,166.04,710.38,0.04
2024-04-19 15:00:00,28.03,64.5,,,,,13.15,0.79,27.41,0.32,1.04,,,0.22,,40.72,39.25,0.63,171.53,0.0,0.0,129.16,707.96,0.04
2024-04-19 16:00:00,28.04,64.53,,,,,11.84,0.79,39.1,0.32,1.04,,,0.22,,40.24,40.63,0.6,180.54,0.0,0.0,66.97,707.81,0.04
2024-04-19 17:00:00,27.12,62.69,,,,,12.68,0.79,33.05,0.32,1.04,,,0.22,,39.44,43.0,0.62,171.51,0.0,0.0,28.16,708.68,0.04
2024-04-19 18:00:00,26.96,62.36,,,,,12.67,0.79,30.92,0.32,1.04,,,0.22,,38.25,52.16,0.62,181.34,0.0,0.0,3.16,710.96,0.04
2024-04-19 19:00:00,27.0,62.44,,,,,13.04,0.79,26.45,0.32,1.04,,,0.22,,36.79,65.15,0.68,164.45,0.0,0.0,1.53,714.75,0.04
2024-04-19 20:00:00,27.45,63.34,,,,,14.06,0.79,20.17,0.32,1.04,,,0.22,,35.75,74.59,0.56,190.85,0.0,0.0,0.97,718.44,0.04
2024-04-19 21:00:00,56.74,121.93,,,,,15.14,0.79,16.91,0.32,1.04,,,0.22,,35.05,81.66,0.69,167.17,0.0,0.0,0.82,721.06,0.04
2024-04-19 22:00:00,39.46,87.38,,,,,15.55,0.79,15.77,0.32,1.04,,,0.22,,35.7,84.13,0.63,166.66,0.0,0.0,0.85,721.22,0.04
2024-04-19 23:00:00,25.47,59.39,,,,,15.19,0.79,16.49,0.32,1.04,,,0.22,,35.57,83.95,0.51,204.86,0.0,0.0,0.87,719.86,0.04
2024-04-20 00:00:00,25.47,59.39,,,,,12.91,0.79,16.84,0.32,1.04,,,0.22,,35.52,84.06,0.56,181.39,0.0,0.0,0.9,718.28,0.04
2024-04-20 01:00:00,25.47,59.39,,,,,12.15,0.79,13.09,0.32,1.04,,,0.22,,35.59,85.6,0.53,224.58,0.0,0.0,0.93,716.45,0.04
2024-04-20 02:00:00,25.47,59.39,,,,,11.06,0.79,16.36,0.32,1.04,,,0.22,,35.56,86.44,0.6,237.68,0.0,0.0,0.93,715.13,0.04
2024-04-20 03:00:00,25.47,59.39,,,,,10.71,0.79,15.91,0.32,1.04,,,0.22,,35.18,87.67,0.48,217.94,0.0,0.0,0.8,714.85,0.04
2024-04-20 04:00:00,25.47,59.39,,,,,9.82,0.79,16.07,0.32,1.04,,,0.22,,34.8,86.56,0.55,229.21,0.0,0.0,0.91,716.57,0.04
2024-04-20 05:00:00,25.47,59.39,,,,,9.06,0.79,13.89,0.32,1.04,,,0.22,,34.87,87.65,0.54,167.56,0.0,0.0,1.56,718.35,0.04
2024-04-20 06:00:00,25.47,59.39,,,,,8.36,0.79,9.15,0.32,1.04,,,0.22,,34.64,90.31,0.65,149.33,0.0,0.0,22.8,720.55,0.04
2024-04-20 07:00:00,25.47,59.39,,,,,10.48,0.79,9.32,0.32,1.04,,,0.22,,35.36,85.59,0.63,152.01,0.0,0.0,99.66,722.72,0.04
2024-04-20 08:00:00,25.47,59.39,,,,,14.85,0.79,15.72,0.32,1.04,,,0.22,,36.62,75.82,0.52,182.7,0.0,0.0,225.36,725.01,0.04
2024-04-20 09:00:00,46.04,100.52,,,,,16.19,0.79,10.51,0.32,1.04,,,0.22,,37.94,67.52,0.48,196.06,0.0,0.0,393.7,726.01,0.04
2024-04-20 10:00:00,34.88,78.21,,,,,13.83,0.79,10.98,0.32,1.04,,,0.22,,39.13,58.45,0.51,185.17,0.0,0.0,525.47,725.94,0.04
2024-04-20 11:00:00,25.47,59.39,,,,,13.86,0.79,14.22,0.32,1.04,,,0.22,,39.88,53.46,0.46,200.3,0.0,0.0,422.58,723.7,0.04
2024-04-20 12:00:00,25.47,59.39,,,,,13.94,0.79,25.33,0.32,1.04,,,0.22,,40.69,48.64,0.49,216.57,0.0,0.0,567.96,720.64,0.04
2024-04-20 13:00:00,25.47,59.39,,,,,13.45,0.79,28.48,0.32,1.04,,,0.22,,40.88,46.96,0.44,242.22,0.0,0.0,280.27,716.8,0.04
2024-04-20 14:00:00,25.47,59.39,,,,,11.96,0.79,27.18,0.32,1.04,,,0.22,,40.77,47.14,0.48,207.54,0.0,0.0,184.79,712.6,0.04
2024-04-20 15:00:00,25.47,59.39,,,,,11.38,0.79,15.29,0.32,1.04,,,0.22,,40.13,47.82,0.53,221.84,0.0,0.0,122.38,709.68,0.04
2024-04-20 16:00:00,25.47,59.39,,,,,10.39,0.79,15.39,0.32,1.04,,,0.22,,39.75,47.61,0.56,202.38,0.0,0.0,76.6,709.8,0.04
2024-04-20 17:00:00,25.47,59.39,,,,,10.71,0.79,22.06,0.32,1.04,,,0.22,,39.22,48.84,0.66,166.52,0.0,0.0,26.0,712.56,0.04
2024-04-20 18:00:00,25.47,59.39,,,,,11.22,0.79,21.97,0.32,1.04,,,0.22,,38.3,54.64,0.69,164.82,0.0,0.0,2.83,715.05,0.04
2024-04-20 19:00:00,25.47,59.39,,,,,11.95,0.79,19.0,0.32,1.04,,,0.22,,37.67,59.53,0.66,164.53,0.0,0.0,0.92,718.76,0.04
2024-04-20 20:00:00,25.47,59.39,,,,,13.09,0.79,11.39,0.32,1.04,,,0.22,,36.84,66.69,0.62,168.4,0.0,0.0,0.97,722.34,0.04
2024-04-20 21:00:00,25.47,59.39,,,,,14.86,0.79,12.52,0.32,1.04,,,0.22,,36.03,73.71,0.72,161.74,0.0,0.0,0.91,724.35,0.04
2024-04-20 22:00:00,25.47,59.39,,,,,14.78,0.79,10.96,0.32,1.04,,,0.22,,35.69,77.3,0.69,166.34,0.0,0.0,0.69,725.04,0.04
2024-04-20 23:00:00,25.47,59.39,,,,,15.0,0.79,11.9,0.32,1.04,,,0.22,,35.4,80.44,0.6,155.14,0.0,0.0,0.66,724.61,0.04
2024-04-21 00:00:00,25.47,59.39,,,,,13.2,0.79,12.68,0.32,1.04,,,0.22,,35.16,84.08,0.54,184.34,0.0,0.0,0.61,722.4,0.04
2024-04-21 01:00:00,34.72,77.9,,,,,12.84,0.79,14.02,0.32,1.04,,,0.22,,34.93,86.3,0.57,223.55,0.0,0.0,0.72,720.08,0.04
2024-04-21 02:00:00,29.72,67.89,,,,,12.16,0.79,13.11,0.32,1.04,,,0.22,,34.84,87.46,0.62,235.48,0.0,0.0,0.55,718.3,0.04
2024-04-21 03:00:00,25.47,59.39,,,,,12.0,0.79,14.86,0.32,1.04,,,0.22,,34.68,87.67,0.68,253.68,0.0,0.0,0.5,717.9,0.04
2024-04-21 04:00:00,25.47,59.39,,,,,11.48,0.79,13.07,0.32,1.04,,,0.22,,34.68,88.2,0.69,250.48,0.0,0.0,0.64,718.6,0.04
2024-04-21 05:00:00,25.47,59.39,,,,,10.3,0.79,14.4,0.32,1.04,,,0.22,,34.75,87.24,0.72,254.59,0.0,0.0,1.78,720.45,0.04
2024-04-21 06:00:00,25.47,59.39,,,,,9.24,0.79,13.66,0.32,1.04,,,0.22,,35.0,86.66,0.64,246.0,0.0,0.0,31.21,722.61,0.04
2024-04-21 07:00:00,25.47,59.39,,,,,9.11,0.79,12.01,0.32,1.04,,,0.22,,35.39,83.32,0.54,219.95,0.0,0.0,98.74,724.62,0.04
2024-04-21 08:00:00,25.47,59.39,,,,,9.84,0.79,14.45,0.32,1.04,,,0.22,,36.78,75.63,0.52,184.5,0.0,0.0,266.35,726.06,0.04
2024-04-21 09:00:00,25.59,59.64,,,,,10.6,0.79,13.21,0.32,1.04,,,0.22,,37.96,68.17,0.44,186.97,0.0,0.0,423.61,727.05,0.04
2024-04-21 10:00:00,25.62,59.7,,,,,10.09,0.79,16.68,0.32,1.04,,,0.22,,39.48,58.31,0.49,200.84,0.0,0.0,551.84,725.67,0.04
2024-04-21 11:00:00,25.57,59.59,,,,,9.64,0.79,16.16,0.32,1.04,,,0.22,,40.84,51.34,0.32,192.92,0.0,0.0,440.54,723.48,0.04
2024-04-21 12:00:00,27.08,62.61,,,,,9.33,0.79,15.19,0.32,1.04,,,0.22,,41.53,47.9,0.5,216.79,0.0,0.0,594.91,719.93,0.04
2024-04-21 13:00:00,26.8,62.04,,,,,8.97,0.79,29.84,0.32,1.04,,,0.22,,41.69,45.9,0.55,172.53,0.0,0.0,269.7,716.07,0.04
2024-04-21 14:00:00,26.44,61.34,,,,,9.41,0.79,34.6,0.32,1.04,,,0.22,,41.48,45.78,0.61,167.27,0.0,0.0,166.53,712.17,0.04
2024-04-21 15:00:00,27.47,63.39,,,,,8.97,0.79,21.67,0.32,1.04,,,0.22,,41.16,47.14,0.59,181.92,0.0,0.0,124.26,710.95,0.04
2024-04-21 16:00:00,26.76,61.96,,,,,8.39,0.79,27.01,0.32,1.04,,,0.22,,40.11,50.97,0.61,169.74,0.0,0.0,84.43,711.06,0.04
2024-04-21 17:00:00,26.0,60.44,,,,,8.29,0.79,34.27,0.32,1.04,,,0.22,,38.97,53.3,0.54,192.42,0.0,0.0,26.31,713.55,0.04
2024-04-21 18:00:00,25.93,60.3,,,,,8.87,0.79,33.89,0.32,1.04,,,0.22,,37.74,56.9,0.52,205.14,0.0,0.0,3.43,717.16,0.04
2024-04-21 19:00:00,25.73,59.91,,,,,8.81,0.79,25.58,0.32,1.04,,,0.22,,36.86,64.91,0.54,191.61,0.0,0.0,0.68,721.18,0.04
2024-04-21 20:00:00,25.56,59.57,,,,,8.74,0.79,20.4,0.32,1.04,,,0.22,,36.23,69.46,0.56,122.16,0.0,0.0,0.52,725.06,0.04
2024-04-21 21:00:00,25.5,59.46,,,,,9.04,0.79,16.12,0.32,1.04,,,0.22,,35.64,73.62,0.36,88.19,0.0,0.0,0.45,726.22,0.04
2024-04-21 22:00:00,25.48,59.42,,,,,8.77,0.79,15.6,0.32,1.04,,,0.22,,35.53,75.09,0.74,159.85,0.0,0.0,0.32,726.64,0.04
2024-04-21 23:00:00,25.48,59.4,,,,,8.78,0.79,16.61,0.32,1.04,,,0.22,,35.05,79.52,0.68,168.18,0.0,0.0,0.56,725.98,0.04
2024-04-22 00:00:00,25.47,59.39,,,,,13.82,0.79,18.12,0.32,1.04,,,0.22,,34.83,80.59,0.6,184.36,0.0,0.0,0.41,724.06,0.04
2024-04-22 01:00:00,25.47,59.39,,,,,13.67,0.79,17.06,0.32,1.04,,,0.22,,34.59,82.77,0.43,197.53,0.0,0.0,0.46,722.96,0.04
2024-04-22 02:00:00,25.47,59.39,,,,,13.21,0.79,17.83,0.32,1.04,,,0.22,,34.52,84.89,0.41,244.17,0.0,0.0,0.65,722.6,0.04
2024-04-22 03:00:00,25.64,59.74,,,,,12.88,0.79,14.26,0.32,1.04,,,0.22,,34.17,86.34,0.6,77.55,0.0,0.0,0.86,722.74,0.04
2024-04-22 04:00:00,25.86,60.18,,,,,12.2,0.79,10.57,0.32,1.04,,,0.22,,33.73,88.92,0.57,49.35,0.0,0.0,0.45,723.4,0.04
2024-04-22 05:00:00,25.89,60.22,,,,,10.84,0.79,9.68,0.32,1.04,,,0.22,,33.51,89.8,0.6,61.04,0.0,0.0,1.31,725.32,0.04
2024-04-22 06:00:00,25.75,59.94,,,,,11.05,0.79,8.7,0.32,1.04,,,0.22,,33.62,88.86,0.5,110.5,0.0,0.0,27.31,727.21,0.04
2024-04-22 07:00:00,25.63,59.71,,,,,12.48,0.79,11.17,0.32,1.04,,,0.22,,34.78,84.06,0.5,111.36,0.0,0.0,145.16,729.58,0.04
2024-04-22 08:00:00,25.56,59.58,,,,,14.18,0.79,15.17,0.32,1.04,,,0.22,,36.38,75.09,0.47,145.5,0.0,0.0,297.57,731.16,0.04
2024-04-22 09:00:00,26.48,61.39,,,,,15.18,0.79,12.58,0.32,1.04,,,0.22,,37.78,65.27,0.55,140.84,0.0,0.0,510.72,732.0,0.04
2024-04-22 10:00:00,52.47,113.38,,,,,15.92,0.79,11.6,0.32,1.04,,,0.22,,38.72,58.09,0.44,162.62,0.0,0.0,621.16,730.96,0.04
2024-04-22 11:00:00,37.62,83.68,,,,,15.7,0.79,14.42,0.32,1.04,,,0.22,,40.21,49.84,0.46,202.05,0.0,0.0,453.95,728.59,0.03
2024-04-22 12:00:00,25.47,59.39,,,,,15.54,0.79,26.19,0.32,1.04,,,0.22,,40.97,44.65,0.52,216.16,0.0,0.0,651.05,725.06,0.04
2024-04-22 13:00:00,25.47,59.39,,,,,14.84,0.79,21.81,0.32,1.04,,,0.22,,41.34,40.94,0.54,192.62,0.0,0.0,251.33,721.99,0.04
2024-04-22 14:00:00,25.47,59.39,,,,,12.9,0.79,21.9,0.32,1.04,,,0.22,,41.5,39.8,0.56,211.28,0.0,0.0,157.18,719.47,0.03
2024-04-22 15:00:00,25.47,59.39,,,,,12.3,0.79,14.94,0.32,1.04,,,0.22,,41.24,40.81,0.56,186.2,0.0,0.0,134.52,717.67,0.04
2024-04-22 16:00:00,25.47,59.39,,,,,12.9,0.79,36.27,0.32,1.04,,,0.22,,40.53,42.07,0.56,191.06,0.0,0.0,70.84,716.31,0.04
2024-04-22 17:00:00,25.47,59.39,,,,,12.47,0.79,29.53,0.32,1.04,,,0.22,,39.35,45.27,0.55,177.85,0.0,0.0,33.56,716.59,0.04
2024-04-22 18:00:00,25.47,59.39,,,,,11.94,0.79,25.08,0.32,1.04,,,0.22,,37.99,50.69,0.55,204.14,0.0,0.0,3.22,719.11,0.04
2024-04-22 19:00:00,25.47,59.39,,,,,11.87,0.79,24.17,0.32,1.04,,,0.22,,36.93,54.46,0.59,214.46,0.0,0.0,0.86,721.92,0.04
2024-04-22 20:00:00,25.47,59.39,,,,,12.72,0.79,19.94,0.32,1.04,,,0.22,,36.02,65.89,0.56,195.96,0.0,0.0,0.84,724.84,0.04
2024-04-22 21:00:00,25.47,59.39,,,,,13.42,0.79,18.17,0.32,1.04,,,0.22,,35.28,75.36,0.56,185.32,0.0,0.0,0.74,727.62,0.04
2024-04-22 22:00:00,26.7,61.85,,,,,14.26,0.79,13.38,0.32,1.04,,,0.22,,34.73,79.07,0.55,215.71,0.0,0.0,0.49,729.5,0.04
2024-04-22 23:00:00,26.69,61.83,,,,,13.46,0.79,12.95,0.32,1.04,,,0.22,,34.4,84.5,0.4,191.23,0.0,0.0,0.55,729.58,0.04
2024-04-23 00:00:00,26.28,61.0,,,,,13.5,0.79,13.18,0.32,1.04,,,0.22,,34.12,87.64,0.57,136.9,0.0,0.0,0.64,727.89,0.04
2024-04-23 01:00:00,25.89,60.23,,,,,13.12,0.79,13.49,0.32,1.04,,,0.22,,33.85,86.82,0.54,149.18,0.0,0.0,0.6,725.88,0.04
2024-04-23 02:00:00,25.77,59.98,,,,,13.01,0.79,11.68,0.32,1.04,,,0.22,,33.48,89.08,0.54,55.33,0.0,0.0,0.91,724.12,0.04
2024-04-23 03:00:00,25.81,60.06,,,,,12.52,0.79,11.69,0.32,1.04,,,0.22,,33.11,91.2,0.46,98.71,0.0,0.0,0.81,724.7,0.04
2024-04-23 04:00:00,28.41,65.28,,,,,12.43,0.79,11.48,0.32,1.04,,,0.22,,33.02,87.92,0.56,32.75,0.0,0.0,0.77,725.31,0.04
2024-04-23 05:00:00,27.8,64.04,,,,,11.41,0.79,8.34,0.32,1.04,,,0.22,,32.85,86.94,0.45,128.13,0.0,0.0,1.62,725.06,0.04
2024-04-23 06:00:00,26.33,61.1,,,,,11.57,0.79,6.92,0.32,1.04,,,0.22,,32.67,87.68,0.5,49.32,0.0,0.0,26.94,726.01,0.04
2024-04-23 07:00:00,25.81,60.06,,,,,14.1,0.79,7.53,0.32,1.04,,,0.22,,34.36,78.81,0.42,99.62,0.0,0.0,163.32,728.69,0.04
2024-04-23 08:00:00,25.6,59.66,,,,,17.02,0.79,15.16,0.32,1.04,,,0.22,,36.29,68.47,0.46,229.3,0.0,0.0,364.11,729.86,0.04
2024-04-23 09:00:00,40.12,88.69,,,,,19.21,0.79,16.16,0.32,1.04,,,0.22,,38.23,52.13,0.52,194.59,0.0,0.0,541.54,730.26,0.04
2024-04-23 10:00:00,32.16,72.77,,,,,21.55,0.79,22.44,0.32,1.04,,,0.22,,39.8,41.68,0.24,200.48,0.0,0.0,646.13,728.26,0.04
2024-04-23 11:00:00,25.47,59.39,,,,,22.68,0.79,13.96,0.32,1.04,,,0.22,,40.46,38.05,0.57,156.72,0.0,0.0,450.84,726.32,0.04
2024-04-23 12:00:00,25.47,59.39,,,,,22.13,0.79,18.77,0.32,1.04,,,0.22,,41.01,34.33,0.54,162.56,0.0,0.0,679.4,723.87,0.04
2024-04-23 13:00:00,25.47,59.39,,,,,21.56,0.79,21.55,0.32,1.04,,,0.22,,41.38,31.39,0.63,156.2,0.0,0.0,237.46,720.4,0.04
2024-04-23 14:00:00,25.47,59.39,,,,,20.17,0.79,22.92,0.32,1.04,,,0.22,,41.32,31.75,0.65,155.56,0.0,0.0,148.51,717.09,0.04
2024-04-23 15:00:00,25.47,59.39,,,,,18.92,0.79,24.37,0.32,1.04,,,0.22,,41.28,34.29,0.7,156.24,0.0,0.0,135.26,714.44,0.04
2024-04-23 16:00:00,26.66,61.76,,,,,18.64,0.79,22.07,0.32,1.04,,,0.22,,40.39,43.57,0.67,170.81,0.0,0.0,74.22,713.73,0.04
2024-04-23 17:00:00,27.14,62.73,,,,,18.09,0.79,13.87,0.32,1.04,,,0.22,,39.42,47.91,0.6,184.33,0.0,0.0,34.13,714.14,0.04
2024-04-23 18:00:00,26.89,62.23,,,,,17.5,0.79,13.53,0.32,1.04,,,0.22,,38.06,55.59,0.59,188.12,0.0,0.0,3.73,715.71,0.04
2024-04-23 19:00:00,26.36,61.17,,,,,17.3,0.79,12.37,0.32,1.04,,,0.22,,36.62,64.1,0.62,232.57,0.0,0.0,1.09,718.46,0.04
2024-04-23 20:00:00,27.07,62.59,,,,,17.08,0.79,14.45,0.32,1.04,,,0.22,,35.45,71.31,0.59,215.36,0.0,0.0,0.93,721.26,0.04
2024-04-23 21:00:00,27.48,63.41,,,,,17.34,0.79,16.26,0.32,1.04,,,0.22,,34.69,79.72,0.58,185.05,0.0,0.0,0.78,723.4,0.04
2024-04-23 22:00:00,26.96,62.37,,,,,17.46,0.79,18.05,0.32,1.04,,,0.22,,34.34,83.51,0.37,192.43,0.0,0.0,0.67,724.63,0.04
2024-04-23 23:00:00,31.19,70.82,,,,,17.28,0.79,17.44,0.32,1.04,,,0.22,,34.16,84.64,0.46,217.18,0.0,0.0,0.52,723.14,0.04
2024-04-24 00:00:00,29.4,67.24,,,,,13.74,0.79,19.56,0.32,1.04,,,0.22,,33.95,86.16,0.46,217.74,0.0,0.0,0.66,721.52,0.04
2024-04-24 01:00:00,26.7,61.86,,,,,13.12,0.79,20.41,0.32,1.04,,,0.22,,33.74,87.74,0.54,235.2,0.0,0.0,0.75,719.58,0.04
2024-04-24 02:00:00,26.57,61.59,,,,,12.52,0.79,20.33,0.32,1.04,,,0.22,,33.53,88.2,0.47,230.55,0.0,0.0,0.78,718.07,0.04
2024-04-24 03:00:00,26.96,62.37,,,,,12.27,0.79,12.5,0.32,1.04,,,0.22,,33.04,90.94,0.57,110.1,0.0,0.0,0.78,717.08,0.04
2024-04-24 04:00:00,26.94,62.32,,,,,12.15,0.79,10.97,0.32,1.04,,,0.22,,32.6,93.4,0.57,69.42,0.0,0.0,0.6,717.6,0.04
2024-04-24 05:00:00,29.56,67.56,,,,,12.63,0.79,9.44,0.32,1.04,,,0.22,,32.19,95.38,0.64,32.98,0.0,0.0,1.3,719.5,0.04
2024-04-24 06:00:00,28.6,65.66,,,,,13.08,0.79,9.94,0.32,1.04,,,0.22,,32.55,95.31,0.5,76.36,0.0,0.0,24.46,723.07,0.04
2024-04-24 07:00:00,27.14,62.74,,,,,13.22,0.79,12.21,0.32,1.04,,,0.22,,33.66,88.78,0.51,99.28,0.0,0.0,146.01,726.16,0.04
2024-04-24 08:00:00,26.44,61.35,,,,,13.58,0.79,15.48,0.32,1.04,,,0.22,,35.95,72.28,0.39,95.57,0.0,0.0,358.57,728.56,0.04
2024-04-24 09:00:00,26.53,61.51,,,,,14.65,0.79,32.36,0.32,1.04,,,0.22,,37.44,58.08,0.46,168.94,0.0,0.0,534.06,729.08,0.04
2024-04-24 10:00:00,27.01,62.46,,,,,14.7,0.79,,0.32,1.04,,,0.22,,38.97,47.11,0.59,191.46,0.0,0.0,638.64,728.3,0.04
2024-04-24 11:00:00,27.66,63.78,,,,,15.15,0.79,8.5,0.32,1.04,,,0.22,,39.95,42.23,0.6,152.98,0.0,0.0,435.0,725.87,0.04
2024-04-24 12:00:00,27.13,62.71,,,,,15.36,0.79,11.82,0.32,1.04,,,0.22,,40.86,39.24,0.36,195.61,0.0,0.0,676.12,722.97,0.04
2024-04-24 13:00:00,27.77,63.99,,,,,14.76,0.79,15.77,0.32,1.04,,,0.22,,41.52,32.84,0.51,183.8,0.0,0.0,229.14,719.4,0.04
2024-04-24 14:00:00,27.66,63.76,,,,,13.69,0.79,22.69,0.32,1.04,,,0.22,,41.71,27.42,0.59,240.26,0.0,0.0,150.28,715.84,0.04
2024-04-24 15:00:00,27.19,62.83,,,,,13.55,0.79,21.62,0.32,1.04,,,0.22,,41.79,26.14,0.5,186.64,0.0,0.0,124.87,714.0,0.04
2024-04-24 16:00:00,26.97,62.39,,,,,13.56,0.79,32.86,0.32,1.04,,,0.22,,41.3,27.19,0.74,165.2,0.0,0.0,70.2,712.4,0.04
2024-04-24 17:00:00,27.74,63.94,,,,,14.62,0.79,19.37,0.32,1.04,,,0.22,,40.21,30.68,0.58,221.0,0.0,0.0,33.94,712.84,0.04
2024-04-24 18:00:00,27.39,63.24,,,,,14.0,0.79,21.61,0.32,1.04,,,0.22,,38.79,35.6,0.53,193.63,0.0,0.0,3.83,715.93,0.04
2024-04-24 19:00:00,26.65,61.74,,,,,14.65,0.79,24.18,0.32,1.04,,,0.22,,37.34,44.9,0.58,164.67,0.0,0.0,1.12,718.93,0.04
2024-04-24 20:00:00,26.67,61.79,,,,,15.36,0.79,14.95,0.32,1.04,,,0.22,,36.37,51.5,0.62,161.12,0.0,0.0,1.01,722.52,0.04
2024-04-24 21:00:00,27.19,62.82,,,,,16.4,0.79,11.89,0.32,1.04,,,0.22,,35.48,61.96,0.61,141.07,0.0,0.0,0.94,724.88,0.04
2024-04-24 22:00:00,27.88,64.2,,,,,16.06,0.79,9.6,0.32,1.04,,,0.22,,34.82,71.95,0.62,104.6,0.0,0.0,0.83,725.94,0.04
2024-04-24 23:00:00,29.69,67.84,,,,,16.77,0.79,7.77,0.32,1.04,,,0.22,,34.47,77.53,0.5,172.28,0.0,0.0,0.52,724.54,0.04
2024-04-25 00:00:00,28.99,66.44,,,,,9.06,0.79,6.36,0.32,1.04,,,0.22,,33.86,81.19,0.56,110.39,0.0,0.0,0.99,722.72,0.04
2024-04-25 01:00:00,27.42,63.28,,,,,7.34,0.79,6.3,0.32,1.04,,,0.22,,33.47,84.78,0.58,52.5,0.0,0.0,0.98,720.7,0.04
2024-04-25 02:00:00,26.52,61.5,,,,,7.49,0.79,6.62,0.32,1.04,,,0.22,,33.02,86.7,0.66,16.9,0.0,0.0,0.91,719.82,0.04
2024-04-25 03:00:00,26.06,60.57,,,,,8.09,0.79,6.14,0.32,1.04,,,0.22,,33.32,86.12,0.58,43.34,0.0,0.0,0.98,719.33,0.04
2024-04-25 04:00:00,25.81,60.07,,,,,7.78,0.79,6.16,0.32,1.04,,,0.22,,33.48,86.39,0.56,87.98,0.0,0.0,0.99,720.46,0.04
2024-04-25 05:00:00,27.89,64.23,,,,,9.78,0.79,8.43,0.32,1.04,,,0.22,,33.77,86.5,0.57,161.28,0.0,0.0,1.48,722.12,0.04
2024-04-25 06:00:00,27.95,64.34,,,,,10.93,0.79,10.79,0.32,1.04,,,0.22,,33.98,85.81,0.55,158.98,0.0,0.0,21.08,724.66,0.04
2024-04-25 07:00:00,26.98,62.42,,,,,11.13,0.79,10.22,0.32,1.04,,,0.22,,34.38,84.34,0.57,144.7,0.0,0.0,77.69,727.2,0.04
2024-04-25 08:00:00,26.42,61.3,,,,,10.04,0.79,13.7,0.32,1.04,,,0.22,,35.28,79.27,0.52,168.92,0.0,0.0,156.67,728.75,0.04
2024-04-25 09:00:00,26.42,61.3,,,,,9.09,0.79,15.36,0.32,1.04,,,0.22,,37.68,61.97,0.5,167.9,0.0,0.0,563.51,728.46,0.04
2024-04-25 10:00:00,,,,,,,,,,,,,,,,,,,,,0.0,,,
2024-04-25 11:00:00,26.49,61.43,,,,,8.6,0.79,28.16,0.32,1.04,,,0.22,,40.84,40.3,0.64,168.8,0.0,0.0,198.47,724.49,0.04
2024-04-25 12:00:00,26.49,61.43,,,,,6.15,0.79,30.52,0.32,1.04,,,0.22,,41.31,37.96,0.6,154.22,0.0,0.0,683.59,721.78,0.04
2024-04-25 13:00:00,26.49,61.43,,,,,4.33,0.79,34.28,0.32,1.04,,,0.22,,41.64,35.64,0.67,156.13,0.0,0.0,254.71,718.34,0.04
2024-04-25 14:00:00,26.49,61.43,,,,,3.54,0.79,37.25,0.32,1.04,,,0.22,,41.75,34.95,0.68,158.71,0.0,0.0,129.61,715.36,0.03
2024-04-25 15:00:00,26.48,61.42,,,,,3.2,0.79,32.79,0.32,1.04,,,0.22,,41.46,38.86,0.68,166.61,0.0,0.0,111.53,713.94,0.04
2024-04-25 16:00:00,27.0,62.44,,,,,2.89,0.79,27.39,0.32,1.04,,,0.22,,40.5,43.2,0.61,181.88,0.0,0.0,65.71,713.14,0.04
2024-04-25 17:00:00,27.87,64.19,,,,,3.03,0.79,21.43,0.32,1.04,,,0.22,,39.06,48.0,0.53,199.53,0.0,0.0,26.3,715.12,0.04
2024-04-25 18:00:00,27.46,63.38,,,,,2.13,0.79,15.18,0.32,1.04,,,0.22,,37.73,54.6,0.55,197.12,0.0,0.0,2.92,718.89,0.04
2024-04-25 19:00:00,26.69,61.84,,,,,1.53,0.79,12.39,0.32,1.04,,,0.22,,36.56,64.66,0.52,182.54,0.0,0.0,1.06,722.1,0.04
2024-04-25 20:00:00,26.24,60.93,,,,,1.51,0.79,9.73,0.32,1.04,,,0.22,,35.58,73.93,0.57,177.18,0.0,0.0,0.94,724.39,0.04
2024-04-25 21:00:00,26.34,61.14,,,,,1.22,0.79,10.15,0.32,1.04,,,0.22,,35.12,78.79,0.46,182.3,0.0,0.0,0.8,725.69,0.04
2024-04-25 22:00:00,26.26,60.97,,,,,1.04,0.79,11.38,0.32,1.04,,,0.22,,34.84,81.78,0.48,168.32,0.0,0.0,0.79,725.96,0.04
2024-04-25 23:00:00,27.52,63.49,,,,,1.72,0.79,11.91,0.32,1.04,,,0.22,,34.49,84.18,0.5,228.3,0.0,0.0,0.64,724.06,0.04
2024-04-26 00:00:00,27.36,63.19,,,,,13.98,0.79,10.96,0.32,1.04,,,0.22,,34.33,85.73,0.52,225.32,0.0,0.0,0.83,722.21,0.04
2024-04-26 01:00:00,26.59,61.63,,,,,13.08,0.79,12.27,0.32,1.04,,,0.22,,34.23,86.36,0.52,207.87,0.0,0.0,0.94,720.41,0.04
2024-04-26 02:00:00,26.15,60.76,,,,,12.73,0.79,13.54,0.32,1.04,,,0.22,,34.21,86.64,0.49,226.32,0.0,0.0,1.04,719.07,0.04
2024-04-26 03:00:00,25.9,60.26,,,,,12.0,0.79,14.44,0.32,1.04,,,0.22,,34.24,86.38,0.55,224.05,0.0,0.0,1.2,718.88,0.04
2024-04-26 04:00:00,25.75,59.96,,,,,11.44,0.79,14.36,0.32,1.04,,,0.22,,34.11,86.67,0.45,185.27,0.0,0.0,0.95,719.76,0.04
2024-04-26 05:00:00,25.66,59.77,,,,,11.1,0.79,9.18,0.32,1.04,,,0.22,,33.72,88.97,0.44,100.97,0.0,0.0,3.04,722.36,0.04
2024-04-26 06:00:00,25.63,59.72,,,,,10.5,0.79,8.03,0.32,1.04,,,0.22,,33.97,88.34,0.57,139.47,0.0,0.0,31.22,724.73,0.04
2024-04-26 07:00:00,25.6,59.66,,,,,11.32,0.79,10.54,0.32,1.04,,,0.22,,34.64,85.16,0.55,143.96,0.0,0.0,96.48,726.92,0.04
2024-04-26 08:00:00,25.59,59.62,,,,,13.15,0.79,14.75,0.32,1.04,,,0.22,,36.12,75.34,0.68,156.65,0.0,0.0,339.36,728.01,0.04
2024-04-26 09:00:00,25.86,60.16,,,,,14.66,0.79,20.35,0.32,1.04,,,0.22,,37.75,63.36,0.55,166.3,0.0,0.0,499.58,727.67,0.04
2024-04-26 10:00:00,25.9,60.26,,,,,14.81,0.79,,0.32,1.04,,,0.22,,39.14,53.2,0.51,157.27,0.0,0.0,585.15,725.54,0.04
2024-04-26 11:00:00,25.97,60.39,,,,,15.86,0.79,6.72,0.32,1.04,,,0.22,,40.68,41.98,0.56,176.22,0.0,0.0,384.42,723.66,0.04
2024-04-26 12:00:00,26.42,61.29,,,,,16.71,0.79,,0.32,1.04,,,0.22,,41.23,40.03,0.5,193.36,0.0,0.0,669.07,721.1,0.04
2024-04-26 13:00:00,26.38,61.22,,,,,15.88,0.79,7.92,0.32,1.04,,,0.22,,41.54,37.56,0.52,192.56,0.0,0.0,175.35,717.85,0.04
2024-04-26 14:00:00,26.13,60.71,,,,,14.29,0.79,13.78,0.32,1.04,,,0.22,,41.5,36.08,0.69,162.52,0.0,0.0,144.27,715.17,0.04
2024-04-26 15:00:00,26.12,60.7,,,,,12.72,0.79,8.55,0.32,1.04,,,0.22,,41.49,33.79,0.6,189.92,0.0,0.0,106.67,712.75,0.04
2024-04-26 16:00:00,26.94,62.33,,,,,12.2,0.79,,0.32,1.04,,,0.22,,40.84,34.08,0.54,199.4,0.0,0.0,75.84,712.71,0.04
2024-04-26 17:00:00,27.48,63.42,,,,,12.84,0.79,2.19,0.32,1.04,,,0.22,,39.56,38.57,0.59,183.02,0.0,0.0,29.02,713.78,0.04
2024-04-26 18:00:00,27.77,63.98,,,,,14.02,0.79,14.05,0.32,1.04,,,0.22,,38.23,45.16,0.55,193.81,0.0,0.0,2.26,716.26,0.04
2024-04-26 19:00:00,27.44,63.32,,,,,13.31,0.79,14.55,0.32,1.04,,,0.22,,36.82,60.0,0.44,202.72,0.0,0.0,1.09,719.52,0.04
2024-04-26 20:00:00,27.4,63.26,,,,,13.42,0.79,10.16,0.32,1.04,,,0.22,,35.78,70.4,0.52,177.28,0.0,0.0,0.94,722.44,0.04
2024-04-26 21:00:00,27.23,62.91,,,,,13.91,0.79,7.64,0.32,1.04,,,0.22,,35.19,75.21,0.54,167.02,0.0,0.0,0.85,725.66,0.04
2024-04-26 22:00:00,26.89,62.23,,,,,13.52,0.79,10.75,0.32,1.04,,,0.22,,34.88,79.68,0.48,160.88,0.0,0.0,0.8,725.98,0.04
2024-04-26 23:00:00,26.99,62.43,,,,,13.14,0.79,11.72,0.32,1.04,,,0.22,,34.58,82.48,0.64,151.94,0.0,0.0,0.8,725.14,0.04
2024-04-27 00:00:00,27.35,63.16,,,,,13.95,0.79,10.17,0.32,1.04,,,0.22,,34.46,83.81,0.64,164.88,0.0,0.0,0.55,723.15,0.04
2024-04-27 01:00:00,27.1,62.66,,,,,12.68,0.79,12.05,0.32,1.04,,,0.22,,34.34,84.42,0.5,186.87,0.0,0.0,0.9,721.34,0.04
2024-04-27 02:00:00,26.64,61.72,,,,,11.88,0.79,13.01,0.32,1.04,,,0.22,,34.16,85.83,0.5,218.79,0.0,0.0,0.94,719.78,0.04
2024-04-27 03:00:00,26.3,61.04,,,,,11.04,0.79,13.9,0.32,1.04,,,0.22,,34.02,86.47,0.52,204.57,0.0,0.0,0.92,719.27,0.04
2024-04-27 04:00:00,26.06,60.57,,,,,10.45,0.79,11.1,0.32,1.04,,,0.22,,34.08,85.89,0.5,116.18,0.0,0.0,1.11,720.66,0.04
2024-04-27 05:00:00,25.98,60.4,,,,,10.12,0.79,10.97,0.32,1.04,,,0.22,,33.76,88.04,0.62,150.21,0.0,0.0,3.55,722.3,0.04
2024-04-27 06:00:00,27.82,64.08,,,,,11.21,0.79,8.17,0.32,1.04,,,0.22,,33.94,87.3,0.64,148.11,0.0,0.0,30.96,723.97,0.04
2024-04-27 07:00:00,27.78,64.01,,,,,11.56,0.79,12.35,0.32,1.04,,,0.22,,34.73,81.76,0.71,158.16,0.0,0.0,136.17,726.98,0.04
2024-04-27 08:00:00,26.88,62.22,,,,,14.82,0.79,15.45,0.32,1.04,,,0.22,,36.18,72.81,0.51,186.67,0.0,0.0,310.52,728.92,0.04
2024-04-27 09:00:00,26.58,61.62,,,,,14.85,0.79,19.18,0.32,1.04,,,0.22,,37.61,63.03,0.47,198.01,0.0,0.0,476.31,728.55,0.04
2024-04-27 10:00:00,26.51,61.46,,,,,14.22,0.79,21.75,0.32,1.04,,,0.22,,38.71,55.2,0.38,230.76,0.0,0.0,564.58,727.25,0.04
2024-04-27 11:00:00,26.52,61.5,,,,,13.64,0.79,29.27,0.32,1.04,,,0.22,,40.06,47.77,0.32,197.63,0.0,0.0,378.66,725.54,0.04
2024-04-27 12:00:00,46.13,100.7,,,,,14.57,0.79,,0.32,1.04,,,0.22,,40.92,43.01,0.57,181.4,0.0,0.0,652.47,721.82,0.04
2024-04-27 13:00:00,34.77,77.98,,,,,15.66,0.79,,0.32,1.04,,,0.22,,41.26,40.11,0.52,165.13,0.0,0.0,190.62,718.38,0.04
2024-04-27 14:00:00,25.47,59.39,,,,,12.74,0.79,21.58,0.32,1.04,,,0.22,,41.25,38.45,0.62,154.73,0.0,0.0,155.97,716.0,0.04
2024-04-27 15:00:00,25.47,59.39,,,,,9.84,0.79,5.82,0.32,1.04,,,0.22,,41.22,38.86,0.64,176.55,0.0,0.0,115.33,714.62,0.04
2024-04-27 16:00:00,25.47,59.39,,,,,9.06,0.79,,0.32,1.04,,,0.22,,40.22,44.38,0.58,204.6,0.0,0.0,76.26,713.41,0.04
2024-04-27 17:00:00,25.47,59.39,,,,,9.44,0.79,3.3,0.32,1.04,,,0.22,,38.56,50.4,0.54,207.83,0.0,0.0,29.93,715.52,0.04
2024-04-27 18:00:00,25.47,59.39,,,,,10.68,0.79,,0.32,1.04,,,0.22,,37.17,57.41,0.6,184.28,0.0,0.0,2.29,717.92,0.04
2024-04-27 19:00:00,25.47,59.39,,,,,9.96,0.79,12.44,0.32,1.04,,,0.22,,36.13,65.11,0.5,193.25,0.0,0.0,0.92,720.48,0.04
2024-04-27 20:00:00,25.47,59.39,,,,,7.98,0.79,11.31,0.32,1.04,,,0.22,,35.42,70.84,0.59,181.76,0.0,0.0,0.87,723.46,0.04
2024-04-27 21:00:00,25.47,59.39,,,,,4.61,0.79,6.74,0.32,1.04,,,0.22,,34.99,75.69,0.53,183.94,0.0,0.0,0.8,726.35,0.04
2024-04-27 22:00:00,25.47,59.39,,,,,3.98,0.79,8.47,0.32,1.04,,,0.22,,34.67,80.26,0.56,192.55,0.0,0.0,0.81,726.62,0.04
2024-04-27 23:00:00,25.47,59.39,,,,,3.18,0.79,10.14,0.32,1.04,,,0.22,,34.35,84.02,0.52,205.1,0.0,0.0,0.84,725.42,0.04
2024-04-28 00:00:00,38.56,85.56,,,,,13.45,0.79,9.99,0.32,1.04,,,0.22,,34.2,85.38,0.45,206.8,0.0,0.0,0.48,723.31,0.04
2024-04-28 01:00:00,31.46,71.36,,,,,11.56,0.79,9.88,0.32,1.04,,,0.22,,34.01,86.99,0.49,212.72,0.0,0.0,0.78,721.76,0.04
2024-04-28 02:00:00,25.47,59.39,,,,,10.25,0.79,10.42,0.32,1.04,,,0.22,,33.89,87.49,0.51,196.25,0.0,0.0,0.8,720.66,0.04
2024-04-28 03:00:00,25.47,59.39,,,,,11.04,0.79,8.43,0.32,1.04,,,0.22,,33.59,88.71,0.44,109.03,0.0,0.0,0.9,720.0,0.04
2024-04-28 04:00:00,25.47,59.39,,,,,11.68,0.79,7.11,0.32,1.04,,,0.22,,33.2,91.44,0.55,97.46,0.0,0.0,0.75,720.78,0.04
2024-04-28 05:00:00,25.47,59.39,,,,,10.66,0.79,7.35,0.32,1.04,,,0.22,,33.09,92.28,0.61,74.4,0.0,0.0,3.45,722.53,0.03
2024-04-28 06:00:00,28.34,65.13,,,,,9.62,0.79,,0.32,1.04,,,0.22,,33.36,91.72,0.5,127.06,0.0,0.0,37.14,724.46,0.04
2024-04-28 07:00:00,27.14,62.72,,,,,9.89,0.79,9.38,0.32,1.04,,,0.22,,34.52,85.08,0.55,170.57,0.0,0.0,112.92,726.6,0.04
2024-04-28 08:00:00,25.68,59.8,,,,,12.86,0.79,12.42,0.32,1.04,,,0.22,,36.28,72.6,0.49,182.86,0.0,0.0,326.97,728.18,0.04
2024-04-28 09:00:00,25.9,60.26,,,,,15.81,0.79,28.08,0.32,1.04,,,0.22,,37.7,61.04,0.51,212.44,0.0,0.0,508.9,727.71,0.04
2024-04-28 10:00:00,25.88,60.21,,,,,15.68,0.79,29.14,0.32,1.04,,,0.22,,39.22,50.35,0.4,183.25,0.0,0.0,589.32,726.95,0.04
2024-04-28 11:00:00,25.72,59.9,,,,,14.4,0.79,25.7,0.32,1.04,,,0.22,,40.61,40.36,0.58,176.09,0.0,0.0,381.01,725.63,0.04
2024-04-28 12:00:00,27.75,63.94,,,,,13.73,0.79,25.24,0.32,1.04,,,0.22,,41.43,36.72,0.47,170.12,0.0,0.0,687.27,722.1,0.04
2024-04-28 13:00:00,27.06,62.58,,,,,12.9,0.79,,0.32,1.04,,,0.22,,41.66,34.06,0.6,210.06,0.0,0.0,173.86,718.16,0.04
2024-04-28 14:00:00,26.02,60.5,,,,,10.61,0.79,,0.32,1.04,,,0.22,,41.82,30.46,0.61,172.5,0.0,0.0,136.8,715.34,0.04
2024-04-28 15:00:00,25.76,59.97,,,,,9.22,0.79,26.17,0.32,1.04,,,0.22,,41.54,31.7,0.6,168.88,0.0,0.0,114.4,713.32,0.04
2024-04-28 16:00:00,25.68,59.81,,,,,8.46,0.79,68.74,0.32,1.04,,,0.22,,40.68,33.87,0.63,186.89,0.0,0.0,74.41,712.37,0.04
2024-04-28 17:00:00,25.7,59.85,,,,,8.11,0.79,93.98,0.32,1.04,,,0.22,,39.4,37.32,0.55,202.41,0.0,0.0,30.37,715.66,0.03
2024-04-28 18:00:00,27.8,64.04,,,,,8.67,0.79,13.06,0.32,1.04,,,0.22,,37.63,50.49,0.62,192.1,0.0,0.0,2.65,719.18,0.04
2024-04-28 19:00:00,27.46,63.37,,,,,9.64,0.79,16.63,0.32,1.04,,,0.22,,36.27,63.42,0.6,186.98,0.0,0.0,0.9,723.31,0.04
2024-04-28 20:00:00,26.42,61.28,,,,,9.11,0.79,10.53,0.32,1.04,,,0.22,,35.71,64.99,0.63,165.41,0.0,0.0,0.79,726.43,0.04
2024-04-28 21:00:00,26.07,60.58,,,,,9.55,0.79,6.42,0.32,1.04,,,0.22,,35.16,71.92,0.68,164.47,0.0,0.0,0.89,729.28,0.04
2024-04-28 22:00:00,26.05,60.54,,,,,9.65,0.79,3.88,0.32,1.04,,,0.22,,34.83,77.5,0.7,155.29,0.0,0.0,0.85,730.12,0.04
2024-04-28 23:00:00,26.17,60.79,,,,,9.35,0.79,4.73,0.32,1.04,,,0.22,,34.55,81.42,0.61,173.72,0.0,0.0,0.86,728.8,0.04
2024-04-29 00:00:00,26.51,61.46,,,,,14.76,0.79,4.25,0.32,1.04,,,0.22,,34.26,84.8,0.56,214.44,0.0,0.0,0.7,726.38,0.04
2024-04-29 01:00:00,26.68,61.8,,,,,14.06,0.79,8.24,0.32,1.04,,,0.22,,34.17,85.92,0.54,177.64,0.0,0.0,0.57,725.58,0.04
2024-04-29 02:00:00,26.31,61.06,,,,,12.32,0.79,4.46,0.32,1.04,,,0.22,,34.16,86.04,0.48,213.43,0.0,0.0,0.9,723.93,0.04
2024-04-29 03:00:00,25.95,60.35,,,,,11.85,0.79,5.86,0.32,1.04,,,0.22,,34.13,87.07,0.55,182.19,0.0,0.0,0.9,724.98,0.04
2024-04-29 04:00:00,25.78,60.01,,,,,11.36,0.79,4.74,0.32,1.04,,,0.22,,33.94,87.9,0.65,147.13,0.0,0.0,1.08,726.98,0.04
2024-04-29 05:00:00,28.35,65.16,,,,,11.8,0.79,2.3,0.32,1.04,,,0.22,,33.72,89.26,0.63,147.38,0.0,0.0,3.2,728.48,0.04
2024-04-29 06:00:00,28.38,65.23,,,,,12.66,0.79,1.9,0.32,1.04,,,0.22,,33.85,89.1,0.64,153.38,0.0,0.0,33.02,730.84,0.04
2024-04-29 07:00:00,27.19,62.84,,,,,14.24,0.79,7.51,0.32,1.04,,,0.22,,34.64,84.71,0.68,156.28,0.0,0.0,143.23,732.89,0.04
2024-04-29 08:00:00,26.52,61.5,,,,,14.63,0.79,6.5,0.32,1.04,,,0.22,,36.42,72.0,0.59,177.07,0.0,0.0,372.8,733.99,0.04
2024-04-29 09:00:00,26.69,61.84,,,,,15.17,0.79,10.15,0.32,1.04,,,0.22,,37.9,60.94,0.48,219.89,0.0,0.0,542.68,733.83,0.04
2024-04-29 10:00:00,27.18,62.82,,,,,14.91,0.79,15.11,0.32,1.04,,,0.22,,39.1,49.3,0.57,237.63,0.0,0.0,631.14,732.64,0.04
2024-04-29 11:00:00,26.98,62.4,,,,,14.66,0.79,14.24,0.32,1.04,,,0.22,,40.32,40.89,0.49,211.18,0.0,0.0,380.18,730.88,0.03
2024-04-29 12:00:00,26.58,61.62,,,,,12.28,0.79,14.45,0.32,1.04,,,0.22,,40.8,36.34,0.54,224.93,0.0,0.0,726.91,727.88,0.03
2024-04-29 13:00:00,27.16,62.77,,,,,,0.79,,0.32,1.04,,,0.22,,40.39,35.14,0.52,209.98,0.0,0.0,157.05,724.01,0.04
2024-04-29 14:00:00,27.05,62.54,,,,,,0.79,,0.32,1.04,,,0.22,,40.21,33.2,0.61,184.41,0.0,0.0,127.44,721.34,0.04
2024-04-29 15:00:00,26.56,61.56,,,,,,0.79,145.48,0.32,1.04,,,0.22,,40.08,32.5,0.63,173.5,0.0,0.0,107.57,719.23,0.04
2024-04-29 16:00:00,26.25,60.96,,,,,,0.79,,0.32,1.04,,,0.22,,39.64,31.68,0.61,174.6,0.0,0.0,66.95,718.29,0.04
2024-04-29 17:00:00,26.05,60.55,,,,,,0.79,,0.32,1.04,,,0.22,,38.9,34.0,0.57,176.33,0.0,0.0,29.84,719.55,0.04
2024-04-29 18:00:00,25.94,60.33,,,,,,0.79,159.52,0.32,1.04,,,0.22,,37.75,40.73,0.67,165.21,0.0,0.0,2.5,722.22,0.04
2024-04-29 19:00:00,27.48,63.4,,,,,,0.79,137.14,0.32,1.04,,,0.22,,36.69,48.94,0.73,159.62,0.0,0.0,0.6,724.5,0.04
2024-04-29 20:00:00,27.44,63.34,,,,,,0.79,22.95,0.32,1.04,,,0.22,,35.82,58.72,0.73,160.49,0.0,0.0,0.85,727.91,0.04
2024-04-29 21:00:00,26.68,61.8,,,,,,0.79,4.38,0.32,1.04,,,0.22,,34.99,72.09,0.7,154.86,0.0,0.0,0.85,729.73,0.04
2024-04-29 22:00:00,52.63,113.7,,,,,,0.79,2.95,0.32,1.04,,,0.22,,34.29,75.74,0.55,91.92,0.0,0.0,0.68,729.12,0.04
2024-04-29 23:00:00,37.75,83.95,,,,,,0.79,5.2,0.32,1.04,,,0.22,,33.48,80.75,0.68,26.24,0.0,0.0,0.59,727.46,0.04
2024-04-30 00:00:00,25.47,59.39,,,,,12.92,0.79,4.69,0.32,1.04,,,0.22,,33.28,84.53,0.54,44.75,0.0,0.0,0.54,725.8,0.04
2024-04-30 01:00:00,35.68,79.81,,,,,12.89,0.79,8.82,0.32,1.04,,,0.22,,33.4,87.84,0.56,190.89,0.0,0.0,0.23,723.63,0.04
2024-04-30 02:00:00,30.2,68.85,,,,,11.3,0.79,6.23,0.32,1.04,,,0.22,,33.14,90.28,0.55,213.14,0.0,0.0,0.78,721.58,0.04
2024-04-30 03:00:00,25.47,59.39,,,,,10.5,0.79,6.43,0.32,1.04,,,0.22,,33.32,88.78,0.55,226.58,0.0,0.0,0.9,721.46,0.04
2024-04-30 04:00:00,25.47,59.39,,,,,9.86,0.79,6.26,0.32,1.04,,,0.22,,33.16,90.71,0.58,240.96,0.0,0.0,0.94,722.04,0.04
2024-04-30 05:00:00,25.47,59.39,,,,,9.58,0.79,5.47,0.32,1.04,,,0.22,,33.11,90.07,0.55,238.3,0.0,0.0,3.59,723.37,0.04
2024-04-30 06:00:00,25.47,59.39,,,,,9.39,0.79,2.8,0.32,1.04,,,0.22,,33.2,89.4,0.49,217.96,0.0,0.0,33.48,725.83,0.04
2024-04-30 07:00:00,29.07,66.59,,,,,10.35,0.79,8.2,0.32,1.04,,,0.22,,34.57,80.79,0.47,215.27,0.0,0.0,186.02,727.84,0.04
2024-04-30 08:00:00,27.55,63.55,,,,,9.82,0.79,4.92,0.32,1.04,,,0.22,,35.74,72.73,0.56,213.42,0.0,0.0,344.99,728.26,0.04
2024-04-30 09:00:00,25.76,59.98,,,,,9.87,0.79,4.91,0.32,1.04,,,0.22,,37.22,62.02,0.51,199.07,0.0,0.0,526.47,727.49,0.04
2024-04-30 10:00:00,26.39,61.24,,,,,9.48,0.79,5.87,0.32,1.04,,,0.22,,38.69,50.47,0.48,217.54,0.0,0.0,595.94,725.2,0.03
2024-04-30 11:00:00,26.1,60.65,10.01,10.19,10.62,9.44,9.04,0.79,12.16,0.32,1.04,,,0.22,,39.66,41.48,0.6,241.54,0.0,0.0,378.87,722.64,0.03
2024-04-30 12:00:00,25.66,59.76,9.86,10.17,10.07,10.1,8.7,0.79,12.74,0.33,1.01,,,0.23,,40.31,36.44,0.54,222.2,0.0,0.0,667.56,719.75,0.03
2024-04-30 13:00:00,29.94,68.33,10.26,10.14,9.38,10.23,9.21,0.79,20.19,0.36,0.93,,,0.26,,40.32,35.86,0.49,208.43,0.0,0.0,191.16,715.97,0.04
2024-04-30 14:00:00,28.58,65.6,9.92,9.99,10.34,9.49,9.36,0.79,19.0,0.36,0.93,,,0.26,,39.98,35.64,0.6,188.5,0.0,0.0,149.58,713.28,0.04
2024-04-30 15:00:00,26.24,60.92,10.13,10.07,10.11,9.21,8.54,0.79,21.6,0.36,0.93,,,0.26,,39.81,37.43,0.55,190.7,0.0,0.0,122.22,711.42,0.04
2024-04-30 16:00:00,25.67,59.8,10.06,9.93,10.04,10.37,7.35,0.79,21.21,0.36,0.93,,,0.26,,39.12,39.87,0.58,182.29,0.0,0.0,68.34,711.02,0.04
2024-04-30 17:00:00,25.53,59.51,9.82,10.09,9.64,10.1,5.92,0.79,16.01,0.36,0.93,,,0.26,,38.07,44.31,0.57,184.93,0.0,0.0,29.91,712.77,0.04
2024-04-30 18:00:00,25.49,59.42,10.06,9.85,10.14,10.12,5.7,0.79,11.02,0.36,0.93,,,0.26,,36.9,50.76,0.63,164.01,0.0,0.0,2.58,714.52,0.04
2024-04-30 19:00:00,25.48,59.4,9.99,10.0,9.91,9.84,7.04,0.79,12.33,0.36,0.93,,,0.26,,36.1,57.41,0.59,173.56,0.0,0.0,0.7,716.26,0.04
2024-04-30 20:00:00,25.5,59.45,9.91,9.9,9.75,10.31,6.92,0.79,15.55,0.36,0.93,,,0.26,,35.35,66.86,0.64,162.09,0.0,0.0,0.88,718.83,0.04
2024-04-30 21:00:00,25.53,59.51,10.09,9.99,10.48,9.92,6.63,0.79,9.06,0.36,0.93,,,0.26,,34.78,74.7,0.71,158.48,0.0,0.0,0.92,719.72,0.04
2024-04-30 22:00:00,26.16,60.76,10.21,9.98,9.54,9.88,7.18,0.79,5.94,0.36,0.93,,,0.26,,34.39,79.81,0.71,161.41,0.0,0.0,0.82,719.78,0.04
2024-04-30 23:00:00,26.16,60.77,9.71,10.06,9.76,10.04,7.41,0.79,8.54,0.36,0.93,,,0.26,,34.19,83.0,0.65,162.31,0.0,0.0,0.86,718.21,0.04
2024-05-01 00:00:00,25.82,60.09,10.27,10.0,10.13,10.19,13.74,0.79,7.2,0.36,0.93,,,0.26,,34.15,83.94,0.49,173.16,0.0,0.0,0.84,715.42,0.04
2024-05-01 01:00:00,27.72,63.89,9.75,9.96,9.57,10.09,13.96,0.79,9.04,0.36,0.93,,,0.26,,34.1,83.55,0.5,196.26,0.0,0.0,0.67,713.38,0.04
2024-05-01 02:00:00,27.52,63.48,10.38,10.16,9.5,10.26,13.29,0.79,9.86,0.36,0.93,,,0.26,,34.02,83.6,0.42,231.13,0.0,0.0,0.78,712.0,0.04
2024-05-01 03:00:00,26.49,61.43,10.09,10.04,9.98,9.8,12.65,0.79,7.67,0.36,0.93,,,0.26,,33.9,83.99,0.52,231.05,0.0,0.0,0.9,711.98,0.04
2024-05-01 04:00:00,26.43,61.31,10.17,10.0,10.41,10.11,12.62,0.79,7.29,0.36,0.93,,,0.26,,33.84,84.39,0.62,242.02,0.0,0.0,1.01,712.58,0.04
2024-05-01 05:00:00,26.2,60.84,10.21,10.1,10.26,10.09,12.86,0.79,5.68,0.36,0.93,,,0.26,,33.9,83.75,0.53,204.61,0.0,0.0,3.82,713.73,0.04
2024-05-01 06:00:00,25.96,60.36,9.8,10.15,10.12,9.92,12.5,0.79,5.36,0.36,0.93,,,0.26,,33.91,83.58,0.55,160.98,0.0,0.0,35.88,715.16,0.04
2024-05-01 07:00:00,26.47,61.4,10.0,9.93,9.45,9.28,13.64,0.79,10.92,0.36,0.93,,,0.26,,35.03,76.98,0.58,199.68,0.0,0.0,170.14,717.23,0.04
2024-05-01 08:00:00,26.77,61.99,10.03,10.0,10.09,9.99,15.9,0.79,10.9,0.36,0.93,,,0.26,,36.24,69.21,0.71,253.1,0.0,0.0,335.58,719.04,0.03
2024-05-01 09:00:00,26.54,61.52,9.85,10.11,10.26,9.71,16.41,0.79,18.84,0.36,0.93,,,0.26,,37.56,60.63,0.64,243.82,0.0,0.0,517.36,718.74,0.03
2024-05-01 10:00:00,26.45,61.35,9.87,10.06,10.14,9.91,15.57,0.79,26.25,0.36,0.93,,,0.26,,39.33,49.15,0.53,195.32,0.0,0.0,608.88,716.59,0.04
2024-05-01 11:00:00,26.3,61.04,10.1,10.08,9.79,9.71,14.63,0.79,30.42,0.36,0.93,,,0.26,,40.67,39.27,0.46,196.58,0.0,0.0,368.79,712.98,0.04
2024-05-01 12:00:00,26.14,60.74,10.1,9.96,10.25,10.07,14.29,0.79,43.34,0.36,0.93,,,0.26,,41.44,33.99,0.52,220.46,0.0,0.0,684.56,708.39,0.03
2024-05-01 13:00:00,26.18,60.8,9.96,9.99,9.66,9.29,14.12,0.79,55.55,0.36,0.93,,,0.26,,41.7,32.76,0.36,190.62,0.0,0.0,196.97,704.58,0.04
2024-05-01 14:00:00,26.3,61.06,9.76,9.75,9.65,9.89,14.11,0.79,36.08,0.36,0.93,,,0.26,,41.8,32.96,0.64,207.96,0.0,0.0,161.58,701.67,0.04
2024-05-01 15:00:00,26.7,61.85,10.04,10.16,10.38,10.32,13.25,0.79,23.98,0.36,0.93,,,0.26,,41.65,33.76,0.72,164.66,0.0,0.0,131.22,700.74,0.04
2024-05-01 16:00:00,26.71,61.86,9.97,10.0,9.84,10.36,13.36,0.79,32.21,0.36,0.93,,,0.26,,41.22,34.42,0.76,161.82,0.0,0.0,66.67,,0.04
2024-05-01 17:00:00,26.85,62.16,9.98,10.05,9.73,10.08,14.04,0.79,26.34,0.36,0.93,,,0.26,,40.21,38.57,0.78,161.21,0.0,0.0,34.05,700.76,0.04
2024-05-01 18:00:00,27.05,62.55,10.11,10.07,9.88,9.88,14.55,0.79,22.19,0.36,0.93,,,0.26,,38.45,55.0,0.78,161.52,0.0,0.0,3.67,703.56,0.03
2024-05-01 19:00:00,26.82,62.1,9.9,9.91,9.85,10.46,15.73,0.79,23.48,0.36,0.93,,,0.26,,37.03,64.51,0.76,161.64,0.0,0.0,1.27,706.92,0.04
2024-05-01 20:00:00,28.39,65.22,10.0,10.04,10.46,10.23,17.96,0.79,12.53,0.36,0.93,,,0.26,,36.35,65.91,0.75,160.16,0.0,0.0,0.76,709.5,0.04
2024-05-01 21:00:00,28.18,64.81,9.92,9.97,9.94,10.4,17.5,0.79,15.18,0.36,0.93,,,0.26,,35.82,71.9,0.71,159.2,0.0,0.0,0.97,711.86,0.04
2024-05-01 22:00:00,27.15,62.74,9.9,9.9,10.09,9.95,17.77,0.79,18.09,0.36,0.93,,,0.26,,35.45,74.92,0.55,165.56,0.0,0.0,0.98,712.94,0.04
2024-05-01 23:00:00,26.6,61.66,10.09,9.82,9.49,9.78,17.52,0.79,18.5,0.36,0.93,,,0.26,,35.05,78.82,0.45,230.07,0.0,0.0,1.0,712.34,0.04
2024-05-02 00:00:00,26.64,61.73,9.93,10.26,10.07,10.4,14.1,0.79,11.36,0.36,0.93,,,0.26,,34.84,81.82,0.56,219.37,0.0,0.0,0.87,710.69,0.04
2024-05-02 01:00:00,26.51,61.47,10.09,10.01,10.14,10.25,13.79,0.79,17.13,0.36,0.93,,,0.26,,34.78,80.61,0.44,191.92,0.0,0.0,0.86,708.35,0.04
2024-05-02 02:00:00,27.42,63.29,10.19,9.95,10.32,10.49,13.7,0.79,13.2,0.36,0.93,,,0.26,,34.43,82.86,0.45,75.56,0.0,0.0,0.89,707.1,0.04
2024-05-02 03:00:00,27.33,63.1,10.0,10.03,10.26,9.88,12.91,0.79,9.23,0.36,0.93,,,0.26,,34.28,84.33,0.57,107.23,0.0,0.0,0.97,708.07,0.04
2024-05-02 04:00:00,26.72,61.9,9.98,9.96,10.2,9.59,12.41,0.79,8.24,0.36,0.93,,,0.26,,34.28,84.16,0.62,143.32,0.0,0.0,1.06,709.33,0.04
2024-05-02 05:00:00,26.36,61.17,9.74,10.11,9.93,10.09,12.48,0.79,11.08,0.36,0.93,,,0.26,,34.33,83.82,0.59,134.34,0.0,0.0,4.08,711.22,0.04
2024-05-02 06:00:00,26.41,61.27,10.06,10.04,10.09,10.22,14.2,0.79,18.72,0.36,0.93,,,0.26,,34.71,81.46,0.7,155.55,0.0,0.0,37.04,714.06,0.04
2024-05-02 07:00:00,27.19,62.83,10.18,10.12,10.08,9.82,17.16,0.79,9.0,0.36,0.93,,,0.26,,35.78,74.22,0.66,167.2,0.0,0.0,169.28,716.29,0.04
2024-05-02 08:00:00,28.86,66.17,9.75,10.09,9.92,10.1,18.66,0.79,19.07,0.36,0.93,,,0.26,,37.0,65.67,0.64,162.56,0.0,0.0,330.75,717.33,0.04
2024-05-02 09:00:00,28.25,64.95,9.92,10.11,10.14,9.96,17.95,0.79,8.81,0.36,0.93,,,0.26,,38.23,59.12,0.57,209.57,0.0,0.0,489.0,717.01,0.03
2024-05-02 10:00:00,27.05,62.55,9.86,9.97,10.62,10.38,18.19,0.79,15.32,0.36,0.93,,,0.26,,39.3,53.82,0.48,210.89,0.0,0.0,567.05,715.36,0.03
2024-05-02 11:00:00,26.42,61.3,10.04,10.05,9.82,9.94,17.37,0.79,6.2,0.36,0.93,,,0.26,,39.97,50.51,0.68,173.36,0.0,0.0,354.47,713.4,0.03
2024-05-02 12:00:00,26.28,61.0,10.09,10.24,9.83,9.89,16.79,0.79,5.04,0.36,0.93,,,0.26,,40.62,46.68,0.62,166.06,0.0,0.0,649.09,710.05,0.04
2024-05-02 13:00:00,26.38,61.2,10.27,9.9,10.33,10.72,16.41,0.79,28.28,0.36,0.93,,,0.26,,40.74,45.46,0.63,174.4,0.0,0.0,219.84,707.23,0.04
2024-05-02 14:00:00,35.49,79.43,9.82,10.09,10.41,9.94,17.75,0.79,162.76,0.36,0.93,,,0.26,,40.77,45.3,0.73,161.03,0.0,0.0,150.93,704.6,0.04
2024-05-02 15:00:00,29.92,68.28,10.02,9.93,9.88,9.77,16.6,0.79,109.29,0.36,0.93,,,0.26,,40.39,47.1,0.74,159.38,0.0,0.0,122.91,703.52,0.04
2024-05-02 16:00:00,25.47,59.39,9.99,9.93,10.13,10.07,16.04,0.79,23.91,0.36,0.93,,,0.26,,39.73,51.34,0.75,163.22,0.0,0.0,63.72,703.58,0.04
2024-05-02 17:00:00,25.47,59.39,9.91,9.84,9.83,10.09,15.67,0.79,15.07,0.36,0.93,,,0.26,,38.72,56.68,0.76,162.57,0.0,0.0,28.44,705.5,0.04
2024-05-02 18:00:00,25.47,59.39,9.98,10.25,10.42,9.88,15.59,0.79,25.58,0.36,0.93,,,0.26,,37.64,62.76,0.77,163.29,0.0,0.0,2.94,709.59,0.04
2024-05-02 19:00:00,25.47,59.39,9.72,9.93,10.28,10.8,16.24,0.79,13.13,0.36,0.93,,,0.26,,36.72,69.08,0.75,163.12,0.0,0.0,1.32,713.24,0.04
2024-05-02 20:00:00,38.76,85.98,9.91,10.1,10.22,9.84,17.61,0.79,18.97,0.36,0.93,,,0.26,,35.94,75.35,0.74,160.63,0.0,0.0,0.76,715.72,0.04
2024-05-02 21:00:00,31.55,71.55,10.16,10.05,9.75,9.56,17.8,0.79,21.06,0.36,0.93,,,0.26,,35.51,78.32,0.73,159.37,0.0,0.0,0.87,718.16,0.04
2024-05-02 22:00:00,25.47,59.39,9.98,10.02,10.25,10.1,18.08,0.79,12.97,0.36,0.93,,,0.26,,35.27,80.09,0.59,161.21,0.0,0.0,0.89,718.96,0.04
2024-05-02 23:00:00,25.47,59.39,10.26,9.93,10.07,10.0,17.38,0.79,10.47,0.36,0.93,,,0.26,,35.14,81.13,0.48,185.26,0.0,0.0,0.9,717.05,0.04
2024-05-03 00:00:00,25.47,59.39,10.1,10.0,10.01,9.56,15.18,0.79,17.4,0.36,0.93,,,0.26,,35.04,81.93,0.51,176.24,0.0,0.0,0.88,714.28,0.04
2024-05-03 01:00:00,25.47,59.39,9.96,9.83,9.68,10.09,17.25,0.79,11.04,0.36,0.93,,,0.26,,34.85,83.19,0.66,148.74,0.0,0.0,1.07,712.02,0.04
2024-05-03 02:00:00,25.47,59.39,9.7,9.87,10.0,10.28,15.8,0.79,16.3,0.36,0.93,,,0.26,,34.62,84.22,0.64,145.05,0.0,0.0,0.64,710.76,0.04
2024-05-03 03:00:00,25.47,59.39,9.93,9.75,10.25,9.63,14.33,0.79,12.43,0.36,0.93,,,0.26,,34.52,84.31,0.56,134.84,0.0,0.0,0.84,710.52,0.04
2024-05-03 04:00:00,25.47,59.39,10.12,10.02,9.84,10.07,14.37,0.79,,0.36,0.93,,,0.26,,34.46,83.97,0.49,106.52,0.0,0.0,0.85,711.78,0.04
2024-05-03 05:00:00,25.47,59.39,9.78,9.95,10.28,9.52,14.31,0.79,27.63,0.36,0.93,,,0.26,,34.26,84.8,0.59,91.56,0.0,0.0,3.97,714.49,0.04
2024-05-03 06:00:00,25.47,59.39,10.2,9.87,9.56,9.66,14.76,0.79,26.59,0.36,0.93,,,0.26,,34.57,82.4,0.56,118.3,0.0,0.0,33.86,717.07,0.04
2024-05-03 07:00:00,25.47,59.39,10.04,10.02,9.7,10.29,18.02,0.79,11.92,0.36,0.93,,,0.26,,35.52,76.52,0.7,155.02,0.0,0.0,165.34,719.3,0.04
2024-05-03 08:00:00,26.23,60.9,9.9,10.04,9.94,10.61,83.98,0.79,5.18,0.36,0.93,,,0.26,,36.78,68.88,0.72,155.9,0.0,0.0,347.56,720.91,0.04
2024-05-03 09:00:00,26.06,60.56,10.07,10.0,10.09,10.42,59.75,0.79,25.52,0.36,0.93,,,0.26,,38.36,61.42,0.67,168.76,0.0,0.0,506.2,721.38,0.04
2024-05-03 10:00:00,25.74,59.92,10.29,10.02,9.56,9.61,56.85,0.79,195.13,0.36,0.93,,,0.26,,39.9,54.01,0.58,176.39,0.0,0.0,623.59,719.02,0.03
2024-05-03 11:00:00,25.74,59.92,10.2,10.07,10.21,9.63,54.4,0.79,59.81,0.36,0.93,,,0.26,,40.48,51.13,0.58,162.99,0.0,0.0,333.64,718.38,0.04
2024-05-03 12:00:00,25.74,59.92,9.95,10.01,10.01,9.85,51.72,0.79,25.9,0.36,0.93,,,0.26,,41.1,47.42,0.62,162.29,0.0,0.0,652.46,714.97,0.04
2024-05-03 13:00:00,25.74,59.92,10.04,10.11,9.94,9.61,48.12,0.79,38.47,0.36,0.93,,,0.26,,41.07,47.06,0.64,168.71,0.0,0.0,298.15,711.53,0.04
2024-05-03 14:00:00,25.74,59.92,9.87,10.13,10.07,9.41,44.04,0.79,71.22,0.36,0.93,,,0.26,,40.95,46.42,0.6,177.78,0.0,0.0,142.51,708.79,0.04
2024-05-03 15:00:00,25.7,59.84,9.93,10.06,10.24,10.67,40.26,0.79,,0.36,0.93,,,0.26,,40.62,48.08,0.74,160.65,0.0,0.0,145.0,706.67,0.04
2024-05-03 16:00:00,25.53,59.51,10.23,9.88,9.84,10.02,34.69,0.79,116.4,0.36,0.93,,,0.26,,39.86,51.5,0.78,164.56,0.0,0.0,72.56,706.42,0.04
2024-05-03 17:00:00,25.49,59.42,10.43,10.05,10.15,10.33,30.28,0.79,118.23,0.36,0.93,,,0.26,,38.46,59.67,0.78,160.16,0.0,0.0,41.75,710.47,0.04
2024-05-03 18:00:00,25.48,59.4,9.75,9.9,9.27,9.38,29.23,0.79,9.65,0.36,0.93,,,0.26,,37.16,67.62,0.77,161.0,0.0,0.0,6.0,714.25,0.04
2024-05-03 19:00:00,25.47,59.39,9.85,10.02,10.43,9.76,28.04,0.79,15.59,0.36,0.93,,,0.26,,36.16,74.07,0.76,161.23,0.0,0.0,1.1,716.98,0.04
2024-05-03 20:00:00,25.47,59.39,9.96,10.01,9.5,10.71,28.16,0.79,4.09,0.36,0.93,,,0.26,,35.7,76.61,0.71,164.73,0.0,0.0,0.81,720.3,0.04
2024-05-03 21:00:00,25.47,59.39,9.87,10.04,10.08,10.22,28.48,0.79,12.76,0.36,0.93,,,0.26,,35.56,77.12,0.73,161.54,0.0,0.0,0.86,722.88,0.04
2024-05-03 22:00:00,25.47,59.39,9.8,10.02,10.24,10.05,26.38,0.79,5.59,0.36,0.93,,,0.26,,35.48,77.84,0.66,165.48,0.0,0.0,0.97,724.06,0.04
2024-05-03 23:00:00,25.47,59.39,10.09,9.94,10.27,10.14,25.29,0.79,11.95,0.36,0.93,,,0.26,,35.34,78.18,0.61,170.3,0.0,0.0,1.08,722.5,0.04
2024-05-04 00:00:00,25.47,59.39,9.87,9.93,9.9,10.41,23.46,0.79,16.89,0.36,0.93,,,0.26,,35.2,78.28,0.59,175.68,0.0,0.0,1.14,720.46,0.04
2024-05-04 01:00:00,25.47,59.39,9.95,9.97,9.91,9.68,21.5,0.79,16.24,0.36,0.93,,,0.26,,34.96,79.34,0.65,162.94,0.0,0.0,1.21,718.68,0.04
2024-05-04 02:00:00,25.47,59.39,10.45,10.06,10.36,10.88,20.54,0.79,13.28,0.36,0.93,,,0.26,,34.66,80.82,0.71,162.92,0.0,0.0,1.04,717.31,0.04
2024-05-04 03:00:00,25.47,59.39,10.36,9.95,10.1,9.69,21.28,0.79,17.01,0.36,0.93,,,0.26,,34.46,81.78,0.68,153.28,0.0,0.0,0.79,717.16,0.04
2024-05-04 04:00:00,25.47,59.39,9.94,10.02,9.67,10.29,19.99,0.79,14.26,0.36,0.93,,,0.26,,34.26,81.67,0.7,157.51,0.0,0.0,0.95,718.44,0.04
2024-05-04 05:00:00,25.47,59.39,9.75,10.22,9.21,10.36,19.23,0.79,10.61,0.36,0.93,,,0.26,,34.18,82.46,0.7,150.88,0.0,0.0,2.76,720.13,0.04
2024-05-04 06:00:00,25.47,59.39,10.19,9.8,9.86,9.76,18.51,0.79,10.84,0.36,0.93,,,0.26,,34.32,82.68,0.68,153.55,0.0,0.0,32.24,723.04,0.04
2024-05-04 07:00:00,25.47,59.39,9.95,10.02,9.48,9.75,18.69,0.79,12.14,0.36,0.93,,,0.26,,35.09,78.68,0.68,156.73,0.0,0.0,112.34,725.36,0.04
2024-05-04 08:00:00,25.47,59.39,9.92,9.9,9.93,10.11,19.53,0.79,8.73,0.36,0.93,,,0.26,,35.92,73.67,0.62,165.34,0.0,0.0,183.64,727.05,0.04
2024-05-04 09:00:00,26.68,61.8,10.07,9.92,9.79,10.01,21.52,0.79,39.48,0.36,0.92,,,0.26,,37.6,64.56,0.64,160.92,0.0,0.0,445.12,726.71,0.04
2024-05-04 10:00:00,26.84,62.14,9.8,10.04,10.32,10.04,19.83,0.79,13.25,0.34,0.87,,,0.27,,38.75,59.43,0.57,179.15,0.0,0.0,560.45,724.98,0.04
2024-05-04 11:00:00,26.52,61.5,10.07,9.99,10.0,10.54,18.87,0.78,15.69,0.34,0.87,,,0.27,,39.56,54.69,0.67,162.82,0.0,0.0,329.7,722.27,0.04
2024-05-04 12:00:00,26.89,62.24,10.07,10.07,10.04,10.28,18.15,0.78,31.54,0.34,0.87,,,0.27,,40.3,50.8,0.53,175.3,0.0,0.0,620.19,718.26,0.04
2024-05-04 13:00:00,26.82,62.1,10.14,10.13,10.52,10.38,16.57,0.78,44.04,0.34,0.87,,,0.27,,40.48,48.9,0.59,177.88,0.0,0.0,311.36,714.35,0.04
2024-05-04 14:00:00,26.46,61.37,9.86,9.93,10.31,9.43,14.71,0.78,51.86,0.34,0.87,,,0.27,,40.67,47.76,0.55,155.24,0.0,0.0,148.97,710.98,0.04
2024-05-04 15:00:00,28.36,65.17,10.04,10.18,10.16,10.18,14.79,0.78,65.08,0.34,0.87,,,0.27,,40.68,46.82,0.63,163.66,0.0,0.0,136.1,707.86,0.04
2024-05-04 16:00:00,28.31,65.07,9.94,9.92,10.28,10.26,12.54,0.78,37.72,0.34,0.87,,,0.27,,39.64,54.38,0.78,160.0,0.0,0.0,72.08,708.08,0.04
2024-05-04 17:00:00,27.25,62.94,9.8,10.02,10.17,9.8,10.9,0.78,26.28,0.34,0.87,,,0.27,,38.06,62.55,0.73,154.3,0.0,0.0,36.8,710.52,0.03
2024-05-04 18:00:00,26.59,61.63,10.01,9.88,9.72,10.41,9.38,0.78,23.54,0.34,0.87,,,0.27,,36.93,68.33,0.66,145.36,0.0,0.0,6.94,714.76,0.03
2024-05-04 19:00:00,26.2,60.85,9.73,10.02,10.02,9.58,9.4,0.78,14.61,0.34,0.87,,,0.27,,36.22,72.28,0.73,159.53,0.0,0.0,1.36,716.98,0.03
2024-05-04 20:00:00,26.07,60.6,9.92,9.88,10.33,9.86,10.56,0.78,15.36,0.34,0.87,,,0.27,,35.74,74.78,0.74,161.89,0.0,0.0,1.06,718.06,0.04
2024-05-04 21:00:00,33.15,74.74,10.34,10.16,9.34,9.97,13.24,0.78,27.18,0.34,0.87,,,0.27,,35.4,77.84,0.72,159.8,0.0,0.0,0.76,720.22,0.04
2024-05-04 22:00:00,29.36,67.16,10.01,9.93,10.31,10.16,11.38,0.78,15.78,0.34,0.87,,,0.27,,35.18,79.64,0.7,164.14,0.0,0.0,0.97,721.11,0.04
2024-05-04 23:00:00,25.68,59.82,9.96,9.92,9.99,10.33,11.31,0.78,16.2,0.34,0.87,,,0.27,,34.98,80.95,0.56,180.1,0.0,0.0,0.86,719.48,0.04
2024-05-05 00:00:00,25.47,59.4,10.1,10.03,9.85,9.94,14.17,0.78,15.89,0.34,0.87,,,0.27,,34.88,81.64,0.5,189.26,0.0,0.0,0.96,716.44,0.04
2024-05-05 01:00:00,25.47,59.39,9.76,10.09,9.93,9.91,13.25,0.78,20.53,0.34,0.87,,,0.27,,34.74,82.35,0.53,185.72,0.0,0.0,1.04,713.36,0.04
2024-05-05 02:00:00,25.47,59.39,9.95,10.0,9.74,9.96,11.78,0.78,18.05,0.34,0.87,,,0.27,,34.6,83.43,0.64,161.71,0.0,0.0,1.01,711.44,0.04
2024-05-05 03:00:00,48.41,105.26,10.4,10.02,9.99,9.76,11.76,0.78,21.98,0.34,0.87,,,0.27,,34.33,85.38,0.69,153.13,0.0,0.0,0.84,710.32,0.04
2024-05-05 04:00:00,35.96,80.38,10.03,10.0,10.32,10.07,10.72,0.78,12.87,0.34,0.87,,,0.27,,34.14,86.78,0.66,157.26,0.0,0.0,1.17,711.42,0.04
2024-05-05 05:00:00,25.47,59.39,10.09,9.78,10.2,9.82,10.38,0.78,14.83,0.34,0.87,,,0.27,,34.08,85.9,0.66,145.96,0.0,0.0,2.8,713.19,0.04
2024-05-05 06:00:00,25.47,59.39,9.97,9.96,10.02,10.46,10.5,0.78,11.46,0.34,0.87,,,0.27,,34.29,84.07,0.64,148.42,0.0,0.0,32.34,716.66,0.04
2024-05-05 07:00:00,25.47,59.39,9.95,10.09,9.9,10.04,11.62,0.78,10.78,0.34,0.87,,,0.27,,35.05,80.1,0.55,168.64,0.0,0.0,107.37,719.71,0.04
2024-05-05 08:00:00,25.47,59.39,10.05,9.96,9.91,9.92,12.91,0.78,17.84,0.34,0.87,,,0.27,,36.41,71.78,0.67,156.62,0.0,0.0,295.44,719.8,0.04
2024-05-05 09:00:00,58.7,125.85,10.18,9.82,9.77,9.18,14.69,0.78,71.87,0.34,0.87,,,0.27,,37.78,62.72,0.71,160.65,0.0,0.0,468.64,719.0,0.04
2024-05-05 10:00:00,40.74,89.92,9.99,10.01,10.18,9.55,14.72,0.78,22.88,0.34,0.87,,,0.27,,39.23,55.06,0.6,171.33,0.0,0.0,573.45,717.59,0.04
2024-05-05 11:00:00,25.47,59.39,10.03,9.98,9.7,10.57,14.24,0.78,21.36,0.34,0.87,,,0.27,,39.8,51.36,0.62,176.43,0.0,0.0,328.22,715.45,0.04
2024-05-05 12:00:00,25.47,59.39,10.25,10.01,9.84,10.14,13.02,0.74,30.29,0.3,0.89,,,0.26,,39.99,49.56,0.7,163.86,0.0,0.0,638.91,712.34,0.04
2024-05-05 13:00:00,25.47,59.39,10.18,9.85,10.06,9.85,11.55,0.69,45.0,0.24,0.92,,,0.24,,40.11,48.36,0.73,162.18,0.0,0.0,307.06,709.05,0.04
2024-05-05 14:00:00,25.47,59.39,9.8,10.12,9.7,9.39,10.05,0.69,50.64,0.24,0.92,,,0.24,,40.18,47.53,0.68,167.17,0.0,0.0,144.22,706.81,0.04
2024-05-05 15:00:00,25.47,59.39,9.93,9.98,10.0,10.07,9.23,0.69,,0.24,0.92,,,0.24,,39.96,48.61,0.63,178.32,0.0,0.0,132.06,704.77,0.04
2024-05-05 16:00:00,25.47,59.39,10.1,9.86,9.96,9.76,6.98,0.69,42.02,0.24,0.92,,,0.24,,39.18,51.7,0.66,170.2,0.0,0.0,47.79,704.94,0.04
2024-05-05 17:00:00,25.47,59.39,10.18,9.89,9.9,10.78,4.32,0.69,33.74,0.24,0.92,,,0.24,,38.39,57.22,0.73,162.93,0.0,0.0,34.22,708.02,0.04
2024-05-05 18:00:00,25.47,59.39,10.17,10.03,9.9,10.58,3.63,0.69,22.89,0.24,0.92,,,0.24,,37.3,63.37,0.76,162.45,0.0,0.0,3.24,709.18,0.04
2024-05-05 19:00:00,25.47,59.39,10.2,9.99,9.9,10.11,3.46,0.69,16.29,0.24,0.92,,,0.24,,36.47,68.02,0.66,167.02,0.0,0.0,1.13,714.98,0.04
2024-05-05 20:00:00,25.47,59.39,9.63,9.93,9.77,9.81,3.44,0.69,22.08,0.24,0.92,,,0.24,,36.04,70.94,0.61,192.93,0.0,0.0,1.02,720.07,0.04
2024-05-05 21:00:00,25.47,59.39,10.35,9.98,9.72,11.1,5.06,0.69,22.51,0.24,0.92,,,0.24,,35.74,73.33,0.66,224.6,0.0,0.0,0.85,720.16,0.04
2024-05-05 22:00:00,25.47,59.39,9.75,10.06,10.18,9.51,4.88,0.69,21.1,0.24,0.92,,,0.24,,35.6,75.04,0.71,156.88,0.0,0.0,1.06,719.69,0.04
2024-05-05 23:00:00,25.47,59.39,10.12,9.87,9.62,10.4,4.67,0.69,18.18,0.24,0.92,,,0.24,,35.38,76.97,0.64,159.46,0.0,0.0,1.1,719.3,0.04
2024-05-06 00:00:00,25.47,59.39,9.72,9.91,9.7,10.32,13.58,0.69,20.58,0.24,0.92,,,0.24,,35.16,78.16,0.48,196.4,0.0,0.0,0.94,715.76,0.04
2024-05-06 01:00:00,25.47,59.39,9.86,9.88,9.61,9.75,13.64,0.69,22.94,0.24,0.92,,,0.24,,34.95,78.5,0.52,186.39,0.0,0.0,0.9,714.97,0.04
2024-05-06 02:00:00,25.47,59.39,10.05,10.12,10.23,9.98,12.78,0.69,18.15,0.24,0.92,,,0.24,,34.83,77.61,0.61,165.72,0.0,0.0,0.9,714.91,0.04
2024-05-06 03:00:00,25.47,59.39,10.18,10.07,10.39,9.49,11.96,0.69,26.21,0.24,0.92,,,0.24,,34.61,78.18,0.64,157.22,0.0,0.0,0.75,714.87,0.04
2024-05-06 04:00:00,25.47,59.39,9.9,9.93,10.38,9.92,11.4,0.69,17.88,0.24,0.92,,,0.24,,34.4,79.46,0.64,140.65,0.0,0.0,0.87,715.19,0.04
2024-05-06 05:00:00,25.47,59.39,9.65,9.98,9.91,10.06,10.59,0.69,14.72,0.24,0.92,,,0.24,,34.19,81.65,0.69,152.79,0.0,0.0,2.8,717.16,0.04
2024-05-06 06:00:00,25.47,59.39,10.21,10.09,9.86,9.72,10.92,0.69,11.36,0.24,0.92,,,0.24,,34.34,81.66,0.72,158.76,0.0,0.0,30.9,719.16,0.04
2024-05-06 07:00:00,25.47,59.39,10.06,9.97,10.22,9.52,12.26,0.69,14.34,0.24,0.92,,,0.24,,35.14,79.18,0.65,161.72,0.0,0.0,119.14,720.63,0.04
2024-05-06 08:00:00,25.47,59.39,9.76,9.92,10.06,10.42,14.05,0.69,11.63,0.24,0.92,,,0.24,,36.44,71.7,0.47,190.5,0.0,0.0,246.66,722.75,0.04
2024-05-06 09:00:00,33.6,75.65,10.05,10.07,10.16,10.16,15.52,0.69,37.16,0.24,0.92,,,0.24,,37.91,63.36,0.54,189.36,0.0,0.0,462.92,722.62,0.04
2024-05-06 10:00:00,29.62,67.68,9.94,9.94,10.22,10.01,17.21,0.69,24.2,0.24,0.92,,,0.24,,38.95,58.44,0.57,192.77,0.0,0.0,555.57,721.72,0.04
2024-05-06 11:00:00,26.28,61.02,10.01,10.1,10.41,9.68,15.98,0.69,33.2,0.24,0.92,,,0.24,,39.81,54.66,0.58,165.17,0.0,0.0,332.32,719.72,0.04
2024-05-06 12:00:00,26.08,60.62,9.84,10.09,10.24,9.82,14.95,0.7,35.9,0.24,0.94,,,0.24,,40.21,52.81,0.64,161.8,0.0,0.0,604.96,717.2,0.04
2024-05-06 13:00:00,25.64,59.74,10.01,9.84,9.52,10.83,12.6,0.74,38.53,0.26,0.98,,,0.26,,40.17,52.27,0.6,173.84,0.0,0.0,312.92,714.16,0.04
2024-05-06 14:00:00,25.48,59.41,10.2,10.0,10.2,9.98,10.19,0.74,42.34,0.26,0.98,,,0.26,,40.03,51.36,0.64,169.78,0.0,0.0,146.17,710.82,0.04
2024-05-06 15:00:00,25.47,59.39,9.84,9.88,10.22,9.72,9.14,0.75,59.0,0.26,0.97,,,0.26,,39.84,52.94,0.68,166.86,0.0,0.0,130.12,708.5,0.04
2024-05-06 16:00:00,25.47,59.39,10.14,9.99,9.81,10.03,9.17,0.79,,0.29,0.93,,,0.28,,38.9,58.72,0.76,164.76,0.0,0.0,53.63,708.82,0.04
2024-05-06 17:00:00,25.6,59.64,9.87,10.05,9.87,9.62,6.55,0.79,100.67,0.29,0.93,,,0.28,,37.54,65.62,0.72,161.62,0.0,0.0,9.89,712.86,0.04
2024-05-06 18:00:00,26.12,60.7,9.68,10.03,9.8,10.05,6.31,0.79,77.92,0.29,0.93,,,0.28,,36.67,70.26,0.73,163.34,0.0,0.0,2.46,713.32,0.04
2024-05-06 19:00:00,26.21,60.88,9.76,9.92,10.14,10.04,6.46,0.79,76.93,0.29,0.93,,,0.28,,35.93,74.74,0.74,158.5,0.0,0.0,1.01,716.19,0.04
2024-05-06 20:00:00,26.04,60.54,10.02,10.12,9.48,10.21,6.44,0.79,160.21,0.29,0.93,,,0.28,,35.52,76.4,0.74,162.78,0.0,0.0,0.91,719.02,0.04
2024-05-06 21:00:00,25.83,60.11,9.61,9.98,9.76,9.72,6.97,0.79,52.87,0.29,0.93,,,0.28,,35.34,77.4,0.63,163.12,0.0,0.0,0.81,721.97,0.04
2024-05-06 22:00:00,25.69,59.82,9.93,10.07,10.07,10.15,7.96,0.79,67.55,0.29,0.93,,,0.28,,35.17,77.38,0.74,160.12,0.0,0.0,0.76,722.8,0.04
2024-05-06 23:00:00,26.15,60.75,9.84,10.12,10.2,9.67,6.74,0.79,19.56,0.29,0.93,,,0.28,,34.98,77.92,0.74,159.56,0.0,0.0,0.88,723.69,0.04
2024-05-07 00:00:00,25.98,60.4,9.98,10.06,10.02,9.53,13.82,0.79,13.24,0.29,0.93,,,0.28,,34.71,79.57,0.74,160.8,0.0,0.0,0.88,722.05,0.04
2024-05-07 01:00:00,26.06,60.56,9.54,9.99,9.72,10.33,13.92,0.79,26.76,0.29,0.93,,,0.28,,34.47,81.35,0.67,156.98,0.0,0.0,0.87,720.28,0.04
2024-05-07 02:00:00,26.27,60.98,9.77,10.06,9.88,10.38,14.24,0.79,24.92,0.29,0.93,,,0.28,,34.26,82.67,0.7,154.58,0.0,0.0,0.9,719.27,0.04
2024-05-07 03:00:00,26.3,61.05,10.03,9.97,10.37,9.66,14.11,0.79,13.31,0.29,0.93,,,0.28,,34.12,83.36,0.64,150.9,0.0,0.0,0.82,720.2,0.04
2024-05-07 04:00:00,26.14,60.72,9.91,10.12,9.87,9.65,15.04,0.79,19.3,0.29,0.93,,,0.28,,34.04,83.34,0.7,154.94,0.0,0.0,0.7,722.32,0.04
2024-05-07 05:00:00,26.11,60.66,10.09,9.88,10.09,10.22,14.36,0.79,12.72,0.29,0.93,,,0.28,,34.19,82.62,0.64,150.76,0.0,0.0,2.71,726.89,0.04
2024-05-07 06:00:00,26.34,61.13,10.08,9.86,9.84,10.02,14.12,0.79,20.74,0.29,0.93,,,0.28,,34.38,82.21,0.72,160.17,0.0,0.0,20.06,729.07,0.04
2024-05-07 07:00:00,26.53,61.5,9.9,9.89,10.08,9.76,14.31,0.79,17.23,0.29,0.93,,,0.28,,34.95,79.68,0.7,159.27,0.0,0.0,118.4,728.22,0.04
2024-05-07 08:00:00,26.17,60.8,10.07,10.03,9.74,10.15,15.3,0.79,26.47,0.29,0.93,,,0.28,,35.97,73.57,0.7,161.57,0.0,0.0,203.56,728.72,0.04
2024-05-07 09:00:00,26.07,60.59,10.09,9.94,10.09,9.92,15.44,0.79,17.33,0.29,0.93,,,0.28,,36.91,66.18,0.76,161.13,0.0,0.0,292.32,729.13,0.04
2024-05-07 10:00:00,34.11,76.68,9.78,10.0,10.11,10.32,16.57,0.79,176.47,0.29,0.93,,,0.28,,37.76,59.58,0.64,172.08,0.0,0.0,302.56,729.0,0.04
2024-05-07 11:00:00,29.6,67.66,9.86,10.07,9.92,10.05,16.31,0.79,32.52,0.29,0.93,,,0.28,,38.57,54.28,0.64,174.88,0.0,0.0,302.52,727.06,0.04
2024-05-07 12:00:00,25.76,59.98,9.51,9.94,9.78,9.4,15.42,0.79,17.56,0.29,0.93,,,0.28,,39.05,51.54,0.64,179.71,0.0,0.0,536.99,725.19,0.04
2024-05-07 13:00:00,26.08,60.62,10.04,9.74,10.07,9.94,14.54,0.79,19.33,0.29,0.93,,,0.28,,38.78,51.84,0.64,175.52,0.0,0.0,268.94,723.03,0.04
2024-05-07 14:00:00,26.22,60.89,9.85,9.96,9.85,9.97,14.78,0.79,27.4,0.29,0.93,,,0.28,,38.68,51.98,0.6,179.82,0.0,0.0,179.49,718.7,0.04
2024-05-07 15:00:00,25.96,60.37,10.12,9.95,10.14,10.36,13.81,0.79,24.92,0.29,0.93,,,0.28,,36.68,61.32,0.74,139.36,0.0,0.0,28.56,722.78,0.03
2024-05-07 16:00:00,25.82,60.1,9.86,9.81,10.19,9.93,13.8,0.79,39.3,0.29,0.93,,,0.28,,31.04,83.45,0.59,85.15,0.0,0.0,4.4,725.61,0.03
2024-05-07 17:00:00,25.98,60.4,9.97,10.09,10.01,9.98,11.74,0.79,26.44,0.29,0.93,,,0.28,,31.34,77.2,0.55,71.39,0.0,0.0,1.34,727.78,0.04
2024-05-07 18:00:00,26.6,61.66,10.15,10.16,10.23,10.12,10.22,0.79,34.23,0.29,0.93,,,0.28,,31.25,84.2,0.44,67.24,0.0,0.0,0.72,727.37,0.04
2024-05-07 19:00:00,26.6,61.66,9.85,10.18,9.76,9.98,9.32,0.79,12.75,0.29,0.93,,,0.28,,31.37,83.63,0.52,68.81,0.0,0.0,1.65,726.23,0.04
2024-05-07 20:00:00,68.78,146.0,9.92,9.91,9.91,9.93,11.89,0.79,9.93,0.29,0.93,,,0.28,,31.81,78.93,0.57,181.49,0.0,0.0,0.67,732.47,0.04
2024-05-07 21:00:00,45.48,99.42,10.07,9.9,9.96,9.53,14.64,0.79,25.46,0.29,0.93,,,0.28,,32.4,69.64,0.64,166.67,0.0,0.0,0.63,739.76,0.04
2024-05-07 22:00:00,25.64,59.72,9.78,9.91,10.1,10.22,14.78,0.79,14.06,0.29,0.93,,,0.28,,31.53,75.62,0.68,286.63,0.0,0.0,1.13,741.61,0.03
2024-05-07 23:00:00,25.47,59.4,9.56,10.02,9.96,10.28,15.42,0.79,14.17,0.29,0.93,,,0.28,,30.36,88.66,0.72,267.13,0.0,0.0,0.11,736.81,0.03
2024-05-08 00:00:00,25.47,59.39,10.14,10.05,10.3,9.84,14.39,0.79,6.95,0.29,0.93,,,0.28,,31.35,79.55,0.75,257.95,0.0,0.0,0.47,732.4,0.04
2024-05-08 01:00:00,25.47,59.39,10.44,9.87,10.07,10.58,14.79,0.79,14.24,0.29,0.93,,,0.28,,31.32,75.19,0.7,251.14,0.0,0.0,0.38,726.6,0.03
2024-05-08 02:00:00,25.47,59.39,9.79,10.01,9.87,10.02,14.97,0.79,23.0,0.29,0.93,,,0.28,,32.65,59.48,0.4,236.04,0.0,0.0,0.49,723.66,0.04
2024-05-08 03:00:00,25.47,59.39,10.39,9.8,10.04,9.6,15.4,0.79,23.72,0.29,0.93,,,0.28,,32.4,61.27,0.61,267.31,0.0,0.0,0.55,725.85,0.04
2024-05-08 04:00:00,25.47,59.39,9.76,10.01,9.51,9.49,15.45,0.79,24.47,0.29,0.93,,,0.28,,32.06,66.24,0.63,281.82,0.0,0.0,0.56,729.74,0.04
2024-05-08 05:00:00,25.47,59.39,9.94,9.99,10.07,10.1,15.12,0.79,20.08,0.29,0.93,,,0.28,,31.6,72.73,0.64,281.8,0.0,0.0,1.72,730.82,0.04
2024-05-08 06:00:00,25.47,59.39,9.69,10.13,10.41,10.4,15.29,0.79,22.01,0.29,0.93,,,0.28,,31.68,74.12,0.72,258.42,0.0,0.0,29.08,729.13,0.04
2024-05-08 07:00:00,25.47,59.39,10.0,10.29,10.26,10.82,15.11,0.79,22.64,0.29,0.93,,,0.28,,32.54,70.39,0.39,160.47,0.0,0.0,102.12,730.0,0.04
2024-05-08 08:00:00,25.47,59.39,10.27,10.07,9.36,10.15,15.67,0.79,20.48,0.29,0.93,,,0.28,,33.32,66.17,0.53,112.42,0.0,0.0,116.54,732.46,0.04
2024-05-08 09:00:00,28.16,64.76,9.8,10.01,10.1,9.73,16.17,0.79,23.2,0.29,0.93,,,0.28,,33.67,64.3,0.66,156.2,0.0,0.0,149.23,732.72,0.04
2024-05-08 10:00:00,28.37,65.2,9.82,10.06,9.8,10.39,17.3,0.79,33.5,0.29,0.93,,,0.28,,34.9,58.76,0.56,152.26,0.0,0.0,319.11,732.55,0.04
2024-05-08 11:00:00,27.01,62.47,10.06,10.22,9.78,9.76,18.39,0.79,27.5,0.29,0.93,,,0.28,,37.13,48.61,0.5,192.78,0.0,0.0,332.34,730.98,0.04
2024-05-08 12:00:00,26.26,60.98,10.04,10.01,10.04,10.0,18.75,0.79,28.71,0.29,0.93,,,0.28,,37.73,46.09,0.57,175.27,0.0,0.0,724.74,727.68,0.04
2024-05-08 13:00:00,26.18,60.81,10.54,9.96,10.28,9.77,18.1,0.79,31.38,0.29,0.93,,,0.28,,38.49,39.76,0.5,189.08,0.0,0.0,365.12,723.68,0.04
2024-05-08 14:00:00,26.15,60.75,9.86,10.11,9.77,9.68,17.61,0.79,35.89,0.29,0.93,,,0.28,,38.21,45.38,0.66,157.98,0.0,0.0,173.36,720.01,0.04
2024-05-08 15:00:00,25.83,60.11,9.85,10.16,9.81,9.9,17.2,0.84,34.79,0.32,0.95,,,0.3,,38.44,41.84,0.52,207.56,0.0,0.0,136.94,717.9,0.04
2024-05-08 16:00:00,25.6,59.66,10.34,9.91,9.73,10.05,17.52,0.84,32.11,0.34,0.96,,,0.31,,37.64,50.68,0.74,161.61,0.0,0.0,80.74,717.0,0.04
2024-05-08 17:00:00,25.52,59.5,10.01,10.03,10.37,10.09,15.74,0.71,27.22,0.38,1.01,,,0.29,,36.72,56.38,0.72,159.24,0.0,0.0,37.33,717.57,0.04
2024-05-08 18:00:00,25.53,59.52,10.01,9.87,10.18,10.02,15.19,0.71,25.28,0.38,1.01,,,0.29,,35.85,60.46,0.73,159.43,0.0,0.0,5.0,719.08,0.04
2024-05-08 19:00:00,25.51,59.48,9.75,9.93,10.38,9.84,14.42,0.71,22.58,0.38,1.01,,,0.29,,35.0,67.38,0.7,163.53,0.0,0.0,1.12,721.29,0.04
2024-05-08 20:00:00,26.7,61.86,9.64,9.97,9.69,9.64,13.42,0.71,21.33,0.38,1.01,,,0.29,,34.38,72.47,0.73,159.88,0.0,0.0,0.96,724.4,0.04
2024-05-08 21:00:00,28.97,66.39,10.21,9.78,9.55,9.9,13.66,0.71,20.96,0.38,1.01,,,0.29,,33.99,76.91,0.7,161.65,0.0,0.0,0.85,727.34,0.04
2024-05-08 22:00:00,30.2,68.86,10.05,9.86,10.12,10.07,14.4,0.71,29.03,0.38,1.01,,,0.29,,33.7,79.62,0.6,132.56,0.0,0.0,0.57,728.82,0.04
2024-05-08 23:00:00,29.06,66.57,9.99,9.98,10.25,10.42,13.29,0.71,17.54,0.38,1.01,,,0.29,,33.39,81.2,0.58,69.58,0.0,0.0,0.7,728.36,0.04
2024-05-09 00:00:00,27.56,63.59,10.17,10.16,10.09,10.39,13.09,0.71,15.98,0.38,1.01,,,0.29,,33.05,83.75,0.52,66.16,0.0,0.0,0.7,725.82,0.04
2024-05-09 01:00:00,26.73,61.91,9.74,10.16,9.79,9.59,12.5,0.71,16.39,0.38,1.01,,,0.29,,32.76,85.98,0.66,47.28,0.0,0.0,0.72,722.94,0.04
2024-05-09 02:00:00,26.43,61.3,9.83,9.94,10.49,10.14,12.08,0.71,16.06,0.38,1.01,,,0.29,,32.47,88.22,0.7,40.29,0.0,0.0,0.65,722.0,0.04
2024-05-09 03:00:00,26.32,61.1,10.38,9.88,10.1,9.58,12.1,0.71,16.13,0.38,1.01,,,0.29,,32.57,88.25,0.61,69.88,0.0,0.0,0.57,722.26,0.04
2024-05-09 04:00:00,26.81,62.07,9.88,10.1,10.53,10.58,12.7,0.71,34.75,0.38,1.01,,,0.29,,32.53,89.36,0.54,56.28,0.0,0.0,0.5,723.61,0.04
2024-05-09 05:00:00,26.66,61.77,9.89,9.99,10.26,10.26,11.25,0.71,16.12,0.38,1.01,,,0.29,,32.64,89.08,0.62,42.37,0.0,0.0,2.65,725.16,0.04
2024-05-09 06:00:00,26.25,60.94,9.9,10.0,10.09,9.21,11.59,0.71,16.43,0.38,1.01,,,0.29,,33.05,87.88,0.52,115.9,0.0,0.0,38.91,726.82,0.04
2024-05-09 07:00:00,25.99,60.43,10.04,10.07,9.71,9.82,11.8,0.71,17.68,0.38,1.01,,,0.29,,34.03,83.06,0.44,150.01,0.0,0.0,93.96,728.82,0.04
2024-05-09 08:00:00,25.83,60.11,10.18,9.79,10.32,10.39,11.87,0.71,17.42,0.38,1.01,,,0.29,,34.78,76.03,0.58,236.87,0.0,0.0,159.76,731.01,0.04
2024-05-09 09:00:00,25.82,60.1,9.93,10.12,9.67,10.09,12.22,0.71,18.92,0.38,1.01,,,0.29,,36.48,63.37,0.46,223.33,0.0,0.0,427.84,730.75,0.04
2024-05-09 10:00:00,26.46,60.9,9.9,10.02,9.82,9.64,12.59,0.71,21.04,0.38,1.01,,,0.29,,35.52,57.02,0.5,221.07,0.0,0.0,557.52,728.88,0.04
2024-05-09 11:00:00,,,,,,,,,,,,,,,,,,,,,0.0,,,
2024-05-09 12:00:00,,,,,,,,,,,,,,,,,,,,,0.0,,,
2024-05-09 13:00:00,26.21,60.88,10.01,10.1,9.75,9.53,11.42,0.71,27.27,0.38,1.01,,,0.29,,34.2,64.06,0.38,118.09,0.0,0.0,292.93,724.72,0.04
2024-05-09 14:00:00,26.94,62.34,9.97,9.94,9.33,9.92,10.82,0.71,30.44,0.38,1.01,,,0.29,,36.68,49.2,0.7,157.29,0.0,0.0,139.63,722.25,0.04
2024-05-09 15:00:00,27.74,63.95,9.93,10.07,9.49,10.06,10.58,0.71,27.92,0.38,1.01,,,0.29,,37.21,49.34,0.68,162.37,0.0,0.0,123.8,719.24,0.04
2024-05-09 16:00:00,27.57,63.59,10.06,10.08,9.67,9.8,11.45,0.71,38.06,0.38,1.01,,,0.29,,36.81,57.28,0.74,161.23,0.0,0.0,61.77,718.11,0.04
2024-05-09 17:00:00,27.0,62.45,10.05,9.92,10.26,10.08,10.48,0.71,23.82,0.38,1.01,,,0.29,,36.25,60.99,0.76,161.05,0.0,0.0,35.28,719.1,0.04
2024-05-09 18:00:00,26.54,61.54,10.06,10.06,9.68,9.78,10.43,0.71,21.18,0.38,1.01,,,0.29,,35.75,60.67,0.76,158.65,0.0,0.0,4.72,720.57,0.04
2024-05-09 19:00:00,26.22,60.89,10.04,9.89,10.08,9.99,10.73,0.71,18.6,0.38,1.01,,,0.29,,34.99,68.48,0.73,159.3,0.0,0.0,1.2,722.89,0.04
2024-05-09 20:00:00,26.0,60.44,9.94,9.81,10.09,10.21,11.07,0.71,17.86,0.38,1.01,,,0.29,,34.51,72.15,0.72,156.54,0.0,0.0,0.84,726.3,0.04
2024-05-09 21:00:00,25.84,60.12,10.25,9.97,10.48,9.49,11.3,0.71,16.18,0.38,1.01,,,0.29,,33.95,76.47,0.62,136.57,0.0,0.0,0.86,728.84,0.04
2024-05-09 22:00:00,25.79,60.03,10.11,9.98,10.02,10.7,12.94,0.71,15.45,0.38,1.01,,,0.29,,33.56,79.9,0.62,139.18,0.0,0.0,0.74,730.02,0.04
2024-05-09 23:00:00,25.74,59.93,10.18,10.11,9.83,10.22,12.87,0.71,24.53,0.38,1.01,,,0.29,,33.46,82.2,0.48,113.17,0.0,0.0,0.54,729.84,0.04
2024-05-10 00:00:00,25.89,60.23,9.63,10.05,9.57,10.07,13.38,0.71,15.4,0.38,1.01,,,0.29,,33.12,84.48,0.66,119.56,0.0,0.0,0.84,728.67,0.04
2024-05-10 01:00:00,26.13,60.7,10.09,10.06,9.71,9.57,13.38,0.71,15.33,0.38,1.01,,,0.29,,32.99,85.58,0.58,66.78,0.0,0.0,0.78,726.3,0.04
2024-05-10 02:00:00,26.86,62.17,10.02,10.1,9.61,10.59,12.71,0.71,15.43,0.38,1.01,,,0.29,,32.74,87.52,0.59,105.07,0.0,0.0,0.75,725.03,0.04
2024-05-10 03:00:00,27.61,63.67,9.82,10.0,9.52,9.91,12.27,0.71,15.75,0.38,1.01,,,0.29,,32.85,87.14,0.55,87.53,0.0,0.0,0.74,724.53,0.04
2024-05-10 04:00:00,27.34,63.13,10.01,9.93,9.97,10.18,12.31,0.71,14.38,0.38,1.01,,,0.29,,32.7,88.54,0.61,105.71,0.0,0.0,0.88,725.92,0.04
2024-05-10 05:00:00,26.8,62.04,10.03,9.96,10.07,9.8,12.2,0.71,24.3,0.38,1.01,,,0.29,,32.63,89.15,0.62,77.84,0.0,0.0,2.02,727.29,0.04
2024-05-10 06:00:00,26.57,61.58,9.96,10.1,9.72,9.62,11.89,0.71,15.86,0.38,1.01,,,0.29,,32.82,88.56,0.4,105.31,0.0,0.0,28.83,730.16,0.04
2024-05-10 07:00:00,26.36,61.18,9.88,10.09,10.47,10.11,12.15,0.71,16.08,0.38,1.01,,,0.29,,34.17,80.78,0.54,162.65,0.0,0.0,139.56,731.88,0.04
2024-05-10 08:00:00,26.96,62.36,10.12,9.86,9.6,10.52,12.11,0.71,18.2,0.38,1.01,,,0.29,,35.06,73.58,0.53,222.29,0.0,0.0,221.38,733.47,0.04
2024-05-10 09:00:00,27.0,62.44,9.92,10.05,10.22,10.14,12.38,0.71,21.2,0.38,1.01,,,0.29,,36.46,62.95,0.58,235.62,0.0,0.0,504.74,734.05,0.04
2024-05-10 10:00:00,26.58,61.62,10.19,10.06,9.96,9.42,12.71,0.71,17.84,0.38,1.01,,,0.29,,37.47,56.32,0.35,190.72,0.0,0.0,518.05,733.5,0.04
2024-05-10 11:00:00,26.45,61.35,10.16,9.91,9.79,9.86,13.27,0.71,27.8,0.38,1.01,,,0.29,,37.92,54.4,0.57,215.31,0.0,0.0,241.36,731.23,0.04
2024-05-10 12:00:00,26.25,60.94,9.84,9.91,9.73,10.2,11.64,0.71,25.01,0.38,1.01,,,0.29,,38.37,51.14,0.51,165.29,0.0,0.0,676.01,728.87,0.04
2024-05-10 13:00:00,26.02,60.48,10.22,10.1,10.01,9.96,11.17,0.71,28.18,0.38,1.01,,,0.29,,38.69,47.84,0.53,192.74,0.0,0.0,337.35,723.78,0.04
2024-05-10 14:00:00,25.85,60.15,9.93,10.02,10.38,9.81,10.59,0.71,28.32,0.38,1.01,,,0.29,,36.88,56.62,0.41,237.14,0.0,0.0,70.76,723.46,0.03
2024-05-10 15:00:00,25.74,59.92,10.14,10.09,9.94,9.75,11.2,0.71,22.18,0.38,1.01,,,0.29,,29.7,98.47,0.58,208.95,0.22,0.22,7.22,729.5,0.04
2024-05-10 16:00:00,25.66,59.76,9.85,9.95,10.45,10.07,12.5,0.71,19.87,0.38,1.01,,,0.29,,29.85,99.88,0.55,46.64,0.29,0.29,20.29,721.43,0.04
2024-05-10 17:00:00,25.6,59.66,9.97,9.98,10.15,10.61,12.6,0.71,27.81,0.38,1.01,,,0.29,,30.88,97.08,0.48,84.14,0.29,0.29,25.96,721.74,0.04
2024-05-10 18:00:00,25.57,59.59,10.04,10.0,10.18,9.94,11.91,0.71,19.94,0.38,1.01,,,0.29,,31.65,90.97,0.44,82.77,0.06,0.06,8.01,723.51,0.04
2024-05-10 19:00:00,25.54,59.54,9.84,10.1,9.62,10.04,12.76,0.71,19.07,0.38,1.01,,,0.29,,31.72,91.1,0.48,78.73,0.0,0.0,1.5,725.66,0.04
2024-05-10 20:00:00,25.53,59.5,9.88,9.72,10.34,9.99,13.29,0.71,16.92,0.38,1.01,,,0.29,,31.82,91.22,0.62,43.54,0.0,0.0,1.39,728.06,0.04
2024-05-10 21:00:00,25.51,59.48,10.08,9.96,10.21,9.97,14.03,0.71,15.37,0.38,1.01,,,0.29,,31.88,92.1,0.62,28.9,0.0,0.0,1.2,730.63,0.04
2024-05-10 22:00:00,25.51,59.46,10.1,9.83,9.61,9.27,15.72,0.71,15.33,0.38,1.01,,,0.29,,32.02,92.6,0.47,46.88,0.0,0.0,1.06,732.26,0.04
2024-05-10 23:00:00,25.64,59.73,10.18,10.09,9.94,9.83,17.18,0.71,22.86,0.38,1.01,,,0.29,,32.11,92.3,0.63,50.08,0.0,0.0,0.83,731.18,0.04
2024-05-11 00:00:00,25.79,60.03,9.72,10.0,9.95,10.09,12.56,0.71,15.42,0.38,1.01,,,0.29,,32.06,93.15,0.61,49.55,0.0,0.0,1.04,729.8,0.04
2024-05-11 01:00:00,25.89,60.23,10.08,9.92,10.02,9.34,12.0,0.71,15.56,0.38,1.01,,,0.29,,31.98,93.99,0.7,42.42,0.0,0.0,0.84,729.61,0.04
2024-05-11 02:00:00,25.9,60.25,9.81,10.04,10.11,9.64,11.52,0.71,15.63,0.38,1.01,,,0.29,,32.22,92.95,0.57,74.28,0.0,0.0,0.9,729.19,0.04
2024-05-11 03:00:00,25.9,60.27,10.08,9.86,9.81,9.6,11.25,0.71,15.56,0.38,1.01,,,0.29,,32.1,94.39,0.56,60.32,0.0,0.0,0.97,729.84,0.04
2024-05-11 04:00:00,25.92,60.28,10.44,10.0,10.13,9.47,11.62,0.71,15.52,0.38,1.01,,,0.29,,32.01,95.46,0.69,49.76,0.0,0.0,0.84,730.24,0.04
2024-05-11 05:00:00,35.91,80.26,9.72,10.09,9.76,9.69,12.72,0.71,20.79,0.38,1.01,,,0.29,,31.98,95.94,0.68,51.12,0.0,0.0,2.44,731.35,0.04
2024-05-11 06:00:00,30.22,68.9,9.97,10.22,9.99,10.27,11.89,0.71,15.46,0.38,1.01,,,0.29,,32.57,92.8,0.64,65.99,0.0,0.0,34.12,733.21,0.04
2024-05-11 07:00:00,25.47,59.39,9.9,10.2,10.4,10.16,12.08,0.71,15.69,0.38,1.01,,,0.29,,33.88,85.48,0.61,123.28,0.0,0.0,164.57,734.76,0.04
2024-05-11 08:00:00,25.47,59.39,9.99,10.05,10.46,9.5,11.81,0.71,17.31,0.38,1.01,,,0.29,,34.71,78.63,0.64,159.34,0.0,0.0,205.13,736.55,0.04
2024-05-11 09:00:00,26.22,60.9,9.88,9.99,9.78,9.99,11.53,0.71,20.04,0.38,1.01,,,0.29,,35.81,68.83,0.65,158.01,0.0,0.0,509.26,736.84,0.04
2024-05-11 10:00:00,26.36,61.16,9.83,10.0,9.43,9.8,11.63,0.71,22.44,0.38,1.01,,,0.29,,37.25,59.3,0.64,143.01,0.0,0.0,704.58,734.67,0.04
2024-05-11 11:00:00,28.94,66.32,10.07,9.97,9.52,10.34,12.97,0.71,37.16,0.38,1.01,,,0.29,,38.3,53.56,0.44,134.53,0.0,0.0,253.26,732.71,0.04
2024-05-11 12:00:00,27.33,63.12,10.17,10.03,9.88,9.79,11.08,0.71,24.36,0.38,1.01,,,0.29,,38.79,50.33,0.61,153.48,0.0,0.0,748.14,729.73,0.04
2024-05-11 13:00:00,25.7,59.86,9.68,10.08,10.15,10.01,10.03,0.71,25.05,0.38,1.01,,,0.29,,38.57,49.21,0.62,151.78,0.0,0.0,359.84,727.18,0.04
2024-05-11 14:00:00,25.5,59.46,10.15,10.07,10.38,10.1,9.22,0.71,25.84,0.38,1.01,,,0.29,,38.34,52.34,0.61,180.7,0.0,0.0,156.49,724.36,0.04
2024-05-11 15:00:00,25.47,59.4,10.07,9.96,10.06,10.4,8.81,0.71,30.84,0.38,1.01,,,0.29,,37.95,53.42,0.53,207.58,0.0,0.0,147.27,722.08,0.03
2024-05-11 16:00:00,27.04,62.53,10.04,9.98,9.87,10.09,8.03,0.71,26.95,0.38,1.01,,,0.29,,37.78,52.19,0.62,195.82,0.0,0.0,80.91,720.62,0.04
2024-05-11 17:00:00,31.14,70.72,10.0,10.04,10.34,10.6,8.96,0.71,26.44,0.38,1.01,,,0.29,,37.14,53.57,0.6,175.37,0.0,0.0,40.3,721.35,0.04
2024-05-11 18:00:00,28.92,66.29,9.78,9.98,9.36,9.61,7.58,0.71,21.58,0.38,1.01,,,0.29,,36.29,55.33,0.56,192.79,0.0,0.0,5.18,724.01,0.04
2024-05-11 19:00:00,26.32,61.09,9.9,10.0,10.27,9.19,7.58,0.71,18.42,0.38,1.01,,,0.29,,35.49,61.8,0.54,193.57,0.0,0.0,1.11,726.02,0.04
2024-05-11 20:00:00,25.7,59.84,10.2,9.89,10.25,10.12,7.73,0.71,16.71,0.38,1.01,,,0.29,,34.83,70.1,0.67,164.23,0.0,0.0,0.91,729.32,0.04
2024-05-11 21:00:00,25.54,59.52,9.83,9.91,9.97,9.4,7.56,0.71,16.84,0.38,1.01,,,0.29,,34.31,76.55,0.65,173.94,0.0,0.0,0.87,731.98,0.04
2024-05-11 22:00:00,25.49,59.43,10.18,9.88,10.27,9.56,7.62,0.71,16.78,0.38,1.01,,,0.29,,34.07,78.39,0.59,160.04,0.0,0.0,0.83,733.69,0.04
2024-05-11 23:00:00,25.77,59.99,10.0,9.96,10.3,10.02,8.58,0.71,31.15,0.38,1.01,,,0.29,,33.61,82.59,0.5,106.28,0.0,0.0,0.78,733.66,0.04
2024-05-12 00:00:00,25.71,59.87,9.93,10.03,10.12,9.86,12.31,0.71,15.9,0.38,1.01,,,0.29,,33.65,82.29,0.62,167.72,0.0,0.0,0.57,731.5,0.04
2024-05-12 01:00:00,25.56,59.57,9.99,9.93,10.06,10.15,12.55,0.71,17.22,0.38,1.01,,,0.29,,33.6,82.8,0.5,197.53,0.0,0.0,0.88,729.79,0.04
2024-05-12 02:00:00,25.5,59.46,9.97,9.79,10.41,9.68,12.45,0.71,16.96,0.38,1.01,,,0.29,,33.44,84.32,0.63,124.01,0.0,0.0,1.08,728.02,0.04
2024-05-12 03:00:00,25.48,59.42,10.11,9.92,10.07,9.7,11.94,0.71,15.47,0.38,1.01,,,0.29,,33.01,87.6,0.55,88.18,0.0,0.0,1.02,727.72,0.04
2024-05-12 04:00:00,25.48,59.4,10.27,10.12,10.09,10.41,12.09,0.71,15.46,0.38,1.01,,,0.29,,32.6,90.23,0.36,73.53,0.0,0.0,0.9,728.12,0.04
2024-05-12 05:00:00,25.47,59.4,10.2,10.05,10.06,9.68,13.0,0.71,23.16,0.38,1.01,,,0.29,,32.44,91.96,0.61,41.06,0.0,0.0,2.5,729.21,0.04
2024-05-12 06:00:00,25.48,59.42,9.76,10.02,10.11,9.73,13.06,0.71,15.11,0.38,1.01,,,0.29,,32.82,90.9,0.51,56.8,0.0,0.0,33.64,732.49,0.04
2024-05-12 07:00:00,25.63,59.71,9.69,9.96,10.08,9.96,14.05,0.71,16.03,0.38,1.01,,,0.29,,34.16,83.2,0.37,107.36,0.0,0.0,139.0,735.77,0.04
2024-05-12 08:00:00,25.62,59.68,10.01,9.92,9.72,10.09,14.88,0.71,16.8,0.38,1.01,,,0.29,,34.84,79.0,0.45,121.95,0.0,0.0,147.61,737.76,0.04
2024-05-12 09:00:00,33.03,74.51,9.84,10.02,9.48,9.58,15.31,0.71,18.4,0.38,1.01,,,0.29,,35.94,71.77,0.44,223.1,0.0,0.0,380.26,737.66,0.04
2024-05-12 10:00:00,29.04,66.53,9.82,10.1,10.14,9.69,15.41,0.71,20.52,0.38,1.01,,,0.29,,37.33,62.32,0.49,231.61,0.0,0.0,633.58,736.19,0.04
2024-05-12 11:00:00,25.7,59.86,10.06,9.91,9.85,10.08,16.14,0.71,21.92,0.38,1.01,,,0.29,,38.51,53.84,0.46,206.4,0.0,0.0,331.61,733.2,0.04
2024-05-12 12:00:00,25.56,59.56,10.09,9.86,9.82,9.75,15.51,0.71,22.98,0.38,1.01,,,0.29,,39.16,48.27,0.5,177.81,0.0,0.0,653.99,729.8,0.04
2024-05-12 13:00:00,25.47,59.4,9.93,10.08,9.87,10.4,14.2,0.71,26.22,0.38,1.01,,,0.29,,38.93,46.77,0.55,170.6,0.0,0.0,286.86,725.98,0.04
2024-05-12 14:00:00,25.47,59.39,10.07,9.93,10.16,9.02,13.77,0.71,27.18,0.38,1.01,,,0.29,,38.43,48.03,0.68,167.23,0.0,0.0,122.35,722.43,0.04
2024-05-12 15:00:00,25.47,59.39,10.16,9.9,10.28,10.34,12.93,0.71,25.78,0.38,1.01,,,0.29,,35.63,65.13,0.66,229.37,0.0,0.0,51.24,720.43,0.03
2024-05-12 16:00:00,25.89,60.23,10.11,10.12,10.1,9.75,12.69,0.71,23.58,0.38,1.01,,,0.29,,32.0,91.7,0.46,218.02,0.0,0.0,28.09,719.87,0.04
2024-05-12 17:00:00,25.95,60.34,10.14,10.07,9.91,9.51,13.54,0.71,17.97,0.38,1.01,,,0.29,,32.98,88.66,0.69,51.27,0.0,0.0,28.52,721.43,0.04
2024-05-12 18:00:00,26.02,60.49,9.93,9.99,10.15,9.32,13.79,0.71,25.96,0.38,1.01,,,0.29,,33.12,86.8,0.43,122.71,0.0,0.0,4.94,721.71,0.04
2024-05-12 19:00:00,26.0,60.45,9.66,9.88,10.33,9.39,15.25,0.71,16.21,0.38,1.01,,,0.29,,33.44,85.42,0.64,43.83,0.0,0.0,1.9,726.13,0.04
2024-05-12 20:00:00,26.08,60.62,9.75,10.14,10.09,9.72,15.48,0.71,15.66,0.38,1.01,,,0.29,,33.61,84.52,0.62,90.82,0.0,0.0,1.54,730.54,0.04
2024-05-12 21:00:00,26.11,60.67,10.07,9.93,9.72,9.98,15.26,0.71,15.42,0.38,1.01,,,0.29,,33.75,81.47,0.6,122.76,0.0,0.0,1.62,733.71,0.04
2024-05-12 22:00:00,25.9,60.26,10.09,9.97,10.24,10.5,15.07,0.71,15.38,0.38,1.01,,,0.29,,33.43,85.0,0.61,67.01,0.0,0.0,1.68,735.13,0.04
2024-05-12 23:00:00,29.99,68.43,9.97,9.98,9.81,9.77,15.34,0.71,14.76,0.38,1.01,,,0.29,,33.22,86.6,0.57,61.04,0.0,0.0,1.34,733.37,0.04
2024-05-13 00:00:00,29.31,67.07,10.0,9.95,9.92,9.87,10.43,0.71,22.54,0.38,1.01,,,0.29,,33.06,83.52,0.54,41.89,0.0,0.0,0.9,733.26,0.04
2024-05-13 01:00:00,27.06,62.56,9.77,9.92,10.18,10.0,9.01,0.71,19.7,0.38,1.01,,,0.29,,33.06,75.55,0.52,187.36,0.0,0.0,1.3,732.68,0.04
2024-05-13 02:00:00,26.14,60.73,9.82,10.13,9.96,9.76,9.0,0.71,25.72,0.38,1.01,,,0.29,,32.61,71.81,0.54,192.7,0.0,0.0,1.24,730.23,0.04
2024-05-13 03:00:00,26.24,60.94,9.57,10.03,9.9,9.56,8.1,0.71,27.31,0.38,1.01,,,0.29,,31.88,77.35,0.48,204.73,0.0,0.0,1.0,728.96,0.04
2024-05-13 04:00:00,26.04,60.52,10.14,9.85,10.33,10.36,7.59,0.71,25.51,0.38,1.01,,,0.29,,31.86,78.39,0.33,150.06,0.0,0.0,0.84,728.07,0.04
2024-05-13 05:00:00,26.22,60.88,9.96,9.84,9.91,9.8,7.48,0.71,23.99,0.38,1.01,,,0.29,,31.7,80.6,0.5,285.38,0.0,0.0,6.07,730.51,0.04
2024-05-13 06:00:00,38.56,85.58,9.91,9.96,10.26,10.08,8.09,0.71,22.86,0.38,1.01,,,0.29,,31.9,79.53,0.6,284.79,0.0,0.0,42.39,732.62,0.04
2024-05-13 07:00:00,31.38,71.22,10.2,10.02,9.84,10.25,7.74,0.71,25.14,0.38,1.01,,,0.29,,32.98,74.0,0.54,257.48,0.0,0.0,181.44,733.4,0.04
2024-05-13 08:00:00,25.47,59.39,9.91,9.88,10.29,10.53,8.09,0.71,27.62,0.38,1.01,,,0.29,,33.81,69.18,0.59,204.36,0.0,0.0,275.06,735.14,0.04
2024-05-13 09:00:00,25.47,59.39,9.88,9.9,10.25,9.97,8.2,0.71,30.1,0.38,1.01,,,0.29,,36.26,58.61,0.49,226.7,0.0,0.0,583.42,734.53,0.04
2024-05-13 10:00:00,25.47,59.39,10.16,10.07,9.63,9.93,8.28,0.71,32.87,0.38,1.01,,,0.29,,36.66,57.94,0.49,278.11,0.0,0.0,675.09,732.58,0.03
2024-05-13 11:00:00,25.47,59.39,9.74,10.0,9.99,9.97,8.22,0.71,29.24,0.38,1.01,,,0.29,,37.33,54.77,0.44,265.87,0.0,0.0,344.05,730.33,0.04
2024-05-13 12:00:00,30.43,69.31,10.0,9.99,10.34,10.36,9.0,0.71,33.14,0.38,1.01,,,0.29,,37.7,53.16,0.37,281.82,0.0,0.0,734.2,728.44,0.04
2024-05-13 13:00:00,28.96,66.38,9.72,10.02,9.66,10.79,7.36,0.71,35.61,0.38,1.01,,,0.29,,38.71,47.64,0.23,85.91,0.0,0.0,477.62,724.47,0.04
2024-05-13 14:00:00,26.24,60.93,9.84,9.96,9.9,9.13,7.19,0.71,37.94,0.38,1.01,,,0.29,,38.49,47.58,0.47,272.03,0.0,0.0,177.3,720.3,0.04
2024-05-13 15:00:00,25.82,60.09,9.98,9.88,10.07,9.96,7.16,0.71,38.06,0.38,1.01,,,0.29,,38.64,44.92,0.44,322.4,0.0,0.0,185.35,718.42,0.04
2024-05-13 16:00:00,25.63,59.71,9.94,10.09,10.24,9.88,6.9,0.71,36.02,0.38,1.01,,,0.29,,37.04,52.58,0.55,168.38,0.0,0.0,45.44,718.13,0.04
2024-05-13 17:00:00,25.5,59.45,10.07,10.02,10.47,10.03,6.68,0.71,28.04,0.38,1.01,,,0.29,,35.27,64.48,0.43,220.21,0.0,0.0,34.09,718.48,0.04
2024-05-13 18:00:00,30.21,68.87,10.18,10.06,9.61,10.38,7.67,0.71,25.21,0.38,1.01,,,0.29,,35.2,63.38,0.61,167.26,0.0,0.0,11.57,719.5,0.04
2024-05-13 19:00:00,28.78,65.99,10.01,9.78,10.3,9.98,6.88,0.71,25.34,0.38,1.01,,,0.29,,34.86,60.58,0.68,155.38,0.0,0.0,0.92,723.3,0.04
2024-05-13 20:00:00,26.28,61.02,10.25,9.98,10.3,10.07,7.85,0.71,24.29,0.38,1.01,,,0.29,,34.58,64.34,0.41,189.3,0.0,0.0,0.96,726.23,0.04
2024-05-13 21:00:00,25.69,59.82,9.94,9.91,9.74,9.93,8.18,0.71,21.02,0.38,1.01,,,0.29,,34.42,69.39,0.58,186.08,0.0,0.0,1.01,728.7,0.04
2024-05-13 22:00:00,25.54,59.52,9.9,9.86,10.23,10.16,8.02,0.71,20.48,0.38,1.01,,,0.29,,34.0,70.6,0.6,95.69,0.0,0.0,1.01,728.9,0.04
2024-05-13 23:00:00,25.49,59.43,9.69,10.06,10.62,9.69,7.76,0.71,20.17,0.38,1.01,,,0.29,,33.6,71.59,0.5,68.92,0.0,0.0,0.94,729.0,0.04
2024-05-14 00:00:00,25.78,60.01,10.19,9.97,10.08,9.58,13.17,0.71,19.23,0.38,1.01,,,0.29,,33.26,74.87,0.56,104.25,0.0,0.0,0.84,728.91,0.04
2024-05-14 01:00:00,25.72,59.89,10.07,9.8,9.95,9.75,11.87,0.71,18.0,0.38,1.01,,,0.29,,33.3,77.71,0.6,123.26,0.0,0.0,0.93,726.29,0.04
2024-05-14 02:00:00,25.56,59.58,9.83,9.81,10.46,9.91,11.92,0.71,17.67,0.38,1.01,,,0.29,,32.93,81.7,0.72,92.78,0.0,0.0,0.95,725.22,0.04
2024-05-14 03:00:00,25.5,59.46,10.24,10.02,9.62,10.0,11.81,0.71,16.87,0.38,1.01,,,0.29,,33.05,83.32,0.41,116.83,0.0,0.0,0.71,724.16,0.04
2024-05-14 04:00:00,25.48,59.42,10.01,9.96,10.07,9.81,11.78,0.71,15.92,0.38,1.01,,,0.29,,32.85,86.8,0.54,54.27,0.0,0.0,0.87,725.33,0.04
2024-05-14 05:00:00,25.48,59.4,9.96,10.05,10.04,10.29,11.72,0.71,15.33,0.38,1.01,,,0.29,,32.58,89.6,0.68,20.5,0.0,0.0,3.9,725.95,0.04
2024-05-14 06:00:00,26.36,61.17,10.25,10.09,10.11,10.09,12.64,0.71,22.08,0.38,1.01,,,0.29,,32.83,88.78,0.55,49.32,0.0,0.0,32.94,728.54,0.04
2024-05-14 07:00:00,26.69,61.84,9.9,10.23,10.02,9.82,12.08,0.71,15.76,0.38,1.01,,,0.29,,34.3,80.51,0.34,68.55,0.0,0.0,145.06,731.42,0.04
2024-05-14 08:00:00,26.47,61.38,9.95,10.0,10.2,10.62,13.52,0.71,17.11,0.38,1.01,,,0.29,,35.62,70.63,0.42,159.1,0.0,0.0,270.38,732.31,0.04
2024-05-14 09:00:00,27.48,63.42,9.75,10.07,10.14,9.8,13.57,0.71,20.08,0.38,1.01,,,0.29,,36.56,63.53,0.44,150.95,0.0,0.0,418.9,733.17,0.04
2024-05-14 10:00:00,28.41,65.28,10.26,9.91,10.23,9.73,12.91,0.71,26.55,0.38,1.01,,,0.29,,37.28,59.84,0.41,180.85,0.0,0.0,490.62,731.92,0.04
2024-05-14 11:00:00,27.7,63.86,9.99,9.87,9.63,9.92,12.36,0.71,26.19,0.38,1.01,,,0.29,,37.87,55.39,0.34,142.48,0.0,0.0,266.39,729.66,0.04
2024-05-14 12:00:00,27.46,63.37,9.95,9.96,10.31,10.05,12.8,0.71,28.08,0.38,1.01,,,0.29,,38.47,51.38,0.35,145.99,0.0,0.0,619.66,726.39,0.04
2024-05-14 13:00:00,27.11,62.68,9.75,9.91,9.38,10.17,11.59,0.71,29.34,0.38,1.01,,,0.29,,38.89,48.95,0.47,124.96,0.0,0.0,349.28,723.08,0.04
2024-05-14 14:00:00,26.89,62.23,10.38,9.91,9.65,9.85,10.96,0.71,31.08,0.38,1.01,,,0.29,,37.84,54.98,0.6,173.74,0.0,0.0,156.14,720.06,0.04
2024-05-14 15:00:00,26.63,61.71,9.72,10.06,10.01,10.32,10.66,0.71,25.06,0.38,1.01,,,0.29,,34.99,70.01,0.55,200.39,0.0,0.0,14.56,719.12,0.04
2024-05-14 16:00:00,26.34,61.13,9.85,10.05,9.99,9.65,10.61,0.71,24.27,0.38,1.01,,,0.29,,34.28,68.99,0.73,256.77,0.0,0.0,6.6,721.04,0.03
2024-05-14 17:00:00,26.1,60.65,9.98,10.03,9.69,10.43,11.32,0.71,24.03,0.38,1.01,,,0.29,,33.61,74.42,0.62,248.98,0.0,0.0,15.07,721.49,0.04
2024-05-14 18:00:00,26.14,60.73,9.83,10.08,10.56,10.28,12.9,0.71,22.62,0.38,1.01,,,0.29,,33.19,73.99,0.37,203.85,0.0,0.0,2.13,724.38,0.04
2024-05-14 19:00:00,26.03,60.52,10.14,9.85,10.03,9.71,12.84,0.71,22.34,0.38,1.01,,,0.29,,33.32,74.2,0.59,111.47,0.0,0.0,1.49,729.07,0.04
2024-05-14 20:00:00,25.86,60.18,10.14,10.12,10.02,10.16,13.3,0.71,22.76,0.38,1.01,,,0.29,,32.08,85.26,0.53,109.39,0.0,0.0,1.05,729.77,0.04
2024-05-14 21:00:00,25.74,59.94,10.09,10.11,10.02,9.63,13.73,0.71,19.99,0.38,1.01,,,0.29,,32.06,83.98,0.44,123.86,0.0,0.0,1.1,729.98,0.04
2024-05-14 22:00:00,25.66,59.78,10.17,10.09,10.16,10.16,13.23,0.71,20.54,0.38,1.01,,,0.29,,32.25,81.3,0.62,43.16,0.0,0.0,1.07,731.28,0.04
2024-05-14 23:00:00,25.6,59.66,10.14,10.0,9.98,10.18,13.18,0.71,20.2,0.38,1.01,,,0.29,,32.21,80.9,0.48,72.21,0.0,0.0,0.87,730.72,0.04
2024-05-15 00:00:00,25.73,59.92,9.82,10.03,9.51,9.54,13.6,0.71,19.57,0.38,1.01,,,0.29,,32.09,82.23,0.62,45.45,0.0,0.0,0.86,729.58,0.04
2024-05-15 01:00:00,26.02,60.48,9.9,10.06,9.96,10.29,12.9,0.71,18.27,0.38,1.01,,,0.29,,32.0,83.65,0.6,132.29,0.0,0.0,0.71,728.08,0.04
2024-05-15 02:00:00,26.0,60.45,10.0,10.06,9.85,10.08,12.64,0.71,18.13,0.38,1.01,,,0.29,,31.79,84.23,0.5,81.87,0.0,0.0,0.88,727.29,0.04
2024-05-15 03:00:00,26.16,60.77,10.17,9.79,10.44,9.93,12.67,0.71,19.54,0.38,1.01,,,0.29,,31.69,83.91,0.44,316.85,0.0,0.0,0.87,728.26,0.04
2024-05-15 04:00:00,26.14,60.73,10.02,10.09,9.86,10.25,12.76,0.71,17.83,0.38,1.01,,,0.29,,31.82,86.04,0.64,165.5,0.0,0.0,0.85,728.88,0.04
2024-05-15 05:00:00,26.07,60.6,10.01,10.0,9.49,9.17,12.45,0.71,16.29,0.38,1.01,,,0.29,,31.6,88.0,0.51,49.75,0.0,0.0,3.87,729.95,0.04
2024-05-15 06:00:00,35.36,79.17,10.28,10.18,10.07,9.48,13.84,0.71,14.18,0.38,1.01,,,0.29,,32.12,86.3,0.56,66.17,0.0,0.0,36.35,732.27,0.04
2024-05-15 07:00:00,30.24,68.94,9.72,9.81,9.8,10.17,14.18,0.71,22.51,0.38,1.01,,,0.29,,33.66,79.74,0.53,74.22,0.0,0.0,124.76,734.27,0.04
2024-05-15 08:00:00,26.24,60.94,9.94,10.3,10.04,9.98,14.3,0.71,19.13,0.38,1.01,,,0.29,,34.99,73.14,0.38,287.27,0.0,0.0,304.88,735.96,0.04
2024-05-15 09:00:00,30.36,69.16,10.22,10.06,9.55,9.88,14.76,0.71,22.13,0.38,1.01,,,0.29,,36.01,65.62,0.39,229.48,0.0,0.0,482.27,735.79,0.04
2024-05-15 10:00:00,29.83,68.1,10.15,9.82,10.12,10.02,13.9,0.71,25.02,0.38,1.01,,,0.29,,37.16,56.26,0.48,160.73,0.0,0.0,549.1,733.7,0.04
2024-05-15 11:00:00,26.79,62.03,10.03,9.92,10.68,10.16,13.52,0.71,29.44,0.38,1.01,,,0.29,,37.6,53.54,0.5,151.02,0.0,0.0,359.41,731.1,0.04
2024-05-15 12:00:00,30.07,68.59,9.74,9.85,10.18,9.9,13.11,0.71,27.68,0.38,1.01,,,0.29,,37.97,50.18,0.33,106.82,0.0,0.0,409.25,728.2,0.04
2024-05-15 13:00:00,28.64,65.74,10.01,9.96,9.66,9.77,13.12,0.71,28.12,0.38,1.01,,,0.29,,38.54,48.38,0.34,117.27,0.0,0.0,406.76,725.25,0.04
2024-05-15 14:00:00,26.14,60.74,10.23,10.03,9.83,10.47,11.62,0.71,31.33,0.38,1.01,,,0.29,,38.5,48.26,0.47,120.13,0.0,0.0,197.93,722.35,0.04
2024-05-15 15:00:00,25.57,59.58,10.01,9.9,9.73,10.55,11.49,0.71,32.3,0.38,1.01,,,0.29,,38.3,50.35,0.51,127.71,0.0,0.0,157.49,720.05,0.04
2024-05-15 16:00:00,25.49,59.42,10.12,10.13,9.82,9.88,10.87,0.71,30.21,0.38,1.01,,,0.29,,38.43,48.19,0.4,112.06,0.0,0.0,87.88,719.04,0.04
2024-05-15 17:00:00,25.47,59.4,10.32,10.1,9.92,10.15,10.63,0.71,37.32,0.38,1.01,,,0.29,,38.05,48.77,0.63,144.95,0.0,0.0,30.39,719.84,0.04
2024-05-15 18:00:00,26.18,60.8,9.9,10.18,9.53,9.98,10.96,0.71,26.98,0.38,1.01,,,0.29,,36.32,56.07,0.76,160.38,0.0,0.0,4.23,723.32,0.03
2024-05-15 19:00:00,31.08,70.59,9.98,9.94,9.63,10.17,11.57,0.71,19.17,0.38,1.01,,,0.29,,35.38,59.65,0.68,149.99,0.0,0.0,1.01,728.19,0.04
2024-05-15 20:00:00,29.26,66.96,10.03,10.09,9.48,10.44,10.74,0.71,19.39,0.38,1.01,,,0.29,,34.94,65.47,0.75,160.5,0.0,0.0,1.18,731.21,0.04
2024-05-15 21:00:00,26.48,61.42,9.88,10.02,10.07,10.39,11.3,0.71,18.12,0.38,1.01,,,0.29,,34.71,71.35,0.71,156.42,0.0,0.0,1.08,733.9,0.04
2024-05-15 22:00:00,25.76,59.97,10.19,9.91,10.12,10.19,11.04,0.71,17.47,0.38,1.01,,,0.29,,34.52,75.59,0.65,148.55,0.0,0.0,1.05,735.21,0.04
2024-05-15 23:00:00,25.56,59.57,10.38,9.84,10.37,10.17,11.05,0.71,17.26,0.38,1.01,,,0.29,,34.29,78.32,0.72,159.5,0.0,0.0,0.96,733.67,0.04
2024-05-16 00:00:00,25.5,59.45,10.3,10.02,9.93,10.23,13.14,0.71,18.18,0.38,1.01,,,0.29,,34.12,79.23,0.68,147.62,0.0,0.0,0.93,731.77,0.04
2024-05-16 01:00:00,25.48,59.41,9.98,9.86,9.49,10.32,14.0,0.71,17.48,0.38,1.01,,,0.29,,33.83,81.04,0.6,143.14,0.0,0.0,0.78,730.11,0.04
2024-05-16 02:00:00,25.47,59.4,9.92,9.84,9.76,9.82,12.69,0.71,17.15,0.38,1.01,,,0.29,,33.71,81.62,0.64,141.61,0.0,0.0,0.95,728.79,0.04
2024-05-16 03:00:00,25.47,59.39,10.14,9.99,10.15,10.37,12.9,0.71,15.99,0.38,1.01,,,0.29,,33.52,83.28,0.59,138.04,0.0,0.0,0.89,727.35,0.04
2024-05-16 04:00:00,25.47,59.39,10.16,9.97,10.17,10.34,12.72,0.71,15.7,0.38,1.01,,,0.29,,33.4,84.58,0.67,55.86,0.0,0.0,0.97,729.17,0.04
2024-05-16 05:00:00,25.47,59.39,9.79,10.02,9.88,9.96,12.52,0.71,15.59,0.38,1.01,,,0.29,,33.15,86.88,0.62,116.46,0.0,0.0,2.76,731.72,0.04
2024-05-16 06:00:00,25.47,59.39,10.14,9.96,9.87,9.94,12.68,0.71,16.43,0.38,1.01,,,0.29,,33.46,85.35,0.59,67.83,0.0,0.0,25.28,732.82,0.04
2024-05-16 07:00:00,28.51,65.47,10.09,10.17,9.83,9.53,13.74,0.71,20.37,0.38,1.01,,,0.29,,34.46,79.77,0.58,44.66,0.0,0.0,140.2,734.98,0.04
2024-05-16 08:00:00,28.4,65.24,10.34,9.72,10.06,9.9,12.58,0.71,18.79,0.38,1.01,,,0.29,,34.58,78.42,0.45,129.91,0.0,0.0,145.92,737.3,0.04
2024-05-16 09:00:00,51.7,111.84,9.62,10.09,9.53,10.02,13.05,0.71,21.33,0.38,1.01,,,0.29,,35.55,70.74,0.55,128.44,0.0,0.0,475.64,737.17,0.04
2024-05-16 10:00:00,37.24,82.94,10.34,10.17,9.76,10.42,12.94,0.71,24.0,0.38,1.01,,,0.29,,35.2,68.81,0.63,146.26,0.0,0.0,320.44,736.74,0.04
2024-05-16 11:00:00,32.91,74.27,10.08,10.05,10.03,9.64,12.58,0.71,22.32,0.38,1.01,,,0.29,,35.95,64.09,0.51,136.26,0.0,0.0,320.21,733.71,0.04
2024-05-16 12:00:00,28.86,66.16,9.95,9.99,9.89,9.49,12.4,0.71,22.72,0.38,1.01,,,0.29,,36.31,62.08,0.51,143.95,0.0,0.0,395.9,729.48,0.04
2024-05-16 13:00:00,25.47,59.39,10.01,10.08,9.87,9.52,13.22,0.71,22.41,0.38,1.01,,,0.29,,36.09,61.66,0.7,155.4,0.0,0.0,228.59,726.18,0.04
2024-05-16 14:00:00,25.47,59.39,10.31,10.1,10.08,10.23,11.77,0.71,22.12,0.38,1.01,,,0.29,,35.82,62.37,0.72,156.24,0.0,0.0,140.95,723.18,0.04
2024-05-16 15:00:00,25.47,59.39,10.31,10.07,9.52,10.38,11.53,0.71,24.16,0.38,1.01,,,0.29,,36.19,62.52,0.72,159.94,0.0,0.0,189.4,721.03,0.04
2024-05-16 16:00:00,25.47,59.39,9.84,10.04,9.92,9.89,11.72,0.71,25.78,0.38,1.01,,,0.29,,35.68,66.34,0.73,162.44,0.0,0.0,113.94,720.62,0.04
2024-05-16 17:00:00,25.47,59.39,9.9,9.9,9.88,10.18,11.59,0.71,22.58,0.38,1.01,,,0.29,,34.1,74.1,0.72,161.1,0.0,0.0,58.51,722.18,0.04
2024-05-16 18:00:00,25.47,59.39,9.75,9.93,9.93,10.13,11.92,0.71,19.46,0.38,1.01,,,0.29,,33.66,77.98,0.74,158.36,0.0,0.0,5.82,723.78,0.04
2024-05-16 19:00:00,25.61,59.68,9.84,10.0,9.66,10.0,13.22,0.71,17.83,0.38,1.01,,,0.29,,33.28,81.39,0.7,161.93,0.0,0.0,0.78,726.52,0.04
2024-05-16 20:00:00,25.56,59.57,9.93,10.01,9.49,9.66,12.23,0.71,17.37,0.38,1.01,,,0.29,,33.17,82.65,0.72,159.71,0.0,0.0,0.87,731.09,0.04
2024-05-16 21:00:00,25.48,59.42,10.18,10.06,10.27,9.4,12.68,0.71,18.05,0.38,1.01,,,0.29,,33.11,82.06,0.67,162.17,0.0,0.0,0.91,733.5,0.04
2024-05-16 22:00:00,25.47,59.39,10.28,10.02,9.87,9.91,13.32,0.71,18.12,0.38,1.01,,,0.29,,33.08,82.05,0.73,157.28,0.0,0.0,0.96,734.54,0.04
2024-05-16 23:00:00,25.47,59.39,10.14,9.91,10.5,9.94,13.0,0.71,17.75,0.38,1.01,,,0.29,,32.99,83.3,0.58,101.19,0.0,0.0,0.97,733.31,0.04
2024-05-17 00:00:00,25.47,59.39,10.0,9.97,10.11,10.09,13.78,0.71,17.35,0.38,1.01,,,0.29,,32.67,86.2,0.62,41.38,0.0,0.0,0.99,728.82,0.04
2024-05-17 01:00:00,26.05,60.55,10.21,10.09,10.39,9.34,14.65,0.71,18.4,0.38,1.01,,,0.29,,32.69,86.26,0.54,203.4,0.0,0.0,0.83,726.38,0.04
2024-05-17 02:00:00,25.9,60.25,9.7,9.9,10.02,9.8,13.56,0.71,17.77,0.38,1.01,,,0.29,,32.72,86.02,0.63,265.56,0.0,0.0,0.96,725.56,0.04
2024-05-17 03:00:00,25.6,59.64,10.18,10.1,10.24,9.84,13.18,0.71,18.98,0.38,1.01,,,0.29,,32.27,84.9,0.68,179.58,0.0,0.0,1.26,725.77,0.04
2024-05-17 04:00:00,25.51,59.47,9.78,9.84,10.27,9.88,13.0,0.71,19.77,0.38,1.01,,,0.29,,31.92,85.79,0.57,348.57,0.0,0.0,0.83,725.61,0.04
2024-05-17 05:00:00,25.48,59.42,9.94,9.88,10.24,10.42,12.96,0.71,18.55,0.38,1.01,,,0.29,,32.01,87.09,0.44,157.9,0.0,0.0,1.74,726.08,0.04
2024-05-17 06:00:00,25.47,59.4,9.86,9.73,9.86,10.32,12.76,0.71,17.54,0.38,1.01,,,0.29,,31.52,94.3,0.53,56.32,0.0,0.0,2.15,729.78,0.04
2024-05-17 07:00:00,25.63,59.71,10.23,10.13,9.68,9.36,13.44,0.71,26.93,0.38,1.01,,,0.29,,31.28,96.49,0.54,107.3,0.12,0.12,4.19,732.8,0.04
2024-05-17 08:00:00,25.6,59.66,9.82,9.85,9.77,10.35,13.03,0.71,15.49,0.38,1.01,,,0.29,,31.27,98.35,0.61,38.08,0.28,0.28,10.07,733.91,0.04
2024-05-17 09:00:00,35.02,78.5,10.1,10.13,9.73,9.61,13.38,0.71,17.31,0.38,1.01,,,0.29,,31.26,98.1,0.61,119.95,0.28,0.28,50.8,734.01,0.04
2024-05-17 10:00:00,33.06,74.58,9.9,10.07,10.01,9.94,13.82,0.71,18.14,0.38,1.01,,,0.29,,31.74,94.52,0.42,87.66,0.17,0.17,84.92,733.48,0.04
2024-05-17 11:00:00,27.96,64.37,9.9,9.85,9.87,9.81,13.81,0.71,21.04,0.38,1.01,,,0.29,,32.3,87.7,0.49,81.28,0.0,0.0,149.85,732.3,0.04
2024-05-17 12:00:00,26.86,62.16,9.88,10.06,10.1,9.93,14.03,0.71,19.72,0.38,1.01,,,0.29,,32.8,83.06,0.5,82.18,0.0,0.0,164.02,728.76,0.04
2024-05-17 13:00:00,26.3,61.05,9.88,9.89,9.87,10.02,14.39,0.71,16.17,0.38,1.01,,,0.29,,33.26,81.54,0.39,114.66,0.0,0.0,150.25,725.33,0.04
2024-05-17 14:00:00,25.76,59.96,9.95,10.0,9.98,9.23,13.88,0.71,22.92,0.38,1.01,,,0.29,,33.52,81.54,0.62,140.38,0.0,0.0,139.54,722.73,0.04
2024-05-17 15:00:00,25.53,59.51,10.13,10.09,9.99,9.75,13.43,0.71,25.57,0.38,1.01,,,0.29,,34.02,75.09,0.68,153.62,0.0,0.0,170.36,719.92,0.04
2024-05-17 16:00:00,25.76,59.98,9.68,9.96,10.0,9.85,13.24,0.71,20.55,0.38,1.01,,,0.29,,34.12,70.76,0.64,145.36,0.0,0.0,62.33,719.0,0.04
2024-05-17 17:00:00,26.28,61.0,10.24,10.02,9.95,10.05,12.98,0.71,20.13,0.38,1.01,,,0.29,,34.02,71.12,0.66,156.6,0.0,0.0,34.0,719.94,0.04
2024-05-17 18:00:00,26.66,61.78,9.94,10.07,9.6,9.68,12.76,0.71,19.12,0.38,1.01,,,0.29,,33.66,74.44,0.67,145.23,0.0,0.0,5.18,721.8,0.04
2024-05-17 19:00:00,28.4,65.25,10.11,10.0,9.93,9.72,13.39,0.71,15.56,0.38,1.01,,,0.29,,33.05,79.76,0.65,60.81,0.0,0.0,0.97,724.36,0.04
2024-05-17 20:00:00,27.18,62.82,10.17,10.02,9.93,10.23,14.12,0.71,17.25,0.38,1.01,,,0.29,,32.77,83.14,0.6,56.63,0.0,0.0,0.74,726.89,0.04
2024-05-17 21:00:00,25.86,60.16,10.15,9.98,9.95,9.82,14.27,0.71,16.05,0.38,1.01,,,0.29,,32.44,85.17,0.62,46.06,0.0,0.0,0.91,728.57,0.04
2024-05-17 22:00:00,25.56,59.58,10.23,10.08,10.3,10.18,16.32,0.71,15.52,0.38,1.01,,,0.29,,32.16,88.42,0.68,37.12,0.0,0.0,0.86,729.32,0.04
2024-05-17 23:00:00,25.49,59.44,10.02,10.0,9.68,9.95,18.52,0.71,15.17,0.38,1.01,,,0.29,,32.08,89.85,0.64,79.75,0.0,0.0,0.8,727.38,0.04
2024-05-18 00:00:00,26.7,61.85,9.91,10.14,9.87,10.15,12.51,0.71,14.78,0.38,1.01,,,0.29,,32.07,89.65,0.63,75.01,0.0,0.0,12.63,724.77,0.04
2024-05-18 01:00:00,,,,,,,,,,,,,,,,,,,,,0.0,,,
2024-05-18 02:00:00,,,,,,,,,,,,,,,,,,,,,0.0,,,
2024-05-18 03:00:00,,,,,,,,,,,,,,,,,,,,,0.0,,,
2024-05-18 04:00:00,,,,,,,,,,,,,,,,,,,,,0.0,,,
2024-05-18 05:00:00,,,,,,,,,,,,,,,,,,,,,0.0,,,
2024-05-18 06:00:00,25.49,59.42,10.26,9.72,9.99,10.24,9.95,0.71,15.84,0.38,1.01,,,0.29,,32.49,84.98,0.4,58.12,0.0,0.0,46.76,724.4,0.04
2024-05-18 07:00:00,25.48,59.41,10.1,9.88,9.75,10.32,10.1,0.71,16.46,0.38,1.01,,,0.29,,32.89,83.73,0.38,86.17,0.0,0.0,62.87,725.44,0.04
2024-05-18 08:00:00,36.04,80.53,9.97,9.94,9.81,10.02,10.72,0.71,18.91,0.38,1.01,,,0.29,,33.93,79.98,0.53,116.55,0.0,0.0,156.17,726.46,0.04
2024-05-18 09:00:00,29.54,67.54,10.0,10.04,9.3,9.88,9.67,0.71,18.28,0.38,1.01,,,0.29,,34.51,76.51,0.32,179.4,0.0,0.0,138.1,726.92,0.04
2024-05-18 10:00:00,25.51,59.48,9.82,10.06,10.34,10.07,10.48,0.71,16.72,0.38,1.01,,,0.29,,33.68,83.23,0.58,234.56,0.0,0.0,49.19,725.72,0.04
2024-05-18 11:00:00,25.47,59.39,10.3,10.17,9.66,9.7,11.16,0.71,16.53,0.38,1.01,,,0.29,,33.46,86.56,0.66,195.72,0.1,0.1,120.41,724.21,0.04
2024-05-18 12:00:00,25.47,59.39,10.0,9.94,9.98,10.13,11.12,0.71,17.9,0.38,1.01,,,0.29,,34.52,77.25,0.53,143.08,0.12,0.12,580.81,720.88,0.04
2024-05-18 13:00:00,25.47,59.39,9.88,9.96,10.32,9.56,11.39,0.71,19.64,0.38,1.01,,,0.29,,35.57,69.97,0.64,153.77,0.12,0.12,444.27,717.68,0.04
2024-05-18 14:00:00,26.34,61.12,9.72,10.13,9.43,9.48,12.44,0.71,21.38,0.38,1.01,,,0.29,,35.7,70.64,0.61,141.55,0.12,0.12,205.47,714.42,0.04
2024-05-18 15:00:00,25.98,60.4,10.1,10.0,9.86,10.03,10.88,0.71,19.37,0.38,1.01,,,0.29,,35.21,71.22,0.68,151.4,0.12,0.12,115.05,712.57,0.04
2024-05-18 16:00:00,25.53,59.51,10.13,10.15,10.0,10.06,11.14,0.71,18.94,0.38,1.01,,,0.29,,34.62,73.49,0.69,168.11,0.12,0.12,35.58,712.48,0.04
2024-05-18 17:00:00,25.48,59.41,9.93,10.06,9.98,9.43,10.88,0.71,18.27,0.38,1.01,,,0.29,,34.52,73.26,0.65,161.86,0.12,0.12,11.43,713.19,0.04
2024-05-18 18:00:00,25.47,59.39,9.98,9.98,9.43,9.51,11.59,0.71,16.53,0.38,1.01,,,0.29,,34.33,76.17,0.65,148.97,0.12,0.12,1.73,714.11,0.04
2024-05-18 19:00:00,25.47,59.39,9.84,9.99,9.65,9.42,12.59,0.71,16.2,0.38,1.01,,,0.29,,34.09,79.33,0.49,114.88,0.12,0.12,0.87,716.27,0.04
2024-05-18 20:00:00,25.91,60.27,9.78,10.01,9.74,10.51,15.24,0.71,27.02,0.38,1.01,,,0.29,,34.79,81.97,0.66,107.07,0.12,0.12,0.67,719.5,0.04
2024-05-18 21:00:00,25.78,60.0,9.77,10.14,10.6,9.7,14.65,0.71,15.15,0.38,1.01,,,0.29,,36.22,81.12,0.64,142.87,0.12,0.12,0.92,721.97,0.04
2024-05-18 22:00:00,25.54,59.54,9.89,9.93,10.28,9.98,16.16,0.71,15.44,0.38,1.01,,,0.29,,35.88,80.54,0.34,173.88,0.12,0.12,0.95,722.91,0.04
2024-05-18 23:00:00,25.49,59.43,10.15,9.99,9.99,10.47,16.27,0.71,15.2,0.38,1.01,,,0.29,,36.01,83.62,0.58,104.95,0.12,0.12,1.01,721.8,0.04
2024-05-19 00:00:00,25.48,59.4,10.09,9.94,10.1,9.38,13.41,0.71,15.04,0.38,1.01,,,0.29,,35.35,87.8,0.65,40.71,0.12,0.12,1.0,719.94,0.04
2024-05-19 01:00:00,25.47,59.39,10.24,10.0,10.3,10.02,13.05,0.71,15.05,0.38,1.01,,,0.29,,34.71,90.04,0.74,37.89,0.12,0.12,0.95,718.23,0.04
2024-05-19 02:00:00,25.47,59.39,9.99,10.04,9.68,9.98,13.39,0.71,14.96,0.38,1.01,,,0.29,,34.48,89.86,0.65,34.92,0.12,0.12,0.8,716.1,0.04
2024-05-19 03:00:00,25.47,59.39,10.04,9.97,10.46,10.26,11.8,0.71,15.41,0.38,1.01,,,0.29,,34.37,89.25,0.5,46.92,0.12,0.12,0.89,715.0,0.04
2024-05-19 04:00:00,25.47,59.39,9.85,10.0,10.5,10.39,11.66,0.71,15.19,0.38,1.01,,,0.29,,34.3,90.28,0.54,67.12,0.12,0.12,0.89,715.0,0.04
2024-05-19 05:00:00,25.47,59.39,10.11,10.04,10.24,9.78,11.04,0.71,14.93,0.38,1.01,,,0.29,,34.3,90.74,0.56,91.11,0.12,0.12,4.22,715.69,0.04
2024-05-19 06:00:00,25.47,59.39,9.68,9.91,10.02,10.48,10.94,0.71,14.98,0.38,1.01,,,0.29,,34.56,89.76,0.6,121.61,0.12,0.12,36.72,717.36,0.04
2024-05-19 07:00:00,25.47,59.39,9.88,9.85,10.3,10.07,10.94,0.71,16.14,0.38,1.01,,,0.29,,36.38,79.69,0.46,128.5,0.12,0.12,160.74,718.96,0.04
2024-05-19 08:00:00,26.08,60.62,10.23,10.05,9.98,10.17,12.15,0.71,16.79,0.38,1.01,,,0.29,,37.54,75.54,0.42,147.72,0.12,0.12,243.82,719.69,0.04
2024-05-19 09:00:00,26.05,60.55,10.11,10.09,9.82,10.26,10.94,0.71,18.8,0.38,1.01,,,0.29,,38.76,67.05,0.53,170.47,0.12,0.12,343.49,719.88,0.04
2024-05-19 10:00:00,25.76,59.96,9.98,9.95,10.36,9.96,11.05,0.71,21.3,0.38,1.01,,,0.29,,39.2,61.81,0.31,173.79,0.12,0.12,674.81,718.43,0.04
2024-05-19 11:00:00,26.2,60.84,10.06,10.04,9.38,10.05,10.21,0.71,19.11,0.38,1.01,,,0.29,,38.17,56.33,0.49,186.98,0.12,0.12,343.7,715.54,0.04
2024-05-19 12:00:00,26.56,61.57,10.07,10.03,9.69,10.51,10.1,0.71,21.26,0.38,1.01,,,0.29,,39.09,51.94,0.46,157.19,0.12,0.12,838.72,713.56,0.04
2024-05-19 13:00:00,26.39,61.23,10.0,10.07,10.21,9.59,9.59,0.71,20.45,0.38,1.01,,,0.29,,38.82,52.4,0.57,149.85,0.12,0.12,407.01,709.15,0.04
2024-05-19 14:00:00,26.48,61.42,10.06,10.03,9.54,9.56,10.17,0.71,23.61,0.38,1.01,,,0.29,,34.28,71.4,0.68,149.78,0.12,0.12,131.73,709.27,0.03
2024-05-19 15:00:00,26.27,61.0,9.88,10.04,9.86,10.33,8.97,0.71,18.63,0.38,1.01,,,0.29,,32.94,77.84,0.52,103.1,0.12,0.12,37.04,707.77,0.04
2024-05-19 16:00:00,25.96,60.37,10.02,10.16,9.66,9.35,9.31,0.71,17.63,0.38,1.01,,,0.29,,32.75,77.53,0.54,45.75,0.12,0.12,7.41,707.16,0.04
2024-05-19 17:00:00,25.78,60.01,10.0,9.98,10.03,9.75,9.86,0.71,16.76,0.38,1.01,,,0.29,,33.26,80.12,0.61,54.48,0.12,0.12,5.22,708.01,0.04
2024-05-19 18:00:00,25.67,59.8,9.85,10.1,9.88,10.2,9.31,0.71,16.97,0.38,1.01,,,0.29,,33.31,80.54,0.49,76.02,0.12,0.12,1.68,708.19,0.04
2024-05-19 19:00:00,25.6,59.66,9.97,10.06,10.08,10.2,9.18,0.71,16.14,0.38,1.01,,,0.29,,33.34,81.5,0.6,83.41,0.12,0.12,0.88,711.1,0.04
2024-05-19 20:00:00,25.7,59.86,9.89,9.86,9.93,9.87,10.04,0.71,18.12,0.38,1.01,,,0.29,,33.0,84.68,0.54,104.8,0.12,0.12,0.94,714.41,0.04
2024-05-19 21:00:00,25.7,59.85,10.0,10.04,9.16,10.01,9.42,0.71,16.09,0.38,1.01,,,0.29,,32.94,85.33,0.51,95.32,0.12,0.12,0.72,715.94,0.04
2024-05-19 22:00:00,25.64,59.73,10.1,10.08,9.63,9.8,9.27,0.71,15.99,0.38,1.01,,,0.29,,32.64,86.06,0.54,100.94,0.12,0.12,0.87,717.48,0.04
2024-05-19 23:00:00,25.6,59.64,9.91,9.94,10.4,10.61,9.63,0.71,15.89,0.38,1.01,,,0.29,,32.52,86.7,0.6,81.95,0.12,0.12,0.84,715.59,0.04
2024-05-20 00:00:00,25.57,59.58,10.02,9.79,10.04,9.94,11.56,0.71,15.56,0.38,1.01,,,0.29,,32.38,89.24,0.44,61.92,0.12,0.12,0.85,714.24,0.04
2024-05-20 01:00:00,25.55,59.55,9.88,10.02,9.38,10.13,11.03,0.71,15.36,0.38,1.01,,,0.29,,32.37,90.18,0.52,76.15,0.12,0.12,0.84,712.44,0.04
2024-05-20 02:00:00,25.53,59.52,10.04,10.01,10.35,10.32,11.5,0.71,15.78,0.38,1.01,,,0.29,,32.35,88.77,0.48,101.74,0.12,0.12,0.87,711.73,0.04
2024-05-20 03:00:00,25.52,59.5,9.91,10.07,10.23,9.9,11.22,0.71,15.36,0.38,1.01,,,0.29,,32.3,88.28,0.61,108.72,0.12,0.12,0.72,711.86,0.04
2024-05-20 04:00:00,25.51,59.48,10.02,10.0,10.13,10.21,10.95,0.71,15.2,0.38,1.01,,,0.29,,32.06,89.61,0.62,118.93,0.12,0.12,0.93,711.97,0.04
2024-05-20 05:00:00,25.51,59.47,10.19,9.94,10.25,9.89,11.16,0.71,15.26,0.38,1.01,,,0.29,,31.91,90.05,0.52,75.82,0.12,0.12,6.04,713.13,0.04
2024-05-20 06:00:00,25.51,59.46,9.93,9.94,10.05,9.38,11.33,0.71,15.44,0.38,1.01,,,0.29,,32.52,86.69,0.51,139.89,0.12,0.12,35.54,715.4,0.04
2024-05-20 07:00:00,25.5,59.45,10.34,10.1,10.2,9.65,11.25,0.71,16.7,0.38,1.01,,,0.29,,34.19,78.86,0.4,69.95,0.12,0.12,136.4,717.58,0.04
2024-05-20 08:00:00,25.52,59.48,10.11,9.87,10.02,9.58,12.1,0.71,23.76,0.38,1.01,,,0.29,,35.96,72.39,0.28,129.47,0.12,0.12,368.12,719.56,0.04
2024-05-20 09:00:00,26.08,60.6,9.86,10.2,10.32,10.01,12.26,0.71,21.9,0.38,1.01,,,0.29,,36.64,69.02,0.48,156.86,0.1,0.1,459.4,720.31,0.04
2024-05-20 10:00:00,26.39,61.23,9.84,9.95,10.01,10.32,11.22,0.71,20.73,0.38,1.01,,,0.29,,37.61,62.03,0.4,187.89,0.0,0.0,672.86,718.46,0.04
2024-05-20 11:00:00,26.54,61.52,9.77,9.99,9.82,10.43,11.35,0.71,22.85,0.38,1.01,,,0.29,,38.51,55.78,0.52,132.82,0.0,0.0,313.19,716.75,0.03
2024-05-20 12:00:00,26.46,61.38,9.98,9.98,10.03,10.77,10.87,0.71,21.98,0.38,1.01,,,0.29,,37.3,58.39,0.5,155.59,0.0,0.0,478.24,715.2,0.04
2024-05-20 13:00:00,26.6,61.64,10.0,9.93,10.08,9.88,10.77,0.71,19.62,0.38,1.01,,,0.29,,34.96,64.65,0.52,172.1,0.0,0.0,130.07,712.66,0.04
2024-05-20 14:00:00,26.71,61.87,10.34,10.11,9.64,10.41,11.24,0.71,20.57,0.38,1.01,,,0.29,,35.4,64.0,0.51,152.25,0.0,0.0,123.04,709.36,0.04
2024-05-20 15:00:00,28.22,64.88,10.07,10.01,10.04,9.5,12.15,0.71,21.54,0.38,1.01,,,0.29,,35.97,63.25,0.6,154.18,0.0,0.0,125.14,706.55,0.04
2024-05-20 16:00:00,27.96,64.38,10.19,9.98,10.31,10.22,11.68,0.71,22.17,0.38,1.01,,,0.29,,36.54,63.61,0.63,163.82,0.0,0.0,65.73,704.09,0.04
2024-05-20 17:00:00,27.0,62.44,10.05,10.18,10.1,10.25,12.2,0.71,19.13,0.38,1.01,,,0.29,,37.02,63.42,0.74,155.66,0.0,0.0,50.61,705.4,0.04
2024-05-20 18:00:00,26.43,61.31,9.98,10.02,10.13,10.0,11.79,0.71,17.97,0.38,1.01,,,0.29,,36.63,69.75,0.72,151.94,0.0,0.0,5.39,708.54,0.04
2024-05-20 19:00:00,26.1,60.64,10.09,10.03,10.24,9.85,11.63,0.71,17.08,0.38,1.01,,,0.29,,35.84,74.82,0.75,160.46,0.0,0.0,1.31,711.1,0.04
2024-05-20 20:00:00,25.89,60.23,10.21,10.13,9.74,10.7,12.02,0.71,24.14,0.38,1.01,,,0.29,,34.88,77.07,0.72,154.79,0.0,0.0,1.25,714.39,0.04
2024-05-20 21:00:00,67.63,143.72,9.96,9.89,9.59,9.55,13.33,0.71,20.24,0.38,1.01,,,0.29,,34.52,80.09,0.66,143.39,0.0,0.0,0.88,715.34,0.04
2024-05-20 22:00:00,44.7,97.86,9.93,9.99,10.09,9.38,12.84,0.71,15.33,0.38,1.01,,,0.29,,34.26,82.35,0.66,146.32,0.0,0.0,1.07,717.0,0.04
2024-05-20 23:00:00,25.47,59.39,10.08,10.1,9.88,10.2,14.06,0.71,15.2,0.38,1.01,,,0.29,,34.07,84.38,0.58,78.24,0.0,0.0,1.12,716.4,0.04
2024-05-21 00:00:00,25.47,59.39,10.14,9.98,9.86,9.09,13.21,0.71,15.02,0.38,1.01,,,0.29,,33.75,87.32,0.47,58.93,0.0,0.0,1.09,715.22,0.04
2024-05-21 01:00:00,25.47,59.39,9.83,10.0,10.19,10.16,13.46,0.71,15.13,0.38,1.01,,,0.29,,33.94,85.03,0.29,125.26,0.0,0.0,0.99,712.49,0.04
2024-05-21 02:00:00,25.47,59.39,9.79,9.9,9.6,9.52,13.14,0.71,15.44,0.38,1.01,,,0.29,,33.72,87.6,0.54,59.72,0.0,0.0,1.24,711.67,0.04
2024-05-21 03:00:00,25.47,59.39,9.72,10.11,9.62,9.7,13.38,0.71,14.47,0.38,1.01,,,0.29,,33.43,90.47,0.61,77.38,0.0,0.0,0.81,711.12,0.04
2024-05-21 04:00:00,25.47,59.39,9.94,9.96,9.5,10.49,12.16,0.71,15.43,0.38,1.01,,,0.29,,33.34,91.25,0.58,69.92,0.0,0.0,0.92,711.95,0.04
2024-05-21 05:00:00,25.47,59.39,9.78,10.0,9.95,10.11,12.31,0.71,15.42,0.38,1.01,,,0.29,,33.4,90.97,0.55,83.99,0.0,0.0,4.05,713.65,0.04
2024-05-21 06:00:00,25.47,59.39,10.35,9.87,9.9,9.8,12.08,0.71,15.3,0.38,1.01,,,0.29,,33.56,89.2,0.52,141.86,0.0,0.0,27.39,715.5,0.04
2024-05-21 07:00:00,25.47,59.39,9.89,9.98,9.92,10.36,11.89,0.71,16.54,0.38,1.01,,,0.29,,35.33,78.18,0.42,106.53,0.0,0.0,123.93,716.43,0.04
2024-05-21 08:00:00,25.47,59.39,10.17,9.98,10.17,10.09,12.32,0.71,17.96,0.38,1.01,,,0.29,,36.12,73.03,0.58,152.54,0.0,0.0,307.59,717.59,0.04
2024-05-21 09:00:00,48.32,105.08,10.1,9.89,10.07,9.82,13.62,0.71,35.13,0.38,1.01,,,0.29,,37.47,65.53,0.59,155.81,0.0,0.0,390.04,717.95,0.04
2024-05-21 10:00:00,35.92,80.3,9.97,9.98,10.01,10.14,11.99,0.71,21.44,0.38,1.01,,,0.29,,38.75,63.09,0.53,193.91,0.0,0.0,510.47,715.17,0.04
2024-05-21 11:00:00,25.47,59.39,10.52,10.06,10.15,9.89,11.9,0.71,24.82,0.38,1.01,,,0.29,,39.89,57.32,0.6,148.56,0.0,0.0,347.44,711.86,0.04
2024-05-21 12:00:00,25.47,59.39,10.01,9.98,10.29,10.77,13.15,0.71,46.96,0.38,1.01,,,0.29,,40.48,54.33,0.37,122.96,0.0,0.0,545.31,708.34,0.04
2024-05-21 13:00:00,25.47,59.39,9.89,9.93,10.32,9.72,13.04,0.71,23.94,0.38,1.01,,,0.29,,39.93,55.24,0.44,132.76,0.0,0.0,246.93,706.1,0.04
2024-05-21 14:00:00,25.47,59.39,9.85,10.2,10.42,9.94,12.42,0.71,24.48,0.38,1.01,,,0.29,,40.87,50.35,0.49,123.54,0.0,0.0,170.17,704.16,0.04
2024-05-21 15:00:00,25.47,59.39,9.82,10.0,10.06,10.3,13.56,0.71,25.67,0.38,1.01,,,0.29,,41.01,50.79,0.69,154.33,0.0,0.0,145.35,702.3,0.04
2024-05-21 16:00:00,25.47,59.39,9.77,9.82,10.19,9.3,11.99,0.71,25.15,0.38,1.01,,,0.29,,40.13,54.22,0.75,162.62,0.0,0.0,71.63,703.05,0.04
2024-05-21 17:00:00,25.47,59.39,10.26,9.84,10.1,10.17,11.83,0.71,22.7,0.38,1.01,,,0.29,,39.03,58.61,0.76,162.57,0.0,0.0,34.54,704.9,0.04
2024-05-21 18:00:00,25.47,59.39,9.96,10.08,9.54,9.69,12.3,0.71,18.34,0.38,1.01,,,0.29,,37.94,62.96,0.76,162.44,0.0,0.0,4.17,707.14,0.04
2024-05-21 19:00:00,25.47,59.39,9.95,9.89,10.15,9.92,12.48,0.71,17.02,0.38,1.01,,,0.29,,37.34,67.46,0.67,150.08,0.0,0.0,0.97,710.58,0.04
2024-05-21 20:00:00,25.47,59.39,9.65,10.05,9.88,10.78,13.03,0.71,16.38,0.38,1.01,,,0.29,,36.8,74.22,0.62,127.53,0.0,0.0,0.88,714.57,0.04
2024-05-21 21:00:00,25.47,59.39,10.2,10.07,9.71,9.77,14.46,0.71,19.88,0.38,1.01,,,0.29,,36.34,77.31,0.68,151.53,0.0,0.0,0.81,716.96,0.04
2024-05-21 22:00:00,25.47,59.39,10.18,10.06,9.68,9.51,13.88,0.71,15.97,0.38,1.01,,,0.29,,36.13,79.55,0.6,139.66,0.0,0.0,0.83,716.96,0.04
2024-05-21 23:00:00,25.47,59.39,9.88,10.03,10.41,9.56,13.86,0.71,15.22,0.38,1.01,,,0.29,,35.74,82.8,0.57,126.05,0.0,0.0,0.86,714.85,0.04
2024-05-22 00:00:00,25.47,59.39,10.21,10.07,9.7,10.19,13.16,0.71,16.43,0.38,1.01,,,0.29,,36.04,86.1,0.58,43.91,0.0,0.0,0.86,713.62,0.04
2024-05-22 01:00:00,25.47,59.39,9.98,9.97,10.56,10.82,13.89,0.71,15.42,0.38,1.01,,,0.29,,35.91,84.98,0.55,124.26,0.0,0.0,0.74,712.16,0.04
2024-05-22 02:00:00,25.47,59.39,9.79,10.04,10.31,10.0,14.16,0.71,16.74,0.38,1.01,,,0.29,,35.89,86.66,0.68,40.37,0.0,0.0,0.95,711.2,0.04
2024-05-22 03:00:00,25.47,59.39,10.14,9.8,10.37,9.9,15.02,0.71,18.74,0.38,1.01,,,0.29,,35.62,88.33,0.57,113.51,0.0,0.0,0.76,710.29,0.04
2024-05-22 04:00:00,25.47,59.39,9.9,9.93,9.81,9.24,14.06,0.71,15.5,0.38,1.01,,,0.29,,35.81,89.1,0.66,104.18,0.0,0.0,0.77,711.64,0.04
2024-05-22 05:00:00,25.47,59.39,10.28,9.91,9.78,10.3,13.68,0.71,16.05,0.38,1.01,,,0.29,,35.77,88.79,0.6,76.54,0.0,0.0,3.26,713.44,0.04
2024-05-22 06:00:00,25.47,59.39,9.97,10.01,10.45,9.64,13.52,0.71,17.05,0.38,1.01,,,0.29,,35.93,87.06,0.43,107.11,0.0,0.0,34.73,715.22,0.04
2024-05-22 07:00:00,25.47,59.39,9.96,10.06,9.97,10.1,12.88,0.71,15.75,0.38,1.01,,,0.29,,37.08,79.4,0.46,130.16,0.0,0.0,106.86,714.26,0.04
2024-05-22 08:00:00,25.47,59.39,10.11,9.87,10.05,9.92,12.81,0.71,17.88,0.38,1.01,,,0.29,,37.7,73.48,0.55,143.94,0.0,0.0,315.89,714.48,0.04
2024-05-22 09:00:00,34.02,76.5,10.0,10.14,9.79,9.79,13.54,0.71,19.66,0.38,1.01,,,0.29,,38.77,65.79,0.43,109.14,0.0,0.0,343.83,714.14,0.04
2024-05-22 10:00:00,29.58,67.62,9.94,9.77,10.03,9.84,13.18,0.71,17.95,0.38,1.01,,,0.29,,39.39,61.83,0.53,138.22,0.0,0.0,384.71,713.05,0.04
2024-05-22 11:00:00,25.98,60.41,9.9,9.98,10.2,9.45,12.85,0.71,18.92,0.38,1.01,,,0.29,,40.24,53.03,0.54,143.91,0.0,0.0,317.76,711.33,0.04
2024-05-22 12:00:00,25.76,59.98,9.8,9.97,9.95,10.49,13.23,0.71,19.68,0.38,1.01,,,0.29,,41.13,49.18,0.57,143.11,0.0,0.0,738.49,708.76,0.03
2024-05-22 13:00:00,26.09,60.64,9.73,10.14,9.61,9.87,13.12,0.71,20.86,0.38,1.01,,,0.29,,41.62,47.95,0.46,131.07,0.0,0.0,523.03,705.72,0.04
2024-05-22 14:00:00,25.78,60.02,9.88,10.2,10.0,9.9,12.98,0.71,22.25,0.38,1.01,,,0.29,,41.4,48.66,0.46,99.72,0.0,0.0,193.26,703.2,0.04
2024-05-22 15:00:00,25.5,59.44,9.84,10.02,9.94,9.78,13.93,0.71,23.66,0.38,1.01,,,0.29,,41.66,49.02,0.42,116.24,0.0,0.0,150.64,700.83,0.04
2024-05-22 16:00:00,25.47,59.39,9.75,10.21,9.98,9.71,13.92,0.71,24.64,0.38,1.01,,,0.29,,41.37,51.01,0.71,159.27,0.0,0.0,73.73,,0.04
2024-05-22 17:00:00,22.59,55.94,10.21,9.98,9.63,10.37,13.65,0.74,20.95,0.36,0.9,,,0.29,,39.88,60.15,0.78,162.92,0.0,0.0,31.79,700.72,0.04
2024-05-22 18:00:00,21.14,54.21,9.73,10.02,9.93,10.03,14.12,0.76,18.05,0.35,0.85,,,0.29,,38.8,63.78,0.75,158.44,0.0,0.0,5.2,702.32,0.04
2024-05-22 19:00:00,21.14,54.21,9.98,9.95,9.77,9.63,14.44,0.76,18.08,0.35,0.85,,,0.29,,38.15,68.81,0.58,140.46,0.0,0.0,0.98,706.5,0.04
2024-05-22 20:00:00,21.14,54.21,10.14,10.06,9.53,10.65,14.27,0.76,16.46,0.35,0.85,,,0.29,,37.11,73.62,0.7,155.84,0.0,0.0,0.88,709.02,0.04
2024-05-22 21:00:00,22.81,57.54,10.04,9.95,9.59,10.01,15.28,0.76,17.9,0.35,0.85,,,0.29,,35.69,78.0,0.65,149.34,0.0,0.0,0.85,710.76,0.04
2024-05-22 22:00:00,22.53,56.99,10.06,10.0,9.93,9.64,15.46,0.76,17.5,0.35,0.85,,,0.29,,35.2,79.75,0.62,124.04,0.0,0.0,0.62,712.36,0.04
2024-05-22 23:00:00,21.58,55.1,10.08,9.89,9.7,9.85,15.2,0.76,15.65,0.35,0.85,,,0.29,,35.01,80.92,0.57,125.86,0.0,0.0,0.82,711.91,0.04
2024-05-23 00:00:00,21.26,54.45,9.91,10.07,10.05,10.73,13.74,0.76,16.79,0.35,0.85,,,0.29,,34.81,81.69,0.67,152.86,0.0,0.0,0.86,710.64,0.04
2024-05-23 01:00:00,21.18,54.28,10.14,10.0,10.2,9.06,13.48,0.76,16.75,0.35,0.85,,,0.29,,34.7,82.15,0.42,96.32,0.0,0.0,0.77,708.04,0.04
2024-05-23 02:00:00,21.15,54.23,10.04,9.94,10.12,10.65,13.5,0.76,16.65,0.35,0.85,,,0.29,,34.43,84.16,0.6,20.05,0.0,0.0,0.82,707.27,0.04
2024-05-23 03:00:00,21.62,55.17,9.84,10.1,9.69,9.81,13.57,0.76,16.92,0.35,0.85,,,0.29,,34.33,84.57,0.59,21.74,0.0,0.0,0.77,706.69,0.04
2024-05-23 04:00:00,23.88,59.68,9.93,10.01,9.93,10.01,13.79,0.76,17.89,0.35,0.85,,,0.29,,34.2,85.68,0.6,45.61,0.0,0.0,0.59,705.94,0.04
2024-05-23 05:00:00,23.9,59.74,9.74,9.93,9.91,9.7,13.08,0.76,16.28,0.35,0.85,,,0.29,,33.98,88.18,0.64,34.86,0.0,0.0,4.47,705.6,0.04
2024-05-23 06:00:00,22.93,57.8,9.88,9.98,10.07,9.33,13.35,0.76,16.77,0.35,0.85,,,0.29,,34.7,86.22,0.55,261.77,0.0,0.0,32.26,706.98,0.04
2024-05-23 07:00:00,22.47,56.86,9.73,9.84,9.8,9.61,13.51,0.76,16.98,0.35,0.85,,,0.29,,38.44,76.61,0.4,143.23,0.0,0.0,116.28,707.0,0.04
2024-05-23 08:00:00,22.24,56.41,9.73,9.97,10.54,9.65,13.64,0.76,16.76,0.35,0.85,,,0.29,,40.15,67.36,0.36,78.78,0.0,0.0,288.4,708.32,0.04
2024-05-23 09:00:00,22.04,56.02,9.99,9.95,9.72,9.98,14.17,0.76,18.7,0.35,0.85,,,0.29,,39.45,62.89,0.55,147.22,0.0,0.0,466.71,708.52,0.04
2024-05-23 10:00:00,22.11,56.15,10.14,9.77,9.94,9.34,14.88,0.76,19.97,0.35,0.85,,,0.29,,40.25,58.86,0.56,144.99,0.0,0.0,585.73,707.31,0.04
2024-05-23 11:00:00,22.26,56.45,9.91,9.97,9.91,10.02,13.63,0.76,20.06,0.35,0.85,,,0.29,,41.56,54.16,0.45,133.59,0.0,0.0,344.4,705.84,0.04
2024-05-23 12:00:00,21.94,55.81,9.56,10.04,9.78,10.04,13.91,0.76,21.35,0.35,0.85,,,0.29,,41.22,51.62,0.6,145.21,0.0,0.0,575.38,703.81,0.04
2024-05-23 13:00:00,21.76,55.46,10.31,9.99,10.73,9.97,13.66,0.76,22.62,0.35,0.85,,,0.29,,41.42,50.14,0.47,134.51,0.0,0.0,529.93,700.67,0.04
2024-05-23 14:00:00,21.81,55.55,10.42,10.04,9.98,9.92,13.56,0.76,23.24,0.35,0.85,,,0.29,,41.46,49.86,0.51,134.93,0.0,0.0,227.78,,0.04
2024-05-23 15:00:00,21.95,55.83,9.88,10.0,10.52,9.79,13.7,0.76,24.54,0.35,0.85,,,0.29,,41.29,49.61,0.48,135.11,0.0,0.0,145.93,,0.04
2024-05-23 16:00:00,21.97,55.87,10.38,10.14,10.26,9.75,14.25,0.76,25.2,0.35,0.85,,,0.29,,41.08,49.48,0.5,157.07,0.0,0.0,78.33,,0.04
2024-05-23 17:00:00,21.86,55.66,9.95,10.1,9.96,10.01,13.74,0.76,24.04,0.35,0.85,,,0.29,,40.72,52.43,0.63,171.31,0.0,0.0,43.3,,0.04
2024-05-23 18:00:00,22.0,55.92,10.27,10.22,9.69,9.63,14.26,0.76,19.85,0.35,0.85,,,0.29,,38.41,60.79,0.57,199.68,0.0,0.0,3.78,,0.04
2024-05-23 19:00:00,21.9,55.72,9.99,10.02,10.02,9.93,14.62,0.76,16.9,0.35,0.85,,,0.29,,37.35,66.95,0.57,202.79,0.0,0.0,0.98,700.44,0.04
2024-05-23 20:00:00,21.73,55.4,9.88,10.04,10.23,9.86,14.84,0.76,16.76,0.35,0.85,,,0.29,,36.81,70.57,0.54,174.0,0.0,0.0,0.83,704.22,0.04
2024-05-23 21:00:00,21.81,55.56,10.11,9.82,9.26,9.99,14.76,0.76,19.23,0.35,0.85,,,0.29,,35.98,69.68,0.58,41.53,0.0,0.0,1.67,709.25,0.03
2024-05-23 22:00:00,21.72,55.36,9.84,9.96,9.58,9.83,16.01,0.76,28.19,0.35,0.85,,,0.29,,34.64,70.76,0.34,230.82,0.0,0.0,0.92,707.92,0.04
2024-05-23 23:00:00,21.55,55.02,10.03,10.04,9.49,10.04,15.23,0.76,22.34,0.35,0.85,,,0.29,,34.31,73.87,0.54,284.09,0.0,0.0,0.69,704.52,0.04
2024-05-24 00:00:00,21.42,54.78,10.18,10.0,9.84,10.1,13.18,0.76,22.04,0.35,0.85,,,0.29,,34.32,74.27,0.46,138.8,0.0,0.0,0.85,701.59,0.04
2024-05-24 01:00:00,21.34,54.61,9.92,10.06,10.0,9.64,14.06,0.76,20.29,0.35,0.85,,,0.29,,34.46,75.16,0.55,62.11,0.0,0.0,0.76,701.0,0.04
2024-05-24 02:00:00,21.28,54.49,9.91,9.96,10.47,9.31,14.6,0.76,21.48,0.35,0.85,,,0.29,,34.19,76.46,0.5,66.2,0.0,0.0,0.94,700.98,0.04
2024-05-24 03:00:00,21.24,54.42,10.0,9.86,9.9,9.87,15.27,0.76,21.05,0.35,0.85,,,0.29,,34.42,73.7,0.52,107.72,0.0,0.0,0.86,700.06,0.04
2024-05-24 04:00:00,21.38,54.7,9.94,9.9,9.63,10.26,16.83,0.76,20.16,0.35,0.85,,,0.29,,34.05,78.44,0.63,128.87,0.0,0.0,0.6,700.32,0.04
2024-05-24 05:00:00,21.51,54.93,9.77,9.96,9.71,9.96,16.71,0.76,19.75,0.35,0.85,,,0.29,,34.1,78.18,0.42,54.56,0.0,0.0,3.74,,0.04
2024-05-24 06:00:00,21.46,54.84,9.85,9.82,10.24,9.98,17.44,0.76,19.77,0.35,0.85,,,0.29,,34.51,77.51,0.49,67.81,0.0,0.0,39.64,701.27,0.04
2024-05-24 07:00:00,21.36,54.65,9.82,10.12,10.28,9.68,17.71,0.76,25.97,0.35,0.85,,,0.29,,35.68,75.33,0.68,270.91,0.0,0.0,93.78,703.28,0.04
2024-05-24 08:00:00,21.29,54.52,9.58,10.02,9.99,9.73,17.57,0.76,19.5,0.35,0.85,,,0.29,,36.26,77.68,0.68,266.77,0.0,0.0,150.49,704.48,0.04
2024-05-24 09:00:00,37.87,87.67,10.28,9.94,10.21,9.86,17.8,0.76,19.56,0.35,0.85,,,0.29,,37.57,70.77,0.57,277.5,0.0,0.0,432.14,704.62,0.04
2024-05-24 10:00:00,35.9,83.74,10.0,10.07,10.12,9.64,18.48,0.76,27.02,0.35,0.85,,,0.29,,38.24,67.07,0.52,279.37,0.0,0.0,428.8,702.88,0.04
2024-05-24 11:00:00,24.4,60.74,10.13,9.99,10.04,10.22,17.16,0.76,22.02,0.35,0.85,,,0.29,,39.39,61.53,0.09,270.47,0.0,0.0,326.19,701.56,0.04
2024-05-24 12:00:00,21.14,54.21,9.99,9.93,10.54,9.82,16.92,0.76,23.2,0.35,0.85,,,0.29,,40.64,54.1,0.04,245.82,0.0,0.0,665.59,700.49,0.04
2024-05-24 13:00:00,21.14,54.21,10.15,9.98,10.17,10.34,16.66,0.76,24.66,0.35,0.85,,,0.29,,42.23,50.65,0.06,212.79,0.0,0.0,528.57,,0.04
2024-05-24 14:00:00,21.14,54.21,10.17,10.03,10.07,9.35,16.54,0.76,26.49,0.35,0.85,,,0.29,,41.8,48.08,0.07,200.16,0.0,0.0,233.07,,0.04
2024-05-24 15:00:00,21.14,54.21,9.78,9.87,10.09,10.05,16.72,0.76,25.79,0.35,0.85,,,0.29,,41.78,46.01,0.06,162.35,0.0,0.0,154.69,,0.04
2024-05-24 16:00:00,21.14,54.21,10.23,9.87,9.58,10.31,17.27,0.76,33.23,0.35,0.85,,,0.29,,41.73,46.4,0.39,88.05,0.0,0.0,87.99,,0.04
2024-05-24 17:00:00,21.14,54.21,10.18,10.12,10.14,10.12,16.73,0.76,24.13,0.35,0.85,,,0.29,,40.68,53.79,0.68,139.5,0.0,0.0,35.29,,0.04
2024-05-24 18:00:00,21.14,54.21,9.68,10.01,9.68,9.71,16.26,0.76,22.55,0.35,0.85,,,0.29,,39.34,59.7,0.52,161.69,0.0,0.0,3.74,,0.04
2024-05-24 19:00:00,21.14,54.21,10.25,9.96,9.69,9.89,16.78,0.76,20.62,0.35,0.85,,,0.29,,38.64,61.55,0.73,156.75,0.0,0.0,1.12,,0.04
2024-05-24 20:00:00,21.14,54.21,10.09,10.14,10.09,9.78,17.14,0.76,19.94,0.35,0.85,,,0.29,,37.83,67.16,0.68,153.77,0.0,0.0,1.21,,0.04
2024-05-24 21:00:00,21.14,54.21,9.99,10.03,10.18,9.81,17.45,0.76,22.38,0.35,0.85,,,0.29,,37.07,69.04,0.73,160.91,0.0,0.0,1.08,700.87,0.04
2024-05-24 22:00:00,21.14,54.21,9.74,10.09,10.0,10.32,18.38,0.76,33.83,0.35,0.85,,,0.29,,36.62,69.12,0.7,153.71,0.0,0.0,0.83,701.58,0.04
2024-05-24 23:00:00,21.14,54.21,9.98,9.94,9.94,9.26,17.43,0.76,21.84,0.35,0.85,,,0.29,,36.39,69.54,0.49,80.48,0.0,0.0,0.66,701.36,0.04
2024-05-25 00:00:00,21.14,54.21,9.74,10.01,10.28,9.83,12.93,0.76,21.16,0.35,0.85,,,0.29,,37.09,69.5,0.42,34.92,0.0,0.0,0.79,700.38,0.04
2024-05-25 01:00:00,21.14,54.21,10.05,10.06,10.16,10.26,12.92,0.76,20.91,0.35,0.85,,,0.29,,35.77,71.84,0.6,38.13,0.0,0.0,0.8,,0.04
2024-05-25 02:00:00,21.14,54.21,10.31,10.01,9.66,9.98,12.65,0.76,19.85,0.35,0.85,,,0.29,,35.91,74.3,0.56,69.53,0.0,0.0,0.8,,0.04
2024-05-25 03:00:00,21.14,54.21,9.76,10.04,9.86,9.78,12.05,0.76,20.23,0.35,0.85,,,0.29,,35.76,76.16,0.58,53.64,0.0,0.0,0.89,,0.04
2024-05-25 04:00:00,31.46,74.85,10.22,10.09,9.46,10.02,12.68,0.76,20.44,0.35,0.85,,,0.29,,35.62,77.77,0.4,73.36,0.0,0.0,0.87,,0.04
2024-05-25 05:00:00,25.92,63.78,10.1,10.01,10.3,10.4,12.96,0.76,19.02,0.35,0.85,,,0.29,,35.44,78.92,0.4,168.16,0.0,0.0,2.09,,0.04
2024-05-25 06:00:00,21.14,54.21,9.72,9.94,9.98,10.44,13.73,0.76,18.83,0.35,0.85,,,0.29,,35.66,79.58,0.59,131.45,0.0,0.0,12.44,,0.04
2024-05-25 07:00:00,21.14,54.21,9.63,10.07,9.7,10.46,14.99,0.76,20.2,0.35,0.85,,,0.29,,35.98,79.24,0.49,202.23,0.0,0.0,34.43,,0.04
2024-05-25 08:00:00,21.14,54.21,9.64,10.06,10.3,10.14,15.26,0.76,22.49,0.35,0.85,,,0.29,,36.24,78.8,0.64,131.27,0.0,0.0,36.62,700.84,0.04
2024-05-25 09:00:00,36.65,85.22,9.96,10.13,10.23,9.6,15.98,0.74,19.75,0.34,0.82,,,0.29,,34.56,89.83,0.58,110.25,0.4,0.4,7.68,705.73,0.04
2024-05-25 10:00:00,29.51,70.94,9.94,9.85,10.0,9.68,17.35,0.69,21.94,0.31,0.75,,,0.28,,33.1,96.67,0.58,172.7,0.76,0.76,6.58,702.36,0.04
2024-05-25 11:00:00,22.74,57.42,9.76,9.92,10.04,9.89,17.9,0.69,22.51,0.31,0.75,,,0.28,,33.37,95.74,0.58,210.83,0.35,0.35,19.41,700.33,0.04
2024-05-25 12:00:00,21.96,55.86,9.87,9.93,10.05,9.85,18.74,0.69,19.68,0.31,0.75,,,0.28,,33.91,95.52,0.5,195.44,0.35,0.35,34.64,,0.04
2024-05-25 13:00:00,21.34,54.61,9.75,9.95,10.32,9.42,19.23,0.69,20.37,0.31,0.75,,,0.28,,33.96,95.63,0.54,86.65,0.13,0.13,33.54,,0.04
2024-05-25 14:00:00,30.29,72.5,9.87,9.77,10.12,9.45,19.82,0.69,20.74,0.31,0.75,,,0.28,,33.36,96.54,0.49,68.3,0.0,0.0,18.02,,0.04
2024-05-25 15:00:00,25.87,63.67,9.93,9.92,9.66,10.48,19.06,0.69,20.76,0.31,0.75,,,0.28,,33.7,97.41,0.56,64.55,0.0,0.0,17.59,,0.04
2024-05-25 16:00:00,25.83,63.59,9.94,9.99,9.49,10.65,18.28,0.69,20.37,0.31,0.75,,,0.28,,34.02,96.11,0.62,157.25,0.0,0.0,8.29,,0.04
2024-05-25 17:00:00,44.47,100.87,10.23,10.05,10.09,10.04,18.77,0.69,21.86,0.31,0.75,,,0.28,,34.47,95.44,0.54,226.64,0.0,0.0,9.28,,0.04
2024-05-25 18:00:00,30.88,73.68,9.96,9.9,9.71,10.07,18.89,0.69,19.93,0.31,0.75,,,0.28,,33.8,95.78,0.66,75.1,0.0,0.0,3.64,,0.04
2024-05-25 19:00:00,21.14,54.21,10.03,9.98,10.22,9.98,19.71,0.69,18.82,0.31,0.75,,,0.28,,33.32,96.44,0.55,97.91,0.0,0.0,1.3,,0.04
2024-05-25 20:00:00,21.14,54.21,9.97,9.91,10.18,10.11,19.56,0.69,18.83,0.31,0.75,,,0.28,,33.34,96.25,0.6,82.72,0.0,0.0,1.43,,0.04
2024-05-25 21:00:00,21.14,54.21,10.07,10.02,9.94,10.56,19.26,0.69,18.26,0.31,0.75,,,0.28,,33.48,95.77,0.5,71.68,0.0,0.0,1.51,700.87,0.04
2024-05-25 22:00:00,21.14,54.21,9.57,9.94,10.6,10.35,19.73,0.69,16.66,0.31,0.75,,,0.28,,33.93,94.68,0.57,110.12,0.0,0.0,1.47,703.37,0.04
2024-05-25 23:00:00,21.33,54.59,9.94,10.05,9.83,10.01,20.44,0.69,19.31,0.31,0.75,,,0.28,,33.94,94.55,0.64,57.59,0.0,0.0,1.28,702.72,0.04
2024-05-26 00:00:00,21.25,54.44,9.92,10.02,9.61,9.44,12.56,0.69,16.69,0.31,0.75,,,0.28,,33.71,95.97,0.61,55.21,0.0,0.0,1.14,701.03,0.04
2024-05-26 01:00:00,21.15,54.24,10.01,9.94,9.5,10.21,12.67,0.69,17.5,0.31,0.75,,,0.28,,33.24,96.51,0.48,36.34,0.0,0.0,1.16,,0.04
2024-05-26 02:00:00,21.14,54.21,9.96,9.88,9.96,10.52,12.36,0.69,17.48,0.31,0.75,,,0.28,,33.2,95.2,0.57,120.93,0.0,0.0,1.13,,0.04
2024-05-26 03:00:00,21.14,54.21,9.63,9.86,9.82,10.03,12.12,0.69,17.83,0.31,0.75,,,0.28,,33.26,94.82,0.44,61.22,0.0,0.0,1.12,,0.04
2024-05-26 04:00:00,21.33,54.59,10.25,9.99,10.24,10.25,12.63,0.69,16.89,0.31,0.75,,,0.28,,33.42,94.81,0.63,282.99,0.0,0.0,0.94,,0.04
2024-05-26 05:00:00,31.4,74.73,9.91,9.99,10.18,9.58,13.65,0.69,21.64,0.31,0.75,,,0.28,,33.58,94.81,0.48,167.18,0.0,0.0,3.02,,0.04
2024-05-26 06:00:00,25.79,63.52,10.26,10.09,9.4,10.02,13.04,0.69,17.71,0.31,0.75,,,0.28,,34.06,89.84,0.7,258.98,0.0,0.0,31.84,,0.04
2024-05-26 07:00:00,21.14,54.21,10.09,9.98,9.69,10.64,13.24,0.69,17.95,0.31,0.75,,,0.28,,34.56,83.3,0.72,269.65,0.0,0.0,66.55,,0.04
2024-05-26 08:00:00,21.14,54.21,10.25,9.91,10.48,10.15,12.94,0.69,16.71,0.31,0.75,,,0.28,,35.1,80.05,0.68,273.55,0.0,0.0,149.72,700.0,0.04
2024-05-26 09:00:00,24.11,60.16,10.08,10.14,10.06,10.01,12.8,0.69,19.1,0.31,0.75,,,0.28,,36.78,69.35,0.73,270.34,0.0,0.0,388.28,700.0,0.04
2024-05-26 10:00:00,25.38,62.68,9.87,10.1,9.58,9.91,12.03,0.69,20.88,0.31,0.75,,,0.28,,38.04,61.7,0.71,279.89,0.0,0.0,500.6,,0.03
2024-05-26 11:00:00,25.83,63.59,10.01,10.14,9.83,9.59,11.93,0.69,25.36,0.31,0.75,,,0.28,,39.28,55.54,0.68,277.48,0.0,0.0,347.33,,0.03
2024-05-26 12:00:00,23.09,58.11,9.96,9.91,10.55,10.19,10.3,0.69,24.43,0.31,0.75,,,0.28,,39.96,52.82,0.69,263.08,0.0,0.0,378.74,,0.04
2024-05-26 13:00:00,21.38,54.7,10.33,9.92,10.08,9.97,9.33,0.69,27.95,0.31,0.75,,,0.28,,40.28,51.43,0.73,248.62,0.0,0.0,341.26,,0.04
2024-05-26 14:00:00,21.17,54.28,9.98,9.95,10.04,10.07,8.8,0.69,30.94,0.31,0.75,,,0.28,,41.1,49.56,0.7,264.47,0.0,0.0,226.94,,0.04
2024-05-26 15:00:00,21.14,54.22,10.06,9.86,9.62,9.49,8.34,0.69,32.25,0.31,0.75,,,0.28,,41.52,49.02,0.71,261.55,0.0,0.0,152.69,,0.04
2024-05-26 16:00:00,21.14,54.21,9.89,10.06,10.3,9.78,8.15,0.69,32.54,0.31,0.75,,,0.28,,41.68,50.53,0.46,183.01,0.0,0.0,100.12,,0.04
2024-05-26 17:00:00,21.32,54.57,9.78,10.03,10.02,9.67,9.57,0.69,41.83,0.31,0.75,,,0.28,,41.02,52.89,0.63,88.53,0.0,0.0,40.97,,0.04
2024-05-26 18:00:00,21.26,54.46,10.03,9.89,9.71,9.96,10.29,0.69,23.09,0.31,0.75,,,0.28,,39.81,62.28,0.61,48.17,0.0,0.0,6.94,,0.04
2024-05-26 19:00:00,21.17,54.27,9.91,10.09,10.71,9.74,13.76,0.69,20.6,0.31,0.75,,,0.28,,39.51,60.57,0.57,150.1,0.0,0.0,0.92,,0.04
2024-05-26 20:00:00,21.15,54.23,9.75,10.02,9.86,9.79,14.34,0.69,27.82,0.31,0.75,,,0.28,,38.35,58.4,0.63,233.04,0.0,0.0,1.58,,0.04
2024-05-26 21:00:00,21.14,54.21,9.91,10.11,10.16,9.69,15.12,0.69,19.37,0.31,0.75,,,0.28,,37.93,71.1,0.44,167.28,0.0,0.0,0.94,,0.04
2024-05-26 22:00:00,24.11,60.16,9.92,9.85,10.54,9.38,14.34,0.69,21.58,0.31,0.75,,,0.28,,37.87,72.73,0.54,265.8,0.0,0.0,1.11,,0.04
2024-05-26 23:00:00,23.64,59.23,10.01,9.88,10.0,9.8,14.51,0.69,22.76,0.31,0.75,,,0.28,,37.1,57.21,0.66,264.52,0.0,0.0,0.77,,0.04
2024-05-27 00:00:00,22.3,56.54,10.0,9.94,10.16,9.84,12.11,0.69,27.45,0.31,0.75,,,0.28,,37.13,55.13,0.75,275.67,0.0,0.0,1.22,,0.04
2024-05-27 01:00:00,22.02,55.97,9.87,9.97,10.13,10.77,11.51,0.69,25.1,0.31,0.75,,,0.28,,36.0,63.17,0.7,276.24,0.0,0.0,1.34,,0.04
2024-05-27 02:00:00,24.79,61.52,9.75,10.04,9.96,10.33,10.07,0.69,23.55,0.31,0.75,,,0.28,,35.54,66.4,0.71,256.16,0.0,0.0,0.94,,0.04
2024-05-27 03:00:00,24.24,60.4,10.1,9.99,10.14,9.7,8.96,0.69,23.06,0.31,0.75,,,0.28,,35.27,68.84,0.74,269.19,0.0,0.0,0.95,,0.04
2024-05-27 04:00:00,22.6,57.14,9.94,10.04,10.6,10.19,7.87,0.69,24.7,0.31,0.75,,,0.28,,35.53,64.14,0.76,271.75,0.0,0.0,0.94,,0.03
2024-05-27 05:00:00,22.24,56.42,10.1,10.07,10.04,9.34,7.76,0.69,24.16,0.31,0.75,,,0.28,,35.55,63.93,0.63,273.27,0.0,0.0,1.66,,0.04
2024-05-27 06:00:00,21.85,55.63,9.86,9.96,9.99,10.35,6.75,0.69,26.38,0.31,0.75,,,0.28,,36.42,60.3,0.76,267.47,0.0,0.0,27.31,,0.03
2024-05-27 07:00:00,21.48,54.91,9.82,10.05,10.08,10.09,6.07,0.69,29.4,0.31,0.75,,,0.28,,37.09,61.58,0.69,261.99,0.0,0.0,80.1,,0.03
2024-05-27 08:00:00,21.32,54.56,10.07,9.91,10.14,9.74,5.51,0.69,25.74,0.31,0.75,,,0.28,,37.78,59.71,0.68,266.02,0.0,0.0,188.36,,0.03
2024-05-27 09:00:00,41.66,95.26,10.04,9.94,9.79,9.95,4.59,0.69,26.36,0.31,0.75,,,0.28,,38.21,57.11,0.75,265.82,0.0,0.0,320.4,700.47,0.03
2024-05-27 10:00:00,32.46,76.84,10.19,9.97,10.15,10.09,4.46,0.69,26.58,0.31,0.75,,,0.28,,38.75,54.98,0.76,269.85,0.0,0.0,428.52,,0.03
2024-05-27 11:00:00,22.19,56.32,9.59,10.07,9.84,10.68,4.62,0.69,32.02,0.31,0.75,,,0.28,,39.3,52.06,0.76,270.52,0.0,0.0,321.89,,0.03
2024-05-27 12:00:00,22.61,57.15,9.76,10.01,10.14,10.34,4.43,0.69,28.24,0.31,0.75,,,0.28,,40.1,49.17,0.76,278.0,0.0,0.0,474.65,,0.03
2024-05-27 13:00:00,22.92,57.76,10.09,10.03,10.05,9.87,4.08,0.69,30.68,0.31,0.75,,,0.28,,41.09,48.68,0.78,271.42,0.0,0.0,429.16,,0.03
2024-05-27 14:00:00,21.78,55.48,9.49,10.13,10.16,10.01,4.32,0.69,32.41,0.31,0.75,,,0.28,,42.35,46.71,0.78,270.2,0.0,0.0,248.88,,0.03
2024-05-27 15:00:00,21.57,55.08,10.26,9.96,9.98,10.43,3.98,0.69,32.6,0.31,0.75,,,0.28,,42.18,47.6,0.78,269.56,0.0,0.0,160.68,,0.03
2024-05-27 16:00:00,22.05,56.03,9.74,9.98,9.87,10.39,4.09,0.69,32.72,0.31,0.75,,,0.28,,42.0,49.15,0.78,268.1,0.0,0.0,91.55,,0.03
2024-05-27 17:00:00,21.84,55.6,10.17,10.04,10.66,9.62,4.56,0.69,29.94,0.31,0.75,,,0.28,,41.68,51.0,0.78,263.97,0.0,0.0,39.98,,0.04
2024-05-27 18:00:00,22.05,56.03,10.04,10.07,10.35,10.2,4.98,0.69,28.79,0.31,0.75,,,0.28,,41.0,50.92,0.79,259.24,0.0,0.0,5.19,,0.04
2024-05-27 19:00:00,21.68,55.29,9.87,9.81,10.4,10.25,4.99,0.69,26.62,0.31,0.75,,,0.28,,40.99,50.51,0.78,259.09,0.0,0.0,1.16,,0.03
2024-05-27 20:00:00,22.3,56.54,9.89,10.14,9.86,9.59,5.56,0.69,25.78,0.31,0.75,,,0.28,,41.14,52.43,0.79,258.97,0.0,0.0,1.15,,0.03
2024-05-27 21:00:00,21.89,55.7,9.82,10.15,10.09,10.1,5.64,0.69,28.11,0.31,0.75,,,0.28,,40.67,54.36,0.78,259.85,0.0,0.0,1.13,,0.03
2024-05-27 22:00:00,21.4,54.73,10.21,10.02,10.7,9.5,5.57,0.69,22.68,0.31,0.75,,,0.28,,39.95,56.75,0.64,269.9,0.0,0.0,0.99,,0.04
2024-05-27 23:00:00,21.74,55.4,10.22,10.06,10.07,10.03,6.23,0.69,18.68,0.31,0.75,,,0.28,,39.3,59.59,0.76,261.41,0.0,0.0,0.68,,0.04
2024-05-28 00:00:00,22.23,56.4,9.88,10.07,9.94,9.55,11.64,0.69,22.29,0.31,0.75,,,0.28,,39.85,57.25,0.78,261.1,0.0,0.0,0.76,,0.03
2024-05-28 01:00:00,22.66,57.25,10.3,9.91,9.88,10.17,10.77,0.69,20.72,0.31,0.75,,,0.28,,39.91,59.0,0.78,256.86,0.0,0.0,1.15,,0.03
2024-05-28 02:00:00,22.78,57.5,10.05,10.12,10.37,10.01,10.64,0.69,21.56,0.31,0.75,,,0.28,,39.32,60.86,0.76,256.4,0.0,0.0,1.06,,0.04
2024-05-28 03:00:00,22.13,56.18,9.76,9.94,10.55,9.75,10.13,0.69,18.45,0.31,0.75,,,0.28,,38.11,63.52,0.76,253.54,0.0,0.0,1.18,,0.04
2024-05-28 04:00:00,22.27,56.47,9.93,9.92,9.75,9.84,9.94,0.69,21.25,0.31,0.75,,,0.28,,38.16,63.7,0.76,260.26,0.0,0.0,1.09,,0.03
2024-05-28 05:00:00,22.74,57.41,10.32,9.95,10.04,10.21,10.26,0.69,25.4,0.31,0.75,,,0.28,,37.61,67.86,0.64,306.33,0.0,0.0,2.59,,0.04
2024-05-28 06:00:00,47.38,106.68,10.17,10.03,9.84,9.86,10.74,0.69,22.85,0.31,0.75,,,0.28,,37.37,70.45,0.54,261.21,0.0,0.0,23.16,700.88,0.04
2024-05-28 07:00:00,32.9,77.72,10.44,9.99,9.92,10.06,9.63,0.69,19.59,0.31,0.75,,,0.28,,38.06,65.1,0.73,271.23,0.0,0.0,62.44,701.99,0.03
2024-05-28 08:00:00,21.14,54.21,9.79,9.85,9.93,10.12,9.97,0.69,20.18,0.31,0.75,,,0.28,,38.7,61.16,0.75,274.2,0.0,0.0,141.21,703.69,0.03
2024-05-28 09:00:00,22.43,56.79,10.23,10.01,10.1,10.5,9.02,0.69,21.92,0.31,0.75,,,0.28,,39.98,55.82,0.76,277.61,0.0,0.0,456.05,704.01,0.03
2024-05-28 10:00:00,30.21,63.42,8.25,8.92,8.06,7.85,8.76,0.73,24.19,0.32,0.74,,,0.28,,40.72,52.89,0.77,276.74,0.0,0.0,602.95,703.39,0.03
2024-05-28 11:00:00,31.22,59.36,7.16,7.84,6.57,6.4,8.42,0.76,24.34,0.33,0.74,,,0.27,,41.46,50.97,0.76,279.5,0.0,0.0,349.98,701.01,0.03
2024-05-28 12:00:00,31.82,60.56,7.01,8.06,6.82,6.07,9.44,0.76,27.15,0.33,0.74,,,0.27,,42.32,48.68,0.76,274.92,0.0,0.0,653.36,,0.03
2024-05-28 13:00:00,29.98,56.9,7.12,8.08,6.7,7.07,8.5,0.76,25.84,0.33,0.74,,,0.27,,42.24,48.08,0.78,269.18,0.0,0.0,529.35,,0.03
2024-05-28 14:00:00,28.37,53.67,7.45,8.03,6.54,6.26,8.56,0.76,26.14,0.33,0.74,,,0.27,,42.31,46.92,0.78,270.44,0.0,0.0,264.76,,0.03
2024-05-28 15:00:00,28.17,53.28,7.09,7.82,6.57,6.94,8.5,0.76,28.05,0.33,0.74,,,0.27,,43.18,43.36,0.76,278.36,0.0,0.0,195.97,,0.03
2024-05-28 16:00:00,28.14,53.22,7.2,8.02,6.66,6.79,8.39,0.76,27.95,0.33,0.74,,,0.27,,43.18,43.85,0.78,278.86,0.0,0.0,102.18,,0.03
2024-05-28 17:00:00,28.14,53.21,6.7,7.85,6.66,6.37,8.46,0.76,26.98,0.33,0.74,,,0.27,,42.1,45.73,0.79,268.68,0.0,0.0,61.29,,0.04
2024-05-28 18:00:00,29.26,55.44,7.08,7.86,6.76,6.63,9.92,0.76,26.76,0.33,0.74,,,0.27,,41.44,47.88,0.78,269.05,0.0,0.0,8.78,,0.04
2024-05-28 19:00:00,28.92,54.76,7.17,7.96,6.48,7.04,10.01,0.76,21.39,0.33,0.74,,,0.27,,40.96,48.58,0.78,259.44,0.0,0.0,0.72,,0.04
2024-05-28 20:00:00,28.33,53.59,6.99,8.13,6.48,7.39,11.31,0.76,22.69,0.33,0.74,,,0.27,,41.07,47.98,0.62,184.08,0.0,0.0,1.23,,0.04
2024-05-28 21:00:00,28.19,53.31,6.94,8.12,6.66,6.82,12.83,0.76,20.54,0.33,0.74,,,0.27,,39.84,60.44,0.57,232.0,0.0,0.0,1.1,700.04,0.04
2024-05-28 22:00:00,28.16,53.24,6.78,8.15,6.84,6.73,13.32,0.76,18.51,0.33,0.74,,,0.27,,39.42,64.07,0.5,242.69,0.0,0.0,0.87,700.29,0.04
2024-05-28 23:00:00,28.14,53.22,7.05,7.99,7.0,6.38,14.13,0.76,17.47,0.33,0.74,,,0.27,,39.14,66.66,0.4,241.66,0.0,0.0,0.88,700.03,0.04
2024-05-29 00:00:00,28.14,53.21,7.05,7.9,6.22,6.54,12.9,0.76,24.14,0.33,0.74,,,0.27,,38.81,69.16,0.42,229.21,0.0,0.0,0.78,,0.04
2024-05-29 01:00:00,28.14,53.21,6.94,8.03,6.78,6.3,11.3,0.76,18.72,0.33,0.74,,,0.27,,38.37,75.11,0.41,228.06,0.0,0.0,0.85,,0.04
2024-05-29 02:00:00,28.14,53.21,7.09,8.01,6.62,6.54,11.61,0.76,20.49,0.33,0.74,,,0.27,,38.53,74.89,0.64,254.94,0.0,0.0,0.81,,0.04
2024-05-29 03:00:00,28.14,53.21,6.8,7.99,6.54,7.16,11.26,0.76,19.42,0.33,0.74,,,0.27,,38.01,74.61,0.41,272.88,0.0,0.0,0.86,,0.04
2024-05-29 04:00:00,28.14,53.21,7.15,7.98,6.79,6.24,11.11,0.76,20.21,0.33,0.74,,,0.27,,37.54,78.78,0.45,110.02,0.0,0.0,0.97,,0.04
2024-05-29 05:00:00,28.78,54.48,6.99,8.16,6.56,7.2,11.54,0.76,18.86,0.33,0.74,,,0.27,,37.74,73.27,0.49,95.47,0.0,0.0,3.64,,0.04
2024-05-29 06:00:00,40.64,78.2,6.9,8.01,6.47,6.79,12.66,0.76,29.57,0.33,0.74,,,0.27,,37.79,72.72,0.74,270.06,0.0,0.0,34.37,701.29,0.04
2024-05-29 07:00:00,33.72,64.38,6.74,8.21,6.9,6.64,11.47,0.76,17.64,0.33,0.74,,,0.27,,39.05,60.13,0.76,270.56,0.0,0.0,97.18,702.87,0.03
2024-05-29 08:00:00,28.14,53.21,7.3,8.03,6.39,6.79,11.44,0.76,19.25,0.33,0.74,,,0.27,,40.39,51.4,0.75,271.52,0.0,0.0,262.61,704.36,0.03
2024-05-29 09:00:00,40.24,77.4,7.16,7.92,6.27,7.25,11.09,0.76,22.97,0.33,0.74,,,0.27,,40.87,48.18,0.76,278.24,0.0,0.0,484.28,705.09,0.03
2024-05-29 10:00:00,34.51,65.94,6.94,7.88,6.6,6.98,9.92,0.76,23.83,0.33,0.74,,,0.27,,41.62,44.5,0.75,281.18,0.0,0.0,605.38,703.92,0.03
2024-05-29 11:00:00,29.92,56.77,6.96,8.13,6.83,6.06,9.98,0.76,24.18,0.33,0.74,,,0.27,,42.23,41.17,0.74,282.54,0.0,0.0,316.9,700.97,0.03
2024-05-29 12:00:00,29.92,56.77,7.01,7.95,6.36,5.9,15.79,0.76,26.62,0.33,0.74,,,0.27,,42.7,38.64,0.67,282.29,0.0,0.0,466.55,,0.03
2024-05-29 13:00:00,28.73,54.38,7.04,8.09,6.56,6.69,13.02,0.76,22.37,0.33,0.74,,,0.27,,43.15,36.9,0.64,286.03,0.0,0.0,328.87,,0.03
2024-05-29 14:00:00,28.18,53.28,6.67,8.27,6.22,6.24,10.57,0.76,26.89,0.33,0.74,,,0.27,,43.31,36.61,0.76,257.88,0.0,0.0,218.5,,0.03
2024-05-29 15:00:00,28.14,53.22,7.13,7.79,6.11,6.0,9.07,0.76,29.28,0.33,0.74,,,0.27,,43.26,35.5,0.78,260.23,0.0,0.0,156.66,,0.03
2024-05-29 16:00:00,28.14,53.21,7.22,8.13,6.6,6.49,8.86,0.76,29.69,0.33,0.74,,,0.27,,43.39,34.69,0.78,262.61,0.0,0.0,100.11,,0.04
2024-05-29 17:00:00,28.14,53.21,7.09,7.9,6.38,7.15,8.91,0.76,27.96,0.33,0.74,,,0.27,,42.99,35.3,0.79,258.4,0.0,0.0,44.44,,0.04
2024-05-29 18:00:00,28.14,53.21,6.82,7.88,5.78,6.14,11.42,0.76,27.57,0.33,0.74,,,0.27,,42.54,36.61,0.81,260.12,0.0,0.0,6.7,,0.04
2024-05-29 19:00:00,29.02,54.97,7.04,8.0,5.98,6.5,12.44,0.76,20.6,0.33,0.74,,,0.27,,40.92,47.71,0.61,193.41,0.0,0.0,1.43,,0.04
2024-05-29 20:00:00,28.77,54.47,7.32,7.93,6.42,6.72,13.64,0.76,19.04,0.33,0.74,,,0.27,,39.74,53.22,0.5,217.44,0.0,0.0,1.07,700.88,0.04
2024-05-29 21:00:00,29.31,55.56,6.81,8.04,6.87,6.36,15.41,0.76,21.35,0.33,0.74,,,0.27,,39.27,56.97,0.21,192.39,0.0,0.0,0.85,702.24,0.04
2024-05-29 22:00:00,29.87,56.66,6.96,7.95,6.58,6.36,15.22,0.76,24.06,0.33,0.74,,,0.27,,38.91,60.89,0.53,250.54,0.0,0.0,0.88,703.64,0.04
2024-05-29 23:00:00,29.03,54.99,7.02,8.0,6.49,7.04,14.9,0.76,21.01,0.33,0.74,,,0.27,,38.49,65.94,0.36,218.38,0.0,0.0,0.9,702.46,0.04
2024-05-30 00:00:00,28.38,53.68,6.97,8.18,6.34,7.38,12.94,0.76,28.24,0.33,0.74,,,0.27,,38.28,69.72,0.62,247.8,0.0,0.0,0.85,700.28,0.04
2024-05-30 01:00:00,28.21,53.35,6.91,7.99,6.58,6.9,12.27,0.76,19.98,0.33,0.74,,,0.27,,38.2,71.27,0.58,233.82,0.0,0.0,0.74,,0.04
2024-05-30 02:00:00,28.16,53.26,6.86,7.81,6.69,6.38,11.32,0.76,21.71,0.33,0.74,,,0.27,,37.8,72.4,0.62,245.74,0.0,0.0,0.87,,0.04
2024-05-30 03:00:00,28.14,53.22,6.89,7.86,7.4,6.94,10.66,0.76,23.45,0.33,0.74,,,0.27,,38.33,74.4,0.66,249.43,0.0,0.0,0.87,700.01,0.04
2024-05-30 04:00:00,28.14,53.21,7.19,8.18,6.51,7.16,10.28,0.76,22.02,0.33,0.74,,,0.27,,38.11,76.45,0.46,222.45,0.0,0.0,0.85,700.43,0.04
2024-05-30 05:00:00,28.14,53.21,6.84,7.98,6.6,6.42,9.62,0.76,23.76,0.33,0.74,,,0.27,,37.82,78.58,0.42,236.63,0.0,0.0,3.88,702.29,0.04
2024-05-30 06:00:00,28.14,53.21,7.13,8.06,6.95,6.56,9.8,0.76,25.66,0.33,0.74,,,0.27,,37.88,79.03,0.59,266.44,0.0,0.0,31.55,704.92,0.04
2024-05-30 07:00:00,28.14,53.21,6.89,8.08,6.37,5.7,10.33,0.76,23.53,0.33,0.74,,,0.27,,39.24,72.95,0.38,207.4,0.0,0.0,92.26,706.81,0.04
2024-05-30 08:00:00,28.14,53.21,6.83,8.18,6.16,6.26,10.46,0.76,21.76,0.33,0.74,,,0.27,,40.56,60.84,0.62,257.05,0.0,0.0,246.71,708.0,0.04
2024-05-30 09:00:00,40.11,77.16,7.18,7.86,6.98,6.41,10.84,0.76,22.82,0.33,0.74,,,0.27,,41.51,51.04,0.75,271.35,0.0,0.0,448.68,707.31,0.03
2024-05-30 10:00:00,33.78,64.5,7.29,7.89,6.48,6.24,11.3,0.76,23.38,0.33,0.74,,,0.27,,42.91,43.05,0.68,276.14,0.0,0.0,569.86,706.09,0.04
2024-05-30 11:00:00,29.64,56.22,7.04,7.85,6.83,6.68,10.77,0.76,26.7,0.33,0.74,,,0.27,,44.22,36.84,0.48,300.34,0.0,0.0,314.34,703.87,0.04
2024-05-30 12:00:00,30.12,57.18,6.74,8.05,7.42,6.91,11.33,0.76,31.95,0.33,0.74,,,0.27,,44.93,35.47,0.48,170.13,0.0,0.0,660.42,701.14,0.04
2024-05-30 13:00:00,35.58,68.08,7.32,8.04,6.63,6.42,12.83,0.76,32.66,0.33,0.74,,,0.27,,45.24,34.18,0.36,237.88,0.0,0.0,595.57,,0.04
2024-05-30 14:00:00,31.98,60.89,7.16,8.34,6.8,5.84,10.66,0.76,36.9,0.33,0.74,,,0.27,,45.6,32.54,0.3,199.93,0.0,0.0,269.65,,0.04
2024-05-30 15:00:00,28.66,54.25,7.24,8.03,6.88,6.16,10.93,0.76,41.33,0.33,0.74,,,0.27,,45.55,31.28,0.41,164.44,0.0,0.0,144.24,,0.04
2024-05-30 16:00:00,29.02,54.97,6.91,8.02,6.84,6.74,9.12,0.76,39.42,0.33,0.74,,,0.27,,45.26,31.08,0.38,211.71,0.0,0.0,75.78,,0.04
2024-05-30 17:00:00,29.48,55.89,6.48,7.92,6.57,7.36,8.84,0.76,37.48,0.33,0.74,,,0.27,,44.57,34.56,0.42,192.46,0.0,0.0,38.56,,0.04
2024-05-30 18:00:00,29.09,55.1,6.89,7.85,7.03,6.6,9.37,0.76,30.0,0.33,0.74,,,0.27,,43.27,40.6,0.66,79.4,0.0,0.0,5.56,,0.04
2024-05-30 19:00:00,30.87,58.66,6.98,8.08,6.26,7.65,10.79,0.76,29.66,0.33,0.74,,,0.27,,41.8,53.16,0.67,84.72,0.0,0.0,0.76,701.99,0.04
2024-05-30 20:00:00,29.78,56.5,6.63,8.02,6.62,6.66,9.93,0.76,22.9,0.33,0.74,,,0.27,,40.97,52.78,0.71,160.6,0.0,0.0,1.12,704.24,0.04
2024-05-30 21:00:00,28.48,53.89,6.97,7.85,6.84,6.98,10.6,0.76,24.6,0.33,0.74,,,0.27,,40.13,56.08,0.6,160.24,0.0,0.0,0.95,706.35,0.04
2024-05-30 22:00:00,28.22,53.36,6.78,7.93,6.3,7.16,10.65,0.76,23.06,0.33,0.74,,,0.27,,39.54,61.24,0.5,141.68,0.0,0.0,0.9,706.74,0.04
2024-05-30 23:00:00,28.16,53.25,7.15,8.05,6.67,6.12,10.86,0.76,20.33,0.33,0.74,,,0.27,,38.96,67.32,0.6,153.0,0.0,0.0,0.84,705.46,0.04
2024-05-31 00:00:00,28.14,53.22,6.73,8.16,6.8,6.6,13.04,0.76,23.44,0.33,0.74,,,0.27,,38.39,73.56,0.55,209.04,0.0,0.0,0.88,703.75,0.04
2024-05-31 01:00:00,28.14,53.21,6.34,8.08,6.22,6.94,14.17,0.76,32.18,0.33,0.74,,,0.27,,37.96,77.43,0.5,198.38,0.0,0.0,0.62,703.0,0.04
2024-05-31 02:00:00,28.14,53.21,6.82,8.06,6.31,6.25,13.08,0.76,22.86,0.33,0.74,,,0.27,,37.92,76.18,0.53,150.02,0.0,0.0,0.73,703.62,0.04
2024-05-31 03:00:00,28.14,53.21,7.26,8.07,6.6,6.44,12.93,0.76,23.58,0.33,0.74,,,0.27,,37.7,78.26,0.54,148.1,0.0,0.0,0.85,703.83,0.04
2024-05-31 04:00:00,28.14,53.21,6.88,7.86,7.0,6.84,12.41,0.76,20.17,0.33,0.74,,,0.27,,37.15,82.95,0.38,55.86,0.0,0.0,0.86,704.68,0.04
2024-05-31 05:00:00,28.14,53.21,7.08,7.88,6.48,6.55,12.02,0.76,21.46,0.33,0.74,,,0.27,,36.87,84.67,0.48,76.44,0.0,0.0,3.36,706.69,0.04
2024-05-31 06:00:00,28.14,53.21,6.92,8.09,6.64,7.02,12.16,0.76,23.9,0.33,0.74,,,0.27,,37.17,83.33,0.5,85.38,0.0,0.0,31.0,709.87,0.04
2024-05-31 07:00:00,29.04,55.01,6.86,8.02,6.33,6.46,12.99,0.76,30.9,0.33,0.74,,,0.27,,38.24,77.56,0.52,124.67,0.0,0.0,87.8,710.84,0.04
2024-05-31 08:00:00,28.99,54.91,6.88,8.06,6.38,6.06,12.87,0.76,24.74,0.33,0.74,,,0.27,,39.94,66.65,0.48,192.96,0.0,0.0,233.5,710.34,0.04
2024-05-31 09:00:00,63.19,136.45,7.17,7.89,6.1,6.43,15.14,0.76,30.33,0.33,0.74,,,0.27,,41.07,53.26,0.72,275.77,0.0,0.0,452.42,709.21,0.03
2024-05-31 10:00:00,43.13,83.19,6.8,8.12,6.63,6.47,19.08,0.76,23.07,0.33,0.74,,,0.27,,43.07,40.36,0.48,312.84,0.0,0.0,560.48,707.04,0.04
2024-05-31 11:00:00,29.66,56.25,7.28,7.92,6.21,6.53,15.64,0.76,35.18,0.33,0.74,,,0.27,,44.93,32.84,0.42,181.15,0.0,0.0,299.83,705.47,0.04
2024-05-31 12:00:00,28.57,54.07,7.04,7.96,6.61,6.5,14.46,0.76,34.51,0.33,0.74,,,0.27,,45.83,28.9,0.41,175.84,0.0,0.0,689.2,702.64,0.04
2024-05-31 13:00:00,28.16,53.25,6.99,7.94,6.82,6.42,16.92,0.76,47.38,0.33,0.74,,,0.27,,46.12,31.5,0.56,138.3,0.0,0.0,610.0,700.5,0.04
2024-05-31 14:00:00,28.14,53.21,6.84,8.12,6.87,6.78,14.41,0.76,34.9,0.33,0.74,,,0.27,,45.52,30.65,0.53,122.51,0.0,0.0,283.41,,0.04
2024-05-31 15:00:00,30.1,57.12,6.54,7.92,6.74,7.07,14.17,0.76,41.44,0.33,0.74,,,0.27,,44.78,35.53,0.52,117.66,0.0,0.0,144.08,,0.04
2024-05-31 16:00:00,30.31,57.55,6.94,7.92,6.22,5.95,14.12,0.76,37.56,0.33,0.74,,,0.27,,43.91,39.29,0.54,104.34,0.0,0.0,74.57,,0.04
2024-05-31 17:00:00,33.48,63.88,7.03,7.99,6.76,6.47,13.78,0.76,35.08,0.33,0.74,,,0.27,,42.99,47.55,0.58,122.03,0.0,0.0,41.34,,0.04
2024-05-31 18:00:00,32.1,61.13,7.06,7.82,6.79,6.34,13.59,0.76,29.99,0.33,0.74,,,0.27,,41.64,55.95,0.78,164.69,0.0,0.0,7.27,,0.04
2024-05-31 19:00:00,29.8,56.53,6.86,8.16,6.97,6.06,15.02,0.76,46.02,0.33,0.74,,,0.27,,40.53,57.42,0.75,158.89,0.0,0.0,1.02,702.22,0.04
2024-05-31 20:00:00,29.23,55.38,7.02,7.72,6.49,6.68,14.13,0.76,27.88,0.33,0.74,,,0.27,,39.8,57.2,0.74,155.5,0.0,0.0,0.86,704.7,0.04
2024-05-31 21:00:00,28.61,54.16,7.08,7.92,6.57,6.51,14.8,0.76,23.58,0.33,0.74,,,0.27,,39.26,59.05,0.65,142.56,0.0,0.0,0.88,706.95,0.04
2024-05-31 22:00:00,28.24,53.43,7.1,7.78,6.39,6.07,15.18,0.76,24.46,0.33,0.74,,,0.27,,40.16,62.36,0.58,128.18,0.0,0.0,0.84,709.68,0.04
2024-05-31 23:00:00,37.24,71.41,6.78,7.84,6.24,6.98,14.97,0.76,20.92,0.33,0.74,,,0.27,,40.52,67.97,0.63,149.01,0.0,0.0,0.91,710.49,0.04
2024-06-01 00:00:00,34.0,64.92,7.12,8.02,6.37,6.59,11.96,0.76,18.49,0.33,0.74,,,0.27,,39.67,72.65,0.68,144.24,0.0,0.0,0.84,708.13,0.04
2024-06-01 01:00:00,36.04,69.03,6.6,7.92,6.94,6.72,12.41,0.76,32.08,0.33,0.74,,,0.27,,39.61,77.04,0.66,149.23,0.0,0.0,0.81,704.73,0.04
2024-06-01 02:00:00,32.78,62.49,6.64,8.1,6.76,6.49,11.83,0.76,18.89,0.33,0.74,,,0.27,,39.84,79.4,0.73,158.63,0.0,0.0,0.79,705.1,0.04
2024-06-01 03:00:00,29.2,55.33,7.15,7.92,6.98,6.29,11.47,0.76,19.49,0.33,0.74,,,0.27,,39.0,81.82,0.69,156.25,0.0,0.0,0.87,706.02,0.04
2024-06-01 04:00:00,28.8,54.53,6.95,8.07,6.92,7.14,11.47,0.76,19.16,0.33,0.74,,,0.27,,38.8,83.34,0.69,156.98,0.0,0.0,0.95,708.04,0.04
2024-06-01 05:00:00,29.58,56.09,7.0,8.13,6.56,6.5,10.88,0.76,19.63,0.33,0.74,,,0.27,,38.71,84.35,0.67,154.54,0.0,0.0,1.57,710.76,0.04
2024-06-01 06:00:00,29.31,55.54,6.84,8.17,6.57,5.94,10.73,0.76,25.28,0.33,0.74,,,0.27,,38.72,84.1,0.73,160.77,0.0,0.0,10.71,714.04,0.04
2024-06-01 07:00:00,29.55,56.02,7.31,7.98,6.46,6.54,11.22,0.76,35.84,0.33,0.74,,,0.27,,38.9,84.45,0.74,162.14,0.0,0.0,16.74,716.84,0.04
2024-06-01 08:00:00,29.78,56.49,7.06,7.91,6.36,6.55,10.84,0.76,20.85,0.33,0.74,,,0.27,,38.97,81.19,0.76,160.03,0.0,0.0,44.59,719.06,0.04
2024-06-01 09:00:00,32.21,61.35,7.27,8.06,5.98,6.36,10.2,0.76,25.78,0.33,0.74,,,0.27,,38.32,72.79,0.72,157.06,0.0,0.0,97.02,719.62,0.04
2024-06-01 10:00:00,35.82,68.57,7.19,8.0,6.49,6.71,11.01,0.76,28.32,0.33,0.74,,,0.27,,38.92,67.86,0.6,144.1,0.0,0.0,152.33,717.98,0.04
2024-06-01 11:00:00,33.4,63.74,6.92,7.94,6.74,6.92,10.57,0.76,29.88,0.33,0.74,,,0.27,,40.26,64.44,0.56,141.97,0.0,0.0,230.3,715.68,0.04
2024-06-01 12:00:00,30.98,58.88,6.78,8.0,6.75,6.54,10.63,0.76,30.26,0.33,0.74,,,0.27,,41.14,62.32,0.51,158.44,0.0,0.0,386.75,712.43,0.04
2024-06-01 13:00:00,29.74,56.42,7.01,8.22,6.78,6.62,11.1,0.76,34.24,0.33,0.74,,,0.27,,41.62,59.16,0.46,192.08,0.0,0.0,277.94,708.72,0.04
2024-06-01 14:00:00,29.59,56.11,7.14,7.88,6.36,7.02,10.91,0.76,29.72,0.33,0.74,,,0.27,,41.7,56.8,0.56,154.84,0.0,0.0,164.41,706.15,0.04
2024-06-01 15:00:00,29.47,55.86,6.78,7.9,6.25,6.85,10.36,0.76,28.79,0.33,0.74,,,0.27,,42.14,53.74,0.56,164.47,0.0,0.0,164.39,704.52,0.04
2024-06-01 16:00:00,29.32,55.58,6.77,7.98,6.3,6.4,10.46,0.76,30.36,0.33,0.74,,,0.27,,42.52,49.49,0.55,188.24,0.0,0.0,109.91,704.0,0.04
2024-06-01 17:00:00,29.42,55.76,6.96,7.99,6.94,6.88,10.3,0.76,29.45,0.33,0.74,,,0.27,,41.62,55.96,0.58,143.71,0.0,0.0,32.56,704.34,0.04
2024-06-01 18:00:00,29.8,56.54,6.82,8.02,6.11,6.31,10.0,0.76,26.73,0.33,0.74,,,0.27,,40.43,65.63,0.58,138.0,0.0,0.0,8.21,707.69,0.04
2024-06-01 19:00:00,29.53,55.99,6.66,7.9,7.18,7.5,10.11,0.76,28.22,0.33,0.74,,,0.27,,39.5,74.09,0.73,164.12,0.0,0.0,1.28,710.73,0.04
2024-06-01 20:00:00,50.54,98.0,6.87,7.94,6.7,6.58,10.57,0.76,26.77,0.33,0.74,,,0.27,,38.7,77.71,0.75,162.35,0.0,0.0,1.08,713.64,0.04
2024-06-01 21:00:00,38.22,73.36,6.7,7.88,6.76,6.74,9.83,0.76,21.47,0.33,0.74,,,0.27,,38.23,80.63,0.74,163.36,0.0,0.0,0.94,714.0,0.04
2024-06-01 22:00:00,28.14,53.21,7.07,8.04,6.13,6.08,10.02,0.76,20.51,0.33,0.74,,,0.27,,38.08,81.97,0.72,158.56,0.0,0.0,0.9,714.82,0.04
2024-06-01 23:00:00,28.14,53.21,7.19,8.02,6.79,6.23,9.91,0.76,20.9,0.33,0.74,,,0.27,,37.78,83.73,0.69,162.78,0.0,0.0,1.02,714.43,0.04
2024-06-02 00:00:00,28.14,53.21,6.91,7.9,6.37,6.68,12.97,0.76,22.98,0.33,0.74,,,0.27,,37.75,83.8,0.62,160.91,0.0,0.0,0.96,714.99,0.04
2024-06-02 01:00:00,28.14,53.21,6.71,8.12,6.47,6.48,13.13,0.76,24.13,0.33,0.74,,,0.27,,37.67,84.12,0.71,163.4,0.0,0.0,1.03,714.37,0.04
2024-06-02 02:00:00,46.75,90.42,7.24,7.94,6.2,6.99,13.43,0.76,27.3,0.33,0.74,,,0.27,,37.61,84.42,0.56,183.41,0.0,0.0,0.86,711.77,0.04
2024-06-02 03:00:00,36.76,70.46,6.8,7.81,6.44,7.0,12.56,0.76,22.45,0.33,0.74,,,0.27,,37.53,84.54,0.53,196.44,0.0,0.0,0.94,711.53,0.04
2024-06-02 04:00:00,28.14,53.21,6.58,7.89,6.54,7.12,12.67,0.76,24.01,0.33,0.74,,,0.27,,37.44,83.86,0.53,203.25,0.0,0.0,0.93,712.8,0.04
2024-06-02 05:00:00,28.14,53.21,6.98,8.13,6.4,6.48,12.26,0.76,23.1,0.33,0.74,,,0.27,,37.44,82.71,0.48,205.6,0.0,0.0,2.1,714.73,0.04
2024-06-02 06:00:00,28.14,53.21,6.92,8.11,6.18,7.29,12.1,0.76,23.82,0.33,0.74,,,0.27,,37.66,82.54,0.52,188.64,0.0,0.0,27.7,717.02,0.04
2024-06-02 07:00:00,28.14,53.21,7.12,7.92,6.84,6.55,12.44,0.76,22.84,0.33,0.74,,,0.27,,37.97,80.87,0.54,228.78,0.0,0.0,62.79,719.0,0.04
2024-06-02 08:00:00,28.14,53.21,6.82,8.02,6.27,6.59,13.68,0.76,29.12,0.33,0.74,,,0.27,,38.23,68.8,0.67,258.54,0.0,0.0,104.68,719.67,0.04
2024-06-02 09:00:00,28.14,53.21,6.94,7.97,6.78,6.58,13.19,0.76,22.67,0.33,0.74,,,0.27,,38.46,61.66,0.53,230.06,0.0,0.0,83.42,718.89,0.04
2024-06-02 10:00:00,28.14,53.21,7.14,8.12,6.32,6.58,14.76,0.76,22.0,0.33,0.74,,,0.27,,39.44,59.27,0.42,164.77,0.0,0.0,198.16,717.5,0.04
2024-06-02 11:00:00,28.14,53.21,6.83,8.04,7.1,6.18,13.32,0.76,23.17,0.33,0.74,,,0.27,,40.09,56.22,0.58,276.47,0.0,0.0,151.02,715.84,0.04
2024-06-02 12:00:00,28.14,53.21,7.15,8.09,6.35,6.7,14.73,0.76,20.92,0.33,0.74,,,0.27,,40.48,56.26,0.47,132.99,0.0,0.0,145.45,715.19,0.04
2024-06-02 13:00:00,28.14,53.21,6.74,8.05,6.5,6.72,16.06,0.76,20.22,0.33,0.74,,,0.27,,40.43,58.19,0.51,122.12,0.0,0.0,144.16,713.23,0.04
2024-06-02 14:00:00,28.14,53.21,7.1,8.07,6.86,6.98,17.62,0.76,25.83,0.33,0.74,,,0.27,,40.45,55.56,0.63,166.94,0.0,0.0,144.59,708.94,0.04
2024-06-02 15:00:00,28.14,53.21,6.8,8.02,6.97,7.11,13.86,0.76,26.29,0.33,0.74,,,0.27,,40.36,56.3,0.73,155.56,0.0,0.0,98.6,707.98,0.04
2024-06-02 16:00:00,28.14,53.21,6.71,7.98,6.4,6.35,13.62,0.76,26.01,0.33,0.74,,,0.27,,39.72,63.36,0.76,159.99,0.0,0.0,52.96,707.59,0.04
2024-06-02 17:00:00,28.14,53.21,6.84,8.03,7.12,6.96,13.09,0.76,24.45,0.33,0.74,,,0.27,,38.84,69.84,0.75,164.49,0.0,0.0,30.49,707.99,0.04
2024-06-02 18:00:00,28.14,53.21,7.18,8.15,7.11,6.29,13.09,0.76,25.4,0.33,0.74,,,0.27,,37.97,76.97,0.66,169.38,0.0,0.0,5.61,710.38,0.04
2024-06-02 19:00:00,28.14,53.21,7.05,7.97,6.44,7.6,12.95,0.76,24.31,0.33,0.74,,,0.27,,37.65,77.55,0.54,183.0,0.0,0.0,0.89,715.62,0.04
2024-06-02 20:00:00,28.14,53.21,6.92,7.95,6.92,6.9,14.15,0.76,30.73,0.33,0.74,,,0.27,,37.58,80.66,0.61,175.96,0.0,0.0,0.82,719.13,0.04
2024-06-02 21:00:00,28.14,53.21,7.06,7.82,6.92,6.5,13.07,0.76,25.14,0.33,0.74,,,0.27,,37.67,81.34,0.51,201.29,0.0,0.0,0.92,719.16,0.04
2024-06-02 22:00:00,28.14,53.21,7.01,8.01,6.57,6.7,13.02,0.76,26.18,0.33,0.74,,,0.27,,37.57,77.51,0.5,198.61,0.0,0.0,0.98,720.92,0.04
2024-06-02 23:00:00,28.14,53.21,6.98,7.95,7.1,7.58,12.83,0.76,27.54,0.33,0.74,,,0.27,,37.32,76.71,0.48,208.76,0.0,0.0,1.12,722.44,0.04
2024-06-03 00:00:00,28.14,53.21,7.2,7.89,6.66,6.1,12.94,0.76,27.83,0.33,0.74,,,0.27,,36.25,73.5,0.42,259.48,0.0,0.0,1.29,721.88,0.04
2024-06-03 01:00:00,28.14,53.21,6.9,7.98,6.39,6.89,12.5,0.76,27.3,0.33,0.74,,,0.27,,35.77,75.37,0.43,105.63,0.0,0.0,1.01,720.27,0.04
2024-06-03 02:00:00,28.14,53.21,6.88,8.1,6.84,6.23,12.66,0.76,28.45,0.33,0.74,,,0.27,,35.37,76.2,0.5,237.71,0.0,0.0,0.89,718.89,0.04
2024-06-03 03:00:00,28.14,53.21,7.01,7.99,6.76,6.81,11.79,0.76,27.42,0.33,0.74,,,0.27,,34.72,83.3,0.74,265.98,0.0,0.0,1.35,721.44,0.04
2024-06-03 04:00:00,28.14,53.21,7.17,7.89,6.56,6.38,11.7,0.76,28.38,0.33,0.74,,,0.27,,34.02,87.38,0.51,235.66,0.0,0.0,1.16,722.3,0.04
2024-06-03 05:00:00,28.14,53.21,6.92,8.07,6.77,6.44,11.62,0.76,27.29,0.33,0.74,,,0.27,,34.62,83.96,0.33,191.85,0.0,0.0,1.35,723.38,0.04
2024-06-03 06:00:00,28.14,53.21,6.98,7.99,6.74,6.21,11.58,0.76,25.02,0.33,0.74,,,0.27,,34.85,85.35,0.62,246.74,0.0,0.0,10.39,724.17,0.04
2024-06-03 07:00:00,28.14,53.21,6.99,7.99,6.73,6.26,11.97,0.76,23.41,0.33,0.74,,,0.27,,34.7,88.59,0.7,277.73,0.0,0.0,34.62,723.0,0.04
2024-06-03 08:00:00,28.14,53.21,6.96,8.0,6.36,6.44,15.02,0.76,28.13,0.33,0.74,,,0.27,,34.65,89.14,0.74,271.0,0.0,0.0,74.18,725.63,0.04
2024-06-03 09:00:00,28.14,53.21,7.24,7.94,7.01,6.33,14.36,0.76,22.57,0.33,0.74,,,0.27,,35.41,84.02,0.72,277.9,0.0,0.0,213.56,727.42,0.03
2024-06-03 10:00:00,28.14,53.21,6.94,8.05,6.72,6.45,14.2,0.76,26.28,0.33,0.74,,,0.27,,35.85,78.22,0.65,316.04,0.0,0.0,240.94,726.58,0.04
2024-06-03 11:00:00,28.14,53.21,7.06,7.93,6.24,6.84,14.37,0.76,27.23,0.33,0.74,,,0.27,,37.06,70.89,0.63,293.2,0.0,0.0,277.86,724.95,0.03
2024-06-03 12:00:00,28.14,53.21,6.82,8.14,7.03,6.5,19.36,0.76,26.68,0.33,0.74,,,0.27,,37.95,65.89,0.64,292.76,0.0,0.0,431.49,722.52,0.03
2024-06-03 13:00:00,28.14,53.21,7.29,8.02,6.27,6.45,21.51,0.76,19.62,0.33,0.74,,,0.27,,38.38,63.48,0.66,259.51,0.0,0.0,294.32,718.71,0.03
2024-06-03 14:00:00,28.14,53.21,6.65,7.86,6.6,6.72,21.25,0.76,29.7,0.33,0.74,,,0.27,,38.74,62.37,0.72,265.35,0.0,0.0,224.69,715.62,0.04
2024-06-03 15:00:00,28.14,53.21,6.76,7.96,6.8,5.77,21.52,0.76,32.15,0.33,0.74,,,0.27,,38.99,61.04,0.7,261.28,0.0,0.0,148.95,712.94,0.04
2024-06-03 16:00:00,28.14,53.21,7.08,7.95,6.89,6.58,17.16,0.76,30.14,0.33,0.74,,,0.27,,39.05,59.03,0.72,254.4,0.0,0.0,84.58,711.44,0.04
2024-06-03 17:00:00,28.14,53.21,7.1,7.97,6.57,6.54,14.3,0.76,28.83,0.33,0.74,,,0.27,,38.89,58.74,0.75,266.23,0.0,0.0,34.54,711.24,0.04
2024-06-03 18:00:00,28.14,53.21,7.26,7.93,6.31,6.16,13.54,0.76,25.35,0.33,0.74,,,0.27,,38.43,59.03,0.76,274.69,0.0,0.0,7.73,713.09,0.04
2024-06-03 19:00:00,28.14,53.21,6.97,8.03,6.59,6.9,14.6,0.76,24.16,0.33,0.74,,,0.27,,37.79,64.4,0.74,271.38,0.0,0.0,0.9,716.09,0.04
2024-06-03 20:00:00,28.14,53.21,6.91,7.94,6.04,6.18,17.92,0.76,20.15,0.33,0.74,,,0.27,,37.59,66.82,0.75,277.73,0.0,0.0,0.7,719.05,0.04
2024-06-03 21:00:00,28.14,53.21,6.9,8.1,6.57,6.9,18.45,0.76,20.0,0.33,0.74,,,0.27,,37.39,72.22,0.7,255.02,0.0,0.0,0.85,720.32,0.04
2024-06-03 22:00:00,28.19,53.3,6.95,7.94,6.92,6.38,19.1,0.76,23.1,0.33,0.74,,,0.27,,36.99,76.37,0.65,242.31,0.0,0.0,0.92,721.66,0.04
2024-06-03 23:00:00,28.34,53.6,7.06,7.98,6.94,6.48,19.29,0.76,24.22,0.33,0.74,,,0.27,,36.52,79.92,0.64,243.68,0.0,0.0,0.89,722.0,0.04
2024-06-04 00:00:00,28.42,53.77,7.07,7.71,6.3,7.06,12.9,0.76,27.58,0.33,0.74,,,0.27,,36.25,80.19,0.71,253.7,0.0,0.0,0.87,720.68,0.04
2024-06-04 01:00:00,28.38,53.68,6.94,7.92,5.98,6.86,12.34,0.76,27.17,0.33,0.74,,,0.27,,36.15,76.9,0.69,257.01,0.0,0.0,0.87,718.83,0.04
2024-06-04 02:00:00,28.33,53.58,6.97,7.97,6.6,6.1,12.0,0.76,27.27,0.33,0.74,,,0.27,,35.83,78.49,0.59,315.64,0.0,0.0,0.84,716.59,0.04
2024-06-04 03:00:00,28.28,53.48,6.88,7.93,6.34,6.82,11.41,0.76,24.64,0.33,0.74,,,0.27,,35.57,81.13,0.71,265.57,0.0,0.0,0.87,715.01,0.04
2024-06-04 04:00:00,28.24,53.4,6.92,8.06,6.91,6.23,10.31,0.76,23.38,0.33,0.74,,,0.27,,35.64,80.92,0.52,57.0,0.0,0.0,0.8,716.04,0.04
2024-06-04 05:00:00,28.21,53.34,6.82,7.9,6.56,6.66,10.44,0.76,21.57,0.33,0.74,,,0.27,,35.67,81.0,0.6,213.94,0.0,0.0,2.7,718.68,0.04
2024-06-04 06:00:00,28.19,53.3,6.77,8.09,6.32,7.13,10.11,0.76,21.88,0.33,0.74,,,0.27,,35.78,80.34,0.66,274.97,0.0,0.0,23.8,721.4,0.04
2024-06-04 07:00:00,28.18,53.28,7.07,7.79,6.44,6.57,10.55,0.76,23.05,0.33,0.74,,,0.27,,36.49,76.47,0.57,262.24,0.0,0.0,86.26,724.18,0.04
2024-06-04 08:00:00,28.17,53.26,7.28,8.01,6.68,7.01,11.59,0.76,30.91,0.33,0.74,,,0.27,,37.6,71.88,0.68,274.0,0.0,0.0,212.33,725.88,0.04
2024-06-04 09:00:00,28.33,53.58,6.89,8.17,6.44,6.01,12.22,0.76,34.22,0.33,0.74,,,0.27,,39.83,66.27,0.73,254.68,0.0,0.0,471.13,726.0,0.04
2024-06-04 10:00:00,28.72,54.38,6.94,8.1,6.28,6.04,10.7,0.76,35.31,0.33,0.74,,,0.27,,40.77,60.46,0.72,278.89,0.0,0.0,633.65,724.87,0.03
2024-06-04 11:00:00,29.05,55.02,7.25,8.02,6.71,6.87,10.52,0.76,34.78,0.33,0.74,,,0.27,,41.62,55.68,0.7,272.75,0.0,0.0,295.73,722.5,0.03
2024-06-04 12:00:00,29.21,55.34,6.72,7.94,6.42,6.76,9.4,0.76,32.45,0.33,0.74,,,0.27,,42.48,50.53,0.64,272.36,0.0,0.0,696.78,719.22,0.03
2024-06-04 13:00:00,29.12,55.17,6.58,7.99,6.46,6.16,8.41,0.76,29.02,0.33,0.74,,,0.27,,43.02,47.64,0.55,294.29,0.0,0.0,639.95,716.23,0.03
2024-06-04 14:00:00,29.18,55.3,7.3,7.98,6.83,6.21,8.08,0.76,34.08,0.33,0.74,,,0.27,,43.15,47.77,0.66,267.92,0.0,0.0,309.84,712.75,0.03
2024-06-04 15:00:00,29.44,55.8,6.88,8.19,6.48,7.13,9.09,0.76,38.89,0.33,0.74,,,0.27,,43.18,47.48,0.51,270.85,0.0,0.0,132.85,709.03,0.04
2024-06-04 16:00:00,29.52,55.97,7.13,8.04,6.28,6.52,7.78,0.76,30.02,0.33,0.74,,,0.27,,43.3,46.12,0.68,277.44,0.0,0.0,81.88,707.02,0.03
2024-06-04 17:00:00,29.32,55.58,7.13,7.92,6.26,6.86,11.83,0.76,26.62,0.33,0.74,,,0.27,,42.8,46.82,0.55,298.44,0.0,0.0,39.47,707.84,0.04
2024-06-04 18:00:00,28.97,54.87,7.01,7.98,6.89,6.41,13.32,0.76,28.19,0.33,0.74,,,0.27,,41.94,52.72,0.66,271.07,0.0,0.0,6.41,711.78,0.04
2024-06-04 19:00:00,28.72,54.37,6.93,7.87,6.52,6.71,9.1,0.76,27.88,0.33,0.74,,,0.27,,40.43,64.59,0.7,245.94,0.0,0.0,1.43,715.85,0.04
2024-06-04 20:00:00,28.55,54.02,6.85,8.0,6.76,6.88,9.35,0.76,33.05,0.33,0.74,,,0.27,,39.43,68.85,0.7,250.43,0.0,0.0,1.22,718.61,0.03
2024-06-04 21:00:00,28.43,53.78,6.97,8.02,6.75,5.95,10.68,0.76,30.61,0.33,0.74,,,0.27,,38.87,73.73,0.36,203.62,0.0,0.0,0.69,719.43,0.04
2024-06-04 22:00:00,28.34,53.61,7.06,7.94,6.38,6.52,9.32,0.76,27.94,0.33,0.74,,,0.27,,38.52,78.21,0.6,241.88,0.0,0.0,0.92,721.1,0.04
2024-06-04 23:00:00,28.61,54.14,7.17,7.98,6.81,6.48,9.79,0.76,31.37,0.33,0.74,,,0.27,,38.38,79.8,0.67,251.32,0.0,0.0,0.87,720.01,0.04
2024-06-05 00:00:00,28.99,54.9,6.86,8.13,6.96,5.99,11.59,0.76,31.58,0.33,0.74,,,0.27,,38.29,80.36,0.68,248.57,0.0,0.0,0.9,719.67,0.04
2024-06-05 01:00:00,29.25,55.43,6.94,8.09,6.92,6.33,10.89,0.76,31.44,0.33,0.74,,,0.27,,38.24,79.96,0.68,252.97,0.0,0.0,0.91,717.14,0.04
2024-06-05 02:00:00,29.52,55.97,6.88,8.27,6.15,6.01,10.64,0.76,29.33,0.33,0.74,,,0.27,,38.1,79.41,0.75,261.25,0.0,0.0,0.94,715.9,0.04
2024-06-05 03:00:00,29.62,56.16,6.98,8.01,6.08,7.24,11.5,0.76,33.6,0.33,0.74,,,0.27,,37.77,78.93,0.74,266.71,0.0,0.0,0.89,715.27,0.04
2024-06-05 04:00:00,29.67,56.26,6.96,7.96,6.25,6.43,10.01,0.76,25.1,0.33,0.74,,,0.27,,37.17,73.06,0.76,263.15,0.0,0.0,1.06,716.96,0.04
2024-06-05 05:00:00,29.92,56.75,6.96,7.88,6.37,6.21,10.18,0.76,24.16,0.33,0.74,,,0.27,,37.25,71.12,0.74,270.05,0.0,0.0,3.56,718.3,0.04
2024-06-05 06:00:00,29.78,56.5,6.92,8.1,6.99,6.5,9.87,0.76,23.32,0.33,0.74,,,0.27,,37.5,69.82,0.76,259.5,0.0,0.0,27.04,719.97,0.04
2024-06-05 07:00:00,29.29,55.52,7.2,7.88,6.93,6.7,10.05,0.76,24.37,0.33,0.74,,,0.27,,37.78,70.46,0.74,267.58,0.0,0.0,62.52,722.44,0.04
2024-06-05 08:00:00,28.95,54.82,6.98,8.15,6.5,6.72,9.91,0.76,24.52,0.33,0.74,,,0.27,,38.28,67.69,0.72,261.34,0.0,0.0,87.35,724.38,0.04
2024-06-05 09:00:00,45.03,86.98,6.76,8.0,6.68,6.26,11.42,0.76,26.19,0.33,0.74,,,0.27,,39.64,62.4,0.74,270.28,0.0,0.0,253.06,725.56,0.04
2024-06-05 10:00:00,43.81,84.54,6.94,7.78,6.74,6.08,10.33,0.76,16.59,0.33,0.74,,,0.27,,40.78,59.54,0.74,266.39,0.0,0.0,293.52,724.82,0.03
2024-06-05 11:00:00,28.14,53.21,7.1,7.87,6.89,7.31,10.22,0.76,18.72,0.33,0.74,,,0.27,,41.89,54.3,0.76,270.29,0.0,0.0,392.6,722.68,0.03
2024-06-05 12:00:00,28.14,53.21,6.76,8.13,6.55,6.98,8.72,0.76,32.53,0.33,0.74,,,0.27,,42.12,53.32,0.76,264.21,0.0,0.0,586.66,719.5,0.03
2024-06-05 13:00:00,28.14,53.21,7.3,8.09,6.6,6.79,8.14,0.76,40.87,0.33,0.74,,,0.27,,42.36,52.0,0.76,266.42,0.0,0.0,253.79,716.14,0.03
2024-06-05 14:00:00,28.14,53.21,6.83,7.88,6.67,6.88,7.18,0.76,48.33,0.33,0.74,,,0.27,,42.52,51.32,0.77,265.44,0.0,0.0,230.62,711.73,0.03
2024-06-05 15:00:00,28.68,54.3,6.95,8.12,6.56,6.21,6.86,0.76,93.39,0.33,0.74,,,0.27,,42.59,49.37,0.74,261.8,0.0,0.0,150.16,708.41,0.04
2024-06-05 16:00:00,28.72,54.36,6.95,7.96,6.5,6.38,6.21,0.76,32.17,0.33,0.74,,,0.27,,43.18,44.17,0.78,261.71,0.0,0.0,101.84,708.06,0.03
2024-06-05 17:00:00,28.21,53.35,7.12,7.84,6.65,6.51,5.31,0.76,35.46,0.33,0.74,,,0.27,,42.96,43.6,0.78,265.32,0.0,0.0,54.18,709.38,0.04
2024-06-05 18:00:00,28.15,53.23,7.1,8.09,6.84,7.12,5.43,0.76,26.0,0.33,0.74,,,0.27,,42.3,48.9,0.73,258.8,0.0,0.0,7.45,713.34,0.04
2024-06-05 19:00:00,28.14,53.22,6.83,7.96,6.5,6.41,5.07,0.76,35.37,0.33,0.74,,,0.27,,40.22,60.14,0.61,236.46,0.0,0.0,1.64,716.65,0.03
2024-06-05 20:00:00,28.14,53.21,7.24,8.01,6.34,6.46,6.15,0.76,39.13,0.33,0.74,,,0.27,,38.96,66.64,0.6,156.63,0.0,0.0,1.86,721.55,0.03
2024-06-05 21:00:00,28.14,53.21,7.04,8.01,6.61,6.81,7.38,0.76,61.09,0.33,0.74,,,0.27,,35.99,78.83,0.52,70.2,0.0,0.0,1.48,725.14,0.04
2024-06-05 22:00:00,28.14,53.21,6.68,8.2,6.93,6.64,6.76,0.76,34.75,0.33,0.74,,,0.27,,35.42,83.98,0.56,122.32,0.0,0.0,0.73,729.4,0.04
2024-06-05 23:00:00,28.14,53.21,6.94,8.01,6.82,6.45,5.26,0.76,32.18,0.33,0.74,,,0.27,,34.74,90.79,0.55,78.42,0.0,0.0,0.73,729.18,0.04
2024-06-06 00:00:00,28.14,53.21,6.7,7.95,6.23,6.78,13.77,0.76,34.42,0.33,0.74,,,0.27,,34.62,91.98,0.46,65.65,0.0,0.0,0.66,724.85,0.04
2024-06-06 01:00:00,28.14,53.21,6.81,7.94,6.68,6.33,13.45,0.76,33.16,0.33,0.74,,,0.27,,34.65,91.75,0.58,115.76,0.0,0.0,1.08,723.66,0.04
2024-06-06 02:00:00,28.98,54.9,6.96,8.09,5.95,6.21,12.67,0.76,34.39,0.33,0.74,,,0.27,,34.36,89.46,0.52,113.43,0.0,0.0,1.01,722.49,0.04
2024-06-06 03:00:00,29.89,56.72,6.91,7.93,6.64,6.55,13.0,0.76,47.14,0.33,0.74,,,0.27,,34.24,90.47,0.67,280.46,0.0,0.0,0.65,721.97,0.04
2024-06-06 04:00:00,29.39,55.71,7.15,7.97,5.69,6.3,13.22,0.76,22.9,0.33,0.74,,,0.27,,34.29,90.93,0.72,276.76,0.0,0.0,1.11,720.49,0.04
2024-06-06 05:00:00,28.6,54.12,6.95,7.95,6.45,6.64,13.04,0.76,26.0,0.33,0.74,,,0.27,,34.45,87.24,0.68,265.83,0.0,0.0,3.73,722.92,0.04
2024-06-06 06:00:00,28.31,53.56,7.01,8.13,6.82,6.62,13.51,0.76,28.18,0.33,0.74,,,0.27,,35.11,81.76,0.66,262.64,0.0,0.0,30.75,725.44,0.04
2024-06-06 07:00:00,28.21,53.36,7.12,7.84,7.06,5.76,14.48,0.76,32.36,0.33,0.74,,,0.27,,35.65,83.99,0.67,275.88,0.0,0.0,60.46,725.11,0.04
2024-06-06 08:00:00,28.17,53.27,6.92,7.95,6.88,6.91,15.85,0.76,29.84,0.33,0.74,,,0.27,,36.0,85.32,0.66,296.71,0.0,0.0,87.02,726.89,0.04
2024-06-06 09:00:00,28.82,54.58,6.73,8.01,6.82,6.16,16.21,0.76,37.51,0.33,0.74,,,0.27,,36.87,79.91,0.54,286.27,0.0,0.0,170.68,726.73,0.04
2024-06-06 10:00:00,29.1,55.13,7.14,8.07,6.98,6.65,20.88,0.76,18.62,0.33,0.74,,,0.27,,38.21,71.82,0.32,216.08,0.0,0.0,331.74,728.44,0.04
2024-06-06 11:00:00,28.61,54.14,6.96,7.91,6.53,6.31,22.86,0.76,28.03,0.33,0.74,,,0.27,,39.02,68.26,0.48,259.7,0.0,0.0,298.18,726.68,0.04
2024-06-06 12:00:00,28.69,54.31,6.98,8.0,6.68,6.18,32.86,0.76,39.22,0.33,0.74,,,0.27,,39.9,64.18,0.49,271.5,0.0,0.0,509.42,723.41,0.04
2024-06-06 13:00:00,28.95,54.83,7.01,8.04,7.1,6.97,25.32,0.76,44.89,0.33,0.74,,,0.27,,40.44,61.91,0.52,267.0,0.0,0.0,359.88,720.47,0.04
2024-06-06 14:00:00,29.12,55.18,6.9,7.89,6.28,6.76,16.97,0.76,54.06,0.33,0.74,,,0.27,,40.7,60.42,0.55,199.54,0.0,0.0,256.92,717.53,0.04
2024-06-06 15:00:00,29.46,55.85,7.16,7.95,6.48,7.07,14.95,0.76,79.64,0.33,0.74,,,0.27,,40.63,57.24,0.63,156.56,0.0,0.0,140.72,714.86,0.04
2024-06-06 16:00:00,29.75,56.43,7.07,8.09,6.67,7.25,25.5,0.76,49.16,0.33,0.74,,,0.27,,40.71,56.48,0.55,194.06,0.0,0.0,97.2,712.47,0.04
2024-06-06 17:00:00,29.58,56.08,6.83,8.04,6.86,6.42,16.5,0.76,42.18,0.33,0.74,,,0.27,,40.01,60.62,0.68,169.84,0.0,0.0,46.92,712.28,0.04
2024-06-06 18:00:00,29.6,56.13,7.33,7.98,7.42,6.76,13.35,0.76,41.47,0.33,0.74,,,0.27,,39.02,68.39,0.75,165.92,0.0,0.0,8.74,714.91,0.04
2024-06-06 19:00:00,29.6,56.13,6.91,8.0,6.98,6.7,12.67,0.76,43.76,0.33,0.74,,,0.27,,38.3,71.77,0.7,165.72,0.0,0.0,1.17,718.53,0.04
2024-06-06 20:00:00,29.4,55.74,7.01,7.92,7.12,7.02,12.82,0.76,37.58,0.33,0.74,,,0.27,,37.54,75.84,0.65,167.18,0.0,0.0,0.96,720.77,0.04
2024-06-06 21:00:00,29.39,55.7,6.99,7.9,6.31,6.42,13.15,0.76,47.81,0.33,0.74,,,0.27,,37.23,78.27,0.52,183.42,0.0,0.0,0.83,723.82,0.04
2024-06-06 22:00:00,29.51,55.94,7.1,7.9,6.24,6.31,13.78,0.76,43.59,0.33,0.74,,,0.27,,36.89,80.95,0.53,234.7,0.0,0.0,0.78,724.88,0.04
2024-06-06 23:00:00,29.75,56.44,6.74,7.96,6.94,6.72,13.21,0.76,30.34,0.33,0.74,,,0.27,,36.85,81.1,0.66,248.86,0.0,0.0,0.87,724.2,0.04
2024-06-07 00:00:00,29.62,56.18,6.58,8.06,6.81,6.44,12.78,0.76,33.67,0.33,0.74,,,0.27,,36.75,81.71,0.6,240.41,0.0,0.0,0.87,721.14,0.04
2024-06-07 01:00:00,29.62,56.16,7.09,8.01,6.5,6.85,12.4,0.76,38.75,0.33,0.74,,,0.27,,36.68,82.16,0.71,257.13,0.0,0.0,0.93,718.23,0.04
2024-06-07 02:00:00,29.98,56.88,6.95,8.07,6.01,6.6,11.7,0.76,40.46,0.33,0.74,,,0.27,,36.5,83.56,0.7,253.24,0.0,0.0,0.98,714.39,0.04
2024-06-07 03:00:00,30.09,57.11,7.27,8.03,7.15,6.78,11.24,0.76,48.72,0.33,0.74,,,0.27,,36.38,84.1,0.68,259.6,0.0,0.0,0.9,713.82,0.04
2024-06-07 04:00:00,29.75,56.44,6.96,7.96,6.26,6.64,11.15,0.76,52.06,0.33,0.74,,,0.27,,36.33,84.2,0.68,264.0,0.0,0.0,0.74,716.24,0.04
2024-06-07 05:00:00,29.72,56.36,7.13,8.24,6.36,6.56,10.41,0.76,29.14,0.33,0.74,,,0.27,,36.2,80.79,0.7,262.88,0.0,0.0,3.12,718.36,0.04
2024-06-07 06:00:00,29.91,56.75,6.99,7.9,6.78,6.7,10.46,0.76,28.08,0.33,0.74,,,0.27,,36.29,80.15,0.58,267.76,0.0,0.0,30.61,719.04,0.04
2024-06-07 07:00:00,29.88,56.7,6.94,7.86,5.55,6.82,11.27,0.76,27.53,0.33,0.74,,,0.27,,37.26,74.57,0.62,276.61,0.0,0.0,102.5,719.69,0.04
2024-06-07 08:00:00,29.86,56.66,6.92,8.02,6.65,7.03,11.72,0.76,25.28,0.33,0.74,,,0.27,,38.29,69.48,0.38,233.45,0.0,0.0,160.47,721.25,0.04
2024-06-07 09:00:00,48.65,94.23,6.97,7.96,6.5,6.56,23.49,0.76,24.2,0.33,0.74,,,0.27,,39.4,62.9,0.15,205.95,0.0,0.0,218.39,722.04,0.04
2024-06-07 10:00:00,54.44,105.81,7.13,7.87,6.06,6.28,13.62,0.76,60.44,0.33,0.74,,,0.27,,39.51,64.08,0.56,149.49,0.0,0.0,252.78,721.87,0.04
2024-06-07 11:00:00,34.54,66.02,7.4,7.97,6.68,6.79,12.7,0.76,40.12,0.33,0.74,,,0.27,,40.08,60.13,0.49,152.63,0.0,0.0,267.25,719.99,0.04
2024-06-07 12:00:00,28.24,53.39,7.46,7.87,6.51,7.03,14.61,0.76,40.83,0.33,0.74,,,0.27,,40.77,57.84,0.4,148.4,0.0,0.0,350.06,717.8,0.04
2024-06-07 13:00:00,28.75,54.43,6.77,8.11,6.54,6.46,15.02,0.76,52.51,0.33,0.74,,,0.27,,36.75,74.02,0.57,180.44,0.0,0.0,48.14,718.38,0.04
2024-06-07 14:00:00,29.72,56.38,6.7,8.03,6.18,6.94,16.14,0.76,27.31,0.33,0.74,,,0.27,,34.4,90.74,0.49,270.65,0.0,0.0,30.74,716.81,0.04
2024-06-07 15:00:00,30.49,57.92,7.0,8.07,7.06,6.87,16.09,0.76,40.13,0.33,0.74,,,0.27,,35.28,89.0,0.43,295.0,0.0,0.0,82.64,713.84,0.04
2024-06-07 16:00:00,38.15,73.22,6.85,7.96,7.24,6.93,16.27,0.76,55.86,0.33,0.74,,,0.27,,36.28,84.59,0.42,203.17,0.0,0.0,95.86,710.88,0.04
2024-06-07 17:00:00,36.98,70.9,7.2,7.92,6.59,5.98,16.24,0.76,29.79,0.33,0.74,,,0.27,,36.52,83.07,0.48,235.91,0.0,0.0,50.02,710.82,0.04
2024-06-07 18:00:00,28.14,53.21,7.08,8.0,6.72,6.83,16.43,0.76,29.86,0.33,0.74,,,0.27,,36.46,82.46,0.4,229.61,0.0,0.0,11.8,713.74,0.04
2024-06-07 19:00:00,28.14,53.21,6.88,8.06,6.55,6.8,17.14,0.76,29.7,0.33,0.74,,,0.27,,36.28,81.06,0.31,116.86,0.0,0.0,1.38,716.73,0.04
2024-06-07 20:00:00,35.22,67.37,6.99,8.1,6.78,6.71,19.4,0.76,24.34,0.33,0.74,,,0.27,,36.38,79.72,0.36,142.44,0.0,0.0,1.23,719.98,0.04
2024-06-07 21:00:00,35.3,67.53,7.05,8.16,6.55,6.46,20.85,0.76,30.94,0.33,0.74,,,0.27,,36.29,79.03,0.48,187.0,0.0,0.0,1.25,721.47,0.04
2024-06-07 22:00:00,28.14,53.21,7.0,8.02,6.63,6.49,23.98,0.76,46.62,0.33,0.74,,,0.27,,36.02,81.23,0.52,235.81,0.0,0.0,0.98,722.06,0.04
2024-06-07 23:00:00,28.14,53.21,7.13,7.88,6.58,6.5,23.22,0.76,24.64,0.33,0.74,,,0.27,,35.76,80.91,0.44,208.75,0.0,0.0,0.84,720.93,0.04
2024-06-08 00:00:00,28.14,53.21,7.14,8.01,6.6,6.78,13.89,0.76,28.3,0.33,0.74,,,0.27,,35.53,80.2,0.62,260.49,0.0,0.0,0.87,718.53,0.04
2024-06-08 01:00:00,28.14,53.21,7.04,8.13,6.58,6.93,12.68,0.76,32.24,0.33,0.74,,,0.27,,35.58,77.82,0.62,271.78,0.0,0.0,0.89,715.78,0.04
2024-06-08 02:00:00,28.14,53.21,7.35,7.83,6.66,6.02,11.7,0.76,31.13,0.33,0.74,,,0.27,,35.28,81.07,0.64,223.94,0.0,0.0,0.97,714.95,0.04
2024-06-08 03:00:00,28.14,53.21,6.97,7.82,5.98,6.59,10.12,0.76,31.12,0.33,0.74,,,0.27,,35.24,81.18,0.7,268.76,0.0,0.0,0.91,713.96,0.04
2024-06-08 04:00:00,28.14,53.21,6.8,7.85,6.59,6.54,8.94,0.76,39.29,0.33,0.74,,,0.27,,35.09,82.1,0.56,266.83,0.0,0.0,0.78,714.1,0.04
2024-06-08 05:00:00,28.14,53.21,7.2,7.94,6.17,7.61,7.98,0.76,23.22,0.33,0.74,,,0.27,,35.19,80.98,0.44,250.18,0.0,0.0,2.02,714.69,0.04
2024-06-08 06:00:00,28.14,53.21,6.58,7.99,7.11,6.08,7.52,0.76,26.24,0.33,0.74,,,0.27,,35.02,80.98,0.71,269.47,0.0,0.0,24.96,715.85,0.04
2024-06-08 07:00:00,28.14,53.21,6.72,7.78,6.9,6.51,7.71,0.76,27.33,0.33,0.74,,,0.27,,35.52,79.18,0.5,267.54,0.0,0.0,77.44,718.08,0.04
2024-06-08 08:00:00,28.14,53.21,7.24,7.91,6.47,6.79,7.21,0.76,32.11,0.33,0.74,,,0.27,,36.41,75.29,0.69,262.49,0.0,0.0,161.33,719.54,0.04
2024-06-08 09:00:00,40.28,77.48,6.93,7.92,7.29,6.84,6.54,0.76,30.55,0.33,0.74,,,0.27,,36.56,74.66,0.68,250.14,0.0,0.0,154.56,722.22,0.04
2024-06-08 10:00:00,40.7,78.32,6.94,8.02,6.66,6.68,6.5,0.76,35.97,0.33,0.74,,,0.27,,37.92,69.22,0.56,217.4,0.0,0.0,315.08,722.65,0.04
2024-06-08 11:00:00,29.29,55.5,6.96,8.06,6.49,7.09,6.13,0.76,27.6,0.33,0.74,,,0.27,,38.64,64.6,0.52,237.89,0.0,0.0,289.9,720.84,0.04
2024-06-08 12:00:00,28.16,53.26,7.14,8.1,6.52,6.71,6.46,0.76,42.26,0.33,0.74,,,0.27,,38.78,63.7,0.66,252.3,0.0,0.0,316.66,718.0,0.04
2024-06-08 13:00:00,28.14,53.21,7.01,7.92,6.89,6.64,6.7,0.76,47.63,0.33,0.74,,,0.27,,39.35,61.0,0.64,245.76,0.0,0.0,527.99,714.53,0.04
2024-06-08 14:00:00,28.14,53.21,7.12,7.99,6.42,6.61,6.34,0.76,41.31,0.33,0.74,,,0.27,,40.54,54.82,0.54,242.74,0.0,0.0,382.46,711.64,0.04
2024-06-08 15:00:00,28.14,53.21,7.07,8.18,6.79,6.92,4.94,0.76,46.31,0.33,0.74,,,0.27,,40.1,55.2,0.57,245.66,0.0,0.0,106.9,708.36,0.04
2024-06-08 16:00:00,28.14,53.21,6.88,7.91,6.83,6.36,5.54,0.76,46.02,0.33,0.74,,,0.27,,39.62,57.26,0.58,232.38,0.0,0.0,70.29,706.84,0.04
2024-06-08 17:00:00,28.14,53.21,7.09,8.05,6.48,6.37,4.77,0.76,34.33,0.33,0.74,,,0.27,,39.17,58.07,0.56,221.92,0.0,0.0,36.58,707.72,0.04
2024-06-08 18:00:00,28.14,53.21,7.04,8.14,6.96,6.78,3.5,0.76,35.33,0.33,0.74,,,0.27,,38.59,60.19,0.6,209.93,0.0,0.0,5.86,709.07,0.04
2024-06-08 19:00:00,28.14,53.21,7.05,8.02,6.69,6.65,4.67,0.76,39.66,0.33,0.74,,,0.27,,37.68,69.24,0.63,165.18,0.0,0.0,0.89,710.73,0.04
2024-06-08 20:00:00,28.14,53.21,7.03,7.98,7.02,6.76,5.33,0.76,37.2,0.33,0.74,,,0.27,,37.32,72.0,0.59,186.71,0.0,0.0,0.87,714.5,0.04
2024-06-08 21:00:00,28.14,53.21,6.86,8.08,6.95,6.43,5.74,0.76,39.23,0.33,0.74,,,0.27,,36.85,73.87,0.56,181.5,0.0,0.0,0.87,718.59,0.04
2024-06-08 22:00:00,28.14,53.21,6.92,8.08,6.53,6.4,6.15,0.76,53.11,0.33,0.74,,,0.27,,36.58,75.08,0.51,229.72,0.0,0.0,0.9,720.8,0.04
2024-06-08 23:00:00,28.14,53.21,6.66,7.99,6.95,7.2,6.28,0.76,35.04,0.33,0.74,,,0.27,,35.9,70.37,0.74,257.91,0.0,0.0,1.02,719.46,0.04
2024-06-09 00:00:00,28.14,53.21,6.9,8.01,6.4,6.76,14.08,0.76,36.29,0.33,0.74,,,0.27,,35.84,73.31,0.76,256.05,0.0,0.0,0.95,716.84,0.04
2024-06-09 01:00:00,28.14,53.21,6.99,7.93,6.69,6.67,14.34,0.76,37.3,0.33,0.74,,,0.27,,35.65,73.63,0.56,236.16,0.0,0.0,0.97,713.69,0.04
2024-06-09 02:00:00,28.14,53.21,6.98,7.89,6.41,6.2,13.95,0.76,38.77,0.33,0.74,,,0.27,,35.16,77.58,0.49,230.84,0.0,0.0,0.99,712.29,0.04
2024-06-09 03:00:00,28.14,53.21,7.0,8.15,6.83,6.91,13.46,0.76,36.1,0.33,0.74,,,0.27,,34.92,78.21,0.58,251.66,0.0,0.0,0.98,713.2,0.04
2024-06-09 04:00:00,28.14,53.21,6.8,8.05,6.69,6.49,12.93,0.76,38.01,0.33,0.74,,,0.27,,34.77,81.21,0.58,260.43,0.0,0.0,0.9,713.75,0.04
2024-06-09 05:00:00,28.14,53.21,6.77,8.08,6.96,6.48,12.8,0.76,32.58,0.33,0.74,,,0.27,,34.73,83.48,0.66,253.2,0.0,0.0,4.32,712.9,0.04
2024-06-09 06:00:00,28.14,53.21,6.79,8.0,6.48,6.7,12.56,0.76,33.49,0.33,0.74,,,0.27,,35.2,81.57,0.57,255.9,0.0,0.0,34.8,712.56,0.04
2024-06-09 07:00:00,28.14,53.21,6.98,8.0,6.15,6.92,13.08,0.76,34.07,0.33,0.74,,,0.27,,36.45,74.19,0.51,177.8,0.0,0.0,83.53,714.91,0.04
2024-06-09 08:00:00,28.76,54.45,7.21,7.9,6.91,6.83,13.96,0.76,40.71,0.33,0.74,,,0.27,,37.56,67.18,0.69,261.66,0.0,0.0,187.2,717.35,0.04
2024-06-09 09:00:00,29.35,55.62,6.81,8.0,6.36,6.32,14.7,0.76,40.7,0.33,0.74,,,0.27,,38.38,61.72,0.62,250.19,0.0,0.0,318.39,717.64,0.04
2024-06-09 10:00:00,29.58,56.1,7.15,8.06,6.26,6.55,15.2,0.76,40.04,0.33,0.74,,,0.27,,38.62,60.3,0.57,246.53,0.0,0.0,281.9,716.9,0.04
2024-06-09 11:00:00,29.68,56.29,7.02,8.06,6.75,6.78,14.45,0.76,29.27,0.33,0.74,,,0.27,,38.59,58.85,0.71,260.6,0.0,0.0,269.04,716.14,0.03
2024-06-09 12:00:00,29.58,56.08,7.23,8.0,6.46,6.79,12.98,0.76,31.9,0.33,0.74,,,0.27,,39.1,55.74,0.69,267.17,0.0,0.0,294.07,714.16,0.04
2024-06-09 13:00:00,29.24,55.41,6.88,7.92,6.34,6.38,15.23,0.76,42.49,0.33,0.74,,,0.27,,39.56,52.55,0.7,264.18,0.0,0.0,308.71,711.0,0.04
2024-06-09 14:00:00,28.74,54.41,6.9,8.18,6.76,6.6,15.05,0.76,45.72,0.33,0.74,,,0.27,,39.45,54.22,0.67,269.23,0.0,0.0,189.85,708.42,0.04
2024-06-09 15:00:00,28.66,54.25,7.18,8.1,6.23,6.69,13.76,0.76,41.9,0.33,0.74,,,0.27,,39.17,54.46,0.71,264.48,0.0,0.0,64.68,705.97,0.04
2024-06-09 16:00:00,29.01,54.94,6.42,7.93,6.3,6.71,12.98,0.76,42.49,0.33,0.74,,,0.27,,39.81,52.19,0.7,273.07,0.0,0.0,81.19,704.78,0.04
2024-06-09 17:00:00,29.36,55.65,6.81,7.92,6.36,6.42,13.42,0.76,43.23,0.33,0.74,,,0.27,,39.42,53.28,0.67,262.0,0.0,0.0,35.14,705.92,0.04
2024-06-09 18:00:00,29.21,55.36,7.12,7.85,6.18,6.25,12.83,0.76,40.49,0.33,0.74,,,0.27,,38.97,58.5,0.56,226.78,0.0,0.0,8.36,708.32,0.04
2024-06-09 19:00:00,28.84,54.6,7.21,8.06,7.01,7.02,12.91,0.76,47.68,0.33,0.74,,,0.27,,37.9,66.45,0.57,223.62,0.0,0.0,1.64,711.8,0.04
2024-06-09 20:00:00,28.61,54.14,6.91,8.16,6.68,6.75,13.46,0.76,32.86,0.33,0.74,,,0.27,,36.02,73.64,0.57,237.05,0.0,0.0,1.29,714.87,0.04
2024-06-09 21:00:00,28.46,53.85,6.99,7.94,5.92,6.65,14.4,0.76,39.76,0.33,0.74,,,0.27,,36.0,76.15,0.6,244.96,0.0,0.0,0.82,716.26,0.04
2024-06-09 22:00:00,28.37,53.66,7.32,7.97,7.17,6.17,14.91,0.76,41.2,0.33,0.74,,,0.27,,35.96,79.05,0.59,248.96,0.0,0.0,1.21,717.53,0.04
2024-06-09 23:00:00,38.79,74.52,7.0,7.97,6.57,6.26,16.24,0.76,48.69,0.33,0.74,,,0.27,,35.94,79.76,0.59,246.19,0.0,0.0,0.9,716.08,0.04
2024-06-10 00:00:00,38.2,73.33,7.01,8.03,6.22,6.38,13.64,0.76,31.85,0.33,0.74,,,0.27,,35.93,81.81,0.54,225.52,0.0,0.0,0.9,713.78,0.04
2024-06-10 01:00:00,29.31,55.56,6.83,7.99,6.94,6.23,12.9,0.76,36.47,0.33,0.74,,,0.27,,35.87,83.1,0.57,235.23,0.0,0.0,0.88,711.6,0.04
2024-06-10 02:00:00,29.2,55.34,6.99,7.98,6.44,6.44,12.16,0.76,40.08,0.33,0.74,,,0.27,,35.87,83.54,0.67,248.04,0.0,0.0,0.87,710.55,0.04
2024-06-10 03:00:00,28.27,53.47,6.96,8.19,6.82,7.04,11.17,0.76,36.7,0.33,0.74,,,0.27,,36.24,74.79,0.7,248.82,0.0,0.0,0.92,710.06,0.04
2024-06-10 04:00:00,29.53,55.98,6.88,7.95,6.46,6.38,10.54,0.76,34.65,0.33,0.74,,,0.27,,36.04,74.03,0.71,252.78,0.0,0.0,1.01,710.58,0.04
2024-06-10 05:00:00,32.9,62.72,6.72,7.94,6.42,5.95,10.48,0.76,47.12,0.33,0.74,,,0.27,,35.82,74.02,0.73,256.42,0.0,0.0,3.68,711.24,0.04
2024-06-10 06:00:00,32.44,61.81,6.8,8.0,7.06,6.92,9.94,0.76,27.35,0.33,0.74,,,0.27,,35.96,73.9,0.74,257.73,0.0,0.0,32.41,713.14,0.04
2024-06-10 07:00:00,29.55,56.03,6.87,7.96,6.55,6.36,9.34,0.76,30.9,0.33,0.74,,,0.27,,36.09,74.4,0.74,257.28,0.0,0.0,92.73,714.66,0.04
2024-06-10 08:00:00,29.13,55.19,7.04,7.96,6.65,5.83,10.02,0.76,37.4,0.33,0.74,,,0.27,,36.84,71.55,0.7,249.41,0.0,0.0,182.92,714.9,0.04
2024-06-10 09:00:00,29.94,56.82,6.84,8.09,6.48,6.65,10.31,0.76,24.52,0.33,0.74,,,0.27,,37.78,68.21,0.64,253.92,0.0,0.0,239.27,715.01,0.04
2024-06-10 10:00:00,30.47,57.86,7.11,7.98,6.7,6.92,10.37,0.76,37.73,0.33,0.74,,,0.27,,38.52,64.07,0.65,263.74,0.0,0.0,320.37,714.18,0.04
2024-06-10 11:00:00,40.19,77.31,6.83,8.09,6.35,6.52,12.98,0.76,48.46,0.33,0.74,,,0.27,,38.87,61.95,0.75,255.63,0.0,0.0,200.88,711.45,0.04
2024-06-10 12:00:00,38.47,73.86,7.19,8.04,6.67,6.1,14.04,0.76,43.54,0.33,0.74,,,0.27,,38.2,68.16,0.68,243.21,0.0,0.0,272.61,710.19,0.04
2024-06-10 13:00:00,28.14,53.21,7.07,8.15,6.69,6.73,13.39,0.76,35.12,0.33,0.74,,,0.27,,36.06,83.14,0.36,188.55,0.0,0.0,72.47,709.04,0.04
2024-06-10 14:00:00,31.59,60.11,7.08,8.1,7.2,5.92,13.2,0.76,25.42,0.33,0.74,,,0.27,,36.35,81.77,0.4,209.5,0.0,0.0,93.94,707.36,0.04
2024-06-10 15:00:00,31.68,60.29,6.76,8.02,6.88,7.5,13.48,0.76,50.26,0.33,0.74,,,0.27,,37.18,76.57,0.43,125.77,0.0,0.0,87.62,705.35,0.04
2024-06-10 16:00:00,29.42,55.77,6.85,7.98,6.25,6.63,14.3,0.76,39.72,0.33,0.74,,,0.27,,37.92,71.82,0.42,274.94,0.0,0.0,79.1,704.0,0.04
2024-06-10 17:00:00,29.73,56.39,7.03,7.96,6.39,6.91,15.7,0.76,69.06,0.33,0.74,,,0.27,,37.39,72.69,0.76,268.24,0.0,0.0,19.93,705.7,0.04
2024-06-10 18:00:00,29.05,55.02,6.72,8.13,6.92,6.22,15.31,0.76,24.59,0.33,0.74,,,0.27,,36.83,76.36,0.69,262.52,0.0,0.0,3.54,707.82,0.04
2024-06-10 19:00:00,28.58,54.09,6.79,8.02,6.66,6.29,16.01,0.76,20.95,0.33,0.74,,,0.27,,36.78,76.66,0.48,137.13,0.0,0.0,1.06,710.73,0.04
2024-06-10 20:00:00,28.4,53.73,6.84,7.98,6.96,6.78,16.34,0.76,35.24,0.33,0.74,,,0.27,,36.66,77.59,0.54,175.82,0.0,0.0,0.95,713.38,0.04
2024-06-10 21:00:00,29.17,55.28,6.68,7.89,6.2,6.59,17.6,0.76,26.11,0.33,0.74,,,0.27,,36.52,78.07,0.64,180.57,0.0,0.0,1.02,715.38,0.04
2024-06-10 22:00:00,29.78,56.47,7.05,7.9,6.89,7.16,18.78,0.76,29.12,0.33,0.74,,,0.27,,36.74,75.8,0.62,244.8,0.0,0.0,0.99,716.36,0.04
2024-06-10 23:00:00,30.03,56.98,6.92,7.94,6.77,6.84,20.05,0.76,50.26,0.33,0.74,,,0.27,,36.32,79.52,0.47,203.9,0.0,0.0,0.94,715.54,0.04
2024-06-11 00:00:00,30.5,57.94,6.82,8.05,6.97,6.58,12.45,0.76,17.28,0.33,0.74,,,0.27,,36.18,77.98,0.44,217.96,0.0,0.0,0.96,713.82,0.04
2024-06-11 01:00:00,30.76,58.46,6.63,7.94,6.86,6.68,12.08,0.76,24.78,0.33,0.74,,,0.27,,36.31,75.0,0.73,263.83,0.0,0.0,1.0,711.68,0.04
2024-06-11 02:00:00,29.91,56.75,6.96,8.12,6.72,6.43,12.34,0.76,32.57,0.33,0.74,,,0.27,,36.31,73.4,0.64,266.9,0.0,0.0,0.96,710.55,0.04
2024-06-11 03:00:00,28.65,54.22,7.27,8.07,7.18,6.01,11.64,0.76,31.66,0.33,0.74,,,0.27,,35.96,75.88,0.45,187.87,0.0,0.0,1.13,709.67,0.04
2024-06-11 04:00:00,28.3,53.52,7.0,7.96,6.58,6.22,11.36,0.76,26.96,0.33,0.74,,,0.27,,35.62,78.41,0.74,264.7,0.0,0.0,0.87,709.56,0.04
2024-06-11 05:00:00,28.19,53.31,7.04,8.07,6.76,6.21,11.14,0.76,28.53,0.33,0.74,,,0.27,,35.35,80.5,0.72,272.56,0.0,0.0,2.97,709.88,0.04
2024-06-11 06:00:00,28.16,53.24,7.13,7.91,7.38,6.33,10.85,0.76,25.7,0.33,0.74,,,0.27,,35.48,78.34,0.74,268.61,0.0,0.0,20.41,711.95,0.04
2024-06-11 07:00:00,28.14,53.22,6.82,8.04,6.79,6.18,10.58,0.76,30.48,0.33,0.74,,,0.27,,35.99,77.22,0.74,267.98,0.0,0.0,90.35,714.05,0.04
2024-06-11 08:00:00,28.14,53.22,7.02,7.9,6.49,6.65,10.54,0.76,32.95,0.33,0.74,,,0.27,,37.39,69.52,0.74,273.8,0.0,0.0,196.39,715.45,0.03
2024-06-11 09:00:00,28.38,53.68,6.81,7.97,6.5,6.4,10.6,0.76,26.02,0.33,0.74,,,0.27,,37.87,67.06,0.72,277.18,0.0,0.0,204.18,715.73,0.03
2024-06-11 10:00:00,28.71,54.34,7.03,8.14,6.47,6.08,15.96,0.76,38.16,0.33,0.74,,,0.27,,38.44,63.47,0.73,277.7,0.0,0.0,282.91,714.16,0.03
2024-06-11 11:00:00,30.08,57.09,7.02,8.04,6.51,6.5,20.62,0.76,52.64,0.33,0.74,,,0.27,,39.09,61.72,0.7,274.45,0.0,0.0,287.47,711.74,0.03
2024-06-11 12:00:00,30.84,58.6,7.36,8.0,6.72,6.81,20.38,0.76,51.07,0.33,0.74,,,0.27,,39.8,58.44,0.73,274.62,0.0,0.0,434.27,710.0,0.03
2024-06-11 13:00:00,30.17,57.27,7.37,8.05,6.09,6.4,16.67,0.76,46.61,0.33,0.74,,,0.27,,40.26,56.18,0.74,270.63,0.0,0.0,333.95,707.36,0.03
2024-06-11 14:00:00,29.9,56.72,7.12,8.07,6.28,6.64,13.16,0.76,35.89,0.33,0.74,,,0.27,,40.4,54.82,0.76,266.78,0.0,0.0,216.11,705.39,0.03
2024-06-11 15:00:00,29.82,56.56,6.85,7.98,6.73,6.92,12.34,0.76,44.79,0.33,0.74,,,0.27,,40.61,53.83,0.72,270.74,0.0,0.0,153.39,703.85,0.03
2024-06-11 16:00:00,29.92,56.76,7.1,8.2,6.55,6.42,12.74,0.76,44.9,0.33,0.74,,,0.27,,40.69,53.28,0.68,271.42,0.0,0.0,109.7,702.35,0.04
2024-06-11 17:00:00,30.2,57.32,6.9,8.0,6.98,6.75,12.34,0.76,62.2,0.33,0.74,,,0.27,,40.4,55.55,0.67,257.3,0.0,0.0,61.26,702.11,0.04
2024-06-11 18:00:00,29.88,56.69,7.16,8.2,6.46,6.67,11.79,0.76,42.1,0.33,0.74,,,0.27,,38.63,63.46,0.72,252.65,0.0,0.0,8.23,704.29,0.03
2024-06-11 19:00:00,29.2,55.32,7.52,8.04,6.82,6.67,10.94,0.76,27.23,0.33,0.74,,,0.27,,38.01,66.09,0.74,253.66,0.0,0.0,0.96,707.4,0.04
2024-06-11 20:00:00,28.8,54.54,6.66,8.08,6.6,6.08,11.72,0.76,37.28,0.33,0.74,,,0.27,,38.13,64.21,0.75,263.35,0.0,0.0,0.84,710.07,0.04
2024-06-11 21:00:00,28.57,54.07,7.0,7.98,6.98,6.66,12.43,0.76,43.4,0.33,0.74,,,0.27,,38.16,64.79,0.77,260.26,0.0,0.0,0.86,710.72,0.04
2024-06-11 22:00:00,28.67,54.28,7.1,7.86,6.96,7.02,13.33,0.76,39.47,0.33,0.74,,,0.27,,37.84,65.5,0.76,259.46,0.0,0.0,1.06,711.39,0.04
2024-06-11 23:00:00,28.77,54.48,6.85,8.01,6.33,6.96,13.29,0.76,36.55,0.33,0.74,,,0.27,,37.22,66.95,0.75,266.91,0.0,0.0,1.12,712.51,0.04
2024-06-12 00:00:00,28.92,54.77,7.32,8.01,6.57,7.19,12.58,0.76,34.71,0.33,0.74,,,0.27,,36.67,69.11,0.75,265.52,0.0,0.0,0.87,711.2,0.04
2024-06-12 01:00:00,29.05,55.02,6.98,7.91,7.04,6.6,11.43,0.76,31.09,0.33,0.74,,,0.27,,36.12,73.38,0.75,269.79,0.0,0.0,1.0,710.78,0.04
2024-06-12 02:00:00,29.26,55.45,6.78,7.93,6.37,6.44,11.25,0.76,34.92,0.33,0.74,,,0.27,,35.92,74.85,0.72,269.59,0.0,0.0,0.87,710.86,0.04
2024-06-12 03:00:00,29.64,56.21,6.91,7.98,6.74,6.52,10.96,0.76,35.45,0.33,0.74,,,0.27,,35.85,75.47,0.75,265.88,0.0,0.0,0.87,711.52,0.04
2024-06-12 04:00:00,29.86,56.66,7.19,8.03,6.58,6.97,11.6,0.76,28.04,0.33,0.74,,,0.27,,35.92,76.01,0.72,272.35,0.0,0.0,0.74,711.17,0.03
2024-06-12 05:00:00,30.18,57.28,7.04,7.96,6.51,6.34,11.62,0.76,28.79,0.33,0.74,,,0.27,,36.11,72.17,0.71,277.07,0.0,0.0,3.29,711.74,0.03
2024-06-12 06:00:00,30.1,57.12,7.4,7.9,6.54,6.94,11.32,0.76,33.02,0.33,0.74,,,0.27,,35.86,74.83,0.74,207.15,0.0,0.0,32.84,714.0,0.03
2024-06-12 07:00:00,29.64,56.21,7.18,8.07,6.19,6.3,10.12,0.76,24.12,0.33,0.74,,,0.27,,36.14,70.99,0.71,278.6,0.0,0.0,73.56,715.23,0.03
2024-06-12 08:00:00,29.51,55.96,7.08,8.08,6.66,6.19,10.95,0.76,31.44,0.33,0.74,,,0.27,,36.72,67.72,0.67,284.52,0.0,0.0,139.4,716.55,0.03
2024-06-12 09:00:00,51.68,100.29,7.03,8.06,7.0,6.24,11.52,0.76,26.84,0.33,0.74,,,0.27,,37.98,63.81,0.69,292.19,0.0,0.0,328.15,718.27,0.03
2024-06-12 10:00:00,50.98,98.88,6.93,8.0,5.95,6.7,12.8,0.76,27.92,0.33,0.74,,,0.27,,39.19,59.82,0.75,278.12,0.0,0.0,487.21,717.66,0.03
2024-06-12 11:00:00,30.2,57.32,7.35,7.89,6.96,6.67,13.64,0.76,42.9,0.33,0.74,,,0.27,,39.99,56.23,0.7,279.34,0.0,0.0,271.68,715.19,0.03
2024-06-12 12:00:00,28.91,54.75,6.72,7.9,6.49,6.53,17.49,0.76,54.28,0.33,0.74,,,0.27,,41.06,52.59,0.74,274.87,0.0,0.0,664.94,712.18,0.03
2024-06-12 13:00:00,28.17,53.28,6.78,8.09,6.45,6.39,11.81,0.76,50.71,0.33,0.74,,,0.27,,41.38,51.99,0.75,267.69,0.0,0.0,419.59,710.4,0.03
2024-06-12 14:00:00,28.14,53.22,6.66,7.98,6.95,6.28,13.49,0.76,36.59,0.33,0.74,,,0.27,,41.58,50.38,0.71,273.46,0.0,0.0,252.55,707.92,0.03
2024-06-12 15:00:00,28.14,53.21,7.24,7.98,6.36,6.76,16.23,0.76,35.72,0.33,0.74,,,0.27,,41.5,50.33,0.7,272.15,0.0,0.0,137.48,705.62,0.03
2024-06-12 16:00:00,28.14,53.21,6.68,7.83,6.14,6.62,11.15,0.76,65.12,0.33,0.74,,,0.27,,41.28,50.92,0.76,262.42,0.0,0.0,79.75,704.56,0.03
2024-06-12 17:00:00,28.14,53.21,6.76,8.02,6.0,6.68,,0.76,64.51,0.33,0.74,,,0.27,,39.83,56.01,0.7,139.62,0.0,0.0,13.01,706.29,0.04
2024-06-12 18:00:00,28.91,54.75,6.83,8.16,6.17,5.81,,0.76,60.72,0.33,0.74,,,0.27,,37.49,67.5,0.7,224.09,0.0,0.0,2.93,708.5,0.04
2024-06-12 19:00:00,30.01,56.94,7.31,7.98,6.58,6.24,,0.76,41.81,0.33,0.74,,,0.27,,37.75,67.18,0.66,277.65,0.0,0.0,0.78,710.34,0.04
2024-06-12 20:00:00,30.16,57.25,6.72,8.09,6.84,6.5,,0.76,26.68,0.33,0.74,,,0.27,,37.65,67.1,0.77,268.67,0.0,0.0,0.93,713.69,0.03
2024-06-12 21:00:00,29.24,55.41,6.82,8.06,6.9,7.16,,0.76,48.0,0.33,0.74,,,0.27,,37.39,68.81,0.74,277.79,0.0,0.0,1.2,715.38,0.03
2024-06-12 22:00:00,28.39,53.7,7.08,7.96,6.57,6.6,,0.76,44.44,0.33,0.74,,,0.27,,37.02,70.82,0.76,270.18,0.0,0.0,1.05,716.87,0.04
2024-06-12 23:00:00,28.2,53.33,6.85,7.98,7.35,6.75,,0.76,40.99,0.33,0.74,,,0.27,,36.76,70.25,0.76,269.44,0.0,0.0,0.9,716.66,0.03
2024-06-13 00:00:00,28.16,53.24,7.06,7.86,6.81,6.7,,0.76,39.85,0.33,0.74,,,0.27,,36.26,69.01,0.76,275.2,0.0,0.0,1.02,715.4,0.03
2024-06-13 01:00:00,28.36,53.66,7.47,7.89,6.81,7.1,,0.76,35.28,0.33,0.74,,,0.27,,35.84,72.58,0.73,274.91,0.0,0.0,0.89,713.48,0.03
2024-06-13 02:00:00,28.93,54.79,6.94,8.04,6.6,6.59,,0.76,29.62,0.33,0.74,,,0.27,,36.14,69.14,0.71,278.8,0.0,0.0,0.67,711.92,0.03
2024-06-13 03:00:00,29.52,55.97,6.94,7.86,6.58,6.46,,0.76,30.4,0.33,0.74,,,0.27,,35.85,70.24,0.75,271.21,0.0,0.0,1.06,713.13,0.03
2024-06-13 04:00:00,30.22,57.37,7.03,8.03,6.71,6.67,,0.76,29.33,0.33,0.74,,,0.27,,35.62,72.1,0.72,207.67,0.0,0.0,0.81,714.08,0.03
2024-06-13 05:00:00,30.05,57.03,6.99,8.09,6.59,6.51,,0.76,18.55,0.33,0.74,,,0.27,,35.82,70.56,0.6,274.08,0.0,0.0,3.64,714.26,0.04
2024-06-13 06:00:00,31.05,59.04,6.59,8.01,6.18,6.92,,0.76,19.86,0.33,0.74,,,0.27,,35.72,72.89,0.68,274.09,0.0,0.0,25.78,716.73,0.04
2024-06-13 07:00:00,31.76,60.46,6.94,8.08,6.38,6.63,,0.76,16.48,0.33,0.74,,,0.27,,36.38,70.94,0.69,277.09,0.0,0.0,77.18,717.93,0.03
2024-06-13 08:00:00,30.71,58.34,6.97,8.12,6.62,6.18,,0.76,29.46,0.33,0.74,,,0.27,,37.05,68.65,0.74,270.61,0.0,0.0,154.78,718.88,0.03
2024-06-13 09:00:00,30.04,57.02,7.36,8.09,5.95,7.1,,0.76,19.0,0.33,0.74,,,0.27,,37.99,65.55,0.74,273.25,0.0,0.0,334.62,720.96,0.03
2024-06-13 10:00:00,31.52,59.97,6.96,8.04,6.76,6.45,,0.76,38.87,0.33,0.74,,,0.27,,39.21,60.72,0.72,276.7,0.0,0.0,441.48,719.14,0.03
2024-06-13 11:00:00,38.23,73.4,7.1,8.05,6.63,6.62,,0.76,45.32,0.33,0.74,,,0.27,,40.46,56.31,0.65,211.55,0.0,0.0,281.24,716.2,0.03
2024-06-13 12:00:00,36.32,69.57,7.08,8.04,7.02,6.12,,0.76,56.13,0.33,0.74,,,0.27,,41.11,54.68,0.76,197.52,0.0,0.0,623.16,713.8,0.03
2024-06-13 13:00:00,30.01,56.95,6.95,8.04,5.93,6.93,,0.76,53.2,0.33,0.74,,,0.27,,41.78,52.34,0.77,259.52,0.0,0.0,622.49,711.0,0.03
2024-06-13 14:00:00,30.37,57.66,6.8,7.96,6.79,6.63,,0.76,54.5,0.33,0.74,,,0.27,,42.21,49.71,0.74,268.14,0.0,0.0,338.4,708.1,0.03
2024-06-13 15:00:00,30.15,57.22,6.97,7.96,6.12,7.29,,0.76,56.63,0.33,0.74,,,0.27,,41.57,50.75,0.58,306.0,0.0,0.0,114.93,704.78,0.04
2024-06-13 16:00:00,29.18,55.28,7.16,8.0,6.54,6.95,,0.76,53.71,0.33,0.74,,,0.27,,40.87,52.05,0.66,298.12,0.0,0.0,37.62,704.38,0.04
2024-06-13 17:00:00,28.81,54.54,7.05,7.94,6.83,6.35,,0.76,50.77,0.33,0.74,,,0.27,,39.53,58.3,0.6,184.32,0.0,0.0,20.39,706.36,0.04
2024-06-13 18:00:00,29.08,55.1,7.1,8.14,6.94,6.84,,0.76,52.39,0.33,0.74,,,0.27,,38.18,68.76,0.63,203.84,0.0,0.0,3.38,713.9,0.04
2024-06-13 19:00:00,29.58,56.1,6.77,7.92,6.38,7.18,,0.76,37.02,0.33,0.74,,,0.27,,36.53,82.54,0.55,280.3,0.0,0.0,0.62,713.76,0.04
2024-06-13 20:00:00,29.23,55.38,7.16,7.99,6.18,6.96,,0.76,31.65,0.33,0.74,,,0.27,,36.66,83.29,0.65,277.32,0.0,0.0,0.48,715.2,0.04
2024-06-13 21:00:00,29.09,55.1,7.21,8.04,6.04,6.45,,0.76,29.4,0.33,0.74,,,0.27,,36.44,79.8,0.46,252.87,0.0,0.0,1.44,716.88,0.04
2024-06-13 22:00:00,29.96,56.86,6.74,8.09,6.84,6.24,,0.76,28.26,0.33,0.74,,,0.27,,36.76,77.78,0.7,279.08,0.0,0.0,2.04,717.26,0.04
2024-06-13 23:00:00,29.52,55.97,6.9,7.89,6.26,6.64,,0.76,31.18,0.33,0.74,,,0.27,,36.59,77.62,0.72,271.73,0.0,0.0,1.98,716.33,0.04
2024-06-14 00:00:00,29.12,55.16,6.92,8.01,6.34,6.48,,0.76,32.96,0.33,0.74,,,0.27,,36.88,75.9,0.74,268.71,0.0,0.0,1.83,712.69,0.04
2024-06-14 01:00:00,29.88,56.7,7.06,7.95,6.83,6.76,,0.76,35.8,0.33,0.74,,,0.27,,36.89,75.83,0.76,259.88,0.0,0.0,1.62,710.16,0.04
2024-06-14 02:00:00,29.65,56.24,6.9,7.79,6.42,6.73,,0.76,26.38,0.33,0.74,,,0.27,,36.8,80.37,0.67,268.95,0.0,0.0,1.37,709.84,0.04
2024-06-14 03:00:00,29.67,56.27,6.77,8.11,6.43,6.96,,0.76,29.04,0.33,0.74,,,0.27,,36.68,79.39,0.75,265.55,0.0,0.0,1.33,710.0,0.04
2024-06-14 04:00:00,31.27,59.47,7.02,8.06,6.44,6.05,,0.76,21.82,0.33,0.74,,,0.27,,36.35,82.59,0.74,267.75,0.0,0.0,1.39,710.35,0.04
2024-06-14 05:00:00,31.64,60.22,7.07,7.91,6.42,6.14,,0.76,22.44,0.33,0.74,,,0.27,,36.52,81.67,0.67,276.56,0.0,0.0,4.98,711.56,0.04
2024-06-14 06:00:00,30.46,57.84,7.04,8.22,7.13,6.81,,0.76,25.95,0.33,0.74,,,0.27,,36.71,78.91,0.76,267.2,0.0,0.0,31.15,713.36,0.03
2024-06-14 07:00:00,29.94,56.8,6.47,7.75,6.74,6.43,,0.76,30.8,0.33,0.74,,,0.27,,37.06,76.27,0.59,282.21,0.0,0.0,72.68,715.34,0.04
2024-06-14 08:00:00,30.12,57.18,6.86,7.93,6.67,6.84,,0.76,20.15,0.33,0.74,,,0.27,,38.38,68.8,0.7,283.6,0.0,0.0,170.71,716.63,0.03
2024-06-14 09:00:00,38.91,74.74,7.19,7.91,6.79,6.63,,0.76,20.5,0.33,0.74,,,0.27,,39.48,61.89,0.71,283.36,0.0,0.0,329.39,717.02,0.03
2024-06-14 10:00:00,38.01,72.95,7.28,8.07,6.48,6.76,,0.76,20.52,0.33,0.74,,,0.27,,40.46,58.03,0.7,281.02,0.0,0.0,446.69,715.6,0.03
2024-06-14 11:00:00,35.38,67.68,6.66,7.93,6.92,6.48,,0.76,21.29,0.33,0.74,,,0.27,,41.71,54.46,0.75,271.03,0.0,0.0,274.75,714.57,0.03
2024-06-14 12:00:00,53.88,104.69,7.22,7.98,6.65,6.25,,0.76,50.74,0.33,0.74,,,0.27,,42.44,50.8,0.77,271.24,0.0,0.0,672.36,711.96,0.03
2024-06-14 13:00:00,71.96,140.84,6.84,8.01,6.9,6.7,,0.76,76.27,0.33,0.74,,,0.27,,43.09,47.36,0.72,283.95,0.0,0.0,595.08,709.08,0.03
2024-06-14 14:00:00,52.04,101.01,6.99,8.07,6.83,5.98,,0.76,31.66,0.33,0.74,,,0.27,,43.34,46.42,0.71,287.88,0.0,0.0,300.56,706.7,0.03
2024-06-14 15:00:00,28.14,53.21,7.16,7.74,6.76,6.23,,0.76,41.04,0.33,0.74,,,0.27,,43.11,46.32,0.66,281.22,0.0,0.0,148.07,702.96,0.03
2024-06-14 16:00:00,28.14,53.21,7.53,7.92,6.39,6.49,,0.76,45.6,0.33,0.74,,,0.27,,42.36,46.71,0.76,269.77,0.0,0.0,100.93,702.36,0.03
2024-06-14 17:00:00,28.14,53.21,6.7,7.94,6.92,6.82,,0.76,36.76,0.33,0.74,,,0.27,,42.26,46.63,0.73,285.77,0.0,0.0,53.5,705.22,0.03
2024-06-14 18:00:00,28.14,53.21,7.13,8.07,6.69,6.33,,0.76,38.26,0.33,0.74,,,0.27,,41.7,50.29,0.71,281.51,0.0,0.0,8.71,707.64,0.04
2024-06-14 19:00:00,28.14,53.21,6.86,7.87,7.18,6.6,,0.76,41.52,0.33,0.74,,,0.27,,40.96,52.92,0.71,327.3,0.0,0.0,0.88,710.03,0.04
2024-06-14 20:00:00,28.14,53.21,6.88,8.08,6.57,6.88,,0.76,36.98,0.33,0.74,,,0.27,,39.85,56.2,0.54,99.69,0.0,0.0,1.07,712.06,0.04
2024-06-14 21:00:00,28.14,53.21,6.69,7.99,6.48,6.67,,0.76,40.53,0.33,0.74,,,0.27,,39.33,57.67,0.62,112.93,0.0,0.0,0.84,715.19,0.04
2024-06-14 22:00:00,28.14,53.21,6.77,7.98,6.65,6.41,,0.76,43.36,0.33,0.74,,,0.27,,39.06,61.14,0.42,163.49,0.0,0.0,1.02,717.06,0.04
2024-06-14 23:00:00,28.14,53.21,7.34,8.1,6.19,5.88,,0.76,45.33,0.33,0.74,,,0.27,,38.18,68.08,0.71,216.74,0.0,0.0,1.26,713.79,0.04
2024-06-15 00:00:00,28.14,53.21,7.22,7.92,6.46,6.52,,0.76,38.76,0.33,0.74,,,0.27,,37.81,69.84,0.76,266.8,0.0,0.0,0.73,710.99,0.04
2024-06-15 01:00:00,28.14,53.21,7.08,7.94,7.0,6.67,,0.76,28.81,0.33,0.74,,,0.27,,37.45,69.08,0.74,264.32,0.0,0.0,0.88,709.84,0.04
2024-06-15 02:00:00,28.14,53.21,7.25,7.75,6.7,6.47,,0.76,26.68,0.33,0.74,,,0.27,,37.63,66.92,0.74,268.56,0.0,0.0,0.7,708.93,0.04
2024-06-15 03:00:00,28.14,53.21,6.74,8.04,6.82,5.88,,0.76,27.06,0.33,0.74,,,0.27,,37.42,67.78,0.76,265.26,0.0,0.0,0.88,708.0,0.04
2024-06-15 04:00:00,28.14,53.21,7.3,8.21,6.39,6.43,,0.76,26.87,0.33,0.74,,,0.27,,36.85,70.9,0.68,267.08,0.0,0.0,0.93,708.99,0.04
2024-06-15 05:00:00,28.14,53.21,7.0,8.13,6.53,6.78,,0.76,24.47,0.33,0.74,,,0.27,,36.86,69.18,0.76,272.58,0.0,0.0,2.93,709.9,0.03
2024-06-15 06:00:00,28.14,53.21,7.15,7.99,6.8,7.13,,0.76,20.44,0.33,0.74,,,0.27,,37.02,67.07,0.76,269.18,0.0,0.0,30.68,711.71,0.03
2024-06-15 07:00:00,28.14,53.21,7.19,8.01,6.92,6.6,,0.76,20.24,0.33,0.74,,,0.27,,37.4,65.96,0.73,279.53,0.0,0.0,65.85,713.27,0.03
2024-06-15 08:00:00,28.14,53.21,6.87,7.97,6.65,6.22,,0.76,19.52,0.33,0.74,,,0.27,,38.51,62.42,0.71,285.71,0.0,0.0,164.85,713.08,0.03
2024-06-15 09:00:00,28.37,53.67,7.14,8.07,6.56,6.59,,0.76,21.25,0.33,0.74,,,0.27,,39.98,56.61,0.72,283.9,0.0,0.0,334.08,713.23,0.03
2024-06-15 10:00:00,28.66,54.25,7.1,8.04,7.08,6.38,,0.76,21.64,0.33,0.74,,,0.27,,40.98,52.5,0.68,287.69,0.0,0.0,447.47,711.94,0.03
2024-06-15 11:00:00,29.1,55.12,7.21,8.02,6.64,6.84,,0.76,31.59,0.33,0.74,,,0.27,,42.08,48.76,0.64,313.07,0.0,0.0,260.71,710.8,0.03
2024-06-15 12:00:00,29.79,56.51,7.02,7.92,6.39,6.12,,0.76,33.43,0.33,0.74,,,0.27,,42.59,47.22,0.65,297.9,0.0,0.0,621.34,708.46,0.03
2024-06-15 13:00:00,35.71,68.36,7.49,7.86,6.7,6.74,,0.76,45.92,0.33,0.74,,,0.27,,42.89,45.55,0.63,303.63,0.0,0.0,405.02,705.74,0.03
2024-06-15 14:00:00,35.24,67.42,6.92,8.05,6.39,6.16,,0.76,51.9,0.33,0.74,,,0.27,,42.85,45.09,0.62,325.37,0.0,0.0,162.27,703.6,0.04
2024-06-15 15:00:00,30.28,57.48,6.95,8.06,6.65,6.36,,0.76,46.26,0.33,0.74,,,0.27,,43.0,44.86,0.69,287.02,0.0,0.0,111.34,700.81,0.03
2024-06-15 16:00:00,30.23,57.39,7.04,8.02,6.56,6.72,,0.76,49.29,0.33,0.74,,,0.27,,42.45,44.98,0.72,279.23,0.0,0.0,73.47,,0.03
2024-06-15 17:00:00,29.0,54.94,6.84,8.1,6.84,6.41,,0.76,46.98,0.33,0.74,,,0.27,,42.07,45.04,0.7,291.68,0.0,0.0,45.92,701.34,0.03
2024-06-15 18:00:00,28.19,53.32,7.28,7.93,6.88,6.1,,0.76,42.0,0.33,0.74,,,0.27,,41.75,45.92,0.59,311.43,0.0,0.0,8.08,703.52,0.04
2024-06-15 19:00:00,28.14,53.22,6.98,8.07,7.16,7.32,,0.76,33.06,0.33,0.74,,,0.27,,40.94,49.86,0.76,265.58,0.0,0.0,0.94,706.76,0.04
2024-06-15 20:00:00,29.46,55.86,6.99,7.96,6.53,6.74,,0.76,20.69,0.33,0.74,,,0.27,,40.42,53.09,0.56,282.1,0.0,0.0,0.84,709.64,0.04
2024-06-15 21:00:00,30.86,58.66,6.72,8.04,6.2,6.4,,0.76,18.54,0.33,0.74,,,0.27,,39.93,54.78,0.54,139.88,0.0,0.0,0.9,711.92,0.04
2024-06-15 22:00:00,29.88,56.69,6.85,8.09,6.2,6.68,,0.76,18.08,0.33,0.74,,,0.27,,39.53,55.9,0.61,283.78,0.0,0.0,0.87,713.03,0.04
2024-06-15 23:00:00,30.41,57.75,7.1,8.1,6.84,6.1,,0.76,28.7,0.33,0.74,,,0.27,,39.74,53.18,0.74,269.59,0.0,0.0,0.76,711.55,0.04
2024-06-16 00:00:00,31.15,59.22,7.28,8.16,6.58,7.06,,0.76,27.37,0.33,0.74,,,0.27,,39.37,54.8,0.65,307.87,0.0,0.0,0.97,710.75,0.04
2024-06-16 01:00:00,30.54,58.01,7.08,8.09,6.7,7.03,,0.76,34.17,0.33,0.74,,,0.27,,38.65,60.12,0.54,297.76,0.0,0.0,1.0,708.6,0.04
2024-06-16 02:00:00,30.76,58.46,7.02,8.11,6.32,6.71,,0.76,31.27,0.33,0.74,,,0.27,,38.26,61.67,0.45,275.73,0.0,0.0,0.75,707.92,0.04
2024-06-16 03:00:00,30.98,58.9,6.86,7.92,7.33,6.64,,0.76,30.52,0.33,0.74,,,0.27,,37.72,64.51,0.64,254.36,0.0,0.0,0.87,707.65,0.04
2024-06-16 04:00:00,29.99,56.91,6.86,7.84,6.89,6.68,,0.76,28.65,0.33,0.74,,,0.27,,37.3,67.36,0.74,276.13,0.0,0.0,0.86,709.04,0.04
2024-06-16 05:00:00,28.67,54.26,6.96,7.88,6.64,6.91,,0.76,28.73,0.33,0.74,,,0.27,,37.04,68.65,0.77,260.98,0.0,0.0,2.47,712.08,0.04
2024-06-16 06:00:00,28.3,53.53,6.95,7.93,6.47,6.37,,0.76,30.85,0.33,0.74,,,0.27,,37.41,68.23,0.77,264.5,0.0,0.0,29.88,715.18,0.04
2024-06-16 07:00:00,28.58,54.09,7.36,7.98,6.68,6.69,,0.76,25.32,0.33,0.74,,,0.27,,38.76,60.35,0.72,276.92,0.0,0.0,99.48,716.86,0.03
2024-06-16 08:00:00,28.66,54.26,7.02,7.99,6.61,6.38,,0.76,20.9,0.33,0.74,,,0.27,,40.2,53.59,0.68,298.16,0.0,0.0,187.37,716.96,0.03
2024-06-16 09:00:00,45.58,88.1,6.86,8.09,7.1,6.21,,0.76,25.87,0.33,0.74,,,0.27,,41.17,49.83,0.7,294.24,0.0,0.0,331.45,716.28,0.03
2024-06-16 10:00:00,50.58,98.1,7.31,7.92,6.62,7.36,,0.76,24.41,0.33,0.74,,,0.27,,42.12,47.94,0.62,319.41,0.0,0.0,395.85,715.97,0.03
2024-06-16 11:00:00,35.39,67.71,6.98,8.07,6.59,6.6,,0.76,36.08,0.33,0.74,,,0.27,,43.08,43.81,0.65,318.34,0.0,0.0,271.0,714.19,0.03
2024-06-16 12:00:00,34.47,65.88,7.28,7.9,6.29,7.26,,0.76,38.86,0.33,0.74,,,0.27,,43.57,40.72,0.57,336.54,0.0,0.0,703.47,711.1,0.03
2024-06-16 13:00:00,49.27,95.47,6.92,8.04,6.39,6.21,,0.76,31.31,0.33,0.74,,,0.27,,44.28,39.66,0.52,295.14,0.0,0.0,523.15,708.63,0.03
2024-06-16 14:00:00,64.96,126.86,7.06,7.92,6.78,6.07,,0.76,28.66,0.33,0.74,,,0.27,,44.05,39.23,0.68,288.16,0.0,0.0,307.53,705.72,0.03
2024-06-16 15:00:00,48.26,93.46,7.04,7.84,6.66,6.81,,0.76,28.0,0.33,0.74,,,0.27,,42.62,39.27,0.76,275.14,0.0,0.0,135.81,703.09,0.03
2024-06-16 16:00:00,28.14,53.21,7.18,7.98,6.89,7.22,,0.76,50.97,0.33,0.74,,,0.27,,42.47,41.39,0.76,274.41,0.0,0.0,98.72,701.69,0.03
2024-06-16 17:00:00,28.14,53.21,6.9,7.94,7.02,5.93,,0.76,46.42,0.33,0.74,,,0.27,,41.77,43.59,0.76,275.91,0.0,0.0,26.8,702.88,0.03
2024-06-16 18:00:00,28.14,53.21,7.06,7.99,6.07,6.04,,0.76,42.21,0.33,0.74,,,0.27,,37.78,69.43,0.62,173.7,0.0,0.0,6.11,711.16,0.04
2024-06-16 19:00:00,28.14,53.21,7.03,8.16,6.78,6.63,,0.76,23.98,0.33,0.74,,,0.27,,32.4,98.88,0.44,157.95,0.0,0.0,0.96,714.44,0.04
2024-06-16 20:00:00,28.14,53.21,7.06,7.97,6.83,6.63,,0.76,19.05,0.33,0.74,,,0.27,,33.17,97.51,0.31,208.68,0.0,0.0,0.72,714.37,0.04
2024-06-16 21:00:00,28.14,53.21,7.12,8.04,6.65,6.65,,0.76,22.24,0.33,0.74,,,0.27,,33.66,94.1,0.5,50.27,0.0,0.0,1.46,714.87,0.04
2024-06-16 22:00:00,28.14,53.21,7.09,8.09,6.11,6.0,,0.76,24.75,0.33,0.74,,,0.27,,33.97,89.26,0.64,73.58,0.0,0.0,1.78,715.06,0.04
2024-06-16 23:00:00,28.14,53.21,6.67,8.0,6.39,6.87,,0.76,26.81,0.33,0.74,,,0.27,,34.17,91.41,0.52,100.99,0.0,0.0,1.32,714.86,0.04
2024-06-17 00:00:00,28.14,53.21,6.84,8.0,6.76,6.51,,0.76,26.6,0.33,0.74,,,0.27,,34.7,88.12,0.42,171.6,0.0,0.0,1.59,711.84,0.04
2024-06-17 01:00:00,28.14,53.21,7.12,7.98,6.59,6.72,,0.76,29.02,0.33,0.74,,,0.27,,35.29,83.04,0.7,272.13,0.0,0.0,2.09,711.3,0.04
2024-06-17 02:00:00,28.14,53.21,6.79,7.97,6.62,6.64,,0.76,32.92,0.33,0.74,,,0.27,,35.08,84.61,0.39,242.72,0.0,0.0,1.38,711.24,0.04
2024-06-17 03:00:00,28.14,53.21,7.35,8.17,7.14,6.4,,0.76,13.64,0.33,0.74,,,0.27,,34.94,88.65,0.62,42.9,0.0,0.0,1.41,712.31,0.04
2024-06-17 04:00:00,28.14,53.21,6.75,8.01,7.33,6.71,,0.76,27.84,0.33,0.74,,,0.27,,34.92,88.14,0.4,181.2,0.0,0.0,1.03,713.32,0.04
2024-06-17 05:00:00,28.14,53.21,7.42,7.94,6.82,7.2,,0.76,14.32,0.33,0.74,,,0.27,,35.13,86.77,0.61,177.71,0.0,0.0,3.33,714.88,0.04
2024-06-17 06:00:00,28.14,53.21,6.93,8.16,6.79,6.7,,0.76,23.29,0.33,0.74,,,0.27,,35.48,83.06,0.58,249.01,0.0,0.0,31.56,717.55,0.04
2024-06-17 07:00:00,28.14,53.21,7.36,8.01,6.5,6.4,,0.76,23.78,0.33,0.74,,,0.27,,36.52,76.81,0.5,250.96,0.0,0.0,82.14,718.74,0.04
2024-06-17 08:00:00,28.14,53.21,6.91,7.99,6.45,6.92,,0.76,31.36,0.33,0.74,,,0.27,,38.19,68.1,0.41,175.32,0.0,0.0,178.0,718.86,0.04
2024-06-17 09:00:00,28.68,54.28,7.05,8.06,6.4,6.57,,0.76,23.09,0.33,0.74,,,0.27,,39.15,61.91,0.55,278.53,0.0,0.0,324.04,718.7,0.04
2024-06-17 10:00:00,29.67,56.28,6.96,7.76,6.53,7.28,,0.76,27.39,0.33,0.74,,,0.27,,40.32,56.0,0.5,216.76,0.0,0.0,428.22,716.09,0.04
2024-06-17 11:00:00,29.89,56.7,7.08,8.08,6.96,6.8,,0.76,37.14,0.33,0.74,,,0.27,,41.46,48.5,0.59,304.27,0.0,0.0,255.57,714.19,0.04
2024-06-17 12:00:00,29.94,56.8,7.02,7.9,6.62,6.51,,0.76,44.42,0.33,0.74,,,0.27,,41.86,48.18,0.55,265.18,0.0,0.0,627.63,711.86,0.04
2024-06-17 13:00:00,30.38,57.69,6.78,8.04,6.62,6.79,,0.76,52.99,0.33,0.74,,,0.27,,42.11,47.06,0.62,260.18,0.0,0.0,528.83,709.94,0.04
2024-06-17 14:00:00,30.6,58.13,7.02,7.89,6.3,7.15,,0.76,53.42,0.33,0.74,,,0.27,,42.34,44.76,0.74,258.39,0.0,0.0,334.01,707.72,0.03
2024-06-17 15:00:00,29.98,56.9,7.08,7.93,6.45,6.73,,0.76,46.46,0.33,0.74,,,0.27,,42.44,43.72,0.68,261.12,0.0,0.0,135.16,705.34,0.03
2024-06-17 16:00:00,29.04,55.0,7.14,8.02,6.54,6.72,,0.76,47.17,0.33,0.74,,,0.27,,41.89,46.77,0.23,118.61,0.0,0.0,80.17,703.92,0.04
2024-06-17 17:00:00,28.6,54.12,6.62,7.93,6.81,6.09,,0.76,44.08,0.33,0.74,,,0.27,,39.2,55.62,0.61,204.04,0.0,0.0,12.72,706.28,0.04
2024-06-17 18:00:00,28.38,53.69,6.99,7.94,6.54,7.36,,0.76,37.74,0.33,0.74,,,0.27,,37.98,61.24,0.77,266.24,0.0,0.0,4.14,709.21,0.03
2024-06-17 19:00:00,28.28,53.47,6.89,8.17,6.88,6.3,,0.76,21.45,0.33,0.74,,,0.27,,37.29,64.88,0.68,280.6,0.0,0.0,0.82,712.57,0.04
2024-06-17 20:00:00,28.78,54.49,7.0,8.04,6.34,6.04,,0.76,26.47,0.33,0.74,,,0.27,,37.42,64.2,0.76,270.52,0.0,0.0,0.68,714.94,0.04
2024-06-17 21:00:00,29.05,55.04,6.88,8.07,6.94,6.78,,0.76,22.65,0.33,0.74,,,0.27,,37.98,62.15,0.76,259.32,0.0,0.0,0.74,716.44,0.04
2024-06-17 22:00:00,28.7,54.32,7.16,8.13,6.47,6.15,,0.76,28.39,0.33,0.74,,,0.27,,37.88,63.9,0.75,266.06,0.0,0.0,0.95,717.55,0.04
2024-06-17 23:00:00,28.49,53.91,6.96,8.09,6.77,6.88,,0.76,40.72,0.33,0.74,,,0.27,,37.82,70.82,0.74,255.88,0.0,0.0,0.81,717.21,0.04
2024-06-18 00:00:00,28.36,53.66,6.9,7.97,6.6,6.81,,0.76,38.63,0.33,0.74,,,0.27,,37.48,76.95,0.53,230.67,0.0,0.0,0.87,715.4,0.04
2024-06-18 01:00:00,28.29,53.52,7.0,8.0,6.0,6.87,,0.76,38.56,0.33,0.74,,,0.27,,37.34,76.57,0.38,212.94,0.0,0.0,0.84,712.94,0.04
2024-06-18 02:00:00,28.24,53.42,6.96,8.18,6.06,7.16,,0.76,57.9,0.33,0.74,,,0.27,,37.15,77.33,0.57,245.8,0.0,0.0,0.85,711.13,0.04
2024-06-18 03:00:00,28.21,53.36,6.96,8.12,6.56,6.97,,0.76,35.02,0.33,0.74,,,0.27,,36.96,80.8,0.64,248.56,0.0,0.0,0.86,711.45,0.04
2024-06-18 04:00:00,28.2,53.32,6.82,7.98,6.32,6.68,,0.76,34.5,0.33,0.74,,,0.27,,36.89,81.69,0.66,255.73,0.0,0.0,0.87,712.11,0.04
2024-06-18 05:00:00,28.18,53.29,7.06,8.16,6.2,6.77,,0.76,32.96,0.33,0.74,,,0.27,,36.8,83.51,0.62,254.09,0.0,0.0,2.65,713.44,0.04
2024-06-18 06:00:00,28.17,53.27,7.2,8.02,6.72,6.79,,0.76,29.2,0.33,0.74,,,0.27,,36.97,84.93,0.48,268.58,0.0,0.0,34.04,714.72,0.04
2024-06-18 07:00:00,28.16,53.26,7.26,7.99,6.76,6.63,,0.76,29.28,0.33,0.74,,,0.27,,37.6,79.6,0.71,261.53,0.0,0.0,82.04,715.0,0.04
2024-06-18 08:00:00,28.16,53.25,6.92,7.96,6.11,6.52,,0.76,53.34,0.33,0.74,,,0.27,,38.76,69.85,0.73,256.45,0.0,0.0,165.75,716.18,0.04
2024-06-18 09:00:00,28.56,54.06,6.71,7.9,6.73,6.29,,0.76,17.11,0.33,0.74,,,0.27,,39.97,62.7,0.71,254.05,0.0,0.0,327.37,716.01,0.04
2024-06-18 10:00:00,36.19,69.31,7.04,8.0,6.38,6.12,,0.76,33.16,0.33,0.74,,,0.27,,41.25,55.78,0.65,276.75,0.0,0.0,459.5,713.84,0.03
2024-06-18 11:00:00,36.66,70.24,7.14,8.17,6.8,7.04,,0.76,25.44,0.33,0.74,,,0.27,,42.12,53.05,0.46,322.6,0.0,0.0,311.64,711.15,0.04
2024-06-18 12:00:00,30.71,58.36,7.24,7.82,6.72,7.34,,0.76,38.94,0.33,0.74,,,0.27,,43.13,47.34,0.51,285.82,0.0,0.0,611.81,709.34,0.04
2024-06-18 13:00:00,29.81,56.56,6.77,8.14,6.74,7.32,,0.76,54.91,0.33,0.74,,,0.27,,43.23,46.16,0.66,263.91,0.0,0.0,540.31,706.2,0.03
2024-06-18 14:00:00,29.65,56.22,6.91,8.15,6.4,5.82,,0.76,41.89,0.33,0.74,,,0.27,,43.51,43.82,0.74,269.09,0.0,0.0,361.17,702.72,0.03
2024-06-18 15:00:00,34.63,66.2,6.75,7.98,6.84,6.43,,0.76,36.39,0.33,0.74,,,0.27,,42.99,44.8,0.69,250.57,0.0,0.0,128.76,701.21,0.03
2024-06-18 16:00:00,35.05,67.04,6.71,7.96,6.4,6.06,,0.76,26.51,0.33,0.74,,,0.27,,37.77,64.24,0.5,292.72,0.0,0.0,24.96,702.83,0.03
2024-06-18 17:00:00,30.82,58.58,6.97,7.91,6.53,6.32,,0.76,34.28,0.33,0.74,,,0.27,,37.4,69.2,0.66,300.9,0.0,0.0,15.3,703.58,0.04
2024-06-18 18:00:00,30.01,56.96,7.0,8.2,6.7,6.29,,0.76,29.76,0.33,0.74,,,0.27,,37.72,66.18,0.67,259.9,0.0,0.0,4.24,704.7,0.04
2024-06-18 19:00:00,30.26,57.44,6.79,7.97,6.48,6.7,,0.76,30.81,0.33,0.74,,,0.27,,37.62,66.73,0.74,267.9,0.0,0.0,1.16,707.28,0.04
2024-06-18 20:00:00,30.58,58.1,7.01,8.02,6.19,6.76,,0.76,29.08,0.33,0.74,,,0.27,,37.37,68.52,0.56,203.93,0.0,0.0,0.8,709.48,0.04
2024-06-18 21:00:00,30.4,57.73,6.7,8.12,7.04,6.88,,0.76,23.02,0.33,0.74,,,0.27,,37.33,70.22,0.56,70.82,0.0,0.0,0.8,711.54,0.04
2024-06-18 22:00:00,30.3,57.53,7.01,8.14,6.2,6.49,,0.76,23.74,0.33,0.74,,,0.27,,36.96,75.1,0.54,42.04,0.0,0.0,0.95,713.8,0.04
2024-06-18 23:00:00,30.05,57.03,7.16,8.09,6.48,6.76,,0.76,21.92,0.33,0.74,,,0.27,,36.56,79.58,0.53,66.47,0.0,0.0,1.01,712.18,0.04
2024-06-19 00:00:00,29.9,56.72,7.01,7.86,6.66,6.28,,0.76,20.73,0.33,0.74,,,0.27,,36.36,81.56,0.54,44.67,0.0,0.0,0.86,710.82,0.04
2024-06-19 01:00:00,30.41,57.76,6.9,8.23,5.88,6.3,,0.76,21.78,0.33,0.74,,,0.27,,36.34,81.19,0.38,117.18,0.0,0.0,0.92,709.48,0.04
2024-06-19 02:00:00,30.92,58.78,7.16,7.95,6.64,6.49,,0.76,25.69,0.33,0.74,,,0.27,,36.46,81.66,0.54,59.45,0.0,0.0,1.0,708.1,0.04
2024-06-19 03:00:00,30.28,57.48,7.09,7.84,6.8,6.99,,0.76,25.08,0.33,0.74,,,0.27,,36.48,82.57,0.57,108.12,0.0,0.0,0.9,707.37,0.04
2024-06-19 04:00:00,29.62,56.16,7.23,7.9,6.62,6.76,,0.76,15.51,0.33,0.74,,,0.27,,36.21,82.11,0.55,190.92,0.0,0.0,1.13,705.5,0.04
2024-06-19 05:00:00,29.52,55.98,6.96,7.9,7.22,7.33,,0.76,21.24,0.33,0.74,,,0.27,,36.22,82.96,0.67,215.72,0.0,0.0,0.73,707.42,0.04
2024-06-19 06:00:00,29.39,55.72,7.27,7.87,6.28,7.17,,0.76,22.94,0.33,0.74,,,0.27,,36.33,79.6,0.73,270.92,0.0,0.0,4.33,709.9,0.04
2024-06-19 07:00:00,30.02,56.96,7.1,8.13,6.56,6.88,,0.76,17.74,0.33,0.74,,,0.27,,36.22,81.18,0.64,272.18,0.0,0.0,17.74,713.46,0.04
2024-06-19 08:00:00,30.07,57.06,7.08,8.03,6.8,6.37,,0.76,24.26,0.33,0.74,,,0.27,,36.27,80.85,0.71,264.13,0.0,0.0,41.77,715.42,0.04
2024-06-19 09:00:00,38.83,74.6,7.03,8.01,6.67,6.5,,0.76,25.68,0.33,0.74,,,0.27,,37.1,74.6,0.43,238.89,0.0,0.0,87.1,716.52,0.04
2024-06-19 10:00:00,37.58,72.09,6.98,8.14,6.83,6.89,,0.76,20.09,0.33,0.74,,,0.27,,37.57,69.97,0.66,293.2,0.0,0.0,142.95,714.35,0.04
2024-06-19 11:00:00,28.23,53.4,6.87,7.94,6.92,6.48,,0.76,18.53,0.33,0.74,,,0.27,,38.12,68.08,0.62,297.16,0.0,0.0,234.72,711.48,0.03
2024-06-19 12:00:00,28.14,53.22,7.04,8.07,6.63,5.62,,0.76,19.19,0.33,0.74,,,0.27,,39.08,63.86,0.7,287.0,0.0,0.0,435.37,708.74,0.03
2024-06-19 13:00:00,28.14,53.21,7.09,8.09,6.61,6.15,,0.76,21.9,0.33,0.74,,,0.27,,39.48,60.81,0.7,287.35,0.0,0.0,329.29,707.01,0.03
2024-06-19 14:00:00,28.14,53.21,7.4,8.05,6.52,6.38,,0.76,31.88,0.33,0.74,,,0.27,,39.99,57.73,0.64,291.29,0.0,0.0,230.32,703.38,0.03
2024-06-19 15:00:00,28.78,54.5,7.28,7.96,5.77,6.24,,0.76,48.06,0.33,0.74,,,0.27,,40.82,53.51,0.72,277.9,0.0,0.0,155.83,700.45,0.03
2024-06-19 16:00:00,28.92,54.76,7.34,7.94,6.38,6.69,,0.76,44.22,0.33,0.74,,,0.27,,40.6,53.44,0.74,274.14,0.0,0.0,78.66,,0.03
2024-06-19 17:00:00,28.92,54.78,7.29,7.84,6.44,6.63,,0.76,35.33,0.33,0.74,,,0.27,,40.27,52.41,0.78,264.43,0.0,0.0,42.2,700.0,0.04
2024-06-19 18:00:00,29.2,55.34,7.42,7.84,6.4,6.8,,0.76,30.07,0.33,0.74,,,0.27,,40.02,52.96,0.78,262.73,0.0,0.0,6.34,700.99,0.04
2024-06-19 19:00:00,28.81,54.56,6.72,8.15,6.78,6.59,,0.76,30.49,0.33,0.74,,,0.27,,39.94,52.37,0.77,263.16,0.0,0.0,0.98,703.77,0.04
2024-06-19 20:00:00,29.74,56.41,7.18,8.06,6.19,6.44,,0.76,27.14,0.33,0.74,,,0.27,,38.97,58.36,0.54,240.74,0.0,0.0,1.39,706.83,0.04
2024-06-19 21:00:00,30.47,57.86,6.9,7.92,6.8,6.51,,0.76,32.98,0.33,0.74,,,0.27,,38.22,66.55,0.53,212.05,0.0,0.0,0.89,708.35,0.04
2024-06-19 22:00:00,29.8,56.53,6.8,7.96,6.78,6.6,,0.76,27.46,0.33,0.74,,,0.27,,37.71,72.9,0.5,214.2,0.0,0.0,0.87,709.08,0.04
2024-06-19 23:00:00,29.62,56.18,7.1,8.03,6.4,6.64,,0.76,27.08,0.33,0.74,,,0.27,,37.31,76.72,0.5,224.32,0.0,0.0,0.9,708.9,0.04
2024-06-20 00:00:00,29.8,56.53,7.16,8.14,6.14,6.49,,0.76,27.11,0.33,0.74,,,0.27,,37.05,80.82,0.49,238.56,0.0,0.0,0.87,707.48,0.04
2024-06-20 01:00:00,30.32,57.57,7.07,8.0,6.22,6.85,,0.76,34.74,0.33,0.74,,,0.27,,36.82,83.66,0.42,241.71,0.0,0.0,0.87,705.88,0.04
2024-06-20 02:00:00,31.02,58.98,7.08,7.88,6.42,6.68,,0.76,36.75,0.33,0.74,,,0.27,,36.82,83.9,0.54,254.39,0.0,0.0,0.95,705.54,0.04
2024-06-20 03:00:00,30.94,58.82,7.17,7.98,7.04,6.77,,0.76,42.28,0.33,0.74,,,0.27,,36.87,82.45,0.63,266.48,0.0,0.0,0.87,705.58,0.04
2024-06-20 04:00:00,30.72,58.36,6.87,8.03,6.77,7.16,,0.76,25.58,0.33,0.74,,,0.27,,36.58,85.68,0.44,62.83,0.0,0.0,0.89,707.03,0.04
2024-06-20 05:00:00,30.2,57.34,6.81,7.93,6.4,6.37,,0.76,21.53,0.33,0.74,,,0.27,,35.73,85.91,0.68,253.88,0.0,0.0,2.32,708.0,0.04
2024-06-20 06:00:00,29.4,55.72,6.91,7.98,6.46,6.78,,0.76,23.88,0.33,0.74,,,0.27,,35.66,81.12,0.48,323.98,0.0,0.0,14.15,709.06,0.04
2024-06-20 07:00:00,29.23,55.4,6.91,7.93,7.02,6.15,,0.76,22.65,0.33,0.74,,,0.27,,35.9,79.36,0.45,203.36,0.0,0.0,49.01,711.43,0.04
2024-06-20 08:00:00,29.51,55.95,6.78,8.0,6.35,6.3,,0.76,19.01,0.33,0.74,,,0.27,,36.36,75.86,0.61,266.29,0.0,0.0,89.3,714.44,0.04
2024-06-20 09:00:00,41.67,80.27,6.66,8.02,6.88,7.05,,0.76,29.94,0.33,0.74,,,0.27,,37.37,70.69,0.6,284.74,0.0,0.0,182.92,715.01,0.04
2024-06-20 10:00:00,41.78,80.49,7.11,7.98,6.44,6.73,,0.76,19.08,0.33,0.74,,,0.27,,38.81,59.2,0.66,286.64,0.0,0.0,318.32,714.18,0.03
2024-06-20 11:00:00,29.78,56.48,7.07,8.11,6.53,6.76,,0.76,18.36,0.33,0.74,,,0.27,,40.29,51.85,0.63,301.6,0.0,0.0,281.65,712.1,0.03
2024-06-20 12:00:00,29.4,55.75,6.62,8.1,6.96,5.98,,0.76,24.5,0.33,0.74,,,0.27,,41.04,46.72,0.64,299.54,0.0,0.0,521.62,709.82,0.03
2024-06-20 13:00:00,29.25,55.43,6.82,7.8,6.54,6.7,,0.76,35.71,0.33,0.74,,,0.27,,41.49,46.15,0.59,295.44,0.0,0.0,458.24,706.93,0.03
2024-06-20 14:00:00,28.21,53.34,6.77,8.05,6.14,5.93,,0.76,36.16,0.33,0.74,,,0.27,,41.39,46.98,0.55,317.35,0.0,0.0,274.4,704.22,0.04
2024-06-20 15:00:00,28.14,53.22,6.85,7.74,6.72,7.01,,0.76,43.34,0.33,0.74,,,0.27,,41.53,46.43,0.56,265.03,0.0,0.0,136.98,701.02,0.04
2024-06-20 16:00:00,28.14,53.21,6.83,7.9,6.44,6.3,,0.76,36.13,0.33,0.74,,,0.27,,41.39,47.12,0.48,233.84,0.0,0.0,82.58,,0.04
2024-06-20 17:00:00,28.14,53.21,7.28,7.89,6.2,7.08,,0.76,30.44,0.33,0.74,,,0.27,,41.16,47.91,0.46,111.09,0.0,0.0,50.98,,0.04
2024-06-20 18:00:00,28.14,53.21,6.96,8.2,6.8,6.31,,0.76,31.45,0.33,0.74,,,0.27,,40.64,50.08,0.45,162.78,0.0,0.0,11.62,700.57,0.04
2024-06-20 19:00:00,28.14,53.21,7.16,8.01,6.66,6.28,,0.76,26.24,0.33,0.74,,,0.27,,39.48,55.97,0.57,192.72,0.0,0.0,1.55,702.99,0.04
2024-06-20 20:00:00,28.16,53.24,7.11,7.97,6.25,6.16,,0.76,26.16,0.33,0.74,,,0.27,,38.99,58.41,0.38,180.22,0.0,0.0,1.1,705.97,0.04
2024-06-20 21:00:00,28.4,53.74,6.69,8.14,6.38,6.72,,0.76,42.2,0.33,0.74,,,0.27,,38.36,65.36,0.38,201.92,0.0,0.0,1.12,708.54,0.04
2024-06-20 22:00:00,29.29,55.51,6.64,8.06,6.38,6.82,,0.76,29.79,0.33,0.74,,,0.27,,38.02,71.06,0.44,178.66,0.0,0.0,0.94,709.95,0.04
2024-06-20 23:00:00,30.28,57.48,7.08,7.96,6.09,6.55,,0.76,29.94,0.33,0.74,,,0.27,,37.66,76.29,0.48,117.44,0.0,0.0,1.2,709.16,0.04
2024-06-21 00:00:00,29.76,56.44,6.87,8.07,6.44,6.25,,0.76,31.17,0.33,0.74,,,0.27,,37.32,80.12,0.64,145.43,0.0,0.0,1.09,707.16,0.04
2024-06-21 01:00:00,29.47,55.88,7.3,7.88,6.68,6.59,,0.76,31.04,0.33,0.74,,,0.27,,37.21,81.53,0.44,109.13,0.0,0.0,1.09,705.8,0.04
2024-06-21 02:00:00,29.85,56.63,7.06,8.0,6.62,6.31,,0.76,34.98,0.33,0.74,,,0.27,,37.42,78.23,0.46,256.13,0.0,0.0,1.23,706.01,0.04
2024-06-21 03:00:00,29.36,55.66,6.63,7.82,7.0,5.91,,0.76,39.28,0.33,0.74,,,0.27,,37.49,74.26,0.72,265.84,0.0,0.0,1.04,705.46,0.04
2024-06-21 04:00:00,28.72,54.38,6.68,8.04,6.66,6.4,,0.76,26.48,0.33,0.74,,,0.27,,37.46,69.47,0.73,270.39,0.0,0.0,1.09,705.92,0.04
2024-06-21 05:00:00,28.35,53.64,6.62,8.0,6.44,6.74,,0.76,16.92,0.33,0.74,,,0.27,,36.98,68.11,0.74,269.84,0.0,0.0,2.88,707.9,0.04
2024-06-21 06:00:00,28.22,53.38,6.72,8.05,6.58,6.69,,0.76,20.34,0.33,0.74,,,0.27,,37.02,65.9,0.73,266.52,0.0,0.0,29.57,709.83,0.04
2024-06-21 07:00:00,28.18,53.28,6.82,8.05,6.4,6.6,,0.76,21.72,0.33,0.74,,,0.27,,37.38,64.4,0.74,266.58,0.0,0.0,80.97,711.68,0.03
2024-06-21 08:00:00,28.16,53.24,7.5,7.98,6.26,6.5,,0.76,24.02,0.33,0.74,,,0.27,,38.0,61.75,0.74,276.58,0.0,0.0,134.63,712.28,0.03
2024-06-21 09:00:00,28.15,53.23,6.96,7.94,7.04,6.78,,0.76,23.69,0.33,0.74,,,0.27,,38.92,57.4,0.74,274.95,0.0,0.0,257.04,711.2,0.03
2024-06-21 10:00:00,28.15,53.23,7.04,7.95,7.16,7.12,,0.76,30.26,0.33,0.74,,,0.27,,40.08,52.74,0.64,294.71,0.0,0.0,334.61,709.14,0.03
2024-06-21 11:00:00,28.15,53.23,7.3,8.0,6.62,5.92,,0.76,20.98,0.33,0.74,,,0.27,,40.95,48.66,0.64,300.26,0.0,0.0,299.18,707.7,0.03
2024-06-21 12:00:00,28.15,53.23,7.16,7.99,6.24,6.44,,0.76,33.15,0.33,0.74,,,0.27,,41.79,46.2,0.66,291.89,0.0,0.0,544.83,705.01,0.03
2024-06-21 13:00:00,28.15,53.23,7.22,7.96,6.83,6.57,,0.76,32.61,0.33,0.74,,,0.27,,41.97,46.11,0.67,301.22,0.0,0.0,368.71,702.09,0.03
2024-06-21 14:00:00,28.16,53.24,6.46,8.14,6.92,7.21,,0.76,35.49,0.33,0.74,,,0.27,,42.44,44.34,0.65,289.73,0.0,0.0,291.76,700.51,0.03
2024-06-21 15:00:00,30.6,58.13,6.88,7.98,6.66,6.08,,0.76,38.27,0.33,0.74,,,0.27,,42.3,44.19,0.58,290.0,0.0,0.0,152.34,,0.04
2024-06-21 16:00:00,46.7,90.31,7.0,8.21,6.86,6.8,,0.76,45.21,0.33,0.74,,,0.27,,42.17,44.28,0.75,268.79,0.0,0.0,104.19,,0.03
2024-06-21 17:00:00,30.72,58.39,7.28,8.13,6.34,6.71,,0.76,37.33,0.33,0.74,,,0.27,,41.58,46.83,0.76,262.48,0.0,0.0,40.66,,0.04
2024-06-21 18:00:00,28.57,54.08,6.68,8.01,5.99,6.62,,0.76,36.19,0.33,0.74,,,0.27,,40.61,51.62,0.68,160.08,0.0,0.0,8.82,,0.04
2024-06-21 19:00:00,31.24,59.42,7.06,7.96,6.68,6.08,,0.76,24.61,0.33,0.74,,,0.27,,40.0,55.29,0.64,83.87,0.0,0.0,1.0,700.91,0.04
2024-06-21 20:00:00,29.84,56.62,7.0,8.04,6.93,7.15,,0.76,22.88,0.33,0.74,,,0.27,,39.46,59.25,0.57,261.79,0.0,0.0,1.67,704.88,0.04
2024-06-21 21:00:00,29.95,56.82,7.0,8.1,6.71,6.54,,0.76,35.24,0.33,0.74,,,0.27,,38.52,64.5,0.56,124.56,0.0,0.0,1.62,706.46,0.04
2024-06-21 22:00:00,29.13,55.19,7.11,8.11,6.42,6.48,,0.76,37.62,0.33,0.74,,,0.27,,37.12,64.63,0.58,146.85,0.0,0.0,0.88,707.52,0.04
2024-06-21 23:00:00,29.44,55.82,7.0,7.99,6.56,6.51,,0.76,27.78,0.33,0.74,,,0.27,,37.05,68.23,0.48,63.5,0.0,0.0,1.23,706.44,0.04
2024-06-22 00:00:00,30.04,57.0,6.9,8.08,5.81,6.59,,0.76,26.33,0.33,0.74,,,0.27,,36.47,73.96,0.6,225.63,0.0,0.0,1.58,705.88,0.04
2024-06-22 01:00:00,36.18,69.3,7.13,7.86,6.44,6.61,,0.76,23.32,0.33,0.74,,,0.27,,35.76,79.02,0.44,66.16,0.0,0.0,1.06,703.9,0.04
2024-06-22 02:00:00,33.44,63.8,6.99,8.0,6.68,6.47,,0.76,28.32,0.33,0.74,,,0.27,,35.78,77.2,0.68,77.22,0.0,0.0,1.06,701.83,0.04
2024-06-22 03:00:00,30.86,58.64,7.09,8.0,6.97,7.43,,0.76,24.56,0.33,0.74,,,0.27,,36.03,75.59,0.46,300.54,0.0,0.0,0.89,700.52,0.04
2024-06-22 04:00:00,33.42,63.78,7.15,8.13,6.51,6.3,,0.76,34.13,0.33,0.74,,,0.27,,35.89,75.1,0.68,285.13,0.0,0.0,1.16,700.3,0.04
2024-06-22 05:00:00,33.74,64.4,6.9,8.01,6.82,6.54,,0.76,21.14,0.33,0.74,,,0.27,,34.45,87.92,0.67,286.68,0.0,0.0,1.92,702.12,0.03
2024-06-22 06:00:00,31.38,59.69,6.84,8.02,6.66,6.95,,0.76,22.52,0.33,0.74,,,0.27,,34.91,87.17,0.51,300.1,0.0,0.0,9.06,703.64,0.04
2024-06-22 07:00:00,30.15,57.23,7.12,7.9,6.25,6.32,,0.76,,0.33,0.74,,,0.27,,35.6,83.32,0.3,106.31,0.0,0.0,46.06,705.42,0.04
2024-06-22 08:00:00,29.82,56.58,7.31,7.94,6.57,7.04,,0.76,48.46,0.33,0.74,,,0.27,,36.81,78.98,0.48,14.56,0.0,0.0,143.66,707.02,0.04
2024-06-22 09:00:00,29.74,56.41,7.03,8.16,6.53,6.32,,0.76,138.96,0.33,0.74,,,0.27,,36.94,72.55,0.58,261.58,0.0,0.0,176.05,707.99,0.04
2024-06-22 10:00:00,37.82,72.57,7.09,7.9,6.74,6.82,21.24,0.76,73.91,0.33,0.74,,,0.27,,36.81,71.64,0.54,333.19,0.0,0.0,157.81,706.52,0.04
2024-06-22 11:00:00,36.8,70.54,7.23,8.1,7.21,6.1,21.2,0.76,11.53,0.33,0.74,,,0.27,,37.03,67.33,0.49,344.94,0.0,0.0,185.3,704.88,0.04
2024-06-22 12:00:00,28.14,53.21,7.0,7.93,7.08,6.48,21.2,0.76,21.0,0.33,0.74,,,0.27,,37.8,66.18,0.52,284.15,0.0,0.0,206.88,702.62,0.04
2024-06-22 13:00:00,28.14,53.21,7.06,7.95,6.42,6.13,21.2,0.76,17.89,0.33,0.74,,,0.27,,38.32,63.84,0.57,304.2,0.0,0.0,367.08,700.78,0.04
2024-06-22 14:00:00,28.14,53.21,7.0,7.99,6.16,6.27,21.2,0.76,19.33,0.33,0.74,,,0.27,,39.15,59.43,0.5,242.93,0.0,0.0,416.34,,0.04
2024-06-22 15:00:00,28.21,53.34,6.96,7.94,6.5,6.32,21.2,0.76,23.51,0.33,0.74,,,0.27,,39.26,58.54,0.48,240.7,0.0,0.0,149.15,,0.04
2024-06-22 16:00:00,28.78,54.5,7.04,7.94,6.17,6.88,21.2,0.76,24.4,0.33,0.74,,,0.27,,39.32,58.98,0.27,17.68,0.0,0.0,102.75,,0.04
2024-06-22 17:00:00,28.96,54.85,7.29,7.93,6.7,6.5,21.2,0.76,26.71,0.33,0.74,,,0.27,,40.0,57.7,0.44,306.73,0.0,0.0,60.6,,0.04
2024-06-22 18:00:00,29.39,55.71,7.1,8.28,6.8,5.94,21.2,0.76,23.6,0.33,0.74,,,0.27,,38.41,63.26,0.73,295.86,0.0,0.0,5.98,,0.04
2024-06-22 19:00:00,29.23,55.4,6.96,7.99,7.11,6.86,21.2,0.76,23.65,0.33,0.74,,,0.27,,37.07,75.41,0.55,246.37,0.0,0.0,1.34,700.84,0.04
2024-06-22 20:00:00,28.32,53.57,7.02,8.09,6.64,6.75,21.2,0.76,21.78,0.33,0.74,,,0.27,,36.95,76.16,0.54,172.34,0.0,0.0,1.43,703.8,0.04
2024-06-22 21:00:00,28.17,53.28,6.97,7.94,6.61,7.0,21.2,0.76,19.88,0.33,0.74,,,0.27,,36.63,82.56,0.61,47.24,0.0,0.0,1.53,705.64,0.04
2024-06-22 22:00:00,28.14,53.22,6.87,8.0,6.88,6.67,21.2,0.76,18.04,0.33,0.74,,,0.27,,36.64,84.45,0.52,44.68,0.0,0.0,1.12,707.43,0.04
2024-06-22 23:00:00,28.14,53.21,6.82,7.86,6.42,7.41,21.2,0.76,19.16,0.33,0.74,,,0.27,,37.06,82.39,0.5,64.76,0.0,0.0,1.16,706.4,0.04
2024-06-23 00:00:00,28.27,53.47,7.14,7.95,6.65,6.76,21.2,0.76,17.97,0.33,0.74,,,0.27,,38.44,82.22,0.54,149.28,0.0,0.0,1.15,704.42,0.04
2024-06-23 01:00:00,28.53,53.99,6.78,7.96,6.6,6.82,21.2,0.76,18.58,0.33,0.74,,,0.27,,36.61,93.08,0.47,142.94,0.0,0.0,2.14,703.46,0.04
2024-06-23 02:00:00,29.19,55.31,6.86,8.04,6.36,6.82,21.2,0.76,18.58,0.33,0.74,,,0.27,,36.01,95.82,0.62,48.99,0.0,0.0,1.76,702.27,0.04
2024-06-23 03:00:00,30.44,57.8,6.8,7.85,6.5,6.53,21.2,0.76,17.56,0.33,0.74,,,0.27,,36.43,94.86,0.56,46.13,0.0,0.0,1.81,700.84,0.04
2024-06-23 04:00:00,30.63,58.2,6.73,7.88,6.38,6.77,21.2,0.76,17.43,0.33,0.74,,,0.27,,37.33,91.99,0.34,157.87,0.0,0.0,1.58,701.18,0.04
2024-06-23 05:00:00,29.5,55.93,7.16,8.13,6.32,6.74,21.2,0.76,17.98,0.33,0.74,,,0.27,,37.28,86.1,0.46,171.03,0.0,0.0,2.48,701.58,0.04
2024-06-23 06:00:00,28.64,54.2,6.72,8.14,6.76,6.74,21.2,0.76,17.29,0.33,0.74,,,0.27,,36.82,85.34,0.54,227.5,0.0,0.0,6.98,704.84,0.04
2024-06-23 07:00:00,28.33,53.59,7.08,8.11,6.61,6.38,21.2,0.76,17.24,0.33,0.74,,,0.27,,36.86,87.79,0.59,91.02,0.0,0.0,30.92,707.02,0.04
2024-06-23 08:00:00,28.22,53.36,7.22,7.82,6.38,6.46,21.2,0.76,17.16,0.33,0.74,,,0.27,,36.97,90.82,0.45,81.69,0.0,0.0,49.83,708.32,0.04
2024-06-23 09:00:00,37.62,72.18,6.94,8.11,6.41,6.45,21.2,0.76,17.92,0.33,0.74,,,0.27,,37.42,88.52,0.51,72.82,0.0,0.0,95.72,708.52,0.04
2024-06-23 10:00:00,37.58,72.1,7.18,8.02,6.96,6.87,21.2,0.76,13.66,0.33,0.74,,,0.27,,37.98,84.26,0.36,121.96,0.0,0.0,154.79,707.78,0.04
2024-06-23 11:00:00,29.58,56.07,6.89,8.22,6.66,6.72,21.2,0.76,25.66,0.33,0.74,,,0.27,,40.16,78.26,0.42,120.38,0.0,0.0,247.9,705.24,0.04
2024-06-23 12:00:00,29.33,55.58,6.88,7.93,6.48,6.06,21.2,0.76,23.88,0.33,0.74,,,0.27,,39.9,71.19,0.41,180.7,0.0,0.0,239.94,703.28,0.04
2024-06-23 13:00:00,29.65,56.23,7.01,7.97,6.52,6.6,21.2,0.76,26.11,0.33,0.74,,,0.27,,40.01,64.72,0.51,228.23,0.0,0.0,522.33,701.0,0.04
2024-06-23 14:00:00,29.89,56.71,7.09,8.1,6.56,6.04,21.2,0.76,26.92,0.33,0.74,,,0.27,,39.91,62.38,0.49,289.45,0.0,0.0,327.21,,0.04
2024-06-23 15:00:00,30.34,57.62,6.96,8.1,6.61,6.25,21.2,0.76,27.8,0.33,0.74,,,0.27,,39.34,62.32,0.37,148.43,0.0,0.0,150.15,,0.04
2024-06-23 16:00:00,31.14,59.2,7.12,8.01,6.32,6.37,21.2,0.76,20.02,0.33,0.74,,,0.27,,39.44,61.66,0.5,38.16,0.0,0.0,111.82,,0.04
2024-06-23 17:00:00,29.88,56.69,6.99,7.98,6.68,6.5,21.2,0.76,27.5,0.33,0.74,,,0.27,,39.42,61.41,0.49,60.4,0.0,0.0,62.36,,0.04
2024-06-23 18:00:00,29.64,56.21,7.1,7.98,6.56,7.01,21.2,0.76,25.22,0.33,0.74,,,0.27,,35.55,90.93,0.37,137.5,0.0,0.0,6.59,,0.04
2024-06-23 19:00:00,30.34,57.6,6.96,8.17,7.37,6.68,21.2,0.76,18.2,0.33,0.74,,,0.27,,33.35,99.46,0.66,135.69,0.0,0.0,1.27,701.48,0.04
2024-06-23 20:00:00,29.41,55.74,6.7,7.98,6.2,6.29,21.2,0.76,18.34,0.33,0.74,,,0.27,,33.06,99.09,0.73,126.22,0.0,0.0,1.37,703.64,0.04
2024-06-23 21:00:00,28.4,53.72,6.92,7.72,6.65,6.5,21.2,0.76,20.05,0.33,0.74,,,0.27,,33.34,98.86,0.68,121.12,0.0,0.0,1.44,705.94,0.04
2024-06-23 22:00:00,28.2,53.33,7.14,8.05,6.32,6.55,21.2,0.76,18.16,0.33,0.74,,,0.27,,33.46,98.45,0.74,126.7,0.0,0.0,1.52,707.75,0.04
2024-06-23 23:00:00,28.16,53.24,6.87,8.02,6.36,7.08,21.2,0.76,20.6,0.33,0.74,,,0.27,,33.59,98.47,0.76,129.66,0.0,0.0,1.14,707.48,0.04
2024-06-24 00:00:00,28.14,53.22,7.4,8.11,6.1,6.45,21.2,0.76,18.82,0.33,0.74,,,0.27,,33.68,97.89,0.77,131.21,0.0,0.0,1.45,706.83,0.04
2024-06-24 01:00:00,28.14,53.21,7.11,7.85,6.33,6.35,21.2,0.76,18.65,0.33,0.74,,,0.27,,33.98,98.06,0.69,99.34,0.0,0.0,1.17,704.22,0.04
2024-06-24 02:00:00,28.14,53.21,7.03,7.89,6.77,6.11,21.2,0.76,18.19,0.33,0.74,,,0.27,,34.28,98.57,0.67,112.17,0.0,0.0,1.18,701.99,0.04
2024-06-24 03:00:00,28.8,54.52,7.14,7.94,6.15,6.47,21.2,0.76,18.86,0.33,0.74,,,0.27,,34.51,97.8,0.6,133.55,0.0,0.0,1.42,701.79,0.04
2024-06-24 04:00:00,29.25,55.42,7.01,7.86,6.41,6.54,21.2,0.76,19.46,0.33,0.74,,,0.27,,34.85,92.62,0.39,200.44,0.0,0.0,1.97,701.22,0.04
2024-06-24 05:00:00,30.0,56.93,6.92,8.0,6.74,6.76,21.2,0.76,16.62,0.33,0.74,,,0.27,,34.67,94.86,0.63,81.64,0.0,0.0,2.66,701.45,0.04
2024-06-24 06:00:00,30.74,58.41,6.88,7.75,6.71,7.66,21.2,0.76,16.52,0.33,0.74,,,0.27,,35.01,93.51,0.74,124.83,0.0,0.0,29.46,703.15,0.04
2024-06-24 07:00:00,29.91,56.74,7.18,8.23,6.43,6.54,21.2,0.76,17.03,0.33,0.74,,,0.27,,36.04,85.14,0.54,187.88,0.0,0.0,79.58,704.73,0.04
2024-06-24 08:00:00,29.89,56.7,6.93,7.86,6.92,6.66,21.2,0.76,19.14,0.33,0.74,,,0.27,,37.36,75.68,0.43,271.4,0.0,0.0,166.28,705.92,0.04
2024-06-24 09:00:00,32.57,62.07,6.88,8.07,6.54,6.42,21.2,0.76,21.26,0.33,0.74,,,0.27,,38.62,65.7,0.66,283.19,0.0,0.0,342.72,705.52,0.03
2024-06-24 10:00:00,32.97,62.86,6.74,8.07,6.66,6.61,21.2,0.76,22.68,0.33,0.74,,,0.27,,39.43,58.81,0.69,272.83,0.0,0.0,459.61,703.83,0.03
2024-06-24 11:00:00,59.34,115.6,6.86,7.7,6.82,7.06,21.2,0.76,21.97,0.33,0.74,,,0.27,,40.15,55.84,0.68,276.38,0.0,0.0,247.83,701.44,0.03
2024-06-24 12:00:00,55.79,108.51,7.32,8.05,6.53,6.6,21.2,0.76,22.85,0.33,0.74,,,0.27,,40.84,51.6,0.68,277.04,0.0,0.0,704.29,,0.03
2024-06-24 13:00:00,28.14,53.21,6.92,8.08,6.69,6.48,21.2,0.76,23.34,0.33,0.74,,,0.27,,41.47,48.15,0.53,308.61,0.0,0.0,666.63,,0.04
2024-06-24 14:00:00,28.14,53.21,6.98,7.96,6.12,6.32,21.2,0.76,27.14,0.33,0.74,,,0.27,,41.18,47.83,0.63,276.6,0.0,0.0,341.96,,0.03
2024-06-24 15:00:00,28.14,53.21,6.91,7.93,6.5,6.56,21.2,0.76,24.11,0.33,0.74,,,0.27,,40.33,53.16,0.6,68.9,0.0,0.0,100.08,,0.04
2024-06-24 16:00:00,28.14,53.21,6.86,8.06,6.96,6.14,21.2,0.76,22.53,0.33,0.74,,,0.27,,40.65,50.56,0.6,101.45,0.0,0.0,101.27,,0.04
2024-06-24 17:00:00,28.14,53.21,6.66,7.87,6.58,7.02,21.2,0.76,22.38,0.33,0.74,,,0.27,,40.12,54.12,0.68,121.25,0.0,0.0,50.17,,0.04
2024-06-24 18:00:00,28.14,53.21,6.97,7.96,6.62,6.55,21.2,0.76,24.47,0.33,0.74,,,0.27,,38.4,65.26,0.73,162.98,0.0,0.0,10.15,,0.04
2024-06-24 19:00:00,28.14,53.21,6.83,8.15,7.14,7.04,21.2,0.76,23.06,0.33,0.74,,,0.27,,37.78,72.19,0.72,159.34,0.0,0.0,1.48,,0.04
2024-06-24 20:00:00,28.14,53.21,7.18,7.96,6.82,5.93,21.2,0.76,22.95,0.33,0.74,,,0.27,,37.55,72.84,0.48,211.63,0.0,0.0,1.45,701.52,0.04
2024-06-24 21:00:00,28.14,53.21,7.04,7.91,6.17,6.74,21.2,0.76,21.22,0.33,0.74,,,0.27,,37.0,79.25,0.67,151.92,0.0,0.0,1.31,704.59,0.04
2024-06-24 22:00:00,28.14,53.21,6.76,7.9,6.52,6.83,21.2,0.76,20.84,0.33,0.74,,,0.27,,36.51,82.77,0.52,72.18,0.0,0.0,1.76,707.11,0.04
2024-06-24 23:00:00,28.14,53.21,7.34,7.94,6.12,6.74,21.2,0.76,19.9,0.33,0.74,,,0.27,,36.14,86.17,0.52,95.16,0.0,0.0,0.93,705.83,0.04
2024-06-25 00:00:00,28.14,53.21,6.68,7.98,6.56,6.85,21.2,0.76,20.15,0.33,0.74,,,0.27,,36.05,88.26,0.52,114.21,0.0,0.0,1.28,704.11,0.04
2024-06-25 01:00:00,28.14,53.21,7.07,8.07,7.01,6.76,21.2,0.76,20.71,0.33,0.74,,,0.27,,35.6,90.34,0.51,119.91,0.0,0.0,1.24,701.66,0.04
2024-06-25 02:00:00,28.14,53.21,7.06,8.24,6.04,6.58,21.2,0.76,20.81,0.33,0.74,,,0.27,,35.48,90.99,0.59,69.06,0.0,0.0,1.29,,0.04
2024-06-25 03:00:00,28.14,53.21,7.18,7.91,6.45,6.17,21.2,0.76,20.18,0.33,0.74,,,0.27,,35.41,93.09,0.57,37.49,0.0,0.0,1.12,,0.04
2024-06-25 04:00:00,28.14,53.21,7.08,7.98,6.76,6.91,21.2,0.76,19.98,0.33,0.74,,,0.27,,35.62,92.36,0.55,42.93,0.0,0.0,1.1,,0.04
2024-06-25 05:00:00,28.14,53.21,7.1,8.04,6.21,6.93,21.2,0.76,18.79,0.33,0.74,,,0.27,,35.52,91.79,0.38,84.77,0.0,0.0,3.88,,0.04
2024-06-25 06:00:00,28.14,53.21,6.7,8.05,6.24,6.56,21.2,0.76,20.18,0.33,0.74,,,0.27,,36.49,76.46,0.7,262.91,0.0,0.0,36.14,701.39,0.04
2024-06-25 07:00:00,28.14,53.21,6.96,8.0,6.6,7.06,21.2,0.76,18.97,0.33,0.74,,,0.27,,37.52,67.07,0.71,269.37,0.0,0.0,67.48,703.23,0.04
2024-06-25 08:00:00,28.14,53.21,6.87,7.98,6.29,6.62,21.2,0.76,20.39,0.33,0.74,,,0.27,,38.58,60.21,0.73,286.9,0.0,0.0,163.4,704.25,0.03
2024-06-25 09:00:00,35.4,67.73,7.06,7.99,6.71,6.78,21.2,0.76,24.54,0.33,0.74,,,0.27,,39.25,57.07,0.76,275.32,0.0,0.0,353.57,704.4,0.03
2024-06-25 10:00:00,42.57,82.07,7.17,8.03,6.6,6.2,21.2,0.76,29.67,0.33,0.74,,,0.27,,39.97,53.32,0.74,272.39,0.0,0.0,477.43,702.71,0.03
2024-06-25 11:00:00,35.98,68.89,6.91,7.84,6.3,6.98,21.2,0.76,30.06,0.33,0.74,,,0.27,,40.67,51.1,0.72,268.35,0.0,0.0,255.66,700.73,0.03
2024-06-25 12:00:00,30.58,58.09,7.13,8.07,6.73,7.29,21.2,0.76,23.7,0.33,0.74,,,0.27,,41.75,47.84,0.64,272.95,0.0,0.0,761.54,,0.03
2024-06-25 13:00:00,29.88,56.68,6.84,8.12,6.8,6.71,21.2,0.76,24.35,0.33,0.74,,,0.27,,42.44,44.44,0.69,273.77,0.0,0.0,718.5,,0.03
2024-06-25 14:00:00,28.21,53.35,7.05,7.92,6.9,6.36,21.2,0.76,24.63,0.33,0.74,,,0.27,,42.56,43.79,0.69,284.04,0.0,0.0,348.52,,0.03
2024-06-25 15:00:00,28.14,53.22,6.96,8.04,6.34,7.08,21.2,0.76,24.63,0.33,0.74,,,0.27,,42.37,44.6,0.68,286.49,0.0,0.0,149.89,,0.03
2024-06-25 16:00:00,28.14,53.21,6.81,7.99,6.76,6.4,21.2,0.76,25.48,0.33,0.74,,,0.27,,42.06,46.16,0.72,276.68,0.0,0.0,87.63,,0.03
2024-06-25 17:00:00,28.14,53.21,6.85,7.88,6.84,6.64,21.2,0.76,23.88,0.33,0.74,,,0.27,,41.16,50.28,0.58,273.94,0.0,0.0,59.02,,0.04
2024-06-25 18:00:00,28.33,53.59,7.0,7.77,6.78,6.78,21.2,0.76,21.26,0.33,0.74,,,0.27,,39.66,58.37,0.58,213.04,0.0,0.0,11.52,,0.04
2024-06-25 19:00:00,28.76,54.44,7.01,8.05,6.24,6.31,21.2,0.76,19.39,0.33,0.74,,,0.27,,39.36,62.02,0.42,121.82,0.0,0.0,1.06,,0.04
2024-06-25 20:00:00,29.85,56.63,6.94,8.1,7.02,7.34,21.2,0.76,21.0,0.33,0.74,,,0.27,,39.08,63.58,0.7,156.11,0.0,0.0,1.26,700.0,0.04
2024-06-25 21:00:00,29.93,56.79,6.91,7.81,7.04,6.33,21.2,0.76,24.18,0.33,0.74,,,0.27,,38.62,67.7,0.73,163.55,0.0,0.0,1.22,700.88,0.04
2024-06-25 22:00:00,29.1,55.13,6.97,7.82,5.83,6.81,21.2,0.76,23.4,0.33,0.74,,,0.27,,38.28,70.69,0.72,160.57,0.0,0.0,1.23,702.74,0.04
2024-06-25 23:00:00,29.72,56.36,7.38,7.93,6.14,6.57,21.2,0.76,22.88,0.33,0.74,,,0.27,,38.0,73.98,0.61,166.77,0.0,0.0,1.1,701.52,0.04
2024-06-26 00:00:00,29.54,56.01,6.66,8.06,6.85,6.95,21.2,0.76,26.95,0.33,0.74,,,0.27,,37.77,76.54,0.4,223.98,0.0,0.0,0.88,,0.04
2024-06-26 01:00:00,28.51,53.95,7.23,7.96,7.27,6.38,21.2,0.76,21.96,0.33,0.74,,,0.27,,37.71,72.23,0.35,204.96,0.0,0.0,0.92,,0.04
2024-06-26 02:00:00,28.24,53.42,7.08,8.11,6.58,6.55,21.2,0.76,20.01,0.33,0.74,,,0.27,,37.71,69.62,0.53,223.54,0.0,0.0,0.91,,0.04
2024-06-26 03:00:00,28.18,53.28,6.6,7.87,6.47,6.59,21.2,0.76,19.9,0.33,0.74,,,0.27,,37.84,62.54,0.72,268.73,0.0,0.0,1.17,,0.04
2024-06-26 04:00:00,28.16,53.23,6.65,8.09,6.56,6.92,21.2,0.76,19.77,0.33,0.74,,,0.27,,37.56,62.31,0.73,265.75,0.0,0.0,1.04,,0.03
2024-06-26 05:00:00,28.14,53.22,7.04,7.96,6.15,6.5,21.2,0.76,19.45,0.33,0.74,,,0.27,,37.51,62.28,0.76,263.42,0.0,0.0,2.75,,0.03
2024-06-26 06:00:00,28.14,53.21,7.15,7.99,6.53,5.67,21.2,0.76,19.04,0.33,0.74,,,0.27,,37.47,63.85,0.76,268.22,0.0,0.0,35.59,,0.03
2024-06-26 07:00:00,28.14,53.21,6.86,8.04,6.5,6.4,21.2,0.76,17.35,0.33,0.74,,,0.27,,37.61,65.8,0.75,271.71,0.0,0.0,76.74,700.03,0.04
2024-06-26 08:00:00,28.14,53.21,6.81,7.92,6.71,6.45,21.2,0.76,16.88,0.33,0.74,,,0.27,,38.35,61.58,0.74,269.67,0.0,0.0,159.05,701.01,0.03
2024-06-26 09:00:00,28.51,53.96,6.91,7.92,6.18,6.84,21.2,0.76,21.14,0.33,0.74,,,0.27,,39.02,59.1,0.72,270.24,0.0,0.0,218.84,701.9,0.04
2024-06-26 10:00:00,29.08,55.1,6.92,7.98,6.64,6.88,21.2,0.76,23.86,0.33,0.74,,,0.27,,39.72,56.23,0.7,270.44,0.0,0.0,235.37,701.21,0.03
2024-06-26 11:00:00,29.66,56.24,7.02,8.01,6.61,6.92,21.2,0.76,23.97,0.33,0.74,,,0.27,,40.46,52.89,0.73,270.17,0.0,0.0,287.12,701.05,0.03
2024-06-26 12:00:00,30.01,56.95,7.03,7.98,6.38,6.04,21.2,0.76,17.7,0.33,0.74,,,0.27,,40.83,51.6,0.7,270.99,0.0,0.0,265.46,700.36,0.04
2024-06-26 13:00:00,29.56,56.04,7.03,7.9,6.74,6.79,21.2,0.76,16.27,0.33,0.74,,,0.27,,41.38,50.03,0.72,262.57,0.0,0.0,270.69,,0.04
2024-06-26 14:00:00,28.89,54.7,7.08,7.84,6.94,6.9,21.2,0.76,22.82,0.33,0.74,,,0.27,,41.3,49.15,0.72,256.48,0.0,0.0,125.7,,0.03
2024-06-26 15:00:00,28.55,54.03,7.19,8.06,6.43,6.91,21.2,0.76,23.15,0.33,0.74,,,0.27,,39.56,62.74,0.45,216.17,0.0,0.0,43.12,,0.04
2024-06-26 16:00:00,28.37,53.67,7.14,8.06,6.49,7.2,21.2,0.76,20.92,0.33,0.74,,,0.27,,37.46,79.72,0.43,30.5,0.0,0.0,27.78,,0.04
2024-06-26 17:00:00,28.28,53.48,7.41,8.05,7.2,6.83,21.2,0.76,19.95,0.33,0.74,,,0.27,,36.61,88.48,0.56,69.3,0.0,0.0,16.52,,0.04
2024-06-26 18:00:00,28.22,53.38,6.82,8.1,6.49,6.56,21.2,0.76,19.13,0.33,0.74,,,0.27,,36.9,87.31,0.63,38.6,0.0,0.0,4.39,,0.04
2024-06-26 19:00:00,28.19,53.31,6.93,7.96,6.96,6.66,21.2,0.76,17.37,0.33,0.74,,,0.27,,37.39,79.54,0.42,128.93,0.0,0.0,1.66,,0.04
2024-06-26 20:00:00,28.3,53.52,6.7,7.96,6.87,6.27,21.2,0.76,21.94,0.33,0.74,,,0.27,,37.82,73.19,0.44,193.92,0.0,0.0,1.54,703.19,0.04
2024-06-26 21:00:00,28.48,53.9,7.04,7.97,6.6,6.8,21.2,0.76,21.0,0.33,0.74,,,0.27,,37.25,77.67,0.32,226.88,0.0,0.0,1.29,704.44,0.04
2024-06-26 22:00:00,28.82,54.58,6.7,8.04,6.39,6.85,21.2,0.76,19.27,0.33,0.74,,,0.27,,37.05,81.0,0.47,105.74,0.0,0.0,1.64,706.18,0.04
2024-06-26 23:00:00,29.39,55.72,7.12,8.0,6.64,6.89,21.2,0.76,18.4,0.33,0.74,,,0.27,,36.22,88.29,0.39,139.7,0.0,0.0,0.94,707.44,0.04
2024-06-27 00:00:00,51.28,99.49,6.79,7.97,6.68,6.42,21.2,0.76,18.78,0.33,0.74,,,0.27,,35.42,90.6,0.66,189.57,0.0,0.0,1.11,706.1,0.04
2024-06-27 01:00:00,49.21,95.35,6.95,7.99,6.76,6.48,21.2,0.76,19.6,0.33,0.74,,,0.27,,34.9,90.95,0.57,277.44,0.0,0.0,1.18,702.64,0.04
2024-06-27 02:00:00,28.14,53.21,6.97,8.15,6.7,6.5,21.2,0.76,19.8,0.33,0.74,,,0.27,,34.91,89.6,0.44,244.62,0.0,0.0,1.2,701.61,0.04
2024-06-27 03:00:00,28.14,53.21,6.86,8.07,6.52,6.38,21.2,0.76,18.9,0.33,0.74,,,0.27,,34.67,93.95,0.28,275.41,0.0,0.0,0.87,701.56,0.04
2024-06-27 04:00:00,28.14,53.21,6.7,7.79,6.49,6.48,21.2,0.76,17.72,0.33,0.74,,,0.27,,34.74,95.22,0.5,316.66,0.0,0.0,0.94,701.48,0.04
2024-06-27 05:00:00,28.14,53.21,7.16,8.0,6.27,6.78,21.2,0.76,17.02,0.33,0.74,,,0.27,,34.86,92.1,0.42,280.53,0.0,0.0,1.58,703.45,0.04
2024-06-27 06:00:00,28.14,53.21,6.86,7.99,7.3,6.4,21.2,0.76,16.75,0.33,0.74,,,0.27,,35.02,88.89,0.67,256.57,0.0,0.0,9.77,705.88,0.04
2024-06-27 07:00:00,29.93,56.79,7.22,8.11,6.4,6.28,21.2,0.76,18.62,0.33,0.74,,,0.27,,35.12,82.79,0.75,262.94,0.0,0.0,33.38,707.95,0.03
2024-06-27 08:00:00,30.19,57.3,6.82,7.97,6.41,5.92,21.2,0.76,17.52,0.33,0.74,,,0.27,,35.06,84.55,0.74,262.4,0.0,0.0,44.16,709.3,0.04
2024-06-27 09:00:00,55.82,108.56,7.34,8.07,6.71,6.8,21.2,0.76,19.13,0.33,0.74,,,0.27,,34.94,87.1,0.76,262.1,0.0,0.0,58.19,710.66,0.04
2024-06-27 10:00:00,105.79,208.51,6.76,8.01,7.03,6.98,21.2,0.76,26.68,0.33,0.74,,,0.27,,35.35,86.42,0.74,263.16,0.0,0.0,107.88,710.48,0.04
2024-06-27 11:00:00,79.83,156.6,7.43,7.9,6.42,6.29,21.2,0.76,20.34,0.33,0.74,,,0.27,,36.12,81.9,0.74,261.94,0.0,0.0,107.71,709.15,0.04
2024-06-27 12:00:00,30.74,58.41,7.03,7.98,6.82,6.02,21.2,0.76,15.55,0.33,0.74,,,0.27,,36.08,82.75,0.72,261.19,0.0,0.0,,708.45,0.04
2024-06-27 13:00:00,28.19,53.32,6.98,7.83,6.63,7.18,21.2,0.76,14.16,0.33,0.74,,,0.27,,36.09,82.47,0.74,260.11,0.0,0.0,,707.24,0.04
2024-06-27 14:00:00,28.14,53.22,6.99,7.9,6.5,6.5,21.2,0.76,16.52,0.33,0.74,,,0.27,,35.9,87.34,0.71,267.66,0.0,0.0,,706.55,0.04
2024-06-27 15:00:00,28.14,53.21,6.76,8.08,6.61,6.97,21.2,0.76,18.38,0.33,0.74,,,0.27,,36.2,84.26,0.74,265.59,0.0,0.0,,704.82,0.04
2024-06-27 16:00:00,28.14,53.21,6.69,8.06,6.7,6.54,21.2,0.76,20.6,0.33,0.74,,,0.27,,36.44,81.6,0.71,257.32,0.0,0.0,63.9,703.54,0.04
2024-06-27 17:00:00,28.14,53.21,7.23,7.92,6.77,6.36,21.2,0.76,20.08,0.33,0.74,,,0.27,,36.34,81.89,0.74,255.89,0.0,0.0,21.07,702.94,0.04
2024-06-27 18:00:00,28.14,53.21,7.12,8.12,6.48,6.47,21.2,0.76,17.31,0.33,0.74,,,0.27,,36.07,84.86,0.66,257.29,0.0,0.0,3.49,703.84,0.04
2024-06-27 19:00:00,28.14,53.21,6.9,7.96,7.02,6.32,21.2,0.76,15.77,0.33,0.74,,,0.27,,35.73,89.41,0.36,252.92,0.0,0.0,0.17,706.88,0.04
2024-06-27 20:00:00,28.14,53.21,7.09,8.11,6.34,7.0,21.2,0.76,15.01,0.33,0.74,,,0.27,,35.54,91.1,0.54,63.26,0.0,0.0,0.4,709.09,0.04
2024-06-27 21:00:00,28.14,53.21,6.97,8.2,6.44,6.02,21.2,0.76,14.82,0.33,0.74,,,0.27,,35.49,93.83,0.57,69.71,0.0,0.0,0.41,711.84,0.04
2024-06-27 22:00:00,28.14,53.21,6.68,7.89,6.41,6.91,21.2,0.76,14.76,0.33,0.74,,,0.27,,35.26,95.84,0.38,52.72,0.0,0.0,0.78,714.24,0.04
2024-06-27 23:00:00,28.14,53.21,7.34,8.09,6.71,6.12,21.2,0.76,15.1,0.33,0.74,,,0.27,,35.16,96.93,0.56,211.35,0.0,0.0,0.88,714.84,0.04
2024-06-28 00:00:00,28.14,53.21,7.02,7.87,6.86,6.68,21.2,0.76,16.0,0.33,0.74,,,0.27,,35.09,94.72,0.73,275.22,0.0,0.0,0.9,713.14,0.04
2024-06-28 01:00:00,28.14,53.21,7.18,8.09,6.46,6.22,21.2,0.76,17.74,0.33,0.74,,,0.27,,34.4,89.1,0.7,281.13,0.0,0.0,0.93,710.07,0.03
2024-06-28 02:00:00,28.14,53.21,7.06,8.06,6.42,5.95,21.2,0.76,16.65,0.33,0.74,,,0.27,,34.07,89.84,0.7,275.36,0.0,0.0,0.55,709.28,0.03
2024-06-28 03:00:00,28.14,53.21,7.2,7.85,6.53,6.51,21.2,0.76,16.83,0.33,0.74,,,0.27,,33.86,91.98,0.73,267.19,0.0,0.0,0.61,709.12,0.04
2024-06-28 04:00:00,28.14,53.21,7.18,7.87,6.96,6.85,21.2,0.76,16.64,0.33,0.74,,,0.27,,33.96,92.22,0.72,265.83,0.0,0.0,0.87,708.74,0.04
2024-06-28 05:00:00,28.14,53.21,6.77,8.02,6.74,6.71,21.2,0.76,15.45,0.33,0.74,,,0.27,,34.18,92.68,0.65,274.0,0.0,0.0,1.65,709.78,0.04
2024-06-28 06:00:00,28.14,53.21,6.66,7.96,7.09,6.39,21.2,0.76,15.92,0.33,0.74,,,0.27,,34.92,86.61,0.68,275.74,0.0,0.0,16.05,711.34,0.04
2024-06-28 07:00:00,28.14,53.21,7.18,7.87,6.55,7.18,21.2,0.76,15.67,0.33,0.74,,,0.27,,35.5,83.4,0.55,270.08,0.0,0.0,43.32,713.36,0.04
2024-06-28 08:00:00,28.14,53.21,7.01,8.05,6.58,6.0,21.2,0.76,16.26,0.33,0.74,,,0.27,,35.9,81.0,0.74,262.33,0.0,0.0,53.37,715.18,0.03
2024-06-28 09:00:00,30.37,57.68,7.26,7.93,6.42,6.39,21.2,0.76,17.07,0.33,0.74,,,0.27,,36.08,80.92,0.72,267.7,0.0,0.0,78.28,716.58,0.03
2024-06-28 10:00:00,32.46,61.85,6.89,7.98,7.26,5.8,21.2,0.76,16.32,0.33,0.74,,,0.27,,35.94,85.29,0.67,282.64,0.0,0.0,55.56,715.36,0.04
2024-06-28 11:00:00,32.46,61.85,6.85,7.93,6.49,6.81,21.2,0.76,17.12,0.33,0.74,,,0.27,,35.3,87.02,0.68,272.61,0.0,0.0,69.88,714.23,0.04
2024-06-28 12:00:00,32.46,61.85,6.86,7.81,6.38,6.57,21.2,0.76,18.66,0.33,0.74,,,0.27,,35.28,88.06,0.55,307.45,0.0,0.0,115.29,711.29,0.04
2024-06-28 13:00:00,32.46,61.85,7.11,7.89,6.87,6.18,21.2,0.76,16.96,0.33,0.74,,,0.27,,35.6,82.92,0.34,239.55,0.0,0.0,135.66,708.71,0.04
2024-06-28 14:00:00,32.46,61.85,7.03,8.13,6.49,6.78,21.2,0.76,16.62,0.33,0.74,,,0.27,,36.21,80.36,0.42,188.26,0.0,0.0,103.09,706.7,0.04
2024-06-28 15:00:00,32.46,61.85,7.08,7.85,6.31,6.74,21.2,0.76,17.78,0.33,0.74,,,0.27,,36.96,77.4,0.5,145.8,0.0,0.0,103.99,704.66,0.04
2024-06-28 16:00:00,30.79,58.5,6.74,7.89,6.67,7.31,21.2,0.76,17.95,0.33,0.74,,,0.27,,37.64,75.0,0.4,116.49,0.0,0.0,97.86,702.96,0.04
2024-06-28 17:00:00,30.38,57.7,6.78,8.09,6.72,6.31,21.2,0.76,16.9,0.33,0.74,,,0.27,,37.82,74.64,0.7,82.06,0.0,0.0,39.56,702.03,0.04
2024-06-28 18:00:00,30.1,57.12,7.1,7.98,6.29,6.16,21.2,0.76,20.37,0.33,0.74,,,0.27,,36.92,80.88,0.61,83.93,0.0,0.0,9.15,703.15,0.04
2024-06-28 19:00:00,59.03,114.99,7.04,7.87,6.16,6.88,21.2,0.76,15.32,0.33,0.74,,,0.27,,36.35,86.75,0.57,64.58,0.0,0.0,0.94,705.95,0.04
2024-06-28 20:00:00,28.73,54.4,6.87,7.87,6.8,6.43,21.2,0.76,15.54,0.33,0.74,,,0.27,,36.59,82.88,0.49,114.82,0.0,0.0,0.97,707.83,0.04
2024-06-28 21:00:00,28.14,53.22,6.3,7.88,6.5,6.65,21.2,0.76,18.78,0.33,0.74,,,0.27,,36.0,80.13,0.36,106.77,0.0,0.0,1.08,710.41,0.04
2024-06-28 22:00:00,28.14,53.21,7.05,8.04,6.89,6.8,21.2,0.76,17.37,0.33,0.74,,,0.27,,35.96,82.64,0.39,228.68,0.0,0.0,0.96,711.4,0.04
2024-06-28 23:00:00,28.14,53.21,7.24,8.01,6.8,6.53,21.2,0.76,18.5,0.33,0.74,,,0.27,,36.14,83.74,0.42,259.95,0.0,0.0,0.92,710.78,0.04
2024-06-29 00:00:00,28.14,53.21,7.02,8.18,6.74,6.85,21.2,0.76,19.28,0.33,0.74,,,0.27,,34.33,94.43,0.56,148.55,0.0,0.0,1.85,711.24,0.04
2024-06-29 01:00:00,28.14,53.21,7.02,7.94,6.5,7.14,21.2,0.76,17.26,0.33,0.74,,,0.27,,34.12,96.64,0.53,56.23,0.0,0.0,1.08,709.95,0.04
2024-06-29 02:00:00,28.14,53.21,6.98,7.88,6.53,6.5,21.2,0.76,16.68,0.33,0.74,,,0.27,,34.61,97.35,0.59,51.61,0.0,0.0,0.9,708.42,0.04
2024-06-29 03:00:00,28.14,53.21,6.99,7.94,6.11,6.52,21.2,0.76,16.54,0.33,0.74,,,0.27,,34.52,97.02,0.61,80.55,0.0,0.0,0.9,707.98,0.04
2024-06-29 04:00:00,28.14,53.21,6.98,7.78,6.81,6.62,21.2,0.76,15.51,0.33,0.74,,,0.27,,34.52,97.25,0.46,95.32,0.0,0.0,1.07,708.67,0.04
2024-06-29 05:00:00,28.14,53.21,6.84,8.15,6.5,6.85,21.2,0.76,15.0,0.33,0.74,,,0.27,,34.51,97.52,0.32,207.47,0.0,0.0,1.4,709.64,0.04
2024-06-29 06:00:00,28.14,53.21,7.12,8.03,7.01,6.84,21.2,0.76,15.49,0.33,0.74,,,0.27,,34.66,97.1,0.56,150.64,0.0,0.0,11.03,712.73,0.04
2024-06-29 07:00:00,28.14,53.21,7.06,7.92,6.97,6.75,21.2,0.76,15.14,0.33,0.74,,,0.27,,35.25,94.17,0.57,286.97,0.0,0.0,41.85,714.61,0.04
2024-06-29 08:00:00,28.14,53.21,6.93,7.82,6.75,7.26,21.2,0.76,15.44,0.33,0.74,,,0.27,,35.66,88.36,0.76,267.54,0.0,0.0,59.86,715.3,0.04
2024-06-29 09:00:00,37.33,71.59,6.95,8.0,6.75,6.46,21.2,0.76,14.99,0.33,0.74,,,0.27,,36.31,83.08,0.7,271.31,0.0,0.0,107.6,716.19,0.04
2024-06-29 10:00:00,38.18,73.3,6.76,8.06,6.55,6.7,21.2,0.76,17.86,0.33,0.74,,,0.27,,37.23,71.95,0.76,266.48,0.0,0.0,203.98,715.18,0.03
2024-06-29 11:00:00,30.49,57.92,6.94,7.9,6.52,6.78,21.2,0.76,16.83,0.33,0.74,,,0.27,,38.12,65.39,0.75,267.56,0.0,0.0,276.41,714.5,0.03
2024-06-29 12:00:00,29.14,55.22,6.81,7.94,6.98,6.7,21.2,0.76,18.98,0.33,0.74,,,0.27,,38.62,63.01,0.7,267.29,0.0,0.0,219.5,712.72,0.04
2024-06-29 13:00:00,29.4,55.72,6.81,7.92,6.16,6.29,21.2,0.76,19.09,0.33,0.74,,,0.27,,39.29,59.8,0.74,275.53,0.0,0.0,199.76,710.34,0.04
2024-06-29 14:00:00,30.28,57.48,7.22,7.92,6.54,6.98,21.2,0.76,18.83,0.33,0.74,,,0.27,,39.01,61.53,0.72,275.29,0.0,0.0,150.82,708.34,0.04
2024-06-29 15:00:00,29.94,56.79,7.09,8.12,6.88,6.93,21.2,0.76,18.24,0.33,0.74,,,0.27,,39.3,58.97,0.72,269.64,0.0,0.0,132.41,705.85,0.04
2024-06-29 16:00:00,29.02,54.98,6.88,8.14,6.53,6.4,21.2,0.76,17.79,0.33,0.74,,,0.27,,39.1,61.54,0.44,130.6,0.0,0.0,94.68,704.18,0.04
2024-06-29 17:00:00,28.25,53.42,6.85,7.93,7.3,6.74,21.2,0.76,17.72,0.33,0.74,,,0.27,,38.89,61.7,0.56,110.0,0.0,0.0,45.34,705.2,0.04
2024-06-29 18:00:00,28.16,53.24,6.98,7.95,6.82,5.8,21.2,0.76,19.82,0.33,0.74,,,0.27,,38.21,68.21,0.72,51.5,0.0,0.0,7.12,707.93,0.04
2024-06-29 19:00:00,29.58,56.09,7.02,7.99,6.74,7.1,21.2,0.76,19.24,0.33,0.74,,,0.27,,37.53,77.34,0.74,42.92,0.0,0.0,0.99,711.57,0.04
2024-06-29 20:00:00,30.9,58.74,6.9,8.15,6.55,6.82,21.2,0.76,17.03,0.33,0.74,,,0.27,,36.09,87.46,0.45,65.77,0.0,0.0,2.15,714.75,0.04
2024-06-29 21:00:00,30.55,58.03,6.96,8.12,6.64,5.96,21.2,0.76,16.96,0.33,0.74,,,0.27,,34.91,95.84,0.51,143.76,0.0,0.0,1.21,716.62,0.04
2024-06-29 22:00:00,30.43,57.79,7.1,7.91,6.76,6.88,21.2,0.76,17.02,0.33,0.74,,,0.27,,34.81,95.2,0.47,94.34,0.0,0.0,1.29,716.74,0.04
2024-06-29 23:00:00,29.78,56.49,7.04,7.97,6.82,6.85,21.2,0.76,17.22,0.33,0.74,,,0.27,,34.56,92.76,0.56,186.01,0.0,0.0,2.26,717.94,0.04
2024-06-30 00:00:00,29.4,55.74,7.2,8.09,6.76,7.21,21.2,0.76,16.51,0.33,0.74,,,0.27,,32.87,98.6,0.66,288.3,0.0,0.0,1.13,720.88,0.03
2024-06-30 01:00:00,30.23,57.39,7.1,7.93,6.97,6.01,21.2,0.76,18.94,0.33,0.74,,,0.27,,32.76,99.8,0.69,281.3,0.0,0.0,0.91,717.82,0.04
2024-06-30 02:00:00,29.95,56.84,6.98,8.02,6.55,6.64,21.2,0.76,17.54,0.33,0.74,,,0.27,,32.86,,0.74,265.98,0.0,0.0,1.0,715.35,0.04
2024-06-30 03:00:00,29.48,55.88,6.95,8.09,6.69,6.38,21.2,0.76,17.33,0.33,0.74,,,0.27,,32.82,,0.4,221.16,0.0,0.0,0.92,715.2,0.04
2024-06-30 04:00:00,29.82,56.58,7.12,7.89,6.8,6.19,21.2,0.76,17.38,0.33,0.74,,,0.27,,32.86,,0.71,260.93,0.0,0.0,0.9,714.5,0.04
2024-06-30 05:00:00,30.01,56.95,7.05,7.95,6.62,7.11,21.2,0.76,17.27,0.33,0.74,,,0.27,,33.02,,0.72,249.67,0.0,0.0,1.09,714.93,0.04
2024-06-30 06:00:00,29.91,56.75,7.43,8.04,6.59,6.68,21.2,0.76,16.08,0.33,0.74,,,0.27,,33.12,,0.65,226.88,0.0,0.0,8.76,718.8,0.04
2024-06-30 07:00:00,30.19,57.3,6.94,7.98,6.8,6.26,21.2,0.76,16.67,0.33,0.74,,,0.27,,33.11,99.97,0.72,220.84,0.0,0.0,15.05,719.5,0.04
2024-06-30 08:00:00,30.28,57.48,6.6,7.77,6.68,5.91,21.2,0.76,16.06,0.33,0.74,,,0.27,,33.34,99.62,0.68,199.84,0.04,0.04,28.0,722.28,0.04
2024-06-30 09:00:00,35.53,67.99,7.18,8.11,6.64,6.25,21.2,0.76,15.58,0.33,0.74,,,0.27,,33.55,99.52,0.73,166.15,0.16,0.16,28.74,723.49,0.04
2024-06-30 10:00:00,35.34,67.61,6.61,7.84,6.52,6.66,21.2,0.76,14.32,0.33,0.74,,,0.27,,33.68,99.82,0.76,190.03,0.16,0.16,36.92,723.92,0.04
2024-06-30 11:00:00,29.8,56.53,7.13,8.08,6.24,6.23,21.2,0.76,15.67,0.33,0.74,,,0.27,,33.77,99.46,0.76,183.67,0.16,0.16,41.37,722.01,0.04
2024-06-30 12:00:00,29.04,55.02,7.21,7.89,6.53,6.19,21.2,0.76,15.5,0.33,0.74,,,0.27,,33.87,98.62,0.76,187.51,0.16,0.16,57.33,719.71,0.04
2024-06-30 13:00:00,42.48,81.9,6.96,8.04,6.69,6.81,21.2,0.76,16.93,0.33,0.74,,,0.27,,34.13,97.72,0.68,201.84,0.16,0.16,70.38,717.41,0.04
2024-06-30 14:00:00,42.43,81.8,7.25,7.94,6.77,6.6,21.2,0.76,16.91,0.33,0.74,,,0.27,,34.4,96.13,0.71,252.26,0.16,0.16,78.57,715.21,0.04
2024-06-30 15:00:00,28.92,54.78,7.14,8.04,6.11,6.62,21.2,0.76,18.68,0.33,0.74,,,0.27,,34.57,94.72,0.61,247.51,0.16,0.16,60.81,714.22,0.04
2024-06-30 16:00:00,28.16,53.24,6.75,8.14,6.49,6.61,21.2,0.76,17.38,0.33,0.74,,,0.27,,34.68,95.06,0.39,134.28,0.16,0.16,35.04,711.42,0.04
2024-06-30 17:00:00,28.14,53.21,6.9,8.15,6.91,6.13,21.2,0.76,16.06,0.33,0.74,,,0.27,,34.66,95.9,0.56,88.84,0.16,0.16,25.62,710.51,0.04
2024-06-30 18:00:00,28.14,53.21,6.7,8.03,6.41,6.53,21.2,0.76,15.12,0.33,0.74,,,0.27,,34.6,97.21,0.66,70.22,0.16,0.16,5.57,712.46,0.04
2024-06-30 19:00:00,28.14,53.21,6.8,8.14,6.96,6.59,21.2,0.76,17.22,0.33,0.74,,,0.27,,34.4,98.87,0.64,67.42,0.16,0.16,0.82,714.44,0.04
2024-06-30 20:00:00,28.14,53.21,6.82,7.93,6.29,6.9,21.2,0.76,15.84,0.33,0.74,,,0.27,,34.5,98.77,0.64,86.2,0.16,0.16,0.84,718.75,0.04
2024-06-30 21:00:00,28.53,53.99,6.9,8.04,6.3,7.08,21.2,0.76,14.67,0.33,0.74,,,0.27,,34.49,98.9,0.57,92.08,0.16,0.16,0.9,720.84,0.04
2024-06-30 22:00:00,29.4,55.73,7.19,8.16,6.82,6.52,21.2,0.76,15.08,0.33,0.74,,,0.27,,34.43,99.16,0.57,68.0,0.16,0.16,0.87,721.64,0.04
2024-06-30 23:00:00,29.33,55.58,7.24,7.98,6.68,6.33,21.2,0.76,15.5,0.33,0.74,,,0.27,,34.43,99.52,0.39,127.05,0.16,0.16,0.87,721.03,0.04
2024-07-01 00:00:00,28.8,54.52,6.81,8.03,6.52,7.22,21.2,0.76,15.2,0.33,0.74,,,0.27,,34.52,99.48,0.4,105.32,0.16,0.16,0.88,720.31,0.04
2024-07-01 01:00:00,28.58,54.1,7.08,8.01,6.4,6.11,21.2,0.76,19.73,0.33,0.74,,,0.27,,34.5,99.54,0.52,82.16,0.16,0.16,0.87,717.41,0.04
2024-07-01 02:00:00,29.08,55.1,6.69,7.89,6.56,6.84,21.2,0.76,15.81,0.33,0.74,,,0.27,,34.51,98.92,0.59,235.82,0.16,0.16,0.96,713.98,0.04
2024-07-01 03:00:00,29.6,56.14,6.83,8.04,6.38,5.95,21.2,0.76,17.34,0.33,0.74,,,0.27,,34.54,95.84,0.7,245.14,0.16,0.16,1.46,714.59,0.04
2024-07-01 04:00:00,29.62,56.18,6.83,8.12,6.46,6.48,21.2,0.76,16.74,0.33,0.74,,,0.27,,33.98,95.4,0.72,250.88,0.16,0.16,1.14,714.98,0.04
2024-07-01 05:00:00,29.38,55.69,6.62,7.96,6.54,6.5,21.2,0.76,16.53,0.33,0.74,,,0.27,,33.76,93.12,0.72,250.94,0.16,0.16,2.37,715.04,0.04
2024-07-01 06:00:00,29.69,56.32,7.16,7.87,6.54,5.98,21.2,0.76,16.39,0.33,0.74,,,0.27,,33.61,93.51,0.74,261.26,0.16,0.16,26.68,716.44,0.04
2024-07-01 07:00:00,30.08,57.08,6.9,8.19,6.58,6.5,21.2,0.76,15.84,0.33,0.74,,,0.27,,33.85,93.37,0.74,264.94,0.16,0.16,48.73,716.56,0.04
2024-07-01 08:00:00,29.28,55.5,7.19,8.0,6.4,6.52,21.2,0.76,16.22,0.33,0.74,,,0.27,,34.44,91.41,0.72,261.04,0.16,0.16,87.91,718.82,0.04
2024-07-01 09:00:00,29.48,55.89,6.91,8.12,6.67,6.3,21.2,0.76,16.36,0.33,0.74,,,0.27,,35.21,87.04,0.62,245.0,0.13,0.13,126.13,721.2,0.04
2024-07-01 10:00:00,29.96,56.86,6.74,7.81,6.18,6.85,21.2,0.76,17.53,0.33,0.74,,,0.27,,35.32,85.62,0.68,260.4,0.0,0.0,135.26,720.84,0.04
2024-07-01 11:00:00,29.68,56.29,6.96,7.93,6.89,6.58,21.2,0.76,18.52,0.33,0.74,,,0.27,,36.11,81.76,0.67,257.03,0.0,0.0,226.23,718.29,0.04
2024-07-01 12:00:00,29.29,55.5,7.12,8.06,6.18,6.35,21.2,0.76,16.68,0.33,0.74,,,0.27,,36.53,79.62,0.73,262.55,0.0,0.0,209.36,715.67,0.04
2024-07-01 13:00:00,28.77,54.47,6.99,7.96,6.81,6.43,21.2,0.76,19.61,0.33,0.74,,,0.27,,36.76,79.5,0.7,267.52,0.0,0.0,130.73,713.32,0.04
2024-07-01 14:00:00,29.21,55.35,7.22,8.0,6.58,5.94,21.2,0.76,18.95,0.33,0.74,,,0.27,,37.06,77.48,0.72,269.0,0.0,0.0,128.02,710.92,0.04
2024-07-01 15:00:00,29.51,55.94,6.78,8.03,6.21,6.71,21.2,0.76,18.57,0.33,0.74,,,0.27,,37.67,75.72,0.61,259.68,0.0,0.0,146.12,709.35,0.04
2024-07-01 16:00:00,28.98,54.89,7.11,8.04,6.8,6.76,21.2,0.76,18.57,0.33,0.74,,,0.27,,37.5,75.98,0.64,258.2,0.0,0.0,66.4,708.27,0.04
2024-07-01 17:00:00,28.78,54.5,7.5,7.93,6.72,6.4,21.2,0.76,19.23,0.33,0.74,,,0.27,,37.09,79.95,0.6,208.35,0.0,0.0,30.4,708.23,0.04
2024-07-01 18:00:00,29.24,55.41,6.98,7.94,6.76,6.66,21.2,0.76,18.44,0.33,0.74,,,0.27,,36.19,85.52,0.55,201.06,0.0,0.0,4.89,710.58,0.04
2024-07-01 19:00:00,29.94,56.82,7.06,7.99,5.89,6.36,21.2,0.76,25.12,0.33,0.74,,,0.27,,35.74,87.96,0.6,164.13,0.0,0.0,0.83,713.24,0.04
2024-07-01 20:00:00,29.92,56.76,6.98,7.85,6.75,6.23,21.2,0.76,20.81,0.33,0.74,,,0.27,,35.67,89.72,0.39,155.78,0.0,0.0,0.75,715.51,0.04
2024-07-01 21:00:00,29.67,56.27,7.21,8.07,6.56,6.88,21.2,0.76,18.88,0.33,0.74,,,0.27,,35.56,90.46,0.55,244.7,0.0,0.0,0.86,717.32,0.04
2024-07-01 22:00:00,29.46,55.86,6.85,8.07,6.79,6.7,21.2,0.76,18.12,0.33,0.74,,,0.27,,35.53,89.75,0.47,231.26,0.0,0.0,0.87,717.32,0.04
2024-07-01 23:00:00,29.44,55.82,7.08,7.91,6.34,6.72,21.2,0.76,20.12,0.33,0.74,,,0.27,,35.46,88.25,0.39,255.3,0.0,0.0,0.89,715.58,0.04
2024-07-02 00:00:00,29.44,55.83,6.96,7.86,6.22,6.62,21.2,0.76,17.8,0.33,0.74,,,0.27,,35.17,87.66,0.52,260.33,0.0,0.0,0.87,712.93,0.04
2024-07-02 01:00:00,29.49,55.9,7.3,8.13,6.63,6.42,21.2,0.76,20.48,0.33,0.74,,,0.27,,34.84,81.99,0.66,254.35,0.0,0.0,0.9,710.6,0.04
2024-07-02 02:00:00,29.45,55.82,7.08,8.05,6.13,6.86,21.2,0.76,16.62,0.33,0.74,,,0.27,,34.44,83.74,0.62,146.29,0.0,0.0,0.84,708.65,0.04
2024-07-02 03:00:00,29.06,55.04,6.98,8.08,6.48,6.62,21.2,0.76,16.55,0.33,0.74,,,0.27,,34.22,87.02,0.47,156.05,0.0,0.0,0.86,708.27,0.04
2024-07-02 04:00:00,28.78,54.49,6.94,7.9,6.81,6.09,21.2,0.76,15.94,0.33,0.74,,,0.27,,34.78,81.83,0.61,266.58,0.0,0.0,0.59,708.8,0.04
2024-07-02 05:00:00,28.59,54.1,6.93,8.15,6.71,6.71,21.2,0.76,15.46,0.33,0.74,,,0.27,,34.54,84.64,0.6,274.43,0.0,0.0,2.39,710.22,0.04
2024-07-02 06:00:00,28.45,53.84,6.85,8.06,6.85,6.52,21.2,0.76,15.42,0.33,0.74,,,0.27,,34.42,86.82,0.74,266.97,0.0,0.0,23.1,712.28,0.04
2024-07-02 07:00:00,28.58,54.1,6.9,8.08,6.81,7.02,21.2,0.76,18.98,0.33,0.74,,,0.27,,34.97,85.31,0.72,268.93,0.0,0.0,50.53,713.63,0.04
2024-07-02 08:00:00,28.66,54.25,6.98,7.99,6.6,6.39,21.2,0.76,14.0,0.33,0.74,,,0.27,,36.55,74.25,0.72,259.29,0.0,0.0,241.23,714.47,0.04
2024-07-02 09:00:00,34.72,66.36,7.13,7.83,6.43,6.33,21.2,0.76,16.57,0.33,0.74,,,0.27,,37.54,68.37,0.74,260.17,0.0,0.0,284.1,715.71,0.03
2024-07-02 10:00:00,37.31,71.55,7.17,7.98,6.4,6.9,21.2,0.76,18.84,0.33,0.74,,,0.27,,38.31,62.94,0.75,266.08,0.0,0.0,439.07,714.79,0.03
2024-07-02 11:00:00,34.07,65.08,7.0,8.04,7.17,5.84,21.2,0.76,18.88,0.33,0.74,,,0.27,,38.06,65.62,0.73,261.12,0.0,0.0,215.44,713.27,0.04
2024-07-02 12:00:00,32.75,62.43,7.38,8.04,6.06,6.25,21.2,0.76,21.29,0.33,0.74,,,0.27,,39.22,60.26,0.74,263.02,0.0,0.0,551.11,709.86,0.03
2024-07-02 13:00:00,30.02,56.96,6.9,7.87,6.98,6.66,21.2,0.76,21.68,0.33,0.74,,,0.27,,39.95,56.01,0.74,275.06,0.0,0.0,457.19,707.36,0.03
2024-07-02 14:00:00,29.25,55.43,7.2,8.05,6.12,6.8,21.2,0.76,19.19,0.33,0.74,,,0.27,,39.98,55.87,0.76,276.77,0.0,0.0,252.28,704.5,0.03
2024-07-02 15:00:00,30.28,57.48,6.89,7.97,6.72,6.64,21.2,0.76,20.59,0.33,0.74,,,0.27,,39.82,54.8,0.76,270.92,0.0,0.0,139.68,703.53,0.03
2024-07-02 16:00:00,29.53,56.0,7.35,8.08,7.07,6.53,21.2,0.76,21.78,0.33,0.74,,,0.27,,40.39,53.37,0.76,273.84,0.0,0.0,89.46,702.2,0.03
2024-07-02 17:00:00,28.88,54.7,7.18,7.9,6.74,6.42,21.2,0.76,21.3,0.33,0.74,,,0.27,,40.06,54.92,0.78,265.65,0.0,0.0,50.21,701.75,0.03
2024-07-02 18:00:00,29.57,56.07,6.9,7.79,6.73,6.06,21.2,0.76,20.32,0.33,0.74,,,0.27,,39.46,58.03,0.76,268.7,0.0,0.0,13.52,701.75,0.04
2024-07-02 19:00:00,29.22,55.36,6.96,8.16,6.49,6.42,21.2,0.76,15.86,0.33,0.74,,,0.27,,38.87,62.12,0.53,202.92,0.0,0.0,0.95,703.8,0.04
2024-07-02 20:00:00,28.36,53.64,7.26,8.04,6.49,6.58,21.2,0.76,17.81,0.33,0.74,,,0.27,,38.1,71.39,0.54,124.23,0.0,0.0,0.92,706.25,0.04
2024-07-02 21:00:00,28.19,53.31,6.78,7.89,6.55,6.6,21.2,0.76,17.21,0.33,0.74,,,0.27,,37.42,76.41,0.65,135.18,0.0,0.0,0.92,708.5,0.04
2024-07-02 22:00:00,28.16,53.24,6.9,8.0,6.36,6.26,21.2,0.76,17.5,0.33,0.74,,,0.27,,34.56,90.16,0.66,234.03,0.0,0.0,3.6,713.17,0.03
2024-07-02 23:00:00,28.17,53.27,7.14,7.99,6.63,7.24,21.2,0.76,15.75,0.33,0.74,,,0.27,,33.39,98.86,0.49,117.26,0.0,0.0,0.35,711.71,0.04
2024-07-03 00:00:00,28.18,53.28,6.65,7.84,6.68,7.33,21.2,0.76,15.17,0.33,0.74,,,0.27,,34.27,95.38,0.58,221.68,0.0,0.0,0.9,709.36,0.04
2024-07-03 01:00:00,28.16,53.23,7.0,7.98,6.33,6.12,21.2,0.76,17.45,0.33,0.74,,,0.27,,35.31,88.88,0.64,266.38,0.0,0.0,1.66,709.61,0.04
2024-07-03 02:00:00,28.14,53.22,6.99,8.11,6.61,6.24,21.2,0.76,16.51,0.33,0.74,,,0.27,,35.1,90.86,0.74,258.75,0.0,0.0,1.68,708.83,0.04
2024-07-03 03:00:00,28.14,53.21,7.12,8.01,7.03,6.75,21.2,0.76,16.27,0.33,0.74,,,0.27,,35.19,88.44,0.71,264.62,0.0,0.0,2.36,707.53,0.04
2024-07-03 04:00:00,28.14,53.21,6.74,8.02,6.7,6.75,21.2,0.76,16.88,0.33,0.74,,,0.27,,35.12,82.49,0.6,258.05,0.0,0.0,2.24,709.28,0.04
2024-07-03 05:00:00,28.14,53.21,6.9,7.98,6.68,5.91,21.2,0.76,16.18,0.33,0.74,,,0.27,,34.65,86.66,0.68,271.24,0.0,0.0,2.64,710.51,0.04
2024-07-03 06:00:00,30.47,57.88,6.69,8.1,6.27,6.86,21.2,0.76,16.41,0.33,0.74,,,0.27,,34.77,85.86,0.74,263.33,0.0,0.0,29.62,711.96,0.04
2024-07-03 07:00:00,32.06,61.06,7.21,7.97,6.44,5.88,21.2,0.76,14.66,0.33,0.74,,,0.27,,35.37,84.47,0.71,262.32,0.0,0.0,79.56,713.41,0.04
2024-07-03 08:00:00,30.59,58.12,7.07,8.14,7.24,6.7,21.2,0.76,16.64,0.33,0.74,,,0.27,,36.32,76.75,0.7,256.29,0.0,0.0,127.5,715.51,0.04
2024-07-03 09:00:00,29.97,56.87,7.39,8.04,6.64,6.36,21.2,0.76,17.35,0.33,0.74,,,0.27,,37.16,72.75,0.65,260.98,0.0,0.0,209.98,716.97,0.04
2024-07-03 10:00:00,30.26,57.46,7.03,8.05,6.5,6.09,21.2,0.76,20.84,0.33,0.74,,,0.27,,38.7,67.34,0.71,248.28,0.0,0.0,482.52,716.12,0.04
2024-07-03 11:00:00,29.82,56.57,7.07,7.94,6.12,6.68,21.2,0.76,18.78,0.33,0.74,,,0.27,,40.01,63.77,0.74,253.83,0.0,0.0,292.08,715.0,0.04
2024-07-03 12:00:00,29.36,55.65,7.21,7.96,6.42,6.33,21.2,0.76,19.1,0.33,0.74,,,0.27,,40.57,63.08,0.72,254.82,0.0,0.0,618.0,712.72,0.04
2024-07-03 13:00:00,29.24,55.4,6.9,8.02,6.44,6.05,21.2,0.76,20.23,0.33,0.74,,,0.27,,40.76,60.24,0.74,254.73,0.0,0.0,668.2,709.81,0.03
2024-07-03 14:00:00,28.98,54.88,7.07,7.82,6.62,6.5,21.2,0.76,21.64,0.33,0.74,,,0.27,,40.18,58.42,0.75,253.95,0.0,0.0,299.4,706.94,0.03
2024-07-03 15:00:00,28.86,54.66,7.13,7.92,6.49,7.45,21.2,0.76,24.16,0.33,0.74,,,0.27,,40.72,55.82,0.76,258.82,0.0,0.0,159.84,704.31,0.03
2024-07-03 16:00:00,29.11,55.15,7.14,7.98,6.85,6.26,21.2,0.76,21.22,0.33,0.74,,,0.27,,40.01,56.81,0.75,255.23,0.0,0.0,108.98,703.08,0.04
2024-07-03 17:00:00,29.14,55.21,6.93,8.07,6.52,6.11,21.2,0.76,20.0,0.33,0.74,,,0.27,,39.22,60.15,0.76,256.82,0.0,0.0,45.78,704.04,0.04
2024-07-03 18:00:00,28.97,54.87,6.72,8.09,6.49,6.5,21.2,0.76,17.09,0.33,0.74,,,0.27,,39.64,61.6,0.77,253.49,0.0,0.0,8.57,706.36,0.04
2024-07-03 19:00:00,28.91,54.76,6.78,7.98,6.54,6.56,21.2,0.76,16.86,0.33,0.74,,,0.27,,39.56,60.2,0.78,249.64,0.0,0.0,0.93,709.16,0.04
2024-07-03 20:00:00,29.16,55.26,7.08,8.15,6.31,7.03,21.2,0.76,17.2,0.33,0.74,,,0.27,,39.16,68.99,0.6,182.75,0.0,0.0,1.15,712.14,0.04
2024-07-03 21:00:00,29.54,56.02,7.16,7.99,6.81,6.25,21.2,0.76,19.2,0.33,0.74,,,0.27,,38.21,75.79,0.38,179.82,0.0,0.0,0.88,714.84,0.04
2024-07-03 22:00:00,29.53,56.0,7.28,7.91,6.84,6.48,21.2,0.76,18.16,0.33,0.74,,,0.27,,36.86,80.1,0.36,224.78,0.0,0.0,0.83,715.0,0.04
2024-07-03 23:00:00,29.7,56.32,7.08,7.97,6.48,6.34,21.2,0.76,18.48,0.33,0.74,,,0.27,,35.94,82.73,0.38,195.05,0.0,0.0,0.77,714.49,0.04
2024-07-04 00:00:00,29.84,56.61,6.98,8.08,6.63,6.83,21.2,0.76,20.88,0.33,0.74,,,0.27,,37.32,84.65,0.47,213.21,0.0,0.0,0.82,712.97,0.04
2024-07-04 01:00:00,29.72,56.38,6.91,7.9,6.78,7.33,21.2,0.76,19.45,0.33,0.74,,,0.27,,37.24,85.0,0.58,235.68,0.0,0.0,0.8,711.44,0.04
2024-07-04 02:00:00,37.13,71.19,7.08,8.19,6.82,6.56,21.2,0.76,20.82,0.33,0.74,,,0.27,,37.22,84.16,0.44,251.6,0.0,0.0,0.78,710.03,0.04
2024-07-04 03:00:00,37.03,70.98,7.03,8.0,6.16,6.15,21.2,0.76,18.16,0.33,0.74,,,0.27,,37.08,81.49,0.66,240.11,0.0,0.0,0.78,709.8,0.04
2024-07-04 04:00:00,29.3,55.53,7.19,7.96,6.78,6.48,21.2,0.76,16.29,0.33,0.74,,,0.27,,36.52,78.9,0.67,238.42,0.0,0.0,0.84,710.77,0.04
2024-07-04 05:00:00,28.67,54.28,7.11,7.92,7.38,6.28,21.2,0.76,16.28,0.33,0.74,,,0.27,,36.37,77.41,0.74,254.82,0.0,0.0,1.92,712.11,0.04
2024-07-04 06:00:00,29.86,56.65,7.16,7.87,6.04,6.86,21.2,0.76,15.5,0.33,0.74,,,0.27,,36.81,74.22,0.71,259.98,0.0,0.0,30.76,713.96,0.04
2024-07-04 07:00:00,30.23,57.4,6.86,8.08,6.47,6.57,21.2,0.76,16.37,0.33,0.74,,,0.27,,37.15,73.4,0.66,274.47,0.0,0.0,81.8,716.91,0.04
2024-07-04 08:00:00,29.08,55.1,7.24,8.09,6.24,6.46,21.2,0.76,17.32,0.33,0.74,,,0.27,,36.19,68.76,0.76,255.55,0.0,0.0,182.76,719.5,0.04
2024-07-04 09:00:00,28.29,53.52,7.09,8.01,6.8,6.44,21.2,0.76,18.56,0.33,0.74,,,0.27,,37.94,65.51,0.74,258.74,0.0,0.0,239.22,720.16,0.03
2024-07-04 10:00:00,28.16,53.25,7.08,7.83,6.63,6.4,21.2,0.76,19.59,0.33,0.74,,,0.27,,38.96,65.33,0.72,179.43,0.0,0.0,232.65,719.96,0.03
2024-07-04 11:00:00,28.14,53.22,7.19,7.98,7.0,5.77,21.2,0.76,21.06,0.33,0.74,,,0.27,,39.36,63.4,0.76,264.9,0.0,0.0,273.52,718.04,0.03
2024-07-04 12:00:00,28.14,53.21,6.77,8.19,6.48,6.9,21.2,0.76,20.63,0.33,0.74,,,0.27,,39.69,59.96,0.74,265.09,0.0,0.0,609.82,714.76,0.03
2024-07-04 13:00:00,28.14,53.21,6.98,7.98,6.76,6.68,21.2,0.76,20.8,0.33,0.74,,,0.27,,40.51,55.22,0.7,271.36,0.0,0.0,669.08,712.73,0.03
2024-07-04 14:00:00,28.14,53.21,7.03,8.0,6.26,7.16,21.2,0.76,21.49,0.33,0.74,,,0.27,,40.69,52.58,0.6,224.68,0.0,0.0,368.54,709.37,0.03
2024-07-04 15:00:00,29.08,55.1,7.16,8.06,6.65,6.09,21.2,0.76,18.85,0.33,0.74,,,0.27,,40.0,52.98,0.59,305.63,0.0,0.0,164.49,706.3,0.04
2024-07-04 16:00:00,30.34,57.61,6.95,8.06,6.76,7.34,21.2,0.76,18.39,0.33,0.74,,,0.27,,39.82,54.16,0.56,325.53,0.0,0.0,95.88,703.72,0.04
2024-07-04 17:00:00,29.78,56.49,6.99,7.81,6.44,6.6,21.2,0.76,16.27,0.33,0.74,,,0.27,,40.11,55.09,0.54,328.93,0.0,0.0,52.29,703.42,0.04
2024-07-04 18:00:00,29.15,55.24,7.54,8.08,6.8,7.52,21.2,0.76,17.19,0.33,0.74,,,0.27,,39.6,57.45,0.43,212.9,0.0,0.0,12.38,705.15,0.04
2024-07-04 19:00:00,29.84,56.6,7.18,7.99,6.59,6.13,21.2,0.76,18.7,0.33,0.74,,,0.27,,38.63,62.86,0.66,158.7,0.0,0.0,1.11,709.71,0.04
2024-07-04 20:00:00,29.99,56.91,7.02,7.87,6.18,6.39,21.2,0.76,18.12,0.33,0.74,,,0.27,,37.7,67.94,0.61,121.12,0.0,0.0,0.75,713.42,0.04
2024-07-04 21:00:00,29.2,55.32,7.06,7.82,6.19,6.77,21.2,0.76,17.86,0.33,0.74,,,0.27,,37.5,67.4,0.64,147.52,0.0,0.0,0.79,715.0,0.04
2024-07-04 22:00:00,28.53,53.98,7.0,8.25,6.84,6.96,21.2,0.76,20.08,0.33,0.74,,,0.27,,36.61,76.74,0.49,188.43,0.0,0.0,0.93,715.0,0.04
2024-07-04 23:00:00,28.29,53.5,7.05,8.11,6.8,6.74,21.2,0.76,19.84,0.33,0.74,,,0.27,,35.95,79.68,0.44,197.26,0.0,0.0,0.73,713.5,0.04
2024-07-05 00:00:00,28.2,53.33,7.01,8.06,6.71,6.42,21.2,0.76,20.65,0.33,0.74,,,0.27,,35.24,80.64,0.55,303.07,0.0,0.0,1.54,713.29,0.04
2024-07-05 01:00:00,28.17,53.26,6.64,7.96,6.4,6.49,21.2,0.76,20.04,0.33,0.74,,,0.27,,34.21,83.6,0.44,66.94,0.0,0.0,0.8,712.47,0.04
2024-07-05 02:00:00,28.16,53.23,7.56,8.09,6.57,6.81,21.2,0.76,19.22,0.33,0.74,,,0.27,,34.13,85.21,0.42,92.5,0.0,0.0,0.77,711.24,0.04
2024-07-05 03:00:00,28.84,54.6,7.12,8.0,6.84,7.55,21.2,0.76,18.46,0.33,0.74,,,0.27,,34.03,86.02,0.43,85.16,0.0,0.0,0.64,710.88,0.04
2024-07-05 04:00:00,29.64,56.19,6.94,8.06,6.84,6.69,21.2,0.76,17.26,0.33,0.74,,,0.27,,33.91,87.83,0.52,134.6,0.0,0.0,0.73,711.01,0.04
2024-07-05 05:00:00,29.63,56.19,6.87,7.9,6.58,6.2,21.2,0.76,16.42,0.33,0.74,,,0.27,,33.74,89.17,0.44,80.7,0.0,0.0,1.72,711.9,0.04
2024-07-05 06:00:00,29.75,56.44,6.78,8.13,6.42,7.17,21.2,0.76,16.13,0.33,0.74,,,0.27,,33.92,88.54,0.55,148.74,0.0,0.0,23.22,714.23,0.04
2024-07-05 07:00:00,29.85,56.63,7.2,8.13,6.83,6.65,21.2,0.76,15.99,0.33,0.74,,,0.27,,34.67,84.08,0.61,97.62,0.0,0.0,83.52,716.62,0.04
2024-07-05 08:00:00,30.02,56.97,6.83,8.0,6.69,6.33,21.2,0.76,20.7,0.33,0.74,,,0.27,,36.86,74.7,0.49,223.4,0.0,0.0,189.67,715.81,0.04
2024-07-05 09:00:00,30.18,57.28,7.01,7.93,6.32,6.44,21.2,0.76,18.18,0.33,0.74,,,0.27,,37.54,67.83,0.72,257.06,0.0,0.0,432.47,715.56,0.04
2024-07-05 10:00:00,30.07,57.07,6.95,8.16,6.85,6.81,21.2,0.76,23.15,0.33,0.74,,,0.27,,38.83,60.93,0.74,255.73,0.0,0.0,635.21,713.98,0.03
2024-07-05 11:00:00,30.04,57.01,6.79,8.01,6.79,6.92,21.2,0.76,22.6,0.33,0.74,,,0.27,,39.94,55.24,0.75,264.54,0.0,0.0,283.66,712.27,0.03
2024-07-05 12:00:00,30.15,57.22,6.7,7.95,6.75,6.67,21.2,0.76,21.5,0.33,0.74,,,0.27,,39.85,53.94,0.72,263.52,0.0,0.0,357.78,710.7,0.03
2024-07-05 13:00:00,29.99,56.91,7.11,8.03,6.87,6.05,21.2,0.76,23.55,0.33,0.74,,,0.27,,40.06,53.0,0.72,254.87,0.0,0.0,348.85,707.58,0.04
2024-07-05 14:00:00,29.65,56.22,6.88,8.0,6.6,7.1,21.2,0.76,22.75,0.33,0.74,,,0.27,,40.18,52.78,0.66,265.66,0.0,0.0,223.5,703.43,0.04
2024-07-05 15:00:00,29.33,55.58,6.73,7.95,6.51,6.82,21.2,0.76,19.28,0.33,0.74,,,0.27,,39.38,58.47,0.55,123.06,0.0,0.0,112.96,700.6,0.04
2024-07-05 16:00:00,29.37,55.67,7.06,8.0,7.16,6.03,21.2,0.76,20.2,0.33,0.74,,,0.27,,38.67,61.31,0.52,186.43,0.0,0.0,106.4,,0.04
2024-07-05 17:00:00,29.5,55.94,7.2,8.15,6.93,6.44,21.2,0.76,20.54,0.33,0.74,,,0.27,,37.71,62.53,0.46,94.2,0.0,0.0,34.16,,0.04
2024-07-05 18:00:00,29.52,55.99,6.87,8.04,6.87,5.8,21.2,0.76,20.13,0.33,0.74,,,0.27,,37.56,60.84,0.58,156.86,0.0,0.0,8.64,702.82,0.04
2024-07-05 19:00:00,29.8,56.55,6.79,8.08,6.78,6.88,21.2,0.76,20.39,0.33,0.74,,,0.27,,37.3,67.82,0.56,196.35,0.0,0.0,1.05,705.55,0.04
2024-07-05 20:00:00,29.74,56.42,7.14,7.92,6.85,6.4,21.2,0.76,18.66,0.33,0.74,,,0.27,,36.82,73.34,0.43,204.56,0.0,0.0,0.81,707.53,0.04
2024-07-05 21:00:00,29.65,56.24,7.08,8.05,6.52,6.79,21.2,0.76,18.62,0.33,0.74,,,0.27,,36.31,76.51,0.42,212.73,0.0,0.0,0.66,710.48,0.04
2024-07-05 22:00:00,29.74,56.4,7.3,8.09,6.86,6.87,21.2,0.76,17.95,0.33,0.74,,,0.27,,35.21,83.39,0.45,149.31,0.0,0.0,2.56,712.33,0.04
2024-07-05 23:00:00,29.47,55.86,7.02,8.07,6.46,6.96,21.2,0.76,16.82,0.33,0.74,,,0.27,,32.23,98.02,0.65,270.9,0.0,0.0,1.0,714.39,0.03
2024-07-06 00:00:00,29.07,55.07,6.88,7.88,7.0,6.52,21.2,0.76,15.5,0.33,0.74,,,0.27,,32.64,97.18,0.7,266.83,0.0,0.0,0.62,711.16,0.04
2024-07-06 01:00:00,28.8,54.54,7.02,7.96,6.65,6.71,21.2,0.76,16.62,0.33,0.74,,,0.27,,32.83,97.57,0.46,259.81,0.0,0.0,0.63,706.81,0.04
2024-07-06 02:00:00,28.6,54.14,7.05,8.24,6.74,6.25,21.2,0.76,17.27,0.33,0.74,,,0.27,,33.41,97.86,0.62,156.33,0.0,0.0,0.82,704.42,0.04
2024-07-06 03:00:00,28.46,53.86,6.51,8.08,6.34,6.36,21.2,0.76,16.07,0.33,0.74,,,0.27,,33.74,97.57,0.31,163.76,0.0,0.0,0.87,706.14,0.04
2024-07-06 04:00:00,28.37,53.67,6.6,8.06,6.68,6.48,21.2,0.76,15.33,0.33,0.74,,,0.27,,33.9,94.98,0.44,228.81,0.0,0.0,1.15,707.42,0.04
2024-07-06 05:00:00,28.3,53.53,7.01,8.07,6.2,7.06,21.2,0.76,14.96,0.33,0.74,,,0.27,,33.94,94.82,0.36,154.25,0.0,0.0,1.92,708.04,0.04
2024-07-06 06:00:00,28.26,53.44,7.1,8.08,6.72,6.63,21.2,0.76,14.52,0.33,0.74,,,0.27,,33.15,93.8,0.45,149.21,0.0,0.0,23.65,709.63,0.04
2024-07-06 07:00:00,28.29,53.51,7.06,7.88,5.78,6.36,21.2,0.76,14.31,0.33,0.74,,,0.27,,33.51,90.52,0.53,142.4,0.0,0.0,37.12,711.5,0.04
2024-07-06 08:00:00,28.54,54.02,7.15,8.0,6.73,6.58,21.2,0.76,15.18,0.33,0.74,,,0.27,,34.0,82.79,0.72,247.85,0.0,0.0,62.24,713.34,0.04
2024-07-06 09:00:00,29.37,55.66,7.15,8.0,6.15,6.56,21.2,0.76,16.06,0.33,0.74,,,0.27,,34.4,79.31,0.74,246.54,0.0,0.0,104.01,715.15,0.04
2024-07-06 10:00:00,31.1,59.14,6.75,8.22,6.27,6.29,21.2,0.76,15.89,0.33,0.74,,,0.27,,34.9,77.06,0.73,242.21,0.0,0.0,134.6,714.56,0.04
2024-07-06 11:00:00,31.51,59.95,7.02,8.06,6.39,6.38,21.2,0.76,16.78,0.33,0.74,,,0.27,,35.46,75.98,0.73,243.83,0.0,0.0,180.51,712.95,0.04
2024-07-06 12:00:00,30.7,58.32,6.72,7.89,6.66,6.68,21.2,0.76,17.54,0.33,0.74,,,0.27,,36.12,72.42,0.74,247.31,0.0,0.0,260.9,710.38,0.04
2024-07-06 13:00:00,30.27,57.47,7.25,7.9,6.85,6.26,21.2,0.76,19.51,0.33,0.74,,,0.27,,36.78,66.87,0.74,265.62,0.0,0.0,261.83,707.38,0.03
2024-07-06 14:00:00,29.91,56.75,7.19,7.98,6.67,5.84,21.2,0.76,19.35,0.33,0.74,,,0.27,,36.82,66.79,0.73,260.82,0.0,0.0,158.71,705.16,0.04
2024-07-06 15:00:00,29.84,56.61,6.88,7.92,6.42,6.65,21.2,0.76,20.04,0.33,0.74,,,0.27,,36.96,63.71,0.74,250.44,0.0,0.0,121.86,702.1,0.04
2024-07-06 16:00:00,29.95,56.82,6.92,7.92,6.48,6.81,21.2,0.76,18.89,0.33,0.74,,,0.27,,37.24,62.82,0.73,249.94,0.0,0.0,95.29,700.28,0.04
2024-07-06 17:00:00,30.18,57.28,6.63,7.85,6.84,7.09,21.2,0.76,19.96,0.33,0.74,,,0.27,,36.68,68.82,0.56,191.56,0.0,0.0,48.4,700.93,0.04
2024-07-06 18:00:00,30.38,57.68,6.92,7.88,6.46,6.96,21.2,0.76,18.37,0.33,0.74,,,0.27,,35.76,75.9,0.5,181.85,0.0,0.0,8.17,703.1,0.04
2024-07-06 19:00:00,30.48,57.9,7.0,7.86,6.68,6.84,21.2,0.76,16.26,0.33,0.74,,,0.27,,35.22,79.48,0.51,207.26,0.0,0.0,0.84,704.94,0.04
2024-07-06 20:00:00,30.47,57.86,6.74,8.05,6.3,6.58,21.2,0.76,17.93,0.33,0.74,,,0.27,,34.92,81.68,0.52,161.72,0.0,0.0,0.8,707.81,0.04
2024-07-06 21:00:00,30.06,57.06,6.77,7.82,6.22,7.32,21.2,0.76,18.88,0.33,0.74,,,0.27,,34.67,83.83,0.49,169.59,0.0,0.0,0.82,710.25,0.04
2024-07-06 22:00:00,29.62,56.18,6.73,8.03,6.68,6.47,21.2,0.76,17.88,0.33,0.74,,,0.27,,34.54,85.32,0.45,212.38,0.0,0.0,0.86,710.98,0.04
2024-07-06 23:00:00,29.75,56.44,7.04,7.94,6.64,6.49,21.2,0.76,17.64,0.33,0.74,,,0.27,,34.53,84.54,0.39,205.26,0.0,0.0,0.8,710.44,0.04
2024-07-07 00:00:00,29.72,56.38,7.2,8.02,6.51,6.09,21.2,0.76,15.61,0.33,0.74,,,0.27,,34.09,88.92,0.62,276.47,0.0,0.0,1.7,711.02,0.04
2024-07-07 01:00:00,29.62,56.16,7.06,7.98,6.73,6.87,21.2,0.76,15.57,0.33,0.74,,,0.27,,32.79,94.96,0.41,238.69,0.0,0.0,1.44,709.8,0.04
2024-07-07 02:00:00,29.52,55.96,7.04,8.03,7.13,6.69,21.2,0.76,16.84,0.33,0.74,,,0.27,,32.52,95.72,0.52,299.51,0.0,0.0,0.83,707.79,0.04
2024-07-07 03:00:00,29.22,55.36,7.07,8.06,6.7,6.71,21.2,0.76,17.55,0.33,0.74,,,0.27,,32.54,96.34,0.47,40.82,0.0,0.0,0.84,707.71,0.04
2024-07-07 04:00:00,29.36,55.64,7.01,7.8,6.52,6.54,21.2,0.76,15.86,0.33,0.74,,,0.27,,32.66,95.57,0.6,62.01,0.0,0.0,0.99,707.93,0.04
2024-07-07 05:00:00,29.55,56.03,6.91,7.96,6.64,6.8,21.2,0.76,15.53,0.33,0.74,,,0.27,,32.65,95.22,0.35,143.12,0.0,0.0,1.86,708.46,0.04
2024-07-07 06:00:00,29.73,56.38,6.84,8.04,6.64,6.94,21.2,0.76,15.1,0.33,0.74,,,0.27,,32.8,97.1,0.66,56.02,0.0,0.0,19.45,710.48,0.04
2024-07-07 07:00:00,29.82,56.56,6.82,8.02,6.08,6.46,21.2,0.76,14.96,0.33,0.74,,,0.27,,33.39,94.83,0.54,77.67,0.0,0.0,78.87,711.1,0.04
2024-07-07 08:00:00,29.56,56.06,6.92,7.94,6.25,6.83,21.2,0.76,16.16,0.33,0.74,,,0.27,,34.17,89.76,0.33,131.27,0.0,0.0,92.05,712.84,0.04
2024-07-07 09:00:00,48.94,94.81,7.36,7.98,6.57,6.48,21.2,0.76,18.35,0.33,0.74,,,0.27,,34.41,85.91,0.41,79.61,0.0,0.0,77.9,714.33,0.04
2024-07-07 10:00:00,48.41,93.75,7.42,8.01,7.26,6.55,21.2,0.76,16.71,0.33,0.74,,,0.27,,35.06,79.11,0.57,262.62,0.0,0.0,150.35,713.79,0.04
2024-07-07 11:00:00,30.6,58.14,6.78,7.96,7.01,7.05,21.2,0.76,17.38,0.33,0.74,,,0.27,,35.46,77.39,0.6,260.09,0.0,0.0,144.18,712.51,0.04
2024-07-07 12:00:00,29.28,55.5,7.15,8.0,6.8,7.09,21.2,0.76,19.66,0.33,0.74,,,0.27,,35.9,76.92,0.42,145.03,0.0,0.0,111.6,711.62,0.04
2024-07-07 13:00:00,28.19,53.3,6.87,8.08,6.6,6.22,21.2,0.76,17.62,0.33,0.74,,,0.27,,35.84,77.1,0.48,191.13,0.0,0.0,113.29,709.66,0.04
2024-07-07 14:00:00,28.14,53.22,7.16,7.98,7.07,6.69,21.2,0.76,17.85,0.33,0.74,,,0.27,,36.56,72.82,0.49,79.9,0.0,0.0,161.33,707.01,0.04
2024-07-07 15:00:00,28.14,53.21,7.21,8.06,7.08,6.23,21.2,0.76,20.24,0.33,0.74,,,0.27,,36.98,69.9,0.26,162.14,0.0,0.0,163.83,703.07,0.04
2024-07-07 16:00:00,28.14,53.21,6.84,7.97,6.6,6.7,21.2,0.76,19.63,0.33,0.74,,,0.27,,37.22,67.66,0.34,137.73,0.0,0.0,100.85,701.79,0.04
2024-07-07 17:00:00,28.14,53.21,7.04,8.05,7.1,7.36,21.2,0.76,18.55,0.33,0.74,,,0.27,,36.7,73.04,0.64,116.68,0.0,0.0,40.71,702.7,0.04
2024-07-07 18:00:00,28.14,53.21,6.94,7.86,6.71,6.7,21.2,0.76,19.53,0.33,0.74,,,0.27,,35.9,76.55,0.65,135.89,0.0,0.0,5.43,704.57,0.04
2024-07-07 19:00:00,28.14,53.21,6.79,7.96,6.6,7.74,21.2,0.76,16.8,0.33,0.74,,,0.27,,35.27,80.9,0.64,94.5,0.0,0.0,0.94,706.63,0.04
2024-07-07 20:00:00,28.14,53.21,7.04,7.84,6.48,6.61,21.2,0.76,17.92,0.33,0.74,,,0.27,,34.95,83.6,0.57,89.05,0.0,0.0,0.8,708.09,0.04
2024-07-07 21:00:00,28.14,53.21,6.88,7.95,6.79,6.86,21.2,0.76,17.0,0.33,0.74,,,0.27,,34.87,78.29,0.54,180.96,0.0,0.0,0.86,710.88,0.04
2024-07-07 22:00:00,28.14,53.21,6.96,7.77,7.13,6.65,21.2,0.76,17.48,0.33,0.74,,,0.27,,34.57,79.59,0.47,200.64,0.0,0.0,0.86,712.51,0.04
2024-07-07 23:00:00,28.14,53.21,6.9,7.97,6.65,6.94,21.2,0.76,17.74,0.33,0.74,,,0.27,,34.43,80.28,0.41,198.61,0.0,0.0,0.87,711.05,0.04
2024-07-08 00:00:00,28.14,53.21,7.43,7.98,6.48,6.86,21.2,0.76,18.26,0.33,0.74,,,0.27,,34.27,80.58,0.54,205.24,0.0,0.0,0.87,708.62,0.04
2024-07-08 01:00:00,28.14,53.21,7.08,8.02,6.7,6.72,21.2,0.76,16.11,0.33,0.74,,,0.27,,34.1,79.74,0.64,261.1,0.0,0.0,0.87,706.83,0.04
2024-07-08 02:00:00,28.14,53.21,6.78,7.94,6.51,6.62,21.2,0.76,16.76,0.33,0.74,,,0.27,,33.89,81.92,0.49,224.5,0.0,0.0,0.84,705.18,0.04
2024-07-08 03:00:00,28.14,53.21,7.15,8.18,6.56,6.62,21.2,0.76,17.88,0.33,0.74,,,0.27,,33.7,82.88,0.56,205.08,0.0,0.0,0.82,704.03,0.04
2024-07-08 04:00:00,28.14,53.21,7.04,7.86,6.66,6.77,21.2,0.76,16.47,0.33,0.74,,,0.27,,33.84,81.56,0.74,257.32,0.0,0.0,0.8,703.96,0.04
2024-07-08 05:00:00,28.14,53.21,6.88,7.9,6.51,7.04,21.2,0.76,15.88,0.33,0.74,,,0.27,,33.73,82.28,0.74,257.3,0.0,0.0,1.8,705.35,0.04
2024-07-08 06:00:00,28.14,53.21,7.2,8.02,6.59,6.58,21.2,0.76,16.35,0.33,0.74,,,0.27,,33.85,79.41,0.74,264.06,0.0,0.0,24.71,706.42,0.04
2024-07-08 07:00:00,28.14,53.21,6.92,7.99,6.58,6.11,21.2,0.76,16.1,0.33,0.74,,,0.27,,34.24,78.34,0.68,261.88,0.0,0.0,70.98,707.35,0.04
2024-07-08 08:00:00,28.14,53.21,7.09,8.07,6.38,6.73,21.2,0.76,16.23,0.33,0.74,,,0.27,,35.44,70.83,0.6,294.31,0.0,0.0,226.53,708.08,0.04
2024-07-08 09:00:00,29.8,56.53,6.9,7.98,6.38,6.76,21.2,0.76,15.78,0.33,0.74,,,0.27,,35.78,68.66,0.72,260.93,0.0,0.0,245.81,708.96,0.03
2024-07-08 10:00:00,30.86,58.66,7.2,8.04,7.13,6.28,21.2,0.76,17.87,0.33,0.74,,,0.27,,35.98,69.1,0.72,260.29,0.0,0.0,163.74,710.36,0.04
2024-07-08 11:00:00,30.0,56.93,7.17,8.0,6.91,6.74,21.2,0.76,18.59,0.33,0.74,,,0.27,,35.85,69.77,0.74,260.75,0.0,0.0,150.16,710.14,0.04
2024-07-08 12:00:00,29.61,56.16,7.02,7.96,6.52,6.32,21.2,0.76,20.0,0.33,0.74,,,0.27,,36.52,66.83,0.69,269.56,0.0,0.0,323.25,707.74,0.03
2024-07-08 13:00:00,29.26,55.45,7.38,8.0,6.2,6.73,21.2,0.76,18.28,0.33,0.74,,,0.27,,37.15,64.26,0.64,272.14,0.0,0.0,284.65,704.86,0.04
2024-07-08 14:00:00,29.1,55.14,7.13,8.04,6.4,7.01,21.2,0.76,16.7,0.33,0.74,,,0.27,,37.12,64.2,0.65,275.92,0.0,0.0,206.78,702.27,0.04
2024-07-08 15:00:00,29.18,55.3,7.28,7.96,6.41,6.46,21.2,0.76,19.44,0.33,0.74,,,0.27,,37.17,64.11,0.45,264.88,0.0,0.0,147.22,700.62,0.04
2024-07-08 16:00:00,28.92,54.77,6.79,7.98,6.34,6.83,21.2,0.76,21.22,0.33,0.74,,,0.27,,37.26,63.98,0.22,246.98,0.0,0.0,109.36,,0.04
2024-07-08 17:00:00,28.61,54.16,7.27,7.87,6.27,6.64,21.2,0.76,20.38,0.33,0.74,,,0.27,,37.03,66.08,0.64,45.68,0.0,0.0,55.42,,0.04
2024-07-08 18:00:00,28.44,53.8,6.92,7.9,6.48,7.09,21.2,0.76,17.72,0.33,0.74,,,0.27,,36.5,70.58,0.65,81.09,0.0,0.0,9.48,701.76,0.04
2024-07-08 19:00:00,28.33,53.6,7.16,8.06,6.52,6.67,21.2,0.76,16.74,0.33,0.74,,,0.27,,36.12,73.7,0.62,120.16,0.0,0.0,0.86,704.14,0.04
2024-07-08 20:00:00,28.26,53.47,7.12,7.92,6.8,6.62,21.2,0.76,17.64,0.33,0.74,,,0.27,,35.94,69.04,0.64,166.2,0.0,0.0,0.96,708.06,0.04
2024-07-08 21:00:00,28.22,53.39,6.99,7.98,6.8,7.22,21.2,0.76,19.68,0.33,0.74,,,0.27,,35.54,70.95,0.72,154.89,0.0,0.0,0.91,710.53,0.04
2024-07-08 22:00:00,28.43,53.8,6.52,7.85,6.94,6.78,21.2,0.76,18.92,0.33,0.74,,,0.27,,35.28,73.72,0.68,138.06,0.0,0.0,0.86,711.89,0.04
2024-07-08 23:00:00,29.0,54.92,7.1,8.01,6.26,6.76,21.2,0.76,17.88,0.33,0.74,,,0.27,,34.98,77.49,0.52,84.83,0.0,0.0,0.87,710.96,0.04
2024-07-09 00:00:00,29.61,56.15,7.22,8.05,6.78,6.16,21.2,0.76,17.48,0.33,0.74,,,0.27,,34.25,86.31,0.43,75.24,0.0,0.0,1.43,709.64,0.04
2024-07-09 01:00:00,29.86,56.64,6.76,7.97,6.49,7.02,21.2,0.76,19.54,0.33,0.74,,,0.27,,34.05,87.21,0.31,157.82,0.0,0.0,0.73,708.0,0.04
2024-07-09 02:00:00,30.04,57.0,7.01,7.87,6.34,6.35,21.2,0.76,19.57,0.33,0.74,,,0.27,,34.08,88.28,0.52,236.67,0.0,0.0,1.38,706.4,0.04
2024-07-09 03:00:00,30.38,57.69,7.0,7.96,6.36,6.18,21.2,0.76,23.38,0.33,0.74,,,0.27,,33.46,88.34,0.57,227.69,0.0,0.0,1.71,706.63,0.04
2024-07-09 04:00:00,30.16,57.26,6.82,8.04,6.85,6.55,21.2,0.76,16.42,0.33,0.74,,,0.27,,33.3,86.17,0.64,250.36,0.0,0.0,1.16,706.93,0.04
2024-07-09 05:00:00,29.56,56.04,7.06,7.89,6.84,6.51,21.2,0.76,17.17,0.33,0.74,,,0.27,,33.21,86.24,0.68,259.03,0.0,0.0,2.28,707.9,0.04
2024-07-09 06:00:00,29.13,55.19,7.02,7.98,6.94,6.59,21.2,0.76,16.33,0.33,0.74,,,0.27,,33.43,84.62,0.63,259.4,0.0,0.0,16.3,709.78,0.04
2024-07-09 07:00:00,28.83,54.6,6.96,8.09,6.68,6.21,21.2,0.76,15.34,0.33,0.74,,,0.27,,33.43,85.97,0.38,260.94,0.0,0.0,37.74,712.76,0.04
2024-07-09 08:00:00,28.62,54.18,7.14,7.96,6.76,6.66,21.2,0.76,15.98,0.33,0.74,,,0.27,,33.68,87.66,0.38,187.18,0.0,0.0,65.72,714.98,0.04
2024-07-09 09:00:00,29.28,55.5,7.06,7.88,6.44,6.71,21.2,0.76,18.66,0.33,0.74,,,0.27,,33.96,87.08,0.51,221.08,0.0,0.0,107.16,715.59,0.04
2024-07-09 10:00:00,30.16,57.25,7.02,8.02,6.98,6.12,21.2,0.76,16.94,0.33,0.74,,,0.27,,34.35,84.31,0.66,260.7,0.0,0.0,123.8,715.96,0.04
2024-07-09 11:00:00,30.37,57.67,7.18,7.84,6.42,6.18,21.2,0.76,17.94,0.33,0.74,,,0.27,,35.08,78.86,0.53,208.38,0.0,0.0,133.5,715.66,0.04
2024-07-09 12:00:00,30.46,57.85,6.81,8.11,6.7,6.96,21.2,0.76,19.51,0.33,0.74,,,0.27,,35.61,77.49,0.52,158.72,0.0,0.0,176.7,714.27,0.04
2024-07-09 13:00:00,30.22,57.36,6.98,8.15,7.2,6.38,21.2,0.76,20.01,0.33,0.74,,,0.27,,35.83,76.28,0.58,166.31,0.0,0.0,148.7,712.52,0.04
2024-07-09 14:00:00,29.71,56.35,7.3,7.88,6.41,6.48,21.2,0.76,20.48,0.33,0.74,,,0.27,,36.39,72.43,0.52,182.24,0.0,0.0,187.69,710.82,0.04
2024-07-09 15:00:00,29.27,55.47,6.92,8.02,7.12,6.98,21.2,0.76,22.8,0.33,0.74,,,0.27,,36.12,73.92,0.52,195.16,0.0,0.0,103.33,710.38,0.04
2024-07-09 16:00:00,28.94,54.79,7.07,7.94,6.94,6.82,21.2,0.76,19.63,0.33,0.74,,,0.27,,35.86,75.86,0.53,201.39,0.0,0.0,98.5,709.27,0.04
2024-07-09 17:00:00,28.7,54.32,6.95,8.15,6.5,6.81,21.2,0.76,19.48,0.33,0.74,,,0.27,,35.52,76.78,0.55,189.05,0.0,0.0,33.31,710.41,0.04
2024-07-09 18:00:00,28.53,53.98,7.06,7.94,6.67,6.54,21.2,0.76,19.34,0.33,0.74,,,0.27,,35.24,78.3,0.63,162.56,0.0,0.0,5.66,712.3,0.04
2024-07-09 19:00:00,28.42,53.75,6.72,8.05,6.23,5.81,21.2,0.76,20.8,0.33,0.74,,,0.27,,34.82,81.29,0.68,160.96,0.0,0.0,1.0,714.43,0.04
2024-07-09 20:00:00,28.33,53.59,7.17,8.15,7.09,6.79,21.2,0.76,19.72,0.33,0.74,,,0.27,,34.59,80.07,0.64,166.16,0.0,0.0,0.86,715.9,0.04
2024-07-09 21:00:00,28.5,53.94,7.08,8.05,6.89,6.87,21.2,0.76,19.7,0.33,0.74,,,0.27,,34.48,80.56,0.59,152.25,0.0,0.0,0.86,718.22,0.04
2024-07-09 22:00:00,28.66,54.26,6.78,7.88,6.62,6.46,21.2,0.76,20.22,0.33,0.74,,,0.27,,34.37,82.13,0.59,189.17,0.0,0.0,0.85,719.56,0.04
2024-07-09 23:00:00,29.0,54.92,6.79,8.03,6.86,6.32,21.2,0.76,18.66,0.33,0.74,,,0.27,,34.12,84.33,0.41,233.18,0.0,0.0,0.84,719.74,0.04
2024-07-10 00:00:00,29.33,55.58,6.99,8.04,6.75,6.24,21.2,0.76,18.9,0.33,0.74,,,0.27,,34.12,85.32,0.47,209.58,0.0,0.0,0.75,718.56,0.04
2024-07-10 01:00:00,29.56,56.06,7.22,7.82,6.01,6.21,21.2,0.76,19.14,0.33,0.74,,,0.27,,34.08,86.25,0.39,144.61,0.0,0.0,0.85,718.38,0.04
2024-07-10 02:00:00,29.95,56.83,6.72,8.04,6.92,6.18,21.2,0.76,18.42,0.33,0.74,,,0.27,,33.05,92.93,0.62,97.64,0.0,0.0,1.6,718.39,0.04
2024-07-10 03:00:00,29.98,56.89,6.87,8.01,6.68,6.16,21.2,0.76,18.97,0.33,0.74,,,0.27,,32.49,96.58,0.48,118.07,0.0,0.0,1.19,718.1,0.04
2024-07-10 04:00:00,29.82,56.58,7.29,7.98,7.05,6.83,21.2,0.76,18.16,0.33,0.74,,,0.27,,32.74,95.27,0.62,98.51,0.0,0.0,1.11,718.98,0.04
2024-07-10 05:00:00,29.53,55.98,7.18,8.05,6.9,6.23,21.2,0.76,15.74,0.33,0.74,,,0.27,,33.11,95.73,0.32,202.24,0.0,0.0,1.24,719.5,0.04
2024-07-10 06:00:00,29.11,55.15,7.2,8.07,6.44,6.62,21.2,0.76,16.66,0.33,0.74,,,0.27,,33.31,96.35,0.33,238.96,0.0,0.0,34.12,721.94,0.04
2024-07-10 07:00:00,28.82,54.57,6.93,7.88,6.97,6.78,21.2,0.76,16.62,0.33,0.74,,,0.27,,34.36,87.59,0.62,251.97,0.0,0.0,82.25,723.14,0.04
2024-07-10 08:00:00,28.79,54.52,7.11,7.89,6.74,6.75,21.2,0.76,17.28,0.33,0.74,,,0.27,,35.7,78.96,0.62,279.52,0.0,0.0,301.35,724.32,0.04
2024-07-10 09:00:00,29.21,55.35,6.92,7.96,6.29,7.27,21.2,0.76,21.35,0.33,0.74,,,0.27,,36.53,71.27,0.7,268.38,0.0,0.0,568.92,725.56,0.03
2024-07-10 10:00:00,29.57,56.08,6.69,7.91,6.98,6.27,21.2,0.76,19.34,0.33,0.74,,,0.27,,37.28,63.94,0.67,276.94,0.0,0.0,665.78,724.16,0.03
2024-07-10 11:00:00,29.78,56.49,6.99,7.84,6.8,6.51,21.2,0.76,21.8,0.33,0.74,,,0.27,,37.84,60.21,0.68,276.99,0.0,0.0,302.98,722.38,0.03
2024-07-10 12:00:00,29.87,56.67,7.11,8.09,6.76,7.07,21.2,0.76,23.81,0.33,0.74,,,0.27,,38.34,58.48,0.66,275.71,0.0,0.0,753.88,720.77,0.03
2024-07-10 13:00:00,29.64,56.2,6.76,8.06,6.52,6.47,21.2,0.76,22.62,0.33,0.74,,,0.27,,38.8,55.48,0.62,287.9,0.0,0.0,651.18,718.17,0.04
2024-07-10 14:00:00,29.58,56.1,7.0,8.18,6.5,6.54,21.2,0.76,20.66,0.33,0.74,,,0.27,,38.76,54.33,0.55,238.9,0.0,0.0,341.64,715.01,0.04
2024-07-10 15:00:00,29.79,56.52,6.97,8.09,6.24,6.74,21.2,0.76,24.02,0.33,0.74,,,0.27,,37.98,59.05,0.55,21.24,0.0,0.0,123.74,713.4,0.04
2024-07-10 16:00:00,29.68,56.29,7.21,7.99,6.18,6.36,21.2,0.76,27.34,0.33,0.74,,,0.27,,37.47,63.55,0.54,47.43,0.0,0.0,83.59,711.63,0.04
2024-07-10 17:00:00,29.29,55.51,6.74,8.02,6.68,5.96,21.2,0.76,27.35,0.33,0.74,,,0.27,,37.08,63.41,0.55,78.06,0.0,0.0,36.44,711.4,0.04
2024-07-10 18:00:00,28.94,54.82,7.02,8.09,7.04,6.42,21.2,0.76,22.2,0.33,0.74,,,0.27,,36.56,68.68,0.57,86.1,0.0,0.0,7.15,713.58,0.04
2024-07-10 19:00:00,28.7,54.34,7.14,8.12,6.53,6.94,21.2,0.76,20.12,0.33,0.74,,,0.27,,36.02,74.29,0.62,70.03,0.0,0.0,0.86,715.96,0.04
2024-07-10 20:00:00,28.54,54.0,7.05,8.03,6.39,5.72,21.2,0.76,16.98,0.33,0.74,,,0.27,,35.35,81.8,0.6,46.04,0.0,0.0,0.82,718.85,0.04
2024-07-10 21:00:00,28.42,53.76,6.82,8.02,6.75,7.14,21.2,0.76,17.42,0.33,0.74,,,0.27,,35.17,83.31,0.41,64.55,0.0,0.0,0.69,721.38,0.04
2024-07-10 22:00:00,28.34,53.6,6.88,8.01,6.78,6.37,21.2,0.76,18.01,0.33,0.74,,,0.27,,34.92,84.24,0.57,85.14,0.0,0.0,0.64,723.17,0.04
2024-07-10 23:00:00,28.28,53.49,6.86,7.86,6.94,6.36,21.2,0.76,17.62,0.33,0.74,,,0.27,,34.99,81.79,0.62,127.44,0.0,0.0,0.75,722.44,0.04
2024-07-11 00:00:00,28.24,53.42,7.0,8.1,6.72,6.37,21.2,0.76,17.76,0.33,0.74,,,0.27,,34.8,81.45,0.55,173.86,0.0,0.0,0.77,720.29,0.04
2024-07-11 01:00:00,28.22,53.37,6.7,8.05,6.92,6.02,21.2,0.76,19.84,0.33,0.74,,,0.27,,34.74,82.11,0.44,212.44,0.0,0.0,0.84,719.04,0.04
2024-07-11 02:00:00,28.2,53.34,7.08,8.04,6.23,7.1,21.2,0.76,20.24,0.33,0.74,,,0.27,,34.6,84.18,0.48,236.99,0.0,0.0,0.85,718.28,0.04
2024-07-11 03:00:00,28.2,53.31,6.84,7.91,6.23,6.2,21.2,0.76,21.55,0.33,0.74,,,0.27,,34.6,84.11,0.53,235.3,0.0,0.0,0.86,717.35,0.04
2024-07-11 04:00:00,28.33,53.6,7.09,7.76,6.45,6.44,21.2,0.76,23.56,0.33,0.74,,,0.27,,34.25,85.35,0.71,256.8,0.0,0.0,0.91,717.82,0.04
2024-07-11 05:00:00,28.45,53.83,6.91,8.16,6.75,6.76,21.2,0.76,18.43,0.33,0.74,,,0.27,,33.54,90.62,0.45,162.43,0.0,0.0,1.19,718.81,0.04
2024-07-11 06:00:00,28.4,53.73,7.0,8.1,7.17,6.26,21.2,0.76,16.98,0.33,0.74,,,0.27,,33.69,87.75,0.54,227.6,0.0,0.0,17.17,721.31,0.04
2024-07-11 07:00:00,28.34,53.62,7.39,8.07,6.67,6.7,21.2,0.76,16.23,0.33,0.74,,,0.27,,34.33,85.0,0.46,207.4,0.0,0.0,67.96,723.64,0.04
2024-07-11 08:00:00,28.3,53.53,6.64,8.22,6.2,6.36,21.2,0.76,15.62,0.33,0.74,,,0.27,,35.27,77.46,0.61,242.42,0.0,0.0,165.53,724.0,0.04
2024-07-11 09:00:00,33.56,64.05,6.94,7.99,6.42,6.9,21.2,0.76,18.41,0.33,0.74,,,0.27,,36.67,65.14,0.73,265.11,0.0,0.0,414.0,723.38,0.03
2024-07-11 10:00:00,45.44,87.82,6.95,8.05,7.11,6.87,21.2,0.76,22.78,0.33,0.74,,,0.27,,37.78,59.12,0.74,270.42,0.0,0.0,640.05,721.17,0.03
2024-07-11 11:00:00,40.67,78.26,7.21,7.96,6.94,7.22,21.2,0.76,21.2,0.33,0.74,,,0.27,,38.5,56.49,0.65,290.79,0.0,0.0,378.6,718.14,0.03
2024-07-11 12:00:00,29.43,55.79,7.05,7.95,6.81,6.82,21.2,0.76,19.9,0.33,0.74,,,0.27,,38.7,55.98,0.62,308.53,0.0,0.0,652.28,713.69,0.04
2024-07-11 13:00:00,28.71,54.35,6.75,8.18,5.96,6.31,21.2,0.76,22.73,0.33,0.74,,,0.27,,39.26,53.4,0.6,298.91,0.0,0.0,654.07,709.74,0.04
2024-07-11 14:00:00,28.42,53.78,6.94,7.99,6.58,6.91,21.2,0.76,23.52,0.33,0.74,,,0.27,,39.26,52.82,0.58,313.39,0.0,0.0,322.14,706.59,0.04
2024-07-11 15:00:00,28.16,53.25,7.15,8.07,6.87,6.82,21.2,0.76,26.02,0.33,0.74,,,0.27,,39.42,51.9,0.55,310.88,0.0,0.0,122.12,703.92,0.04
2024-07-11 16:00:00,28.14,53.21,7.26,7.88,6.45,6.79,21.2,0.76,30.39,0.33,0.74,,,0.27,,39.24,52.58,0.62,344.37,0.0,0.0,86.08,702.94,0.04
2024-07-11 17:00:00,28.14,53.21,7.06,8.01,6.22,6.56,21.2,0.76,30.6,0.33,0.74,,,0.27,,39.02,53.34,0.55,206.95,0.0,0.0,48.24,702.47,0.04
2024-07-11 18:00:00,28.14,53.21,7.15,8.06,6.8,7.01,21.2,0.76,26.31,0.33,0.74,,,0.27,,38.63,55.29,0.6,65.11,0.0,0.0,10.84,703.59,0.04
2024-07-11 19:00:00,28.46,53.84,6.91,8.0,6.53,5.99,21.2,0.76,20.05,0.33,0.74,,,0.27,,37.86,63.88,0.65,107.79,0.0,0.0,1.23,706.43,0.04
2024-07-11 20:00:00,28.49,53.91,7.16,7.93,6.3,6.23,21.2,0.76,20.56,0.33,0.74,,,0.27,,36.94,65.31,0.58,198.64,0.0,0.0,1.08,709.05,0.04
2024-07-11 21:00:00,28.2,53.34,7.18,8.04,6.36,6.66,21.2,0.76,22.76,0.33,0.74,,,0.27,,36.22,72.26,0.46,196.12,0.0,0.0,0.97,711.83,0.04
2024-07-11 22:00:00,28.15,53.24,7.02,8.09,6.39,6.7,21.2,0.76,24.42,0.33,0.74,,,0.27,,35.61,78.39,0.4,211.78,0.0,0.0,0.76,712.67,0.04
2024-07-11 23:00:00,28.14,53.22,6.84,7.96,6.6,6.66,21.2,0.76,22.78,0.33,0.74,,,0.27,,35.36,81.38,0.48,180.13,0.0,0.0,0.79,710.93,0.04
2024-07-12 00:00:00,28.14,53.21,7.07,8.1,6.58,6.7,21.2,0.76,23.87,0.33,0.74,,,0.27,,35.19,83.87,0.42,266.2,0.0,0.0,0.84,709.26,0.04
2024-07-12 01:00:00,28.14,53.21,7.2,7.92,7.01,6.7,21.2,0.76,22.13,0.33,0.74,,,0.27,,34.97,85.6,0.49,241.44,0.0,0.0,0.81,707.42,0.04
2024-07-12 02:00:00,28.14,53.21,6.97,7.97,6.4,6.01,21.2,0.76,21.4,0.33,0.74,,,0.27,,34.86,86.93,0.6,184.55,0.0,0.0,0.79,706.03,0.04
2024-07-12 03:00:00,28.14,53.21,6.88,8.17,6.88,6.57,21.2,0.76,19.88,0.33,0.74,,,0.27,,33.82,90.32,0.56,246.99,0.0,0.0,2.35,707.41,0.04
2024-07-12 04:00:00,28.54,54.01,7.11,8.06,7.05,6.89,21.2,0.76,19.6,0.33,0.74,,,0.27,,32.06,99.68,0.4,69.31,0.0,0.0,0.75,709.08,0.04
2024-07-12 05:00:00,29.58,56.09,7.21,7.85,6.72,7.1,21.2,0.76,16.82,0.33,0.74,,,0.27,,32.06,,0.32,166.47,0.0,0.0,0.88,709.95,0.04
2024-07-12 06:00:00,29.8,56.53,7.06,8.0,6.77,6.64,21.2,0.76,16.09,0.33,0.74,,,0.27,,32.28,99.56,0.72,252.46,0.0,0.0,3.06,711.61,0.04
2024-07-12 07:00:00,29.82,56.58,6.92,8.12,6.66,6.92,21.2,0.76,15.03,0.33,0.74,,,0.27,,32.62,98.51,0.69,254.64,0.0,0.0,15.94,713.71,0.04
2024-07-12 08:00:00,29.87,56.68,7.02,8.06,6.89,6.85,21.2,0.76,14.88,0.33,0.74,,,0.27,,33.28,95.21,0.72,249.12,0.0,0.0,60.72,714.12,0.04
2024-07-12 09:00:00,29.8,56.53,7.19,8.04,6.56,6.8,21.2,0.76,15.4,0.33,0.74,,,0.27,,34.05,90.59,0.45,239.68,0.0,0.0,75.79,715.12,0.04
2024-07-12 10:00:00,30.03,56.99,6.84,8.17,6.91,7.04,21.2,0.76,26.75,0.33,0.74,,,0.27,,34.45,85.8,0.73,248.55,0.0,0.0,107.54,714.32,0.04
2024-07-12 11:00:00,30.03,56.99,7.1,8.03,7.17,6.44,21.2,0.76,13.34,0.33,0.74,,,0.27,,35.14,80.78,0.67,251.44,0.0,0.0,153.71,711.83,0.04
2024-07-12 12:00:00,30.03,56.99,6.7,8.06,6.14,6.86,21.2,0.76,17.62,0.33,0.74,,,0.27,,35.74,74.69,0.72,250.49,0.0,0.0,169.06,709.59,0.04
2024-07-12 13:00:00,30.03,56.99,6.95,8.0,6.72,6.24,21.2,0.76,18.63,0.33,0.74,,,0.27,,36.55,70.18,0.6,263.18,0.0,0.0,199.84,707.06,0.04
2024-07-12 14:00:00,30.03,56.99,6.79,8.19,6.66,6.24,21.2,0.76,19.48,0.33,0.74,,,0.27,,36.94,68.27,0.39,321.3,0.0,0.0,167.56,704.28,0.04
2024-07-12 15:00:00,30.03,56.99,7.04,8.02,6.27,6.96,21.2,0.76,20.33,0.33,0.74,,,0.27,,37.09,68.52,0.38,288.07,0.0,0.0,132.76,701.32,0.04
2024-07-12 16:00:00,31.24,59.43,7.07,8.12,6.77,6.72,21.2,0.76,26.09,0.33,0.74,,,0.27,,37.38,66.5,0.5,296.68,0.0,0.0,106.42,,0.04
2024-07-12 17:00:00,30.61,58.15,6.78,7.92,6.88,6.28,21.2,0.76,17.65,0.33,0.74,,,0.27,,36.55,71.8,0.5,301.02,0.0,0.0,24.86,701.26,0.04
2024-07-12 18:00:00,30.15,57.24,6.92,8.14,6.84,6.47,21.2,0.76,18.76,0.33,0.74,,,0.27,,35.11,82.07,0.6,178.68,0.0,0.0,6.68,702.78,0.04
2024-07-12 19:00:00,30.1,57.14,6.54,8.16,6.85,6.52,21.2,0.76,15.76,0.33,0.74,,,0.27,,35.14,84.54,0.5,76.55,0.0,0.0,1.08,704.98,0.04
2024-07-12 20:00:00,29.99,56.92,7.34,8.18,6.96,6.84,21.2,0.76,17.05,0.33,0.74,,,0.27,,33.79,93.04,0.42,79.5,0.0,0.0,1.9,707.64,0.04
2024-07-12 21:00:00,38.8,74.53,6.98,7.99,6.72,6.6,21.2,0.76,15.68,0.33,0.74,,,0.27,,33.75,95.18,0.58,192.86,0.67,0.67,0.97,710.1,0.04
2024-07-12 22:00:00,37.3,71.53,7.09,7.96,6.89,6.57,21.2,0.76,21.24,0.33,0.74,,,0.27,,33.73,91.73,0.63,178.98,0.85,0.85,1.52,712.7,0.04
2024-07-12 23:00:00,28.14,53.21,7.22,8.08,6.56,7.02,21.2,0.76,16.99,0.33,0.74,,,0.27,,33.42,90.59,0.33,172.53,0.85,0.85,0.96,709.98,0.04
2024-07-13 00:00:00,28.14,53.21,6.96,7.9,6.58,5.86,21.2,0.76,17.41,0.33,0.74,,,0.27,,32.64,93.58,0.59,259.28,0.85,0.85,1.77,708.56,0.04
2024-07-13 01:00:00,28.14,53.21,7.08,7.97,6.51,6.11,21.2,0.76,16.91,0.33,0.74,,,0.27,,31.7,98.61,0.73,256.42,0.85,0.85,8.56,711.27,0.03
2024-07-13 02:00:00,28.22,53.36,6.9,8.14,6.21,6.63,21.2,0.76,16.96,0.33,0.74,,,0.27,,31.71,97.37,0.73,260.18,0.85,0.64,24.05,713.09,0.03
2024-07-13 03:00:00,,,,,,,,,,,,,,,,,,,,,0.0,,,
2024-07-13 04:00:00,,,,,,,,,,,,,,,,,,,,,0.0,,,
2024-07-13 05:00:00,,,,,,,,,,,,,,,,,,,,,0.0,,,
2024-07-13 06:00:00,,,,,,,,,,,,,,,,,,,,,0.0,,,
2024-07-13 07:00:00,,,,,,,,,,,,,,,,,,,,,0.0,,,
2024-07-13 08:00:00,28.37,53.66,6.83,8.13,6.68,6.14,21.2,0.76,17.97,0.33,0.74,,,0.27,,31.9,95.73,0.72,258.75,0.85,0.64,39.78,714.53,0.03
2024-07-13 09:00:00,29.16,55.24,6.96,7.92,6.47,7.16,21.2,0.76,15.91,0.33,0.74,,,0.27,,32.0,95.51,0.72,258.18,0.85,0.85,27.41,714.6,0.03
2024-07-13 10:00:00,30.44,57.83,7.0,7.86,6.23,6.52,21.2,0.76,16.58,0.33,0.74,,,0.27,,32.29,96.84,0.72,263.05,0.85,0.85,61.39,713.41,0.04
2024-07-13 11:00:00,31.08,59.09,7.02,7.77,6.71,6.58,21.2,0.76,15.97,0.33,0.74,,,0.27,,32.66,95.72,0.7,259.7,0.85,0.85,105.62,711.24,0.04
2024-07-13 12:00:00,28.77,54.47,6.95,8.04,6.37,6.92,21.2,0.76,16.53,0.33,0.74,,,0.27,,33.34,92.26,0.73,261.77,0.85,0.85,162.64,708.3,0.04
2024-07-13 13:00:00,28.33,53.59,6.92,7.92,6.98,6.61,21.2,0.76,16.34,0.33,0.74,,,0.27,,33.99,89.31,0.73,259.1,0.85,0.85,147.7,705.62,0.04
2024-07-13 14:00:00,28.34,53.61,6.58,7.94,6.72,6.74,21.2,0.76,17.31,0.33,0.74,,,0.27,,34.57,86.03,0.75,256.48,0.85,0.85,133.7,703.32,0.03
2024-07-13 15:00:00,47.47,91.88,6.86,8.12,6.68,6.48,21.2,0.76,18.31,0.33,0.74,,,0.27,,34.98,84.34,0.75,255.86,0.85,0.85,114.61,701.06,0.04
2024-07-13 16:00:00,34.43,65.79,6.93,7.9,6.14,6.39,21.2,0.76,20.4,0.33,0.74,,,0.27,,35.03,84.65,0.73,251.83,0.85,0.85,57.36,700.06,0.04
2024-07-13 17:00:00,29.92,56.77,6.92,8.08,6.43,6.69,21.2,0.76,19.02,0.33,0.74,,,0.27,,35.04,85.92,0.74,249.02,0.85,0.85,32.83,700.28,0.04
2024-07-13 18:00:00,30.04,57.02,6.99,8.0,6.8,6.7,21.2,0.76,17.0,0.33,0.74,,,0.27,,34.87,86.02,0.74,251.56,0.85,0.85,5.28,700.56,0.04
2024-07-13 19:00:00,29.85,56.64,6.92,7.94,6.32,7.13,21.2,0.76,14.2,0.33,0.74,,,0.27,,34.79,85.2,0.74,255.27,0.85,0.85,0.86,702.54,0.04
2024-07-13 20:00:00,28.48,53.9,7.06,7.92,6.76,6.64,21.2,0.76,14.67,0.33,0.74,,,0.27,,34.62,87.18,0.7,256.98,0.85,0.85,0.45,704.54,0.04
2024-07-13 21:00:00,29.92,56.76,6.92,8.0,6.24,6.75,21.2,0.76,15.8,0.33,0.74,,,0.27,,34.62,84.71,0.73,256.92,0.85,0.85,0.27,706.72,0.04
2024-07-13 22:00:00,30.74,58.39,6.73,8.12,6.8,6.46,21.2,0.76,17.8,0.33,0.74,,,0.27,,34.6,80.39,0.74,254.98,0.85,0.85,0.9,706.98,0.03
2024-07-13 23:00:00,29.85,56.64,7.26,8.15,6.34,6.42,21.2,0.76,18.84,0.33,0.74,,,0.27,,34.3,78.01,0.74,251.86,0.85,0.85,1.02,704.46,0.03
2024-07-14 00:00:00,28.42,53.76,6.83,7.94,6.22,6.72,21.2,0.76,18.08,0.33,0.74,,,0.27,,33.86,79.03,0.73,265.66,0.85,0.85,1.06,703.42,0.03
2024-07-14 01:00:00,28.15,53.22,7.1,7.98,6.48,6.96,21.2,0.76,17.31,0.33,0.74,,,0.27,,33.47,84.46,0.7,278.48,0.85,0.85,1.0,703.08,0.04
2024-07-14 02:00:00,28.14,53.21,7.19,7.88,7.1,6.17,21.2,0.76,15.37,0.33,0.74,,,0.27,,33.45,85.21,0.53,281.58,0.85,0.85,0.77,701.8,0.04
2024-07-14 03:00:00,28.34,53.61,7.16,7.93,6.57,6.8,21.2,0.76,13.97,0.33,0.74,,,0.27,,32.78,87.68,0.69,272.9,0.85,0.85,0.46,701.4,0.03
2024-07-14 04:00:00,29.41,55.75,7.0,8.02,6.75,6.13,21.2,0.76,16.04,0.33,0.74,,,0.27,,32.23,92.28,0.73,261.17,0.85,0.85,0.55,701.96,0.04
2024-07-14 05:00:00,29.49,55.91,7.04,7.88,6.34,6.15,21.2,0.76,17.14,0.33,0.74,,,0.27,,32.01,95.49,0.74,253.79,0.85,0.85,0.94,701.5,0.04
2024-07-14 06:00:00,28.98,54.9,6.88,8.02,7.19,6.7,21.2,0.76,15.53,0.33,0.74,,,0.27,,32.08,95.12,0.73,259.66,0.85,0.85,12.14,702.02,0.04
2024-07-14 07:00:00,29.61,56.14,7.11,8.01,6.24,6.72,21.2,0.76,15.61,0.33,0.74,,,0.27,,32.34,93.4,0.73,255.3,0.85,0.85,32.76,703.82,0.04
2024-07-14 08:00:00,30.03,56.98,6.68,8.09,6.98,6.46,21.2,0.76,14.9,0.33,0.74,,,0.27,,32.54,92.76,0.68,257.39,0.85,0.85,37.37,705.73,0.04
2024-07-14 09:00:00,29.88,56.69,6.97,8.06,6.5,5.46,21.2,0.76,15.15,0.33,0.74,,,0.27,,32.7,92.98,0.75,254.61,0.85,0.85,56.63,706.27,0.04
2024-07-14 10:00:00,29.24,55.41,7.14,7.93,6.68,6.03,21.2,0.76,15.92,0.33,0.74,,,0.27,,32.83,93.88,0.75,252.58,0.85,0.85,76.9,705.6,0.04
2024-07-14 11:00:00,28.59,54.1,6.91,8.05,6.66,6.42,21.2,0.76,15.89,0.33,0.74,,,0.27,,33.21,93.46,0.7,266.44,0.85,0.85,71.7,704.83,0.04
2024-07-14 12:00:00,28.33,53.6,7.04,7.92,6.36,6.66,21.2,0.76,15.76,0.33,0.74,,,0.27,,33.49,91.06,0.71,261.94,0.85,0.85,73.78,703.01,0.04
2024-07-14 13:00:00,29.08,55.08,6.68,8.01,6.42,7.11,21.2,0.76,16.21,0.33,0.74,,,0.27,,33.44,90.54,0.74,252.05,0.85,0.85,95.7,700.73,0.03
2024-07-14 14:00:00,29.92,56.76,7.44,7.9,6.92,6.44,21.2,0.76,16.4,0.33,0.74,,,0.27,,33.43,92.1,0.72,244.16,0.85,0.85,69.66,,0.04
2024-07-14 15:00:00,29.92,56.76,6.84,7.86,6.04,6.83,21.2,0.76,16.73,0.33,0.74,,,0.27,,33.83,92.01,0.52,220.29,0.85,0.85,105.86,,0.04
2024-07-14 16:00:00,30.0,56.91,6.74,8.02,6.25,6.6,21.2,0.76,17.3,0.33,0.74,,,0.27,,33.98,89.72,0.6,237.46,0.85,0.85,70.31,,0.04
2024-07-14 17:00:00,30.11,57.16,7.32,7.92,6.61,6.75,21.2,0.76,19.25,0.33,0.74,,,0.27,,34.03,90.59,0.4,192.8,0.85,0.85,23.44,,0.04
2024-07-14 18:00:00,29.96,56.85,7.23,7.78,6.38,6.24,21.2,0.76,15.81,0.33,0.74,,,0.27,,34.11,89.76,0.62,150.31,0.85,0.85,5.09,,0.04
2024-07-14 19:00:00,29.86,56.66,7.05,7.97,6.41,5.21,21.2,0.76,18.4,0.33,0.74,,,0.27,,34.23,85.89,0.75,246.44,0.85,0.85,1.43,,0.04
2024-07-14 20:00:00,29.92,56.77,6.87,8.09,6.55,6.62,21.2,0.76,17.3,0.33,0.74,,,0.27,,34.18,85.42,0.74,249.42,0.85,0.85,1.35,700.0,0.03
2024-07-14 21:00:00,30.15,57.23,7.35,8.06,6.37,6.62,21.2,0.76,17.71,0.33,0.74,,,0.27,,33.9,83.33,0.73,257.16,0.85,0.85,1.2,701.34,0.03
2024-07-14 22:00:00,30.34,57.6,6.86,8.02,6.22,6.89,21.2,0.76,17.48,0.33,0.74,,,0.27,,33.58,84.43,0.64,251.73,0.85,0.85,1.0,703.44,0.04
2024-07-14 23:00:00,30.33,57.59,6.86,8.0,6.64,6.64,21.2,0.76,18.1,0.33,0.74,,,0.27,,33.47,85.61,0.64,255.67,0.85,0.85,0.89,703.05,0.04
2024-07-15 00:00:00,29.96,56.85,6.7,8.02,6.56,6.45,21.2,0.76,18.11,0.33,0.74,,,0.27,,33.51,84.72,0.75,254.82,0.85,0.85,0.9,701.2,0.03
2024-07-15 01:00:00,29.4,55.72,6.85,8.04,6.45,6.77,21.2,0.76,17.46,0.33,0.74,,,0.27,,33.36,84.82,0.75,251.87,0.85,0.85,0.91,700.0,0.03
2024-07-15 02:00:00,29.02,54.96,7.23,7.85,7.17,6.88,21.2,0.76,18.1,0.33,0.74,,,0.27,,33.04,86.34,0.74,251.2,0.85,0.85,0.88,,0.03
2024-07-15 03:00:00,28.76,54.44,6.99,8.08,6.5,6.64,21.2,0.76,16.96,0.33,0.74,,,0.27,,33.03,87.42,0.73,251.24,0.85,0.85,0.87,,0.03
2024-07-15 04:00:00,28.57,54.07,6.98,7.96,7.01,6.64,21.2,0.76,16.97,0.33,0.74,,,0.27,,32.83,88.01,0.73,248.1,0.85,0.85,0.87,,0.04
2024-07-15 05:00:00,28.44,53.81,6.71,8.09,6.81,6.54,21.2,0.76,17.23,0.33,0.74,,,0.27,,32.87,88.16,0.73,254.53,0.85,0.85,1.55,,0.04
2024-07-15 06:00:00,28.38,53.7,6.88,8.02,5.86,6.53,21.2,0.76,15.95,0.33,0.74,,,0.27,,32.78,89.81,0.7,260.57,0.55,0.55,19.09,700.44,0.04
2024-07-15 07:00:00,28.34,53.62,6.99,7.98,6.6,6.02,21.2,0.76,14.92,0.33,0.74,,,0.27,,32.75,88.77,0.7,250.82,0.0,0.0,34.22,701.26,0.04
2024-07-15 08:00:00,28.29,53.51,6.88,8.08,6.56,6.68,21.2,0.76,15.12,0.33,0.74,,,0.27,,33.1,87.39,0.74,254.04,0.0,0.0,51.74,701.7,0.04
2024-07-15 09:00:00,28.58,54.08,6.94,8.05,6.8,7.12,21.2,0.76,15.05,0.33,0.74,,,0.27,,33.34,86.34,0.72,257.78,0.0,0.0,70.68,701.7,0.04
2024-07-15 10:00:00,29.02,54.97,7.29,8.2,6.39,6.65,21.2,0.76,17.08,0.33,0.74,,,0.27,,33.67,84.5,0.7,257.08,0.0,0.0,77.38,701.48,0.04
2024-07-15 11:00:00,25.26,54.79,7.5,8.12,6.54,6.52,21.2,0.76,18.22,0.33,0.74,,,0.27,,33.54,88.92,0.6,226.14,1.53,1.53,48.76,701.0,0.04
2024-07-15 12:00:00,20.38,53.68,7.12,7.82,6.58,6.27,21.2,0.76,16.98,0.33,0.74,,,0.27,,32.25,98.94,0.63,276.33,7.9,7.9,20.93,700.4,0.04
2024-07-15 13:00:00,20.01,52.94,6.8,7.82,6.84,6.85,21.2,0.76,16.41,0.33,0.74,,,0.27,,32.38,99.32,0.72,260.09,7.9,7.9,33.02,,0.04
2024-07-15 14:00:00,19.74,52.42,7.06,8.01,6.34,6.4,21.2,0.76,16.34,0.33,0.74,,,0.27,,32.37,98.86,0.71,258.26,7.9,7.9,46.78,,0.04
2024-07-15 15:00:00,19.89,52.7,7.35,8.02,6.52,5.8,21.2,0.76,17.52,0.33,0.74,,,0.27,,32.37,98.92,0.73,258.23,7.9,7.9,26.12,,0.03
2024-07-15 16:00:00,20.38,53.68,6.98,7.98,6.48,6.35,21.2,0.76,19.58,0.33,0.74,,,0.27,,32.44,98.28,0.74,251.35,7.9,7.9,26.88,,0.03
2024-07-15 17:00:00,20.68,54.3,7.1,8.04,6.18,6.46,21.2,0.76,17.97,0.33,0.74,,,0.27,,32.67,94.89,0.72,252.54,7.9,7.9,31.25,,0.03
2024-07-15 18:00:00,20.8,54.52,7.16,7.91,6.76,6.17,21.2,0.76,16.6,0.33,0.74,,,0.27,,32.83,95.87,0.68,251.44,7.9,7.9,7.27,,0.04
2024-07-15 19:00:00,20.77,54.47,7.28,8.08,6.67,6.23,21.2,0.76,15.01,0.33,0.74,,,0.27,,32.69,96.36,0.62,261.24,7.9,7.9,1.23,,0.04
2024-07-15 20:00:00,20.55,54.02,7.15,7.91,6.09,6.47,21.2,0.76,14.72,0.33,0.74,,,0.27,,32.53,95.38,0.69,261.76,7.9,7.9,1.48,,0.04
2024-07-15 21:00:00,21.47,55.86,7.11,8.08,6.43,6.39,21.2,0.76,15.32,0.33,0.74,,,0.27,,32.52,95.32,0.72,245.04,7.9,7.9,1.19,700.9,0.04
2024-07-15 22:00:00,22.29,57.5,6.96,8.04,6.64,6.64,21.2,0.76,13.71,0.33,0.74,,,0.27,,32.56,95.48,0.43,138.11,7.9,7.9,1.07,701.71,0.04
2024-07-15 23:00:00,21.75,56.43,6.91,8.1,6.63,5.82,21.2,0.76,17.56,0.33,0.74,,,0.27,,32.68,92.43,0.64,258.42,7.9,7.9,1.53,700.64,0.04
2024-07-16 00:00:00,21.38,55.69,6.79,7.94,7.08,6.22,21.2,0.76,15.76,0.33,0.74,,,0.27,,32.9,89.21,0.76,248.78,7.9,7.9,1.54,,0.04
2024-07-16 01:00:00,21.42,55.77,7.03,7.9,6.1,6.97,21.2,0.76,16.24,0.33,0.74,,,0.27,,32.68,92.35,0.47,176.22,7.9,7.9,1.0,,0.04
2024-07-16 02:00:00,21.61,56.16,7.3,8.02,6.72,7.12,21.2,0.76,15.1,0.33,0.74,,,0.27,,32.44,95.65,0.64,242.27,7.9,7.9,0.85,,0.04
2024-07-16 03:00:00,21.64,56.21,7.31,8.14,6.37,6.36,21.2,0.76,16.71,0.33,0.74,,,0.27,,32.77,91.77,0.69,237.99,7.9,7.9,1.03,,0.04
2024-07-16 04:00:00,21.26,55.46,6.83,8.04,6.74,6.52,21.2,0.76,17.07,0.33,0.74,,,0.27,,33.1,88.46,0.74,248.72,7.9,7.9,1.23,,0.04
2024-07-16 05:00:00,20.7,54.33,6.93,7.9,6.33,6.02,21.2,0.76,19.31,0.33,0.74,,,0.27,,32.92,86.28,0.74,251.73,7.9,7.9,2.15,,0.04
2024-07-16 06:00:00,20.24,53.4,7.41,8.04,6.29,6.32,21.2,0.76,17.83,0.33,0.74,,,0.27,,33.08,88.07,0.73,259.7,5.44,5.44,39.61,,0.04
2024-07-16 07:00:00,19.9,52.74,6.75,7.87,6.51,6.53,21.2,0.76,15.76,0.33,0.74,,,0.27,,33.38,88.88,0.55,303.56,0.0,0.0,66.83,701.48,0.04
2024-07-16 08:00:00,19.67,52.28,7.03,7.93,6.49,6.36,21.2,0.76,16.72,0.33,0.74,,,0.27,,34.02,84.84,0.72,250.1,0.0,0.0,135.51,703.75,0.04
2024-07-16 09:00:00,28.53,70.0,6.96,7.98,6.71,6.52,21.2,0.76,16.42,0.33,0.74,,,0.27,,34.74,80.34,0.73,260.14,0.0,0.0,209.14,703.98,0.04
2024-07-16 10:00:00,28.23,69.39,6.76,8.04,6.12,6.15,21.2,0.76,17.4,0.33,0.74,,,0.27,,35.78,75.24,0.73,250.33,0.0,0.0,301.33,703.48,0.04
2024-07-16 11:00:00,20.56,54.05,7.07,8.11,6.72,6.13,21.2,0.76,18.89,0.33,0.74,,,0.27,,35.96,72.94,0.75,255.9,0.0,0.0,266.78,701.04,0.04
2024-07-16 12:00:00,21.46,55.85,6.83,8.06,6.29,6.56,21.2,0.76,19.54,0.33,0.74,,,0.27,,36.58,73.78,0.73,249.12,0.0,0.0,325.46,700.04,0.04
2024-07-16 13:00:00,20.8,54.52,6.76,8.01,6.89,6.9,21.2,0.76,20.87,0.33,0.74,,,0.27,,36.74,71.46,0.74,244.88,0.0,0.0,236.88,,0.03
2024-07-16 14:00:00,20.73,54.4,7.1,7.95,6.76,6.83,21.2,0.76,19.94,0.32,0.74,,,0.26,,37.12,68.99,0.72,251.82,0.0,0.0,249.84,,0.04
2024-07-16 15:00:00,21.62,56.18,6.73,8.01,7.09,7.31,21.2,0.68,20.0,0.23,0.85,,,0.11,,36.86,69.55,0.73,246.9,0.0,0.0,66.37,,0.04
2024-07-16 16:00:00,21.74,56.4,6.87,7.79,6.88,6.68,21.2,0.68,17.74,0.23,0.85,,,0.11,,36.63,70.52,0.68,241.44,0.0,0.0,20.05,,0.04
2024-07-16 17:00:00,21.42,55.78,6.96,8.03,6.67,6.77,21.2,0.68,18.85,0.23,0.85,,,0.11,,36.28,73.99,0.58,238.61,0.0,0.0,10.83,,0.04
2024-07-16 18:00:00,20.7,54.32,6.86,8.0,7.03,6.84,21.2,0.68,24.05,0.23,0.85,,,0.11,,34.94,85.86,0.59,139.52,0.0,0.0,3.17,,0.04
2024-07-16 19:00:00,20.71,54.34,7.12,8.13,6.84,7.14,21.2,0.68,16.2,0.23,0.85,,,0.11,,34.64,88.9,0.62,70.14,0.0,0.0,0.76,,0.04
2024-07-16 20:00:00,21.46,55.84,6.75,8.12,6.74,6.52,21.2,0.68,15.73,0.23,0.85,,,0.11,,34.66,88.78,0.56,61.62,0.0,0.0,1.02,700.0,0.04
2024-07-16 21:00:00,20.91,54.74,7.0,7.81,6.46,6.66,21.2,0.68,14.89,0.23,0.85,,,0.11,,34.78,86.52,0.46,99.44,0.0,0.0,0.9,700.77,0.04
2024-07-16 22:00:00,20.45,53.83,7.07,7.97,6.44,6.66,21.2,0.68,15.14,0.23,0.85,,,0.11,,35.51,75.96,0.56,193.26,0.0,0.0,0.86,701.82,0.04
2024-07-16 23:00:00,21.26,55.46,6.98,8.07,6.46,6.58,21.2,0.68,19.06,0.23,0.85,,,0.11,,35.52,71.46,0.74,253.55,0.0,0.0,1.2,701.06,0.04
2024-07-17 00:00:00,20.92,54.77,7.0,8.08,6.6,6.38,21.2,0.68,19.26,0.23,0.85,,,0.11,,34.68,78.43,0.72,267.7,0.0,0.0,1.08,700.58,0.04
2024-07-17 01:00:00,20.58,54.07,7.15,8.15,6.5,7.08,21.2,0.68,17.92,0.23,0.85,,,0.11,,34.34,81.32,0.71,274.76,0.0,0.0,0.9,,0.04
2024-07-17 02:00:00,20.43,53.79,6.93,8.13,6.58,6.44,21.2,0.68,18.1,0.23,0.85,,,0.11,,34.08,83.79,0.76,248.34,0.0,0.0,0.87,,0.04
2024-07-17 03:00:00,20.14,53.22,7.11,7.98,6.7,6.41,21.2,0.68,16.92,0.23,0.85,,,0.11,,34.24,78.64,0.75,252.3,0.0,0.0,0.75,,0.04
2024-07-17 04:00:00,20.3,53.53,7.12,7.95,6.6,6.35,21.2,0.68,18.14,0.23,0.85,,,0.11,,34.22,78.2,0.7,256.86,0.0,0.0,0.83,,0.04
2024-07-17 05:00:00,19.92,52.76,7.08,8.04,7.01,6.3,21.2,0.68,17.24,0.23,0.85,,,0.11,,33.79,83.6,0.66,286.08,0.0,0.0,1.53,701.24,0.04
2024-07-17 06:00:00,19.44,51.81,7.27,8.05,6.2,5.67,21.2,0.68,16.03,0.23,0.85,,,0.11,,33.64,86.56,0.62,280.95,0.0,0.0,22.58,703.71,0.04
2024-07-17 07:00:00,19.26,51.46,7.02,7.93,6.53,7.0,21.2,0.68,15.74,0.23,0.85,,,0.11,,34.04,83.76,0.51,277.34,0.0,0.0,47.03,706.87,0.04
2024-07-17 08:00:00,19.19,51.31,6.86,8.17,6.16,6.46,21.2,0.68,14.72,0.23,0.85,,,0.11,,34.37,81.05,0.74,256.56,0.0,0.0,79.2,709.12,0.04
2024-07-17 09:00:00,19.61,52.16,7.28,7.9,7.2,6.83,21.2,0.68,17.96,0.23,0.85,,,0.11,,35.06,76.53,0.74,256.76,0.0,0.0,166.65,709.7,0.04
2024-07-17 10:00:00,20.16,53.26,6.84,7.94,6.42,6.32,21.2,0.68,17.71,0.23,0.85,,,0.11,,36.08,68.45,0.73,265.32,0.0,0.0,416.2,707.95,0.03
2024-07-17 11:00:00,28.67,70.27,6.87,7.92,6.57,6.78,21.2,0.68,21.03,0.23,0.85,,,0.11,,36.48,65.72,0.73,270.52,0.0,0.0,304.33,706.45,0.03
2024-07-17 12:00:00,29.18,71.3,6.69,7.88,6.71,6.7,21.2,0.68,24.18,0.23,0.85,,,0.11,,36.66,63.78,0.68,279.83,0.0,0.0,401.62,704.08,0.03
2024-07-17 13:00:00,20.67,54.27,7.47,8.02,6.49,6.61,21.2,0.68,20.86,0.23,0.85,,,0.11,,37.06,62.18,0.64,282.45,0.0,0.0,267.98,701.8,0.03
2024-07-17 14:00:00,19.17,51.27,7.15,8.09,6.89,6.74,21.2,0.68,23.07,0.23,0.85,,,0.11,,37.08,62.88,0.68,279.44,0.0,0.0,226.39,700.69,0.03
2024-07-17 15:00:00,19.14,51.21,6.99,8.07,6.22,6.26,21.2,0.68,19.48,0.23,0.85,,,0.11,,37.25,63.32,0.56,287.17,0.0,0.0,149.48,,0.04
2024-07-17 16:00:00,19.14,51.21,7.07,8.15,6.82,6.34,21.2,0.68,20.08,0.23,0.85,,,0.11,,36.92,64.43,0.64,334.87,0.0,0.0,91.54,,0.04
2024-07-17 17:00:00,19.14,51.21,6.98,8.01,7.13,7.14,21.2,0.68,24.34,0.23,0.85,,,0.11,,36.69,67.14,0.43,117.19,0.0,0.0,47.36,,0.04
2024-07-17 18:00:00,19.14,51.21,6.95,8.1,5.92,6.95,21.2,0.68,20.46,0.23,0.85,,,0.11,,36.24,70.51,0.46,136.82,0.0,0.0,9.94,701.61,0.04
2024-07-17 19:00:00,19.14,51.21,6.55,8.23,6.51,6.26,21.2,0.68,20.44,0.23,0.85,,,0.11,,35.63,74.63,0.63,240.71,0.0,0.0,0.73,703.41,0.04
2024-07-17 20:00:00,19.14,51.21,7.21,8.19,6.4,6.55,21.2,0.68,17.84,0.23,0.85,,,0.11,,34.58,81.93,0.74,246.49,0.0,0.0,0.86,705.28,0.04
2024-07-17 21:00:00,19.14,51.21,6.79,8.06,6.31,6.41,21.2,0.68,17.32,0.23,0.85,,,0.11,,33.08,92.18,0.7,251.39,0.0,0.0,2.43,709.39,0.03
2024-07-17 22:00:00,19.14,51.21,7.3,7.9,6.62,6.24,21.2,0.68,17.8,0.23,0.85,,,0.11,,31.58,99.57,0.75,153.42,0.0,0.0,0.82,709.53,0.04
2024-07-17 23:00:00,19.14,51.21,6.94,8.03,6.5,6.64,21.2,0.68,16.39,0.23,0.85,,,0.11,,31.97,99.83,0.76,130.79,0.0,0.0,0.75,707.21,0.04
2024-07-18 00:00:00,19.14,51.21,6.87,8.09,6.49,6.41,21.2,0.68,16.75,0.23,0.85,,,0.11,,32.24,99.76,0.77,139.12,0.0,0.0,1.14,703.19,0.04
2024-07-18 01:00:00,19.14,51.21,6.99,7.98,6.2,6.56,21.2,0.68,16.45,0.23,0.85,,,0.11,,32.43,97.77,0.76,141.5,0.0,0.0,1.3,700.09,0.04
2024-07-18 02:00:00,19.14,51.21,7.16,8.14,6.31,6.58,21.2,0.68,16.54,0.23,0.85,,,0.11,,32.69,94.1,0.76,144.03,0.0,0.0,1.77,,0.04
2024-07-18 03:00:00,19.14,51.21,6.96,7.86,6.74,6.88,21.2,0.68,16.03,0.23,0.85,,,0.11,,32.79,93.36,0.76,151.14,0.0,0.0,1.68,,0.04
2024-07-18 04:00:00,19.36,51.66,6.88,8.11,6.22,7.29,21.2,0.68,15.86,0.23,0.85,,,0.11,,32.94,91.9,0.67,201.59,0.0,0.0,1.73,,0.04
2024-07-18 05:00:00,19.93,52.8,7.01,8.01,6.19,6.3,21.2,0.68,14.81,0.23,0.85,,,0.11,,33.06,90.6,0.43,213.05,0.0,0.0,1.98,700.0,0.04
2024-07-18 06:00:00,20.27,53.47,7.14,7.95,6.55,6.88,21.2,0.68,14.89,0.23,0.85,,,0.11,,33.09,90.73,0.37,190.82,0.0,0.0,8.64,701.29,0.04
2024-07-18 07:00:00,19.91,52.74,7.14,8.03,6.6,6.88,21.2,0.68,14.59,0.23,0.85,,,0.11,,33.47,88.8,0.63,188.75,0.0,0.0,24.08,703.61,0.04
2024-07-18 08:00:00,19.43,51.8,7.08,8.16,7.25,6.5,21.2,0.68,15.08,0.23,0.85,,,0.11,,33.89,85.76,0.58,292.47,0.0,0.0,40.46,705.73,0.04
2024-07-18 09:00:00,19.89,52.71,7.02,8.1,5.98,6.97,21.2,0.68,13.41,0.23,0.85,,,0.11,,33.72,88.84,0.6,287.4,0.0,0.0,29.18,707.21,0.04
2024-07-18 10:00:00,20.76,54.62,7.5,7.98,7.1,6.51,21.2,0.68,15.41,0.23,0.85,,,0.11,,32.74,95.05,0.67,263.05,0.0,0.0,30.9,707.34,0.04
2024-07-18 11:00:00,21.46,55.85,6.89,7.89,6.7,7.02,21.2,0.68,14.27,0.23,0.85,,,0.11,,33.17,93.82,0.7,260.49,1.48,1.48,70.7,705.65,0.04
2024-07-18 12:00:00,21.64,56.2,7.1,7.94,6.48,5.96,21.2,0.68,15.12,0.23,0.85,,,0.11,,33.53,90.56,0.74,261.8,1.6,1.6,51.9,703.9,0.03
2024-07-18 13:00:00,21.11,55.16,6.75,8.01,6.88,6.32,21.2,0.68,15.78,0.23,0.85,,,0.11,,33.55,91.9,0.7,265.08,1.6,1.6,51.1,702.13,0.04
2024-07-18 14:00:00,20.4,53.73,7.04,8.23,7.05,6.57,21.2,0.68,14.82,0.23,0.85,,,0.11,,33.64,94.6,0.58,209.59,1.6,1.6,40.6,,0.04
2024-07-18 15:00:00,20.41,53.75,7.36,8.14,6.72,7.09,21.2,0.68,14.92,0.23,0.85,,,0.11,,33.75,94.99,0.58,227.51,1.6,1.6,37.62,,0.04
2024-07-18 16:00:00,20.97,54.88,7.18,8.01,6.71,7.03,21.2,0.68,15.22,0.23,0.85,,,0.11,,33.84,92.17,0.7,163.52,1.6,1.6,35.43,,0.04
2024-07-18 17:00:00,21.23,55.4,6.84,7.99,6.43,6.52,21.2,0.68,14.23,0.23,0.85,,,0.11,,33.59,94.97,0.66,71.82,1.6,1.6,14.78,,0.04
2024-07-18 18:00:00,20.45,51.52,7.12,7.87,6.31,6.48,20.05,0.68,15.26,0.23,0.85,,,0.11,,33.36,96.82,0.56,59.01,1.6,1.6,2.88,700.78,0.04
2024-07-18 19:00:00,19.44,47.54,7.28,8.12,6.79,6.1,19.12,0.68,14.4,0.23,0.85,,,0.11,,33.39,97.15,0.58,230.13,1.6,1.6,0.85,701.82,0.04
2024-07-18 20:00:00,18.94,46.54,6.84,8.1,6.74,5.97,19.12,0.68,16.4,0.23,0.85,,,0.11,,32.88,95.89,0.74,259.24,1.6,1.6,1.52,703.69,0.03
2024-07-18 21:00:00,18.93,46.52,6.66,8.15,6.44,6.6,19.12,0.68,16.43,0.23,0.85,,,0.11,,32.44,98.44,0.71,266.64,1.6,1.6,0.99,704.21,0.03
2024-07-18 22:00:00,19.39,47.43,6.92,8.07,6.0,6.86,19.12,0.68,15.48,0.23,0.85,,,0.11,,32.34,99.6,0.72,263.39,1.6,1.6,1.04,702.85,0.03
2024-07-18 23:00:00,19.66,47.98,6.93,8.01,6.75,6.93,19.12,0.68,18.13,0.23,0.85,,,0.11,,32.21,96.0,0.73,264.68,1.6,1.6,1.46,701.62,0.03
2024-07-19 00:00:00,19.81,48.28,6.95,8.0,6.31,6.36,19.12,0.68,18.77,0.23,0.85,,,0.11,,32.04,96.48,0.7,261.08,1.6,1.6,1.03,700.23,0.04
2024-07-19 01:00:00,19.57,47.79,6.81,7.95,6.64,6.97,19.12,0.68,18.09,0.23,0.85,,,0.11,,32.03,99.52,0.65,271.06,1.6,1.6,0.85,,0.04
2024-07-19 02:00:00,19.41,47.47,6.83,8.09,5.84,6.79,19.12,0.68,17.31,0.23,0.85,,,0.11,,32.17,99.6,0.69,257.69,1.6,1.6,0.92,,0.04
2024-07-19 03:00:00,19.68,48.0,7.04,8.0,6.83,7.24,19.12,0.68,17.32,0.23,0.85,,,0.11,,32.19,98.78,0.67,258.68,1.6,1.6,0.98,,0.04
2024-07-19 04:00:00,19.41,47.49,7.1,8.01,6.58,6.7,19.12,0.68,15.71,0.23,0.85,,,0.11,,32.15,98.22,0.7,252.41,1.6,1.6,1.08,,0.04
2024-07-19 05:00:00,19.02,45.21,7.08,8.03,6.46,6.59,18.89,0.68,16.13,0.23,0.85,,,0.11,,32.2,96.27,0.73,254.81,1.6,1.6,1.36,,0.03
2024-07-19 06:00:00,19.88,35.62,6.98,8.12,6.91,6.64,17.45,0.68,19.77,0.23,0.85,,,0.11,,32.4,94.02,0.72,256.89,1.6,1.6,7.58,700.64,0.03
2024-07-19 07:00:00,19.89,35.65,6.81,8.07,6.69,6.74,17.45,0.68,15.28,0.23,0.85,,,0.11,,32.17,95.32,0.71,253.27,1.6,1.6,15.44,701.82,0.03
2024-07-19 08:00:00,19.84,35.56,6.93,8.04,6.53,6.1,17.45,0.68,15.56,0.23,0.85,,,0.11,,32.1,95.21,0.7,251.19,1.6,1.6,33.74,702.81,0.04
2024-07-19 09:00:00,26.04,48.1,7.06,8.05,7.31,6.6,17.59,0.68,15.4,0.23,0.85,,,0.12,,32.13,96.42,0.74,251.6,1.79,1.79,49.1,703.43,0.04
2024-07-19 10:00:00,16.44,29.78,7.03,7.98,5.95,6.38,18.32,0.68,16.8,0.24,0.87,,,0.14,,29.57,97.06,0.74,253.24,2.78,2.78,52.3,702.54,0.03
2024-07-19 11:00:00,19.22,35.33,7.15,8.22,7.01,6.38,18.32,0.68,18.28,0.24,0.87,,,0.14,,28.48,95.85,0.69,256.15,2.78,2.78,79.66,701.04,0.03
2024-07-19 12:00:00,19.24,35.38,7.29,8.01,5.94,6.6,18.8,0.7,20.37,0.24,0.87,,,0.14,,28.6,95.33,0.72,249.58,2.78,2.78,68.54,700.91,0.04
2024-07-19 13:00:00,17.26,31.4,6.71,8.12,6.7,6.41,19.32,0.13,18.28,0.24,0.87,,,0.14,,28.97,94.76,0.68,262.9,2.78,2.78,100.05,,0.04
2024-07-19 14:00:00,17.92,32.72,6.9,7.9,6.46,6.45,19.32,0.13,17.48,0.24,0.87,,,0.14,,29.13,92.87,0.73,258.66,2.78,2.78,63.54,,0.03
2024-07-19 15:00:00,17.85,32.58,6.91,8.05,6.52,6.08,19.32,0.13,17.12,0.24,0.87,,,0.14,,29.18,93.44,0.72,252.78,2.78,2.78,48.86,,0.04
2024-07-19 16:00:00,17.57,32.03,7.06,7.86,7.13,6.39,19.32,0.13,17.28,0.24,0.87,,,0.14,,29.22,93.67,0.7,259.65,2.78,2.78,33.44,,0.04
2024-07-19 17:00:00,17.96,32.8,7.02,7.97,6.5,7.04,19.32,0.13,14.97,0.24,0.87,,,0.14,,29.1,95.73,0.74,251.97,2.78,2.78,10.07,,0.04
2024-07-19 18:00:00,18.31,33.51,6.65,8.1,6.49,6.4,19.32,0.13,19.11,0.24,0.87,,,0.14,,28.98,97.0,0.73,265.29,2.78,2.78,2.3,,0.04
2024-07-19 19:00:00,16.29,29.92,7.26,7.99,6.9,5.87,17.77,0.13,17.64,0.26,0.77,,,0.12,,28.83,98.93,0.72,265.82,3.61,3.61,1.0,,0.16
2024-07-19 20:00:00,15.31,28.12,7.06,7.97,6.84,6.06,17.19,0.13,19.85,0.27,0.74,,,0.11,,28.79,98.78,0.67,257.88,3.86,3.86,1.18,,0.2
2024-07-19 21:00:00,14.97,27.43,7.21,7.94,6.81,7.2,17.19,0.13,18.28,0.27,0.74,,,0.11,,28.83,97.6,0.69,265.64,3.86,3.86,1.21,700.02,0.2
2024-07-19 22:00:00,14.73,26.95,7.2,7.93,6.35,6.58,17.19,0.13,17.88,0.27,0.74,,,0.11,,28.89,95.0,0.74,257.41,3.86,3.86,1.59,700.07,0.19
2024-07-19 23:00:00,14.56,26.61,7.03,8.0,6.46,6.09,17.19,0.13,18.76,0.27,0.74,,,0.11,,28.7,92.52,0.71,252.83,3.86,3.86,1.78,,0.19
2024-07-20 00:00:00,14.45,26.38,7.02,8.07,6.6,6.62,17.19,0.13,19.67,0.27,0.74,,,0.11,,28.77,89.92,0.73,254.88,3.86,3.86,2.03,,0.19
2024-07-20 01:00:00,14.36,26.22,7.02,7.98,6.34,6.58,17.19,0.13,17.71,0.27,0.74,,,0.11,,28.49,93.92,0.55,302.53,3.86,3.86,1.06,,0.2
2024-07-20 02:00:00,14.31,26.1,6.89,8.02,7.0,6.49,17.19,0.13,18.5,0.27,0.74,,,0.11,,28.08,96.96,0.68,261.65,3.86,3.86,1.27,,0.19
2024-07-20 03:00:00,14.31,26.11,6.77,8.0,6.69,6.31,17.19,0.13,18.5,0.27,0.74,,,0.11,,27.79,97.8,0.72,262.96,3.86,3.86,1.24,,0.19
2024-07-20 04:00:00,14.28,26.05,7.1,8.1,6.66,6.62,17.19,0.13,18.9,0.27,0.74,,,0.11,,27.7,98.7,0.72,268.87,3.86,3.86,1.18,,0.19
2024-07-20 05:00:00,14.26,26.01,6.91,7.97,6.78,6.44,17.19,0.13,17.26,0.27,0.74,,,0.11,,27.69,99.29,0.72,270.56,3.86,3.86,1.32,700.37,0.19
2024-07-20 06:00:00,14.24,25.97,6.8,8.12,6.8,6.34,17.0,0.13,18.38,0.27,0.74,,,0.11,,27.52,99.73,0.7,274.16,3.86,3.86,3.7,701.58,0.19
2024-07-20 07:00:00,14.22,25.94,6.96,7.93,6.62,6.74,16.26,0.13,17.7,0.27,0.74,,,0.11,,27.8,96.55,0.7,270.73,3.86,3.86,18.73,703.16,0.19
2024-07-20 08:00:00,14.22,25.92,6.82,7.88,6.3,6.82,16.26,0.13,17.38,0.27,0.74,,,0.11,,28.14,94.82,0.7,271.73,3.86,3.86,64.47,705.26,0.19
2024-07-20 09:00:00,14.21,25.91,7.2,7.9,6.69,7.06,16.26,0.13,17.34,0.27,0.74,,,0.11,,28.46,93.98,0.65,271.13,1.42,1.42,69.76,707.02,0.2
2024-07-20 10:00:00,14.0,25.58,6.51,7.93,6.89,6.78,16.26,0.12,18.05,0.24,0.54,,,0.12,,28.88,92.24,0.72,255.86,0.62,0.62,145.01,705.91,0.19
2024-07-20 11:00:00,13.22,24.29,6.94,7.9,6.39,7.05,16.26,0.11,16.95,0.27,0.52,,,0.11,,28.99,92.42,0.74,261.08,0.7,0.7,102.06,704.36,0.19
2024-07-20 12:00:00,13.67,25.42,7.42,8.04,6.47,6.36,15.95,0.1,17.78,0.28,0.58,,,0.12,,29.3,91.54,0.73,264.11,0.61,0.61,72.59,702.89,0.2
2024-07-20 13:00:00,15.22,29.28,7.35,7.9,6.41,5.93,14.89,0.04,19.59,0.29,0.79,,,0.17,,29.3,91.42,0.72,266.61,0.3,0.3,72.69,701.1,0.22
2024-07-20 14:00:00,15.22,29.3,7.01,8.15,6.26,6.46,14.89,0.04,19.57,0.29,0.79,,,0.17,,29.45,91.84,0.72,270.2,0.3,0.3,56.14,700.12,0.23
2024-07-20 15:00:00,16.89,31.75,6.8,8.1,6.79,7.18,15.99,0.04,25.21,0.28,0.72,,,0.16,,29.56,90.15,0.72,268.95,0.51,0.51,42.98,,0.22
2024-07-20 16:00:00,42.19,80.65,7.07,8.0,6.18,6.42,18.11,0.03,16.32,0.26,0.58,,,0.13,,29.36,91.53,0.72,268.08,0.9,0.9,32.68,,0.23
2024-07-20 17:00:00,25.02,46.31,6.94,8.21,6.48,6.76,18.11,0.03,20.56,0.26,0.58,,,0.13,,29.32,91.42,0.72,268.19,0.9,0.9,16.49,,0.23
2024-07-20 18:00:00,20.44,37.16,6.62,7.99,6.78,6.38,18.11,0.03,18.49,0.26,0.58,,,0.13,,29.4,88.89,0.72,268.66,0.9,0.9,3.86,701.15,0.22
2024-07-20 19:00:00,20.05,36.37,7.11,8.01,6.24,6.89,18.11,0.03,17.69,0.26,0.58,,,0.13,,28.9,93.48,0.72,254.58,0.9,0.9,0.42,703.64,0.23
2024-07-20 20:00:00,23.65,37.53,6.73,8.01,6.64,6.32,18.11,0.06,18.33,0.25,0.55,,,0.12,,29.09,91.92,0.7,270.76,0.7,0.7,0.64,705.08,0.22
2024-07-20 21:00:00,36.98,42.23,6.69,8.01,6.4,6.54,18.11,0.18,16.62,0.23,0.45,,,0.11,,29.1,92.46,0.7,275.08,0.0,0.0,0.93,705.71,0.18
2024-07-20 22:00:00,36.98,42.23,7.06,8.11,6.7,7.06,18.11,0.18,14.7,0.23,0.45,,,0.11,,28.94,92.8,0.74,267.28,0.0,0.0,0.87,704.53,0.18
2024-07-20 23:00:00,36.98,42.23,6.78,8.18,6.68,6.46,18.11,0.18,14.72,0.23,0.45,,,0.11,,28.85,92.72,0.7,278.68,0.0,0.0,0.87,704.01,0.18
2024-07-21 00:00:00,36.98,42.23,7.14,8.23,6.38,6.4,18.11,0.18,15.43,0.23,0.45,,,0.11,,28.94,89.44,0.67,297.26,0.0,0.0,0.83,703.88,0.18
2024-07-21 01:00:00,36.98,42.23,7.24,7.97,6.25,6.85,18.11,0.18,16.34,0.23,0.45,,,0.11,,29.18,85.05,0.7,278.96,0.0,0.0,0.79,702.66,0.17
2024-07-21 02:00:00,36.98,42.23,7.06,8.02,6.61,6.59,18.11,0.18,17.04,0.23,0.45,,,0.11,,28.96,84.86,0.74,269.68,0.0,0.0,0.43,701.28,0.17
2024-07-21 03:00:00,36.98,42.23,7.09,8.14,6.64,6.64,18.11,0.18,17.22,0.23,0.45,,,0.11,,28.46,89.56,0.74,266.5,0.0,0.0,0.37,701.44,0.17
2024-07-21 04:00:00,36.98,42.23,6.96,7.92,6.82,6.07,18.11,0.18,17.71,0.23,0.45,,,0.11,,28.33,89.86,0.72,266.68,0.0,0.0,0.66,700.91,0.18
2024-07-21 05:00:00,36.98,42.23,7.01,8.1,6.78,6.41,18.11,0.18,17.42,0.23,0.45,,,0.11,,28.62,87.17,0.69,270.73,0.0,0.0,1.68,702.75,0.18
2024-07-21 06:00:00,36.98,42.23,6.76,8.03,7.34,6.06,18.11,0.18,17.61,0.23,0.45,,,0.11,,28.8,85.13,0.72,269.24,0.0,0.0,19.58,704.06,0.18
2024-07-21 07:00:00,36.98,42.23,6.98,8.01,6.68,6.66,18.11,0.18,16.87,0.23,0.45,,,0.11,,29.22,82.23,0.72,268.73,0.0,0.0,66.94,705.22,0.17
2024-07-21 08:00:00,29.36,35.93,7.03,8.08,6.52,7.28,16.6,0.21,17.61,0.25,0.5,,,0.13,,29.39,81.9,0.74,261.47,0.0,0.0,73.84,707.18,0.16
2024-07-21 09:00:00,13.98,23.23,7.08,8.06,6.93,6.16,13.54,0.28,17.11,0.28,0.61,,,0.18,,29.69,81.75,0.74,260.39,0.0,0.0,104.86,707.93,0.15
2024-07-21 10:00:00,13.98,23.23,7.18,8.06,6.7,6.59,13.54,0.28,17.02,0.28,0.61,,,0.18,,29.97,81.42,0.74,265.64,0.0,0.0,108.04,708.17,0.15
2024-07-21 11:00:00,12.76,21.4,7.16,8.06,6.56,6.58,13.9,0.46,17.22,0.3,0.55,,,0.14,,30.33,81.32,0.74,264.05,0.0,0.0,123.36,708.7,0.19
2024-07-21 12:00:00,11.98,20.23,7.19,8.05,6.46,6.55,14.12,0.57,16.96,0.32,0.51,,,0.12,,30.21,83.68,0.72,262.15,0.0,0.0,64.1,707.4,0.22
2024-07-21 13:00:00,11.98,20.23,7.04,8.09,6.72,6.4,14.12,0.57,17.57,0.32,0.51,,,0.12,,29.82,86.09,0.68,267.79,0.0,0.0,30.65,705.13,0.22
2024-07-21 14:00:00,13.1,22.47,6.96,8.1,6.84,6.94,14.12,0.57,17.07,0.32,0.51,,,0.12,,30.12,82.74,0.73,261.27,0.0,0.0,59.04,703.96,0.22
2024-07-21 15:00:00,12.73,21.72,7.2,8.0,6.85,6.24,14.12,0.57,16.7,0.32,0.51,,,0.12,,30.14,84.48,0.76,261.56,0.0,0.0,39.24,702.93,0.22
2024-07-21 16:00:00,12.32,21.36,7.23,8.17,6.97,6.57,13.92,0.6,17.44,0.55,0.48,,,0.06,,29.78,88.33,0.74,202.22,0.0,0.0,20.24,702.8,0.03
2024-07-21 17:00:00,12.18,21.35,6.87,8.0,6.85,6.83,13.79,0.62,18.06,0.69,0.47,,,0.02,,29.24,89.56,0.74,278.88,0.0,0.0,8.88,704.1,-0.1
2024-07-21 18:00:00,11.75,20.5,6.84,8.05,6.42,6.24,13.79,0.62,17.81,0.69,0.47,,,0.02,,28.83,93.23,0.72,276.15,0.0,0.0,1.67,705.64,-0.09
2024-07-21 19:00:00,11.64,20.25,7.0,8.08,6.82,6.9,13.79,0.62,17.67,0.69,0.47,,,0.02,,28.6,95.43,0.75,266.28,0.0,0.0,0.51,706.12,-0.09
2024-07-21 20:00:00,11.28,19.57,7.03,7.99,6.88,6.66,13.79,0.62,15.59,0.69,0.47,,,0.02,,28.55,95.24,0.72,278.45,0.88,0.88,0.62,707.9,-0.09
2024-07-21 21:00:00,11.04,19.09,6.88,8.12,6.1,6.0,13.79,0.62,15.58,0.69,0.47,,,0.02,,28.51,95.41,0.74,266.28,2.11,2.11,0.69,709.94,-0.09
2024-07-21 22:00:00,10.92,18.84,7.26,7.9,6.56,6.9,13.79,0.62,15.77,0.69,0.47,,,0.02,,28.82,92.24,0.74,265.76,2.11,2.11,1.01,711.0,-0.09
2024-07-21 23:00:00,10.85,18.69,7.3,7.77,6.98,6.16,13.79,0.62,16.74,0.69,0.47,,,0.02,,29.0,89.38,0.74,261.6,2.11,2.11,0.79,709.49,-0.1
2024-07-22 00:00:00,10.82,18.61,7.16,8.07,6.28,7.25,13.79,0.62,17.05,0.69,0.47,,,0.02,,29.14,86.88,0.73,263.04,2.11,2.11,1.51,708.05,-0.1
2024-07-22 01:00:00,10.79,18.57,7.01,7.96,6.47,6.34,13.79,0.62,17.62,0.69,0.47,,,0.02,,28.77,88.82,0.74,261.18,2.11,2.11,0.66,707.29,-0.1
2024-07-22 02:00:00,10.77,18.54,6.73,7.9,6.45,6.47,13.79,0.62,17.42,0.69,0.47,,,0.02,,28.5,89.86,0.74,262.67,2.11,2.11,0.48,707.32,-0.1
2024-07-22 03:00:00,10.77,18.52,7.14,8.18,6.33,7.15,13.79,0.62,17.7,0.69,0.47,,,0.02,,28.5,89.65,0.73,263.63,2.11,2.11,1.09,707.08,-0.1
2024-07-22 04:00:00,10.76,18.51,7.13,8.16,6.88,6.9,13.79,0.62,16.78,0.69,0.47,,,0.02,,28.38,90.45,0.72,261.8,2.11,2.11,1.16,707.3,-0.1
2024-07-22 05:00:00,10.76,18.51,7.28,7.9,6.6,6.76,13.79,0.62,16.48,0.69,0.47,,,0.02,,28.41,89.86,0.73,265.32,2.11,2.11,1.62,708.79,-0.1
2024-07-22 06:00:00,10.76,18.5,7.4,7.92,6.48,7.02,13.79,0.62,16.79,0.69,0.47,,,0.02,,28.47,89.47,0.72,266.88,2.11,2.11,23.0,711.14,-0.1
2024-07-22 07:00:00,10.83,18.64,7.15,8.02,6.63,7.32,13.79,0.62,15.56,0.69,0.47,,,0.02,,28.72,89.1,0.72,272.46,2.11,2.11,55.21,712.32,-0.09
2024-07-22 08:00:00,10.94,18.88,7.03,7.94,6.65,6.94,13.79,0.62,15.39,0.69,0.47,,,0.02,,29.08,87.82,0.75,268.37,2.11,2.11,97.19,713.79,-0.09
2024-07-22 09:00:00,10.76,18.5,6.89,7.96,6.85,6.72,13.79,0.62,17.3,0.69,0.47,,,0.02,,29.39,85.54,0.72,260.02,2.11,2.11,67.74,715.0,-0.1
2024-07-22 10:00:00,24.98,46.94,6.81,8.04,6.75,6.59,13.81,0.62,16.62,0.69,0.47,,,0.02,,29.92,82.91,0.74,269.14,2.09,2.09,134.98,714.48,-0.1
2024-07-22 11:00:00,15.16,24.15,7.06,7.9,6.32,6.8,16.98,0.48,17.72,0.51,0.37,,,0.08,,30.82,78.14,0.74,269.24,0.0,0.0,137.73,712.4,-0.08
2024-07-22 12:00:00,15.29,24.41,6.94,8.07,6.58,6.71,16.98,0.48,17.19,0.51,0.37,,,0.08,,30.9,77.91,0.73,261.23,0.0,0.0,89.73,711.06,-0.08
2024-07-22 13:00:00,15.11,24.04,7.16,7.91,6.36,6.27,16.98,0.48,21.19,0.51,0.37,,,0.08,,31.06,77.61,0.72,272.78,0.0,0.0,116.66,709.97,-0.08
2024-07-22 14:00:00,15.45,24.72,7.14,8.01,6.49,6.69,16.98,0.48,14.74,0.51,0.37,,,0.08,,32.24,73.59,0.7,284.59,0.0,0.0,215.4,707.89,-0.08
2024-07-22 15:00:00,14.12,22.07,7.03,7.99,6.51,6.81,16.98,0.48,18.31,0.51,0.37,,,0.08,,31.93,71.54,0.74,274.58,0.0,0.0,73.18,705.4,-0.08
2024-07-22 16:00:00,13.99,21.8,7.06,8.02,6.47,6.75,16.98,0.48,17.93,0.51,0.37,,,0.08,,31.82,71.28,0.72,275.04,0.0,0.0,54.89,705.96,-0.08
2024-07-22 17:00:00,18.7,34.48,6.76,7.9,6.82,5.98,14.42,0.2,18.26,0.6,0.33,,,0.02,,31.61,71.96,0.7,275.72,0.0,0.0,24.76,706.61,-0.1
2024-07-22 18:00:00,19.91,37.73,6.74,8.04,6.61,7.07,13.76,0.13,17.27,0.63,0.32,,,0.01,,31.58,72.2,0.67,293.43,0.0,0.0,6.66,707.68,-0.11
2024-07-22 19:00:00,19.91,37.73,7.07,8.07,7.09,6.52,13.76,0.13,15.92,0.63,0.32,,,0.01,,31.53,72.01,0.63,281.88,0.0,0.0,0.85,709.34,-0.11
2024-07-22 20:00:00,19.91,37.73,7.02,8.08,6.68,5.98,13.76,0.13,15.8,0.63,0.32,,,0.01,,31.59,72.75,0.62,284.79,0.0,0.0,0.74,712.23,-0.12
2024-07-22 21:00:00,19.91,37.73,7.24,8.12,6.61,7.08,13.76,0.13,18.27,0.63,0.32,,,0.01,,31.92,69.01,0.74,275.15,0.0,0.0,0.99,714.64,-0.12
2024-07-22 22:00:00,19.91,37.73,6.82,8.11,6.5,6.05,13.76,0.13,18.98,0.63,0.32,,,0.01,,31.53,70.07,0.75,270.33,0.0,0.0,1.1,715.12,-0.12
2024-07-22 23:00:00,19.91,37.73,6.91,7.96,6.37,6.97,13.76,0.13,18.75,0.63,0.32,,,0.01,,31.05,70.66,0.71,277.92,0.0,0.0,0.98,715.02,-0.12
2024-07-23 00:00:00,19.91,37.73,7.37,8.16,6.98,7.06,13.76,0.13,17.89,0.63,0.32,,,0.01,,30.84,71.24,0.7,276.66,0.0,0.0,1.03,714.24,-0.12
2024-07-23 01:00:00,19.91,37.73,6.77,7.8,6.96,6.53,13.76,0.13,18.77,0.63,0.32,,,0.01,,30.43,73.75,0.67,274.95,0.0,0.0,0.97,713.36,-0.12
2024-07-23 02:00:00,19.91,37.73,6.93,8.17,6.41,6.83,13.76,0.13,17.3,0.63,0.32,,,0.01,,30.11,75.72,0.52,233.34,0.0,0.0,0.89,711.63,-0.11
2024-07-23 03:00:00,19.91,37.73,7.0,7.85,6.6,6.92,13.76,0.13,17.02,0.63,0.32,,,0.01,,29.75,79.37,0.48,166.28,0.0,0.0,0.92,711.4,-0.11
2024-07-23 04:00:00,19.91,37.73,7.24,8.07,6.61,7.2,13.76,0.13,15.93,0.63,0.32,,,0.01,,29.3,81.96,0.52,325.35,0.0,0.0,0.86,710.94,-0.11
2024-07-23 05:00:00,19.91,37.73,6.97,8.14,6.72,6.48,13.76,0.13,14.87,0.63,0.32,,,0.01,,28.78,82.38,0.62,307.48,0.0,0.0,1.41,711.84,-0.11
2024-07-23 06:00:00,19.91,37.73,7.02,8.04,6.32,6.56,13.76,0.13,14.84,0.63,0.32,,,0.01,,28.67,84.62,0.68,264.01,0.0,0.0,16.34,714.5,-0.11
2024-07-23 07:00:00,19.91,37.73,6.99,8.0,6.88,6.98,13.76,0.13,14.8,0.63,0.32,,,0.01,,29.1,82.76,0.66,234.02,0.0,0.0,68.39,716.87,-0.11
2024-07-23 08:00:00,19.91,37.73,6.92,7.83,7.06,6.55,13.76,0.13,14.9,0.63,0.32,,,0.01,,29.81,78.72,0.66,273.22,0.0,0.0,119.18,717.96,-0.11
2024-07-23 09:00:00,20.0,37.78,7.05,7.93,6.48,6.38,13.76,0.14,15.54,0.62,0.32,,,0.01,,30.48,77.69,0.66,269.56,0.0,0.0,144.54,718.22,-0.11
2024-07-23 10:00:00,23.61,40.03,7.11,7.92,6.29,6.21,13.76,0.39,17.37,0.41,0.39,,,0.07,,31.33,70.88,0.73,275.77,0.0,0.0,372.48,717.7,-0.14
2024-07-23 11:00:00,26.16,44.37,6.98,7.94,6.8,7.66,13.68,0.38,20.12,0.42,0.38,,,0.06,,31.9,68.61,0.74,280.51,0.0,0.0,283.01,716.53,-0.14
2024-07-23 12:00:00,30.58,45.94,6.88,8.16,6.49,7.38,12.76,0.27,21.51,0.52,0.34,,,0.03,,32.0,66.78,0.74,281.43,0.0,0.0,285.11,713.23,-0.1
2024-07-23 13:00:00,30.39,45.56,7.18,7.98,6.8,6.2,12.76,0.27,23.4,0.52,0.34,,,0.03,,31.91,66.39,0.75,284.58,0.0,0.0,223.0,711.74,-0.1
2024-07-23 14:00:00,31.03,47.32,6.95,8.1,6.28,6.31,12.51,0.25,19.31,0.56,0.35,,,0.02,,31.1,70.91,0.67,305.02,0.0,0.0,95.98,709.65,-0.11
2024-07-23 15:00:00,32.92,52.58,6.98,7.84,6.7,7.09,11.76,0.17,15.98,0.67,0.38,,,0.01,,30.08,77.75,0.66,299.4,0.0,0.0,45.34,708.04,-0.14
2024-07-23 16:00:00,24.8,44.92,6.93,8.06,7.17,6.18,11.76,0.2,19.68,0.62,0.35,,,0.05,,29.53,85.15,0.72,280.41,0.0,0.0,42.12,707.28,-0.15
2024-07-23 17:00:00,30.21,60.9,6.88,8.08,6.58,6.56,11.76,0.21,16.0,0.59,0.33,,,0.07,,29.6,85.58,0.73,280.04,0.0,0.0,22.85,707.01,-0.14
2024-07-23 18:00:00,18.44,33.23,6.97,8.2,7.04,6.44,11.76,0.11,17.66,0.75,0.32,,,0.02,,29.45,87.06,0.73,279.34,0.0,0.0,3.67,708.39,-0.08
2024-07-23 19:00:00,18.16,32.48,6.96,7.96,6.73,5.76,,,16.42,0.76,0.32,,,0.02,,29.46,86.26,0.73,275.29,0.0,0.0,0.87,709.43,-0.08
2024-07-23 20:00:00,17.37,30.89,7.01,8.0,6.6,6.5,,,15.79,0.76,0.32,,,0.02,,29.49,85.09,0.61,282.66,0.0,0.0,0.81,711.24,-0.08
2024-07-23 21:00:00,17.64,31.44,7.49,8.11,6.32,7.18,,,15.83,0.76,0.32,,,0.02,,30.15,75.43,0.69,275.8,0.0,0.0,0.65,712.8,-0.09
2024-07-23 22:00:00,17.49,31.13,6.85,7.96,6.58,6.9,,,16.81,0.76,0.32,,,0.02,,30.44,72.1,0.73,264.18,0.0,0.0,0.92,713.96,-0.09
2024-07-23 23:00:00,17.56,31.28,6.85,8.0,7.09,6.36,,,17.32,0.76,0.32,,,0.02,,30.33,72.26,0.73,267.52,0.0,0.0,0.94,713.34,-0.09
2024-07-24 00:00:00,18.1,32.34,6.88,7.87,6.38,6.88,,,17.8,0.76,0.32,,,0.02,,30.17,72.66,0.75,262.89,0.0,0.0,0.96,711.17,-0.09
2024-07-24 01:00:00,17.79,31.73,7.06,8.09,6.19,6.02,,,17.57,0.76,0.32,,,0.02,,30.02,73.42,0.75,266.09,0.0,0.0,0.94,710.07,-0.09
2024-07-24 02:00:00,18.6,33.35,7.1,7.95,6.37,6.7,,,17.26,0.76,0.32,,,0.02,,29.46,78.5,0.68,280.89,0.0,0.0,1.08,709.01,-0.08
2024-07-24 03:00:00,17.2,30.54,7.15,7.87,6.78,6.67,,,16.24,0.76,0.32,,,0.02,,29.04,82.34,0.68,293.59,0.0,0.0,0.9,708.84,-0.08
2024-07-24 04:00:00,16.95,30.06,6.94,7.94,6.26,6.54,,,15.92,0.76,0.32,,,0.02,,28.76,84.13,0.71,278.55,0.0,0.0,0.9,707.54,-0.08
2024-07-24 05:00:00,16.9,29.96,7.19,7.98,6.65,6.59,,,15.84,0.76,0.32,,,0.02,,28.62,84.69,0.75,268.99,0.0,0.0,1.06,708.0,-0.08
2024-07-24 06:00:00,16.89,29.94,7.06,8.1,6.71,7.25,,,14.89,0.76,0.32,,,0.02,,28.48,85.64,0.75,270.37,0.0,0.0,6.73,708.18,-0.08
2024-07-24 07:00:00,16.93,30.01,7.06,8.02,6.42,6.51,,,15.55,0.76,0.32,,,0.02,,28.21,89.88,0.73,272.35,0.0,0.0,23.53,708.57,-0.08
2024-07-24 08:00:00,17.94,32.03,7.4,8.07,6.96,6.52,,,15.92,0.76,0.32,,,0.02,,28.6,88.56,0.72,280.64,0.0,0.0,59.3,710.33,-0.08
2024-07-24 09:00:00,17.2,30.56,6.85,7.92,7.05,6.84,,,15.84,0.76,0.32,,,0.02,,29.2,85.16,0.72,276.45,0.0,0.0,139.23,711.15,-0.08
2024-07-24 10:00:00,17.38,30.91,6.95,8.06,6.88,7.08,,,15.07,0.76,0.32,,,0.02,,29.92,81.43,0.7,281.42,0.0,0.0,144.95,710.9,-0.08
2024-07-24 11:00:00,26.5,50.59,6.94,7.92,7.11,6.89,,,16.21,0.76,0.32,,,0.02,,30.47,75.6,0.72,284.73,0.0,0.0,162.23,708.6,-0.09
2024-07-24 12:00:00,14.72,27.7,6.96,7.89,6.78,6.65,,,17.21,0.76,0.32,,,0.02,,30.75,74.85,0.69,292.09,0.0,0.0,188.87,706.16,-0.09
2024-07-24 13:00:00,18.19,34.61,7.27,7.95,6.37,6.42,,,17.55,0.76,0.32,,,0.02,,30.96,73.41,0.7,290.16,0.0,0.0,156.46,703.68,-0.09
2024-07-24 14:00:00,15.88,30.01,7.03,7.9,6.44,6.76,,,19.15,0.76,0.32,,,0.02,,31.04,71.61,0.72,287.65,0.0,0.0,144.66,701.39,-0.09
2024-07-24 15:00:00,15.58,29.41,6.65,8.06,6.5,6.86,,,18.8,0.76,0.32,,,0.02,,30.9,72.72,0.66,301.98,0.0,0.0,85.2,700.15,-0.09
2024-07-24 16:00:00,16.02,30.28,6.96,7.94,6.61,7.15,,,17.76,0.76,0.32,,,0.02,,30.7,75.43,0.72,283.91,0.0,0.0,66.81,700.0,-0.09
2024-07-24 17:00:00,15.11,28.46,7.1,7.98,6.28,6.96,,,17.6,0.76,0.32,,,0.02,,30.61,76.1,0.72,281.36,0.0,0.0,39.33,700.38,-0.08
2024-07-24 18:00:00,16.48,31.2,7.1,7.91,6.42,6.68,,,17.49,0.76,0.32,,,0.02,,30.26,78.64,0.75,275.23,0.0,0.0,6.32,700.71,-0.08
2024-07-24 19:00:00,16.84,31.92,7.01,8.04,6.7,6.2,,,15.18,0.76,0.32,,,0.02,,29.84,82.06,0.74,269.82,0.0,0.0,0.87,700.98,-0.08
2024-07-24 20:00:00,16.34,30.93,6.9,8.1,6.98,6.28,,,14.43,0.76,0.32,,,0.02,,29.67,84.04,0.7,280.0,0.0,0.0,0.86,703.57,-0.08
2024-07-24 21:00:00,16.42,31.1,6.99,7.97,6.74,6.4,,,15.4,0.76,0.32,,,0.02,,29.7,81.48,0.75,270.66,0.0,0.0,0.76,704.67,-0.08
2024-07-24 22:00:00,15.62,29.49,6.94,7.95,7.0,6.03,,,14.5,0.76,0.32,,,0.02,,29.8,79.4,0.63,294.34,0.0,0.0,0.83,705.01,-0.08
2024-07-24 23:00:00,14.78,27.8,6.97,7.97,6.84,6.66,,,15.73,0.76,0.32,,,0.02,,30.09,73.75,0.73,268.12,0.0,0.0,0.56,704.6,-0.08
2024-07-25 00:00:00,14.6,27.44,7.22,7.92,6.73,6.2,,,17.18,0.76,0.32,,,0.02,,30.12,72.18,0.76,267.17,0.0,0.0,0.8,703.01,-0.08
2024-07-25 01:00:00,14.56,27.35,6.91,8.37,6.63,6.9,,,17.56,0.76,0.32,,,0.02,,29.95,73.69,0.73,271.07,0.0,0.0,1.14,701.06,-0.08
2024-07-25 02:00:00,14.54,27.33,6.75,7.8,6.26,6.4,,,16.22,0.76,0.32,,,0.02,,29.66,75.77,0.72,276.13,0.0,0.0,0.68,700.0,-0.08
2024-07-25 03:00:00,14.56,27.36,7.0,8.04,7.15,6.64,,,17.4,0.76,0.32,,,0.02,,29.88,72.7,0.74,266.05,0.0,0.0,0.9,,-0.09
2024-07-25 04:00:00,15.16,28.56,7.2,8.04,6.81,6.01,,,17.03,0.76,0.32,,,0.02,,29.69,73.08,0.75,264.58,0.0,0.0,0.9,,-0.09
2024-07-25 05:00:00,15.58,29.4,6.76,7.94,6.4,6.96,,,16.69,0.76,0.32,,,0.02,,29.6,73.23,0.72,264.61,0.0,0.0,1.61,700.25,-0.09
2024-07-25 06:00:00,14.91,28.06,6.68,7.92,6.31,7.02,,,17.27,0.76,0.32,,,0.02,,29.68,73.32,0.74,271.94,0.0,0.0,20.52,701.58,-0.09
2024-07-25 07:00:00,14.68,27.6,6.73,7.87,7.06,7.06,,,15.81,0.76,0.32,,,0.02,,29.91,73.28,0.74,270.12,0.0,0.0,82.85,701.89,-0.09
2024-07-25 08:00:00,14.6,27.44,7.1,8.01,6.42,6.23,,,16.44,0.76,0.32,,,0.02,,30.5,70.74,0.75,269.0,0.0,0.0,135.95,702.81,-0.09
2024-07-25 09:00:00,14.56,27.37,6.87,8.04,6.94,6.97,,,16.18,0.76,0.32,,,0.02,,30.76,70.69,0.73,272.28,0.0,0.0,182.02,703.95,-0.09
2024-07-25 10:00:00,15.1,28.45,6.96,7.89,6.68,6.61,,,16.69,0.76,0.32,,,0.02,,31.0,72.08,0.74,279.56,0.0,0.0,236.45,703.48,-0.09
2024-07-25 11:00:00,30.67,59.58,7.09,7.96,6.64,7.08,,,17.72,0.76,0.32,,,0.02,,31.04,71.06,0.74,287.43,0.0,0.0,237.45,702.02,-0.09
2024-07-25 12:00:00,16.34,30.92,6.8,8.14,6.48,7.09,,,18.34,0.76,0.32,,,0.02,,31.72,68.35,0.74,282.14,0.0,0.0,276.46,700.14,-0.09
2024-07-25 13:00:00,16.34,30.92,6.99,8.06,7.04,6.75,,,19.25,0.76,0.32,,,0.02,,32.05,63.55,0.74,285.14,0.0,0.0,166.69,,-0.09
2024-07-25 14:00:00,14.73,27.69,6.86,8.03,6.54,6.5,,,20.96,0.76,0.32,,,0.02,,32.21,63.63,0.71,294.21,0.0,0.0,205.04,,-0.09
2024-07-25 15:00:00,16.66,31.55,7.02,8.15,6.98,6.34,,,20.02,0.76,0.32,,,0.02,,31.97,63.95,0.76,286.06,0.0,0.0,128.5,,-0.09
2024-07-25 16:00:00,15.06,28.37,6.95,8.02,6.72,7.02,,,20.89,0.76,0.32,,,0.02,,31.56,65.55,0.74,287.32,0.0,0.0,71.12,,-0.09
2024-07-25 17:00:00,15.8,29.84,7.15,7.88,6.57,6.46,,,18.95,0.76,0.32,,,0.02,,31.3,67.21,0.72,287.68,0.0,0.0,41.56,,-0.09
2024-07-25 18:00:00,15.71,29.65,7.02,7.97,7.15,6.64,,,18.29,0.76,0.32,,,0.02,,30.91,69.82,0.72,284.6,0.0,0.0,9.61,,-0.09
2024-07-25 19:00:00,15.39,29.02,6.82,7.91,5.92,6.88,,,18.25,0.76,0.32,,,0.02,,30.64,70.46,0.68,287.66,0.0,0.0,0.9,,-0.09
2024-07-25 20:00:00,14.86,27.96,7.19,7.97,6.84,6.31,,,19.0,0.76,0.32,,,0.02,,30.28,72.76,0.73,276.3,0.0,0.0,1.07,701.56,-0.08
2024-07-25 21:00:00,17.91,34.06,7.21,8.08,7.02,5.92,,,16.75,0.76,0.32,,,0.02,,29.83,77.04,0.7,285.22,0.0,0.0,0.87,703.93,-0.08
2024-07-25 22:00:00,16.65,31.53,6.9,8.11,6.77,7.1,,,17.02,0.76,0.32,,,0.02,,29.78,76.4,0.74,275.32,0.0,0.0,0.93,705.05,-0.08
2024-07-25 23:00:00,16.66,31.54,6.81,7.9,6.88,6.52,,,17.14,0.76,0.32,,,0.02,,29.52,78.01,0.74,269.92,0.0,0.0,0.77,703.54,-0.08
2024-07-26 00:00:00,16.29,30.82,6.96,7.99,7.07,5.96,,,15.54,0.76,0.32,,,0.02,,29.24,80.56,0.74,267.37,0.0,0.0,0.87,701.49,-0.08
2024-07-26 01:00:00,16.62,31.5,7.06,7.84,6.37,7.13,,,16.11,0.76,0.32,,,0.02,,29.17,80.7,0.73,277.33,0.0,0.0,0.82,700.51,-0.08
2024-07-26 02:00:00,16.76,31.75,6.77,7.89,6.16,7.08,,,17.29,0.76,0.32,,,0.02,,29.53,75.02,0.72,283.55,0.0,0.0,0.79,,-0.08
2024-07-26 03:00:00,16.04,30.33,7.02,8.0,6.35,7.21,,,17.3,0.76,0.32,,,0.02,,29.35,76.82,0.72,287.78,0.0,0.0,0.98,,-0.08
2024-07-26 04:00:00,15.45,29.14,7.03,8.14,6.88,6.47,,,16.95,0.76,0.32,,,0.02,,29.12,78.95,0.65,310.32,0.0,0.0,0.87,,-0.08
2024-07-26 05:00:00,15.17,28.58,7.01,7.96,6.97,6.84,,,15.52,0.76,0.32,,,0.02,,29.02,80.4,0.71,292.78,0.0,0.0,1.58,700.02,-0.08
2024-07-26 06:00:00,14.85,27.95,7.15,7.93,6.63,6.54,,,15.86,0.76,0.32,,,0.02,,29.08,80.66,0.74,284.84,0.0,0.0,27.36,701.33,-0.08
2024-07-26 07:00:00,15.17,28.58,7.17,7.96,6.29,6.29,,,15.52,0.76,0.32,,,0.02,,29.48,79.85,0.72,285.53,0.0,0.0,64.31,703.49,-0.08
2024-07-26 08:00:00,15.13,28.49,6.61,8.04,6.56,7.02,,,15.76,0.76,0.32,,,0.02,,29.84,76.82,0.74,281.74,0.0,0.0,97.86,704.62,-0.09
2024-07-26 09:00:00,15.18,28.58,7.21,7.94,6.49,5.83,,,17.19,0.76,0.32,,,0.02,,30.28,73.18,0.74,284.65,0.0,0.0,149.25,704.61,-0.09
2024-07-26 10:00:00,15.9,30.04,7.01,8.01,6.74,6.57,,,19.21,0.76,0.32,,,0.02,,31.0,68.86,0.75,283.74,0.0,0.0,246.89,704.53,-0.09
2024-07-26 11:00:00,16.02,30.27,7.31,8.17,6.54,6.63,,,21.01,0.76,0.32,,,0.02,,32.02,63.99,0.73,286.1,0.0,0.0,398.59,702.03,-0.09
2024-07-26 12:00:00,15.41,29.05,6.99,7.97,6.86,6.7,,,20.24,0.76,0.32,,,0.02,,32.27,62.87,0.69,296.88,0.0,0.0,265.94,700.76,-0.09
2024-07-26 13:00:00,18.81,35.88,6.76,8.25,6.55,6.89,,,20.76,0.76,0.32,,,0.02,,32.38,61.54,0.68,300.4,0.0,0.0,262.64,,-0.09
2024-07-26 14:00:00,17.41,33.05,6.61,8.0,6.61,6.76,,,19.77,0.76,0.32,,,0.02,,32.32,61.54,0.66,303.11,0.0,0.0,209.9,,-0.09
2024-07-26 15:00:00,16.22,30.67,6.73,8.18,6.58,6.59,,,15.89,0.76,0.32,,,0.02,,32.27,62.29,0.64,316.14,0.0,0.0,137.98,,-0.09
2024-07-26 16:00:00,16.22,30.7,6.91,8.02,6.43,6.2,,,16.01,0.76,0.32,,,0.02,,32.28,62.26,0.66,227.65,0.0,0.0,79.41,,-0.09
2024-07-26 17:00:00,16.38,31.0,7.08,7.89,6.57,7.15,,,18.74,0.76,0.32,,,0.02,,31.92,66.26,0.73,283.56,0.0,0.0,44.28,,-0.09
2024-07-26 18:00:00,19.71,31.32,6.76,8.0,6.79,6.07,,,20.42,0.64,0.34,,,0.01,,31.7,64.97,0.68,287.03,0.0,0.0,6.34,,0.2
2024-07-26 19:00:00,20.11,31.62,6.54,8.08,6.54,7.72,,,21.71,0.63,0.34,,,0.01,,31.31,64.4,0.75,284.05,0.0,0.0,1.25,,0.22
2024-07-26 20:00:00,23.38,38.16,7.14,7.98,6.46,6.28,,,19.06,0.63,0.34,,,0.01,,31.08,65.75,0.72,285.77,0.0,0.0,0.91,700.84,0.22
2024-07-26 21:00:00,21.98,35.36,7.0,8.03,6.16,5.92,,,19.68,0.63,0.34,,,0.01,,30.91,67.54,0.72,283.37,0.0,0.0,0.93,702.99,0.22
2024-07-26 22:00:00,21.06,33.51,6.84,8.19,6.8,7.04,,,19.43,0.63,0.34,,,0.01,,30.86,69.43,0.74,279.17,0.0,0.0,1.09,704.15,0.23
2024-07-26 23:00:00,20.76,32.91,7.18,7.99,6.52,6.26,,,17.69,0.63,0.34,,,0.01,,30.32,74.44,0.72,268.43,0.0,0.0,0.85,704.79,0.23
2024-07-27 00:00:00,19.84,31.09,7.04,8.04,6.35,6.6,,,17.6,0.63,0.34,,,0.01,,30.09,76.28,0.74,263.57,0.0,0.0,0.95,702.58,0.23
2024-07-27 01:00:00,19.22,29.84,7.26,8.01,6.23,6.24,,,17.75,0.63,0.34,,,0.01,,30.06,76.23,0.71,277.14,0.0,0.0,0.88,700.7,0.23
2024-07-27 02:00:00,18.83,29.06,7.08,7.98,6.35,7.17,,,17.8,0.63,0.34,,,0.01,,29.94,77.02,0.74,272.16,0.0,0.0,0.84,,0.23
2024-07-27 03:00:00,18.57,28.54,7.1,8.03,6.38,6.74,,,17.72,0.63,0.34,,,0.01,,30.08,77.06,0.63,215.8,0.0,0.0,0.81,,0.23
2024-07-27 04:00:00,18.39,28.17,7.11,7.83,6.63,6.5,,,16.54,0.63,0.34,,,0.01,,29.74,80.21,0.62,295.41,0.0,0.0,0.64,700.0,0.23
2024-07-27 05:00:00,18.26,27.92,7.07,7.9,6.49,6.86,,,16.49,0.63,0.34,,,0.01,,29.98,76.26,0.7,287.37,0.0,0.0,1.02,700.23,0.22
2024-07-27 06:00:00,18.22,27.91,6.83,7.93,6.25,6.54,,,15.51,0.63,0.34,,,0.01,,30.09,76.23,0.73,289.0,0.0,0.0,13.54,701.96,0.22
2024-07-27 07:00:00,18.51,28.43,6.82,7.95,6.68,7.15,,,16.56,0.63,0.34,,,0.01,,30.22,77.15,0.73,287.66,0.0,0.0,29.36,704.79,0.22
2024-07-27 08:00:00,18.62,28.64,6.7,8.06,6.31,6.51,,,16.54,0.63,0.34,,,0.01,,30.48,76.23,0.73,289.29,0.0,0.0,62.6,706.66,0.22
2024-07-27 09:00:00,18.7,28.81,7.13,7.92,6.96,5.74,,,15.64,0.6,0.34,,,0.01,,30.99,74.0,0.72,286.16,0.0,0.0,130.98,706.44,0.22
2024-07-27 10:00:00,20.11,31.68,7.46,7.66,6.59,6.55,,,,0.43,0.37,,,0.49,,31.86,68.08,0.74,285.29,0.0,0.0,180.65,703.94,0.17
2024-07-27 11:00:00,20.22,31.9,7.09,8.05,6.86,6.91,,,12.71,0.43,0.37,,,0.49,,31.88,68.48,0.74,284.34,0.0,0.0,178.4,702.73,0.17
2024-07-27 12:00:00,20.22,31.9,6.64,8.05,6.36,6.89,,,15.14,0.43,0.37,,,0.49,,31.79,69.53,0.71,295.19,0.0,0.0,102.52,701.69,0.17
2024-07-27 13:00:00,20.22,31.9,6.74,8.02,6.09,6.66,,,18.59,0.43,0.37,,,0.49,,31.81,68.92,0.72,286.7,0.0,0.0,150.07,700.87,0.17
2024-07-27 14:00:00,20.22,31.9,6.98,8.0,6.42,6.68,,,17.15,0.43,0.37,,,0.49,,32.28,67.17,0.72,288.24,0.0,0.0,167.4,,0.17
2024-07-27 15:00:00,19.11,29.67,7.07,8.01,6.66,6.88,,,22.49,0.43,0.37,,,0.49,,32.55,65.3,0.7,295.62,0.0,0.0,93.34,,0.17
2024-07-27 16:00:00,25.16,41.78,7.31,8.06,7.04,6.26,,,20.63,0.43,0.37,,,0.49,,32.24,67.78,0.73,290.4,0.0,0.0,54.38,,0.17
2024-07-27 17:00:00,24.88,41.2,6.93,8.08,6.61,6.5,,,23.72,0.43,0.37,,,0.49,,31.8,70.32,0.72,293.75,0.0,0.0,14.08,,0.17
2024-07-27 18:00:00,24.38,40.22,6.82,8.25,6.61,6.69,,,21.39,0.43,0.37,,,0.49,,31.35,73.98,0.75,282.17,0.0,0.0,2.68,,0.18
2024-07-27 19:00:00,22.68,36.8,7.01,8.1,6.6,6.17,,,19.2,0.43,0.37,,,0.49,,31.16,75.71,0.74,271.62,0.0,0.0,1.13,,0.18
2024-07-27 20:00:00,21.3,34.04,7.08,7.98,6.4,6.67,,,19.49,0.43,0.37,,,0.49,,30.96,77.19,0.62,267.32,0.0,0.0,1.38,701.01,0.18
2024-07-27 21:00:00,20.84,33.13,6.94,7.99,6.76,6.56,,,20.82,0.43,0.37,,,0.49,,30.89,77.78,0.69,268.67,0.0,0.0,2.07,702.22,0.18
2024-07-27 22:00:00,21.02,33.49,7.12,7.99,6.12,6.67,,,23.32,0.43,0.37,,,0.49,,29.28,92.17,0.41,307.72,0.0,0.0,1.57,703.18,0.18
2024-07-27 23:00:00,20.54,32.54,7.36,7.94,6.64,6.17,,,22.26,0.43,0.37,,,0.49,,28.8,94.42,0.47,285.68,0.0,0.0,1.52,703.04,0.18
2024-07-28 00:00:00,20.31,32.07,7.23,8.18,6.26,7.07,,,18.67,0.43,0.37,,,0.49,,28.74,95.28,0.58,288.5,0.0,0.0,1.61,700.59,0.18
2024-07-28 01:00:00,20.13,31.7,6.94,8.12,5.98,5.99,,,18.14,0.43,0.37,,,0.49,,28.8,96.32,0.46,179.9,0.0,0.0,1.68,,0.17
2024-07-28 02:00:00,20.1,31.64,6.65,7.82,6.52,7.08,,,18.27,0.43,0.37,,,0.49,,28.99,91.9,0.44,263.8,0.0,0.0,2.19,,0.18
2024-07-28 03:00:00,20.38,32.21,7.16,8.02,7.05,6.45,,,22.35,0.43,0.37,,,0.49,,28.99,90.09,0.55,292.02,0.0,0.0,1.98,,0.18
2024-07-28 04:00:00,20.48,32.42,7.22,8.18,6.32,5.88,,,11.93,0.43,0.37,,,0.49,,29.08,89.03,0.7,264.2,0.0,0.0,1.9,,0.18
2024-07-28 05:00:00,20.06,31.58,7.16,8.18,6.77,6.56,,,15.73,0.43,0.37,,,0.49,,29.33,83.69,0.66,269.83,0.0,0.0,2.64,700.13,0.18
2024-07-28 06:00:00,19.74,30.94,7.09,8.01,6.19,6.94,,,15.79,0.43,0.37,,,0.49,,29.52,80.38,0.71,264.64,0.0,0.0,19.19,701.51,0.18
2024-07-28 07:00:00,19.6,30.66,6.63,7.92,6.51,6.34,,,17.84,0.43,0.37,,,0.49,,30.08,77.42,0.73,264.83,0.0,0.0,103.84,702.81,0.18
2024-07-28 08:00:00,19.65,30.75,6.85,8.1,6.6,6.91,,,16.14,0.43,0.37,,,0.49,,30.68,76.48,0.74,271.43,0.0,0.0,154.02,703.53,0.18
2024-07-28 09:00:00,20.53,32.51,7.15,8.06,6.41,6.03,,,19.91,0.43,0.37,,,0.49,,31.97,70.61,0.74,274.86,0.0,0.0,451.18,703.17,0.17
2024-07-28 10:00:00,21.63,34.71,7.49,8.03,6.47,7.0,,,15.83,0.43,0.37,,,0.49,,32.79,65.46,0.72,284.05,0.0,0.0,480.05,701.24,0.17
2024-07-28 11:00:00,20.58,32.62,7.16,7.82,7.06,6.61,,,17.44,0.43,0.37,,,0.49,,33.3,62.18,0.69,287.72,0.0,0.0,294.15,,0.17
2024-07-28 12:00:00,19.99,31.43,6.9,8.13,6.03,7.15,,,17.98,0.43,0.37,,,0.49,,33.88,58.36,0.68,296.16,0.0,0.0,616.74,,0.17
2024-07-28 13:00:00,20.24,32.9,6.95,7.98,6.7,7.12,,,20.1,0.38,0.46,,,0.56,,34.21,57.63,0.67,292.72,0.0,0.0,322.79,,0.14
2024-07-28 14:00:00,20.13,32.75,7.27,7.94,6.56,6.55,,,18.17,0.38,0.47,,,0.57,,33.81,60.42,0.7,169.47,0.0,0.0,192.88,,0.14
2024-07-28 15:00:00,20.34,33.18,6.76,8.01,6.7,6.67,,,19.92,0.38,0.47,,,0.57,,33.06,65.07,0.62,268.96,0.0,0.0,123.5,,0.15
2024-07-28 16:00:00,20.58,33.66,6.94,7.97,6.65,6.42,,,18.31,0.38,0.47,,,0.57,,32.3,69.5,0.51,210.4,0.0,0.0,87.75,,0.15
2024-07-28 17:00:00,20.3,33.1,7.12,8.04,6.85,7.2,,,19.04,0.38,0.47,,,0.57,,32.99,65.51,0.56,299.71,0.0,0.0,42.08,,0.15
2024-07-28 18:00:00,20.23,32.97,7.12,7.98,6.82,6.66,,,17.63,0.38,0.47,,,0.57,,32.55,66.26,0.75,265.58,0.0,0.0,7.65,,0.14
2024-07-28 19:00:00,19.55,32.63,6.84,8.07,6.46,7.28,,1.36,19.67,0.39,0.48,,,0.55,,32.06,66.02,0.67,272.91,0.0,0.0,1.62,,0.09
2024-07-28 20:00:00,18.05,32.76,7.33,8.02,6.41,6.16,,0.33,21.21,0.41,0.49,,,0.51,,31.27,71.95,0.68,160.44,0.0,0.0,1.86,,-0.08
2024-07-28 21:00:00,19.22,35.1,7.04,7.8,6.88,6.44,,0.33,22.34,0.41,0.49,,,0.51,,29.78,83.3,0.38,291.16,0.0,0.0,1.17,700.24,-0.08
2024-07-28 22:00:00,18.22,33.09,6.87,8.04,6.51,7.3,,0.33,16.32,0.41,0.49,,,0.51,,29.58,87.94,0.3,210.83,0.0,0.0,1.3,700.69,-0.08
2024-07-28 23:00:00,17.75,32.16,6.68,8.22,7.18,7.34,,0.33,17.84,0.41,0.49,,,0.51,,29.58,83.41,0.75,262.84,0.0,0.0,2.13,700.99,-0.09
2024-07-29 00:00:00,17.32,31.3,7.12,7.89,6.62,6.57,,0.33,19.48,0.41,0.49,,,0.51,,28.57,92.56,0.73,268.86,0.0,0.0,1.56,700.72,-0.09
2024-07-29 01:00:00,17.21,31.07,6.95,8.02,6.66,6.7,,0.33,18.73,0.41,0.49,,,0.51,,28.25,97.37,0.36,207.4,0.0,0.0,1.21,,-0.08
2024-07-29 02:00:00,17.08,30.8,7.1,7.98,6.85,5.95,,0.33,18.1,0.41,0.49,,,0.51,,28.27,97.53,0.37,177.78,0.0,0.0,1.52,,-0.08
2024-07-29 03:00:00,16.94,30.54,7.02,8.13,6.46,5.86,,0.33,17.88,0.41,0.49,,,0.51,,28.38,96.82,0.38,178.56,0.0,0.0,1.44,,-0.08
2024-07-29 04:00:00,16.9,30.45,6.72,7.77,6.75,6.48,,0.33,16.02,0.41,0.49,,,0.51,,28.57,95.49,0.6,277.37,0.0,0.0,1.41,,-0.08
2024-07-29 05:00:00,16.81,30.28,7.12,8.09,6.38,6.38,,0.33,16.76,0.41,0.49,,,0.51,,28.91,89.76,0.74,264.9,0.0,0.0,2.88,,-0.08
2024-07-29 06:00:00,16.86,30.36,7.06,8.22,6.8,6.59,,0.33,17.44,0.41,0.49,,,0.51,,29.3,84.6,0.74,265.36,0.0,0.0,24.82,700.74,-0.09
2024-07-29 07:00:00,17.04,30.72,6.77,7.93,6.48,6.4,,0.33,16.43,0.41,0.49,,,0.51,,30.08,78.96,0.74,260.48,0.0,0.0,143.42,701.49,-0.09
2024-07-29 08:00:00,17.17,30.99,7.03,8.1,6.14,5.59,,0.33,16.11,0.41,0.49,,,0.51,,31.21,75.36,0.74,268.09,0.0,0.0,309.2,703.38,-0.09
2024-07-29 09:00:00,17.34,31.34,6.81,8.05,6.92,6.45,,0.33,17.24,0.41,0.49,,,0.51,,32.03,69.75,0.72,276.53,0.0,0.0,334.56,703.36,-0.09
2024-07-29 10:00:00,17.45,31.55,6.83,8.13,6.92,6.59,,0.33,17.28,0.41,0.49,,,0.51,,32.67,66.11,0.74,277.02,0.0,0.0,595.47,701.82,-0.09
2024-07-29 11:00:00,17.58,31.82,7.05,7.91,6.44,6.52,,0.33,19.34,0.41,0.49,,,0.51,,33.39,62.18,0.71,288.17,0.0,0.0,318.31,700.74,-0.09
2024-07-29 12:00:00,17.23,31.11,7.12,8.13,6.36,6.11,,0.33,20.02,0.41,0.49,,,0.51,,34.0,60.16,0.64,296.04,0.0,0.0,672.64,,-0.09
2024-07-29 13:00:00,17.09,30.84,7.22,8.12,6.7,6.48,,0.33,19.61,0.41,0.49,,,0.51,,34.16,58.9,0.66,294.76,0.0,0.0,395.31,,-0.09
2024-07-29 14:00:00,17.12,30.88,7.22,7.96,6.62,6.28,,0.33,16.92,0.41,0.49,,,0.51,,34.44,57.34,0.64,301.6,0.0,0.0,203.06,,-0.09
2024-07-29 15:00:00,17.17,30.99,6.57,8.09,6.08,7.06,,0.33,17.47,0.41,0.49,,,0.51,,34.83,55.25,0.59,305.01,0.0,0.0,142.84,,-0.09
2024-07-29 16:00:00,17.6,31.85,6.98,8.02,6.2,6.61,,0.33,18.71,0.41,0.49,,,0.51,,34.53,54.93,0.66,309.2,0.0,0.0,79.74,,-0.09
2024-07-29 17:00:00,17.67,31.99,7.14,7.86,6.11,5.99,,0.33,19.2,0.41,0.49,,,0.51,,33.87,58.08,0.55,307.89,0.0,0.0,46.83,,-0.08
2024-07-29 18:00:00,17.33,31.32,6.64,7.92,6.58,6.56,,0.33,17.6,0.41,0.49,,,0.51,,33.2,61.86,0.75,257.14,0.0,0.0,7.88,,-0.08
2024-07-29 19:00:00,17.27,31.2,7.3,7.92,6.46,6.69,,0.33,19.68,0.41,0.49,,,0.51,,32.87,60.23,0.71,267.76,0.0,0.0,1.27,701.04,-0.08
2024-07-29 20:00:00,17.3,31.26,6.99,7.99,6.23,6.42,,0.33,17.59,0.41,0.49,,,0.51,,32.42,65.33,0.33,171.36,0.0,0.0,1.26,702.7,-0.08
2024-07-29 21:00:00,17.21,31.08,6.72,8.14,7.07,6.36,,0.33,17.68,0.41,0.49,,,0.51,,32.18,69.56,0.44,68.98,0.0,0.0,1.36,705.55,-0.08
2024-07-29 22:00:00,17.84,32.34,7.31,8.08,6.63,6.8,,0.33,15.47,0.41,0.49,,,0.51,,31.38,79.99,0.47,77.35,0.0,0.0,0.96,707.63,-0.08
2024-07-29 23:00:00,18.74,34.13,7.07,8.02,6.78,6.32,,0.33,16.69,0.41,0.49,,,0.51,,30.81,80.26,0.37,163.01,0.0,0.0,2.1,707.41,-0.08
2024-07-30 00:00:00,17.78,32.21,7.18,7.96,6.33,6.1,,0.33,18.82,0.41,0.49,,,0.51,,29.87,89.86,0.35,157.41,0.0,0.0,2.14,706.8,-0.08
2024-07-30 01:00:00,17.23,31.11,6.84,8.09,6.91,6.57,,0.33,19.33,0.41,0.49,,,0.51,,29.94,89.98,0.56,85.17,0.0,0.0,1.86,705.61,-0.08
2024-07-30 02:00:00,16.9,30.46,6.83,8.16,6.86,6.92,,0.33,18.63,0.41,0.49,,,0.51,,29.79,92.23,0.6,116.51,0.0,0.0,1.96,705.72,-0.08
2024-07-30 03:00:00,16.71,30.06,7.03,7.94,6.5,6.79,,0.33,17.8,0.41,0.49,,,0.51,,29.45,91.42,0.5,207.58,0.0,0.0,1.62,704.56,-0.08
2024-07-30 04:00:00,21.07,38.79,6.72,8.0,6.76,6.08,,0.33,16.33,0.41,0.49,,,0.51,,29.42,92.35,0.42,69.09,0.0,0.0,1.21,704.26,-0.08
2024-07-30 05:00:00,24.29,45.24,6.8,8.05,6.64,6.97,,0.33,16.15,0.41,0.49,,,0.51,,29.34,94.06,0.38,60.15,0.0,0.0,1.54,707.16,-0.08
2024-07-30 06:00:00,16.31,29.27,7.09,7.79,6.4,6.27,,0.33,15.56,0.41,0.49,,,0.51,,29.4,94.18,0.42,144.38,0.0,0.0,16.21,709.8,-0.08
2024-07-30 07:00:00,16.31,29.27,7.2,7.98,7.1,6.53,,0.33,19.34,0.41,0.49,,,0.51,,30.14,86.43,0.26,64.9,0.0,0.0,70.22,711.48,-0.08
2024-07-30 08:00:00,16.31,29.27,6.65,8.06,6.73,7.28,,0.33,14.27,0.41,0.49,,,0.51,,31.39,75.74,0.4,228.68,0.0,0.0,207.52,713.26,-0.08
2024-07-30 09:00:00,16.31,29.27,6.96,7.97,6.37,6.72,,0.33,18.24,0.41,0.49,,,0.51,,31.83,71.15,0.65,276.11,0.0,0.0,253.78,713.32,-0.08
2024-07-30 10:00:00,22.44,40.96,6.89,7.93,6.68,6.46,,0.32,23.58,0.43,0.51,,,0.48,,32.67,66.67,0.64,288.36,0.0,0.0,556.82,713.16,-0.1
2024-07-30 11:00:00,28.2,50.89,7.08,8.01,6.67,6.76,,0.28,17.5,0.48,0.57,,,0.39,,33.88,61.46,0.6,290.3,0.0,0.0,362.98,710.74,-0.11
2024-07-30 12:00:00,18.41,31.31,6.98,7.96,6.55,6.17,,0.28,17.5,0.48,0.57,,,0.39,,34.41,59.98,0.63,286.9,0.0,0.0,644.2,708.72,-0.11
2024-07-30 13:00:00,18.41,31.31,6.98,8.03,6.87,7.33,,0.28,18.52,0.48,0.57,,,0.39,,34.76,57.92,0.55,311.64,0.0,0.0,400.51,706.16,-0.11
2024-07-30 14:00:00,18.41,31.31,6.8,8.05,6.34,6.09,,0.28,19.99,0.48,0.57,,,0.39,,35.18,54.71,0.56,319.45,0.0,0.0,202.56,704.2,-0.11
2024-07-30 15:00:00,18.41,31.31,6.92,7.97,6.54,6.38,,0.28,21.95,0.48,0.57,,,0.39,,34.78,57.11,0.6,334.0,0.0,0.0,137.78,703.05,-0.1
2024-07-30 16:00:00,19.42,33.34,7.05,7.87,6.41,6.84,,0.28,19.66,0.48,0.57,,,0.39,,34.4,58.0,0.6,311.0,0.0,0.0,88.54,702.34,-0.1
2024-07-30 17:00:00,20.31,35.1,7.06,8.13,6.58,6.66,,0.28,18.28,0.48,0.57,,,0.39,,33.26,65.62,0.57,178.44,0.0,0.0,39.02,703.86,-0.1
2024-07-30 18:00:00,18.64,31.77,7.05,7.96,6.88,6.63,,0.28,20.7,0.48,0.57,,,0.39,,32.2,71.55,0.39,69.97,0.0,0.0,6.62,705.96,-0.1
2024-07-30 19:00:00,18.44,31.37,6.72,8.07,6.42,6.65,,0.28,19.24,0.48,0.57,,,0.39,,31.73,76.72,0.5,90.61,0.0,0.0,1.25,709.34,-0.1
2024-07-30 20:00:00,18.42,31.32,7.12,8.05,5.94,6.33,,0.28,17.71,0.48,0.57,,,0.39,,31.34,81.06,0.68,46.49,0.0,0.0,1.1,712.8,-0.1
2024-07-30 21:00:00,17.99,31.02,7.23,7.91,6.94,6.43,,0.28,18.29,0.46,0.55,,,0.41,,31.04,81.66,0.41,176.98,0.0,0.0,0.95,714.82,-0.1
2024-07-30 22:00:00,20.0,37.36,7.01,7.87,6.4,6.56,,0.28,20.48,0.39,0.48,,,0.48,,31.22,80.55,0.48,125.08,0.0,0.0,1.07,715.24,-0.08
2024-07-30 23:00:00,22.83,43.02,7.15,8.07,6.84,6.98,,0.28,18.48,0.39,0.48,,,0.48,,29.64,87.52,0.58,238.14,0.0,0.0,2.82,716.91,-0.09
2024-07-31 00:00:00,16.21,29.78,7.2,7.9,6.48,6.78,,0.28,20.39,0.39,0.48,,,0.48,,27.84,96.02,0.72,281.82,0.0,0.0,1.57,718.67,-0.09
2024-07-31 01:00:00,16.21,29.78,6.65,8.17,6.66,6.68,,0.28,20.49,0.39,0.48,,,0.48,,27.59,97.94,0.71,277.75,0.0,0.0,1.51,715.38,-0.09
2024-07-31 02:00:00,16.21,29.78,7.22,8.11,6.32,6.73,,0.28,20.41,0.39,0.48,,,0.48,,27.67,98.1,0.72,260.59,0.0,0.0,1.33,712.78,-0.08
2024-07-31 03:00:00,16.21,29.78,6.88,8.2,6.66,6.58,,0.28,19.46,0.39,0.48,,,0.48,,28.08,95.64,0.73,274.02,0.0,0.0,1.58,712.19,-0.08
2024-07-31 04:00:00,16.21,29.78,7.08,8.01,6.76,5.82,,0.28,19.2,0.39,0.48,,,0.48,,28.4,92.81,0.74,273.61,0.0,0.0,1.99,712.83,-0.08
2024-07-31 05:00:00,16.21,29.78,6.74,8.03,6.56,6.66,,0.28,17.42,0.39,0.48,,,0.48,,28.49,93.02,0.75,261.14,0.0,0.0,2.25,713.6,-0.08
2024-07-31 06:00:00,16.21,29.78,7.02,7.89,6.21,6.27,,0.28,17.35,0.39,0.48,,,0.48,,28.61,93.6,0.75,260.02,0.0,0.0,13.28,716.15,-0.08
2024-07-31 07:00:00,16.21,29.78,6.62,8.16,6.57,6.33,,0.28,17.4,0.39,0.48,,,0.48,,29.23,89.17,0.73,263.41,0.0,0.0,59.25,718.51,-0.08
2024-07-31 08:00:00,16.21,29.78,6.67,7.96,6.76,6.76,,0.28,18.05,0.39,0.48,,,0.48,,30.02,85.42,0.66,270.14,0.0,0.0,123.59,719.08,-0.08
2024-07-31 09:00:00,16.21,29.78,6.96,8.06,7.1,6.37,,0.28,17.05,0.39,0.48,,,0.48,,31.18,78.78,0.7,272.78,0.0,0.0,419.28,719.07,-0.09
2024-07-31 10:00:00,17.55,32.46,6.78,7.95,7.04,6.11,,0.28,19.6,0.39,0.48,,,0.48,,32.07,72.33,0.74,277.85,0.0,0.0,587.54,718.32,-0.09
2024-07-31 11:00:00,19.05,35.44,7.2,8.12,6.73,7.3,,0.28,17.77,0.39,0.48,,,0.48,,32.74,69.45,0.72,279.18,0.0,0.0,347.67,715.73,-0.09
2024-07-31 12:00:00,16.9,31.15,7.24,8.01,6.02,6.34,,0.28,18.29,0.39,0.48,,,0.48,,33.4,65.8,0.68,284.12,0.0,0.0,492.54,712.9,-0.09
2024-07-31 13:00:00,16.39,30.14,7.16,8.02,7.16,7.14,,0.28,17.74,0.39,0.48,,,0.48,,33.96,62.44,0.66,298.09,0.0,0.0,371.27,710.63,-0.09
2024-07-31 14:00:00,16.31,29.97,6.79,7.96,6.4,7.03,,0.28,19.38,0.39,0.48,,,0.48,,34.07,61.92,0.6,305.52,0.0,0.0,164.4,708.48,-0.08
2024-07-31 15:00:00,16.38,30.11,7.14,7.91,6.36,6.79,,0.28,20.82,0.39,0.48,,,0.48,,33.44,66.08,0.74,265.88,0.0,0.0,92.68,706.46,-0.09
2024-07-31 16:00:00,16.81,30.98,6.86,7.98,6.79,6.76,,0.28,21.46,0.39,0.48,,,0.48,,32.29,74.57,0.45,273.16,0.0,0.0,84.82,705.33,-0.08
2024-07-31 17:00:00,17.29,31.95,7.13,7.94,6.43,6.6,,0.28,19.04,0.39,0.48,,,0.48,,30.88,76.64,0.7,272.62,0.0,0.0,25.94,706.43,-0.08
2024-07-31 18:00:00,16.66,30.67,6.86,7.99,7.09,6.56,,0.28,17.3,0.39,0.48,,,0.48,,30.88,79.01,0.52,183.66,0.0,0.0,4.29,707.6,-0.08
2024-07-31 19:00:00,16.69,30.73,6.78,8.06,6.14,6.83,,0.28,16.38,0.39,0.48,,,0.48,,30.97,78.86,0.48,144.81,0.0,0.0,1.16,709.15,-0.08
2024-07-31 20:00:00,17.06,31.47,6.84,8.01,6.68,6.38,,0.28,15.6,0.39,0.48,,,0.48,,30.88,79.73,0.34,105.83,0.0,0.0,1.21,712.2,-0.08
2024-07-31 21:00:00,17.18,31.73,6.82,7.93,6.52,6.17,,0.28,15.33,0.39,0.48,,,0.48,,30.72,83.19,0.57,232.69,0.0,0.0,1.19,715.04,-0.08
2024-07-31 22:00:00,17.68,32.72,7.27,8.12,6.16,6.52,,0.28,16.68,0.39,0.48,,,0.48,,30.8,80.63,0.37,204.99,0.0,0.0,1.19,715.08,-0.08
2024-07-31 23:00:00,17.4,32.16,7.08,8.07,6.88,6.74,,0.28,16.91,0.39,0.48,,,0.48,,30.74,81.7,0.42,212.49,0.0,0.0,1.15,713.45,-0.08
2024-08-01 00:00:00,17.12,31.62,6.76,8.07,6.24,6.78,,0.28,18.03,0.39,0.48,,,0.48,,30.56,84.2,0.62,305.24,0.0,0.0,1.27,712.88,-0.08
2024-08-01 01:00:00,16.75,30.86,7.04,7.92,6.49,6.93,,0.28,18.14,0.39,0.48,,,0.48,,30.02,87.43,0.42,119.06,0.0,0.0,1.36,711.97,-0.08
2024-08-01 02:00:00,16.78,30.92,6.82,8.02,6.69,7.24,,0.28,18.43,0.39,0.48,,,0.48,,29.27,92.64,0.5,179.2,0.0,0.0,1.7,710.36,-0.08
2024-08-01 03:00:00,16.84,31.04,7.02,8.0,6.29,6.08,,0.28,18.01,0.39,0.48,,,0.48,,29.37,89.44,0.65,285.34,0.0,0.0,2.22,710.02,-0.08
2024-08-01 04:00:00,16.62,30.59,6.92,8.11,6.65,6.28,,0.28,18.96,0.39,0.48,,,0.48,,29.35,87.91,0.73,265.43,0.0,0.0,2.0,710.36,-0.08
2024-08-01 05:00:00,16.65,30.66,6.84,7.98,6.22,6.38,,0.28,16.9,0.39,0.48,,,0.48,,29.3,88.15,0.7,273.86,0.0,0.0,2.31,711.34,-0.08
2024-08-01 06:00:00,16.83,31.03,6.73,8.0,5.94,6.02,,0.28,16.94,0.39,0.48,,,0.48,,29.32,89.3,0.75,267.54,0.0,0.0,17.32,712.6,-0.08
2024-08-01 07:00:00,16.64,30.64,7.26,7.99,6.1,5.86,,0.28,16.27,0.39,0.48,,,0.48,,29.6,88.54,0.72,261.81,0.0,0.0,53.42,713.86,-0.08
2024-08-01 08:00:00,16.66,30.68,7.02,7.97,6.44,6.71,,0.28,17.06,0.39,0.48,,,0.48,,30.44,82.46,0.7,280.35,0.0,0.0,154.82,715.86,-0.08
2024-08-01 09:00:00,16.86,31.07,6.89,8.13,6.62,6.89,,0.28,16.62,0.39,0.48,,,0.48,,31.24,78.57,0.7,277.46,0.0,0.0,242.8,717.17,-0.08
2024-08-01 10:00:00,17.31,31.98,7.2,7.95,7.08,6.84,,0.28,17.09,0.39,0.48,,,0.48,,31.86,73.22,0.68,293.64,0.0,0.0,248.95,715.98,-0.09
2024-08-01 11:00:00,17.75,32.86,6.62,7.94,6.43,6.09,,0.28,17.72,0.39,0.48,,,0.48,,31.89,71.47,0.66,294.94,0.0,0.0,179.05,715.01,-0.09
2024-08-01 12:00:00,17.24,31.84,6.71,7.95,6.76,6.87,,0.28,18.96,0.39,0.48,,,0.48,,32.17,70.45,0.65,298.43,0.0,0.0,227.33,713.28,-0.09
2024-08-01 13:00:00,16.94,31.23,6.78,7.9,6.1,7.04,,0.28,18.73,0.39,0.48,,,0.48,,32.34,71.83,0.7,288.81,0.0,0.0,204.0,711.73,-0.09
2024-08-01 14:00:00,16.79,30.94,7.25,7.84,6.66,6.72,,0.28,21.6,0.39,0.48,,,0.48,,32.42,70.83,0.73,276.17,0.0,0.0,166.29,709.86,-0.09
2024-08-01 15:00:00,16.8,30.97,7.01,7.9,6.98,6.54,,0.28,22.19,0.39,0.48,,,0.48,,32.24,71.7,0.74,266.94,0.0,0.0,106.14,708.07,-0.08
2024-08-01 16:00:00,16.87,31.1,7.24,7.83,6.84,6.96,,0.28,20.7,0.39,0.48,,,0.48,,32.18,71.52,0.75,263.56,0.0,0.0,75.69,707.53,-0.08
2024-08-01 17:00:00,17.1,31.56,6.75,8.09,6.26,6.84,,0.28,18.59,0.39,0.48,,,0.48,,32.13,70.19,0.74,256.16,0.0,0.0,35.22,708.32,-0.08
2024-08-01 18:00:00,17.56,32.48,7.14,8.14,6.96,5.96,,0.28,18.71,0.39,0.48,,,0.48,,31.99,69.36,0.76,254.04,0.0,0.0,6.21,709.69,-0.08
2024-08-01 19:00:00,17.17,31.69,6.84,7.95,6.36,6.3,,0.28,17.57,0.39,0.48,,,0.48,,31.82,69.89,0.75,262.84,0.0,0.0,1.23,711.5,-0.08
2024-08-01 20:00:00,16.91,31.18,6.72,8.12,6.49,6.56,,0.28,18.06,0.39,0.48,,,0.48,,31.74,69.76,0.76,255.55,0.0,0.0,1.24,713.34,-0.08
2024-08-01 21:00:00,16.84,31.03,6.96,8.08,7.28,6.54,,0.28,17.32,0.39,0.48,,,0.48,,31.47,73.12,0.62,227.31,0.0,0.0,1.54,716.45,-0.08
2024-08-01 22:00:00,16.97,31.31,7.0,8.0,6.81,6.61,,0.28,18.05,0.39,0.48,,,0.48,,30.84,78.32,0.66,248.26,0.0,0.0,1.47,717.6,-0.08
2024-08-01 23:00:00,17.66,32.68,6.94,8.02,6.71,6.48,,0.28,18.03,0.39,0.48,,,0.48,,30.78,75.76,0.69,260.98,0.0,0.0,1.01,715.93,-0.08
2024-08-02 00:00:00,18.48,34.33,7.49,8.01,6.18,7.23,,0.28,18.62,0.39,0.48,,,0.48,,30.45,79.93,0.7,273.54,0.0,0.0,1.43,714.28,-0.08
2024-08-02 01:00:00,17.77,32.9,6.98,7.95,6.27,6.9,,0.28,18.9,0.39,0.48,,,0.48,,30.69,74.25,0.75,263.28,0.0,0.0,1.12,712.06,-0.08
2024-08-02 02:00:00,17.3,31.94,6.77,7.99,6.27,6.42,,0.28,19.6,0.39,0.48,,,0.48,,30.52,74.51,0.73,264.03,0.0,0.0,1.47,711.23,-0.09
2024-08-02 03:00:00,16.97,31.3,7.15,8.11,6.58,6.76,,0.28,19.38,0.39,0.48,,,0.48,,30.34,75.9,0.72,277.86,0.0,0.0,1.52,711.03,-0.08
2024-08-02 04:00:00,16.74,30.84,6.95,8.18,6.56,6.34,,0.28,17.17,0.39,0.48,,,0.48,,29.88,78.16,0.64,290.73,0.0,0.0,1.45,710.97,-0.09
2024-08-02 05:00:00,17.3,31.94,6.96,7.91,5.83,6.62,,0.28,16.78,0.39,0.48,,,0.48,,29.41,84.58,0.76,260.83,0.0,0.0,1.56,710.62,-0.08
2024-08-02 06:00:00,18.18,33.72,7.23,8.08,6.75,5.85,,0.28,16.34,0.39,0.48,,,0.48,,29.63,82.26,0.71,268.9,0.0,0.0,8.54,712.15,-0.08
2024-08-02 07:00:00,17.54,32.44,6.61,7.86,6.32,6.14,,0.28,15.76,0.39,0.48,,,0.48,,29.74,81.6,0.76,263.27,0.0,0.0,35.98,714.78,-0.08
2024-08-02 08:00:00,17.13,31.62,7.11,7.96,6.52,6.8,,0.28,15.44,0.39,0.48,,,0.48,,30.18,80.42,0.74,265.6,0.0,0.0,104.0,715.9,-0.08
2024-08-02 09:00:00,16.85,31.07,6.98,7.94,6.14,6.88,,0.28,16.74,0.39,0.48,,,0.48,,30.89,76.5,0.72,275.45,0.0,0.0,156.3,716.23,-0.08
2024-08-02 10:00:00,16.66,30.69,7.12,7.9,6.35,6.53,,0.28,17.29,0.39,0.48,,,0.48,,31.32,74.13,0.72,274.92,0.0,0.0,161.32,715.04,-0.09
2024-08-02 11:00:00,17.28,31.94,6.92,7.92,6.95,6.78,,0.28,18.54,0.39,0.48,,,0.48,,32.04,68.48,0.73,277.93,0.0,0.0,258.33,713.98,-0.09
2024-08-02 12:00:00,18.26,33.87,7.08,8.18,6.78,6.48,,0.28,19.65,0.39,0.48,,,0.48,,32.91,63.78,0.7,282.79,0.0,0.0,396.19,711.96,-0.09
2024-08-02 13:00:00,17.59,32.54,7.13,8.02,6.36,6.57,,0.28,21.5,0.39,0.48,,,0.48,,32.77,63.9,0.75,274.5,0.0,0.0,259.28,709.85,-0.09
2024-08-02 14:00:00,17.16,31.7,6.82,7.88,7.23,7.06,,0.28,21.63,0.39,0.48,,,0.48,,32.58,64.74,0.75,270.42,0.0,0.0,206.46,708.54,-0.09
2024-08-02 15:00:00,16.88,31.12,6.98,7.86,6.62,6.39,,0.28,23.3,0.39,0.48,,,0.48,,32.57,63.65,0.74,269.08,0.0,0.0,149.02,707.95,-0.09
2024-08-02 16:00:00,16.68,30.72,6.67,7.99,6.68,6.69,,0.28,24.11,0.39,0.48,,,0.48,,32.57,63.16,0.76,260.35,0.0,0.0,90.1,707.11,-0.09
2024-08-02 17:00:00,17.3,31.96,6.93,7.84,6.52,6.58,,0.28,21.83,0.39,0.48,,,0.48,,32.47,63.57,0.76,258.35,0.0,0.0,35.41,706.99,-0.09
2024-08-02 18:00:00,18.27,33.91,7.01,8.05,6.62,6.58,,0.28,19.76,0.39,0.48,,,0.48,,32.3,63.72,0.76,257.14,0.0,0.0,7.01,709.01,-0.09
2024-08-02 19:00:00,17.6,32.57,7.04,7.93,6.35,6.77,,0.28,18.56,0.39,0.48,,,0.48,,32.17,63.82,0.77,256.39,0.0,0.0,1.22,711.32,-0.09
2024-08-02 20:00:00,17.18,31.71,7.46,8.06,6.56,6.19,,0.28,17.58,0.39,0.48,,,0.48,,32.18,63.54,0.76,254.67,0.0,0.0,1.14,714.79,-0.09
2024-08-02 21:00:00,16.88,31.13,6.9,8.07,6.41,6.65,,0.28,17.49,0.39,0.48,,,0.48,,32.03,65.11,0.76,252.85,0.0,0.0,1.32,716.76,-0.09
2024-08-02 22:00:00,16.68,30.73,7.16,7.94,6.6,6.21,,0.28,17.11,0.39,0.48,,,0.48,,31.86,65.97,0.74,257.68,0.0,0.0,1.32,718.54,-0.08
2024-08-02 23:00:00,16.7,30.78,6.98,8.0,6.07,6.65,,0.28,18.27,0.39,0.48,,,0.48,,31.64,66.28,0.73,258.03,0.0,0.0,1.27,718.24,-0.08
2024-08-03 00:00:00,16.84,31.04,6.31,8.0,6.68,6.75,,0.28,18.59,0.39,0.48,,,0.48,,31.64,65.88,0.72,251.16,0.0,0.0,1.21,716.76,-0.08
2024-08-03 01:00:00,16.66,30.67,7.09,7.9,6.68,5.98,,0.28,19.48,0.39,0.48,,,0.48,,31.22,68.75,0.75,260.95,0.0,0.0,1.49,715.1,-0.09
2024-08-03 02:00:00,16.52,30.4,7.09,7.98,6.56,6.5,,0.28,18.7,0.39,0.48,,,0.48,,31.04,69.72,0.74,269.58,0.0,0.0,1.52,714.5,-0.09
2024-08-03 03:00:00,16.42,30.22,7.12,8.07,6.23,6.74,,0.28,17.94,0.39,0.48,,,0.48,,30.54,73.23,0.7,278.07,0.0,0.0,1.3,713.09,-0.08
2024-08-03 04:00:00,16.36,30.09,7.02,8.15,6.61,7.05,,0.28,17.68,0.39,0.48,,,0.48,,30.48,72.31,0.74,264.26,0.0,0.0,1.25,713.66,-0.09
2024-08-03 05:00:00,16.32,30.01,7.2,8.07,6.46,6.72,,0.28,17.31,0.39,0.48,,,0.48,,29.98,76.74,0.74,270.58,0.0,0.0,1.69,714.42,-0.08
2024-08-03 06:00:00,16.32,30.0,6.94,8.16,6.64,6.75,,0.28,15.2,0.39,0.48,,,0.48,,29.95,76.49,0.74,266.66,0.0,0.0,20.08,715.69,-0.08
2024-08-03 07:00:00,16.34,30.03,6.75,8.19,6.37,7.25,,0.28,15.89,0.39,0.48,,,0.48,,30.2,77.37,0.74,264.84,0.0,0.0,107.94,717.78,-0.08
2024-08-03 08:00:00,,,,,,,,,,,,,,,,,,,,,0.0,,,
2024-08-03 09:00:00,16.32,30.0,6.89,7.93,6.8,6.28,,0.28,17.44,0.39,0.48,,,0.48,,31.38,70.14,0.73,273.74,0.0,0.0,218.77,719.47,-0.09
2024-08-03 10:00:00,16.4,30.16,7.28,8.13,6.42,6.15,,0.28,19.1,0.39,0.48,,,0.48,,31.99,64.76,0.75,273.87,0.0,0.0,427.02,718.33,-0.09
2024-08-03 11:00:00,16.65,30.66,6.87,8.0,6.97,7.02,,0.28,20.21,0.39,0.48,,,0.48,,33.04,60.78,0.74,275.47,0.0,0.0,439.48,717.26,-0.09
2024-08-03 12:00:00,16.82,31.01,7.02,7.94,6.04,6.89,,0.28,19.22,0.39,0.48,,,0.48,,33.05,60.9,0.76,267.82,0.0,0.0,263.23,715.59,-0.09
2024-08-03 13:00:00,16.77,30.9,7.14,7.94,6.5,6.13,,0.28,21.36,0.39,0.48,,,0.48,,33.49,57.21,0.74,281.52,0.0,0.0,257.25,714.54,-0.09
2024-08-03 14:00:00,16.66,30.69,6.96,8.07,6.47,6.39,,0.28,22.8,0.39,0.48,,,0.48,,33.75,57.7,0.69,286.14,0.0,0.0,212.6,712.73,-0.09
2024-08-03 15:00:00,16.71,30.78,7.12,8.16,6.85,6.46,,0.28,23.84,0.39,0.48,,,0.48,,33.64,57.85,0.76,270.88,0.0,0.0,149.0,711.68,-0.09
2024-08-03 16:00:00,16.81,30.98,7.14,8.0,6.58,6.6,,0.28,22.44,0.39,0.48,,,0.48,,33.59,58.37,0.76,266.61,0.0,0.0,93.7,710.9,-0.09
2024-08-03 17:00:00,16.74,30.83,7.14,8.12,6.7,7.04,,0.28,21.87,0.39,0.48,,,0.48,,33.22,60.06,0.77,269.06,0.0,0.0,46.34,711.42,-0.09
2024-08-03 18:00:00,16.74,30.84,6.82,7.93,6.21,6.46,,0.28,18.38,0.39,0.48,,,0.48,,32.7,62.12,0.78,261.48,0.0,0.0,6.8,714.16,-0.08
2024-08-03 19:00:00,16.71,30.77,7.03,8.11,6.5,6.25,,0.28,20.09,0.39,0.48,,,0.48,,32.73,59.37,0.77,261.64,0.0,0.0,1.03,716.5,-0.08
2024-08-03 20:00:00,16.87,31.09,7.14,7.96,6.09,6.64,,0.28,18.28,0.39,0.48,,,0.48,,32.61,60.09,0.78,258.58,0.0,0.0,1.25,718.2,-0.08
2024-08-03 21:00:00,17.23,31.83,7.32,8.12,6.65,6.81,,0.28,16.18,0.39,0.48,,,0.48,,32.07,66.2,0.61,228.95,0.0,0.0,1.5,721.66,-0.08
2024-08-03 22:00:00,17.48,32.33,7.08,8.04,6.72,6.57,,0.28,18.22,0.39,0.48,,,0.48,,31.2,73.86,0.62,233.46,0.0,0.0,1.44,723.43,-0.08
2024-08-03 23:00:00,17.46,32.29,6.67,7.96,6.82,6.4,,0.28,20.17,0.39,0.48,,,0.48,,30.74,78.79,0.56,232.35,0.0,0.0,1.3,723.38,-0.08
2024-08-04 00:00:00,17.3,31.96,7.13,8.1,7.32,6.1,,0.28,19.74,0.39,0.48,,,0.48,,30.48,81.43,0.6,240.31,0.0,0.0,0.94,720.76,-0.08
2024-08-04 01:00:00,17.05,31.46,6.69,7.96,6.48,6.68,,0.28,21.42,0.39,0.48,,,0.48,,30.39,82.44,0.57,242.31,0.0,0.0,1.06,718.86,-0.08
2024-08-04 02:00:00,16.85,31.07,6.96,7.95,6.81,6.11,,0.28,22.18,0.39,0.48,,,0.48,,30.36,82.33,0.48,199.56,0.0,0.0,1.14,716.78,-0.08
2024-08-04 03:00:00,16.74,30.84,6.86,8.04,6.74,6.81,,0.28,20.57,0.39,0.48,,,0.48,,30.06,83.35,0.45,96.69,0.0,0.0,1.05,715.5,-0.08
2024-08-04 04:00:00,16.8,30.96,7.16,7.9,6.64,6.65,,0.28,19.24,0.39,0.48,,,0.48,,30.4,74.74,0.73,260.58,0.0,0.0,1.0,715.27,-0.08
2024-08-04 05:00:00,16.87,31.1,7.19,7.89,6.38,6.73,,0.28,18.24,0.39,0.48,,,0.48,,30.44,71.64,0.75,262.01,0.0,0.0,1.95,717.18,-0.09
2024-08-04 06:00:00,16.71,30.78,7.19,7.78,6.79,6.35,,0.28,16.12,0.39,0.48,,,0.48,,30.38,71.41,0.76,258.65,0.0,0.0,25.25,718.8,-0.09
2024-08-04 07:00:00,16.64,30.64,7.24,7.98,6.19,6.18,,0.28,16.76,0.39,0.48,,,0.48,,30.54,71.25,0.74,262.74,0.0,0.0,80.43,720.67,-0.09
2024-08-04 08:00:00,16.58,30.53,7.05,8.05,6.54,6.66,,0.28,17.2,0.39,0.48,,,0.48,,31.67,67.01,0.72,268.27,0.0,0.0,272.46,722.59,-0.09
2024-08-04 09:00:00,16.53,30.43,6.89,8.05,5.99,6.22,,0.28,18.93,0.39,0.48,,,0.48,,32.65,62.82,0.73,264.77,0.0,0.0,503.07,723.62,-0.09
2024-08-04 10:00:00,17.69,32.75,6.88,8.12,6.4,7.54,,0.28,25.6,0.39,0.48,,,0.48,,33.56,58.07,0.75,277.39,0.0,0.0,645.48,723.51,-0.09
2024-08-04 11:00:00,19.46,36.28,7.0,7.99,6.89,6.49,,0.28,23.13,0.39,0.48,,,0.48,,34.28,54.68,0.72,285.61,0.0,0.0,433.33,722.04,-0.09
2024-08-04 12:00:00,18.32,34.0,6.88,8.0,7.02,6.56,,0.28,21.3,0.39,0.48,,,0.48,,34.94,52.24,0.71,282.01,0.0,0.0,643.79,719.1,-0.09
2024-08-04 13:00:00,17.73,32.82,7.03,8.02,6.74,6.02,,0.28,20.51,0.39,0.48,,,0.48,,35.33,50.78,0.65,294.12,0.0,0.0,355.28,715.13,-0.09
2024-08-04 14:00:00,17.2,31.76,6.97,8.02,6.82,6.58,,0.28,21.04,0.39,0.48,,,0.48,,35.57,49.15,0.68,285.96,0.0,0.0,155.78,712.62,-0.09
2024-08-04 15:00:00,16.9,31.14,6.94,7.83,6.87,6.52,,0.28,21.35,0.39,0.48,,,0.48,,35.45,49.06,0.65,302.87,0.0,0.0,126.92,711.17,-0.09
2024-08-04 16:00:00,16.94,31.23,6.92,7.86,6.36,6.47,,0.28,24.12,0.39,0.48,,,0.48,,34.89,51.38,0.76,277.52,0.0,0.0,64.36,710.09,-0.09
2024-08-04 17:00:00,17.13,31.62,6.95,8.02,6.29,7.2,,0.28,21.96,0.39,0.48,,,0.48,,34.18,55.21,0.74,273.91,0.0,0.0,39.98,709.22,-0.09
2024-08-04 18:00:00,17.27,31.9,7.06,7.96,6.9,6.56,,0.28,21.4,0.39,0.48,,,0.48,,33.35,60.56,0.74,269.6,0.0,0.0,6.05,711.0,-0.08
2024-08-04 19:00:00,17.69,32.75,7.16,8.06,6.69,6.42,,0.28,19.61,0.39,0.48,,,0.48,,32.79,64.37,0.76,269.36,0.0,0.0,0.9,714.77,-0.08
2024-08-04 20:00:00,17.23,31.81,6.88,8.09,6.44,6.09,,0.28,17.23,0.39,0.48,,,0.48,,32.52,65.96,0.64,288.79,0.0,0.0,0.98,718.12,-0.08
2024-08-04 21:00:00,16.97,31.3,6.98,8.04,6.8,7.14,,0.28,16.01,0.39,0.48,,,0.48,,32.34,65.82,0.68,196.42,0.0,0.0,1.0,721.01,-0.08
2024-08-04 22:00:00,16.93,31.23,7.04,8.05,6.46,6.17,,0.28,16.98,0.39,0.48,,,0.48,,31.66,70.62,0.7,36.98,0.0,0.0,1.17,721.96,-0.08
2024-08-04 23:00:00,17.06,31.48,6.9,7.96,6.25,6.43,,0.28,17.78,0.39,0.48,,,0.48,,31.73,72.96,0.52,162.4,0.0,0.0,1.11,722.4,-0.08
2024-08-05 00:00:00,18.03,33.42,6.9,8.02,6.95,7.17,,0.28,19.16,0.39,0.48,,,0.48,,31.5,76.17,0.62,269.15,0.0,0.0,0.96,721.18,-0.08
2024-08-05 01:00:00,19.27,35.91,6.98,7.9,6.55,7.04,,0.28,20.08,0.39,0.48,,,0.48,,31.43,72.89,0.7,266.86,0.0,0.0,1.24,719.2,-0.08
2024-08-05 02:00:00,18.06,33.49,7.07,7.84,6.56,6.55,,0.28,19.79,0.39,0.48,,,0.48,,30.98,75.63,0.61,278.47,0.0,0.0,1.16,718.18,-0.08
2024-08-05 03:00:00,17.37,32.1,7.01,7.98,6.22,5.99,,0.28,19.22,0.39,0.48,,,0.48,,31.06,72.06,0.76,263.33,0.0,0.0,1.19,717.53,-0.08
2024-08-05 04:00:00,16.95,31.28,6.68,7.96,6.23,6.24,,0.28,19.18,0.39,0.48,,,0.48,,30.75,71.76,0.76,260.68,0.0,0.0,1.23,717.3,-0.09
2024-08-05 05:00:00,16.7,30.78,6.99,8.12,6.32,6.13,,0.28,18.13,0.39,0.48,,,0.48,,30.32,74.87,0.76,258.15,0.0,0.0,1.84,719.27,-0.08
2024-08-05 06:00:00,16.96,31.3,6.81,8.08,6.56,6.36,,0.28,16.7,0.39,0.48,,,0.48,,30.26,77.6,0.75,264.12,0.0,0.0,32.06,721.71,-0.08
2024-08-05 07:00:00,17.44,32.24,6.76,7.95,6.39,7.03,,0.28,16.38,0.39,0.48,,,0.48,,30.74,72.88,0.73,267.53,0.0,0.0,56.65,724.46,-0.08
2024-08-05 08:00:00,17.02,31.39,7.05,8.26,6.41,6.93,,0.28,16.26,0.39,0.48,,,0.48,,30.96,72.58,0.74,265.47,0.0,0.0,100.52,726.81,-0.08
2024-08-05 09:00:00,16.75,30.87,6.91,7.95,6.58,6.48,,0.28,17.57,0.39,0.48,,,0.48,,31.57,71.36,0.65,277.14,0.0,0.0,255.98,727.01,-0.09
2024-08-05 10:00:00,16.76,30.88,6.59,7.88,6.33,6.22,,0.28,21.08,0.39,0.48,,,0.48,,32.94,62.74,0.72,274.76,0.0,0.0,515.96,726.74,-0.09
2024-08-05 11:00:00,16.95,31.28,6.9,8.04,6.71,6.78,,0.28,22.41,0.39,0.48,,,0.48,,33.68,58.96,0.69,274.64,0.0,0.0,406.51,725.01,-0.09
2024-08-05 12:00:00,17.85,33.06,7.1,8.0,6.4,7.04,,0.28,24.91,0.39,0.48,,,0.48,,34.21,56.65,0.67,276.22,0.0,0.0,677.56,721.58,-0.09
2024-08-05 13:00:00,19.02,35.38,7.27,7.96,6.29,6.31,,0.28,20.6,0.39,0.48,,,0.48,,34.72,54.94,0.55,302.98,0.0,0.0,365.14,718.98,-0.08
2024-08-05 14:00:00,17.95,33.27,7.06,7.98,6.68,7.39,,0.28,21.84,0.39,0.48,,,0.48,,34.97,53.5,0.45,94.06,0.0,0.0,163.52,715.91,-0.08
2024-08-05 15:00:00,17.68,32.72,6.81,7.98,6.56,6.66,,0.28,23.43,0.39,0.48,,,0.48,,35.23,50.38,0.5,241.08,0.0,0.0,137.14,713.26,-0.08
2024-08-05 16:00:00,17.88,33.13,7.12,8.07,6.5,6.69,,0.28,25.73,0.39,0.48,,,0.48,,34.99,52.48,0.55,183.15,0.0,0.0,86.46,711.94,-0.08
2024-08-05 17:00:00,17.93,33.23,7.14,8.0,6.38,5.81,,0.28,25.52,0.39,0.48,,,0.48,,34.4,55.46,0.58,17.85,0.0,0.0,48.92,711.64,-0.08
2024-08-05 18:00:00,18.84,35.05,6.89,7.99,6.42,6.07,,0.28,28.79,0.39,0.48,,,0.48,,33.76,59.61,0.61,36.66,0.0,0.0,7.23,713.5,-0.08
2024-08-05 19:00:00,19.36,36.06,7.02,8.03,6.61,6.82,,0.28,21.7,0.39,0.48,,,0.48,,33.27,64.44,0.45,101.07,0.0,0.0,0.94,714.8,-0.08
2024-08-05 20:00:00,18.05,33.46,6.77,7.99,6.4,6.82,,0.28,18.9,0.39,0.48,,,0.48,,31.73,74.59,0.54,192.75,0.0,0.0,3.22,718.63,-0.08
2024-08-05 21:00:00,17.32,32.01,7.68,8.06,6.7,7.18,,0.28,18.7,0.39,0.48,,,0.48,,31.12,77.8,0.42,188.1,0.0,0.0,1.44,721.01,-0.08
2024-08-05 22:00:00,17.01,31.39,7.18,8.11,6.95,6.12,,0.28,18.94,0.39,0.48,,,0.48,,31.28,70.14,0.46,207.0,0.0,0.0,1.1,722.97,-0.08
2024-08-05 23:00:00,16.93,31.22,7.06,8.03,6.39,6.27,,0.28,20.48,0.39,0.48,,,0.48,,30.91,75.36,0.5,225.79,0.0,0.0,1.25,722.86,-0.08
2024-08-06 00:00:00,17.34,32.04,7.2,7.92,6.68,6.7,,0.28,22.13,0.39,0.48,,,0.48,,30.6,81.08,0.55,221.49,0.0,0.0,1.22,720.74,-0.08
2024-08-06 01:00:00,18.08,33.51,6.8,7.98,6.62,6.86,,0.28,21.19,0.39,0.48,,,0.48,,30.41,81.46,0.54,234.96,0.0,0.0,1.0,717.32,-0.08
2024-08-06 02:00:00,17.47,32.3,7.21,7.81,6.55,7.03,,0.28,21.62,0.39,0.48,,,0.48,,30.28,78.75,0.5,247.32,0.0,0.0,1.19,716.28,-0.09
2024-08-06 03:00:00,17.08,31.52,7.02,7.99,6.01,6.54,,0.28,22.16,0.39,0.48,,,0.48,,30.1,81.01,0.72,255.87,0.0,0.0,1.23,715.85,-0.09
2024-08-06 04:00:00,16.82,31.0,7.02,7.88,6.2,6.48,,0.28,21.38,0.39,0.48,,,0.48,,29.48,80.46,0.72,274.5,0.0,0.0,1.98,716.44,-0.09
2024-08-06 05:00:00,16.64,30.64,7.01,7.96,6.24,6.19,,0.28,20.49,0.39,0.48,,,0.48,,28.84,83.64,0.67,294.98,0.0,0.0,1.31,716.84,-0.09
2024-08-06 06:00:00,16.8,30.97,6.84,7.94,6.99,6.26,,0.28,21.12,0.39,0.48,,,0.48,,28.0,93.83,0.64,308.42,0.0,0.0,4.23,718.86,-0.09
2024-08-06 07:00:00,17.14,31.64,7.06,7.84,6.33,6.32,,0.28,16.57,0.39,0.48,,,0.48,,27.89,94.8,0.58,324.12,0.43,0.43,10.7,721.43,-0.08
2024-08-06 08:00:00,16.86,31.08,6.82,8.0,6.48,6.32,,0.28,18.17,0.39,0.48,,,0.48,,28.0,95.16,0.62,290.26,1.34,1.34,34.13,721.6,-0.08
2024-08-06 09:00:00,16.66,30.69,7.11,7.86,6.25,6.53,,0.28,16.37,0.39,0.48,,,0.48,,28.7,90.86,0.65,283.96,1.34,1.34,105.63,722.53,-0.08
2024-08-06 10:00:00,16.73,30.82,7.18,8.07,6.57,6.86,,0.28,17.07,0.39,0.48,,,0.48,,29.28,88.64,0.5,286.48,0.28,0.28,94.99,721.77,-0.08
2024-08-06 11:00:00,17.14,31.65,7.16,8.03,6.56,6.2,,0.28,15.52,0.39,0.48,,,0.48,,29.44,87.18,0.65,270.06,0.0,0.0,91.56,721.04,-0.08
2024-08-06 12:00:00,17.53,32.43,7.16,8.02,6.99,6.58,,0.28,16.23,0.39,0.48,,,0.48,,29.43,89.15,0.66,294.31,0.0,0.0,92.99,718.97,-0.08
2024-08-06 13:00:00,17.71,32.78,6.76,7.98,6.0,7.28,,0.28,15.38,0.39,0.48,,,0.48,,29.6,85.96,0.56,245.2,0.0,0.0,81.78,716.26,-0.08
2024-08-06 14:00:00,17.38,32.12,7.02,7.9,6.29,6.71,,0.28,17.26,0.39,0.48,,,0.48,,29.43,88.72,0.52,283.27,0.0,0.0,64.09,716.0,-0.08
2024-08-06 15:00:00,17.2,31.76,6.81,8.01,6.43,6.88,,0.28,16.42,0.39,0.48,,,0.48,,29.26,92.2,0.62,284.62,0.0,0.0,50.22,715.2,-0.08
2024-08-06 16:00:00,17.2,31.75,7.02,7.9,6.52,6.25,,0.28,16.56,0.39,0.48,,,0.48,,29.26,93.46,0.62,274.98,0.0,0.0,60.64,712.9,-0.08
2024-08-06 17:00:00,17.08,31.51,7.09,7.99,7.0,6.07,,0.28,16.44,0.39,0.48,,,0.48,,29.48,92.28,0.52,211.21,0.0,0.0,31.96,711.93,-0.08
2024-08-06 18:00:00,17.21,31.77,6.97,7.9,6.53,7.3,,0.28,18.97,0.39,0.48,,,0.48,,29.34,92.44,0.45,86.52,0.0,0.0,5.3,712.17,-0.08
2024-08-06 19:00:00,17.57,32.5,7.12,8.06,6.57,7.05,,0.28,14.81,0.39,0.48,,,0.48,,29.34,93.18,0.55,65.85,0.0,0.0,1.28,715.5,-0.08
2024-08-06 20:00:00,17.69,32.73,6.99,7.95,6.72,6.79,,0.28,15.24,0.39,0.48,,,0.48,,29.45,92.67,0.52,256.57,0.0,0.0,1.69,718.14,-0.08
2024-08-06 21:00:00,17.66,32.69,6.97,7.98,6.75,6.34,,0.28,15.05,0.39,0.48,,,0.48,,29.44,93.6,0.52,122.2,0.0,0.0,1.48,720.94,-0.08
2024-08-06 22:00:00,17.69,32.74,7.19,8.1,6.65,6.01,,0.28,15.01,0.39,0.48,,,0.48,,29.37,94.55,0.74,18.47,0.0,0.0,1.36,721.7,-0.08
2024-08-06 23:00:00,17.67,32.72,6.94,7.84,6.34,6.84,,0.28,15.25,0.39,0.48,,,0.48,,29.13,95.67,0.71,49.03,0.0,0.0,1.3,721.67,-0.08
2024-08-07 00:00:00,17.47,32.3,6.94,7.98,6.74,6.59,,0.28,15.9,0.39,0.48,,,0.48,,28.63,97.19,0.62,60.0,0.0,0.0,1.12,719.47,-0.08
2024-08-07 01:00:00,17.43,32.22,7.08,7.99,6.83,6.62,,0.28,15.44,0.39,0.48,,,0.48,,28.76,97.96,0.58,124.81,0.0,0.0,1.23,715.8,-0.08
2024-08-07 02:00:00,17.48,32.33,6.94,7.91,6.62,6.91,,0.28,17.25,0.39,0.48,,,0.48,,27.46,99.5,0.7,252.16,0.0,0.0,2.08,715.25,-0.08
2024-08-07 03:00:00,17.11,31.59,6.93,8.01,6.44,6.52,,0.28,18.55,0.39,0.48,,,0.48,,26.99,,0.64,251.7,0.0,0.0,1.6,715.47,-0.08
2024-08-07 04:00:00,16.88,31.12,7.14,7.84,7.0,6.79,,0.28,18.72,0.39,0.48,,,0.48,,26.79,,0.72,258.19,0.0,0.0,1.6,715.76,-0.09
2024-08-07 05:00:00,16.72,30.8,6.78,8.06,6.7,6.66,,0.28,18.95,0.39,0.48,,,0.48,,27.02,,0.71,262.66,0.0,0.0,1.46,716.72,-0.09
2024-08-07 06:00:00,16.6,30.55,7.04,7.94,7.08,6.65,,0.28,18.59,0.39,0.48,,,0.48,,27.1,98.74,0.71,265.95,0.0,0.0,5.8,718.29,-0.09
2024-08-07 07:00:00,16.16,29.29,6.99,7.96,6.36,6.35,12.61,0.28,16.86,0.38,0.46,,,0.5,,27.31,97.85,0.66,280.59,0.0,0.0,22.98,721.18,-0.09
2024-08-07 08:00:00,15.05,25.84,7.24,7.98,6.93,6.54,12.13,0.28,18.87,0.37,0.42,,,0.58,,27.15,95.74,0.7,250.42,1.34,1.34,51.97,722.18,-0.09
2024-08-07 09:00:00,15.03,25.81,6.78,8.05,6.72,6.8,12.13,0.28,18.16,0.37,0.42,,,0.58,,27.27,97.44,0.73,267.81,1.78,1.78,57.03,722.7,-0.09
2024-08-07 10:00:00,15.14,26.02,7.26,8.19,6.64,6.97,12.13,0.28,20.34,0.37,0.42,,,0.58,,27.28,98.46,0.74,256.41,1.78,1.78,77.12,723.08,-0.09
2024-08-07 11:00:00,14.3,25.19,7.16,7.71,7.14,6.69,12.03,0.28,18.25,0.38,11.12,,,0.59,,27.89,95.15,0.68,273.11,1.78,1.78,133.6,722.1,0.01
2024-08-07 12:00:00,14.21,26.35,6.65,8.03,6.31,6.34,11.67,0.28,16.09,0.39,28.2,,,0.61,,28.62,91.63,0.56,314.6,1.78,1.78,160.67,720.24,0.17
2024-08-07 13:00:00,15.79,29.51,7.06,7.93,6.32,6.56,11.67,0.28,16.82,0.39,28.2,,,0.61,,29.22,89.06,0.64,340.53,1.11,1.11,179.64,716.25,0.17
2024-08-07 14:00:00,15.6,29.14,7.13,8.06,6.85,6.71,11.67,0.28,18.4,0.39,28.2,,,0.61,,29.48,86.83,0.64,300.71,0.0,0.0,127.9,714.46,0.17
2024-08-07 15:00:00,15.11,28.16,6.9,8.06,6.33,6.75,11.67,0.28,17.64,0.39,28.2,,,0.61,,29.06,89.96,0.74,266.1,0.0,0.0,61.62,712.9,0.16
2024-08-07 16:00:00,14.37,26.66,7.25,8.01,6.91,6.42,11.67,0.28,17.54,0.39,28.2,,,0.61,,28.82,92.04,0.74,269.43,0.0,0.0,31.22,713.05,0.17
2024-08-07 17:00:00,13.92,25.76,7.29,8.07,6.64,6.43,11.67,0.28,15.7,0.39,28.2,,,0.61,,28.76,92.63,0.71,266.62,0.0,0.0,9.2,714.54,0.17
2024-08-07 18:00:00,11.4,23.61,6.98,8.06,6.8,6.49,11.67,0.28,15.8,0.32,2.81,,,0.85,,28.73,93.92,0.7,261.08,0.0,0.0,3.86,716.34,0.27
2024-08-07 19:00:00,11.99,25.06,6.63,8.02,6.38,6.77,11.67,0.28,16.03,0.32,0.33,,,0.87,,28.69,94.9,0.7,251.66,0.0,0.0,0.94,718.37,0.28
2024-08-07 20:00:00,12.51,26.1,7.12,7.95,6.69,6.34,11.67,0.28,15.01,0.32,0.33,,,0.87,,28.8,92.14,0.74,253.17,0.0,0.0,1.23,719.75,0.28
2024-08-07 21:00:00,11.64,24.38,7.0,7.98,6.59,6.54,11.67,0.28,15.02,0.32,0.33,,,0.87,,28.85,92.54,0.65,212.74,0.0,0.0,1.27,721.6,0.28
2024-08-07 22:00:00,11.15,23.39,6.96,8.02,6.96,6.54,11.67,0.28,14.96,0.32,0.33,,,0.87,,28.84,94.9,0.57,81.46,0.0,0.0,0.98,721.94,0.28
2024-08-07 23:00:00,10.86,22.8,7.15,8.05,6.74,6.6,11.67,0.28,15.08,0.32,0.33,,,0.87,,28.71,97.02,0.57,55.02,0.0,0.0,0.9,719.83,0.28
2024-08-08 00:00:00,10.87,22.82,6.93,7.99,7.24,6.23,11.67,0.28,15.54,0.32,0.33,,,0.87,,29.06,89.96,0.65,201.04,0.0,0.0,1.02,717.49,0.28
2024-08-08 01:00:00,11.74,24.58,6.92,7.84,6.59,6.75,11.67,0.28,16.41,0.32,0.33,,,0.87,,29.05,88.82,0.76,258.4,0.0,0.0,1.25,714.81,0.28
2024-08-08 02:00:00,12.31,25.71,6.96,8.09,6.26,6.49,11.67,0.28,16.4,0.32,0.33,,,0.87,,28.8,91.09,0.48,197.13,0.0,0.0,1.27,714.93,0.28
2024-08-08 03:00:00,11.63,24.34,6.94,7.88,7.06,5.89,11.67,0.28,16.4,0.32,0.33,,,0.87,,28.51,93.56,0.67,274.08,0.0,0.0,1.79,715.42,0.28
2024-08-08 04:00:00,11.2,23.5,7.0,8.06,6.85,6.3,11.67,0.28,16.83,0.32,0.33,,,0.87,,27.89,99.61,0.7,278.18,0.0,0.0,1.58,716.92,0.28
2024-08-08 05:00:00,10.93,22.96,7.08,7.92,6.6,6.17,11.67,0.28,16.01,0.32,0.33,,,0.87,,27.56,,0.53,240.86,0.0,0.0,1.58,718.92,0.28
2024-08-08 06:00:00,10.75,22.59,6.89,8.03,6.57,6.72,11.67,0.28,16.01,0.32,0.33,,,0.87,,27.6,99.86,0.54,273.45,0.0,0.0,10.0,721.55,0.28
2024-08-08 07:00:00,11.11,23.31,7.36,8.0,6.87,6.46,11.67,0.28,15.6,0.32,0.33,,,0.87,,27.98,97.71,0.57,257.59,0.0,0.0,56.19,723.42,0.28
2024-08-08 08:00:00,11.5,24.08,6.74,8.12,6.44,6.5,11.67,0.28,15.62,0.32,0.33,,,0.87,,28.62,92.9,0.48,273.3,0.0,0.0,109.37,724.27,0.28
2024-08-08 09:00:00,11.11,23.32,6.86,7.99,6.9,6.11,11.67,0.28,16.93,0.32,0.33,,,0.87,,29.5,88.91,0.65,281.98,0.0,0.0,229.27,724.96,0.28
2024-08-08 10:00:00,10.86,22.83,6.94,8.01,6.54,6.46,11.67,0.28,18.4,0.32,0.33,,,0.87,,30.28,83.25,0.69,279.13,0.0,0.0,283.44,724.01,0.27
2024-08-08 11:00:00,10.7,22.5,7.03,8.0,7.05,7.0,11.67,0.28,17.52,0.32,0.33,,,0.87,,30.92,78.81,0.72,271.53,0.0,0.0,273.98,721.9,0.27
2024-08-08 12:00:00,10.68,22.46,7.09,8.08,6.76,6.92,11.67,0.28,17.5,0.32,0.33,,,0.87,,31.77,73.48,0.55,304.18,0.0,0.0,436.34,719.63,0.27
2024-08-08 13:00:00,11.62,24.34,7.27,8.02,6.5,6.58,11.67,0.28,21.07,0.32,0.33,,,0.87,,32.43,69.87,0.63,332.41,0.0,0.0,372.71,716.58,0.28
2024-08-08 14:00:00,12.35,25.79,6.96,7.94,6.72,6.14,11.67,0.28,21.6,0.32,0.33,,,0.87,,32.5,69.67,0.63,286.09,0.0,0.0,178.48,714.97,0.28
2024-08-08 15:00:00,19.85,36.41,7.02,8.14,6.2,7.34,10.15,0.28,26.24,0.37,0.32,,,0.58,,32.46,70.45,0.73,257.4,0.0,0.0,151.23,713.72,0.22
2024-08-08 16:00:00,19.79,36.06,6.88,7.81,6.28,6.43,10.13,0.28,24.4,0.37,0.32,,,0.57,,32.49,69.8,0.73,268.62,0.0,0.0,100.88,712.85,0.22
2024-08-08 17:00:00,19.5,35.48,6.97,8.12,6.42,6.23,10.13,0.28,23.04,0.37,0.32,,,0.57,,32.16,72.36,0.36,324.12,0.0,0.0,44.25,713.93,0.22
2024-08-08 18:00:00,19.42,35.32,6.82,7.95,6.55,6.96,10.13,0.28,20.94,0.37,0.32,,,0.57,,31.57,75.89,0.73,260.3,0.0,0.0,5.69,715.23,0.22
2024-08-08 19:00:00,20.17,36.83,7.19,8.01,6.41,6.2,10.13,0.28,18.1,0.37,0.32,,,0.57,,31.19,78.33,0.76,258.25,0.0,0.0,1.2,718.16,0.22
2024-08-08 20:00:00,20.74,37.98,6.87,7.97,6.78,6.39,10.13,0.28,16.84,0.37,0.32,,,0.57,,30.86,81.32,0.58,216.29,0.0,0.0,1.18,720.93,0.22
2024-08-08 21:00:00,20.13,36.75,6.97,8.1,6.44,6.37,10.13,0.28,15.31,0.37,0.32,,,0.57,,30.66,82.98,0.76,267.98,0.0,0.0,1.25,724.36,0.22
2024-08-08 22:00:00,19.9,36.28,7.06,8.25,6.64,6.43,10.13,0.28,16.84,0.37,0.32,,,0.57,,30.59,79.86,0.76,259.99,0.0,0.0,1.24,724.88,0.22
2024-08-08 23:00:00,20.02,36.5,7.33,7.9,6.92,6.64,10.13,0.28,17.7,0.37,0.32,,,0.57,,30.23,84.97,0.73,250.17,0.0,0.0,1.42,723.36,0.22
2024-08-09 00:00:00,20.03,36.54,7.14,8.04,6.53,6.22,10.13,0.28,16.93,0.37,0.32,,,0.57,,30.02,84.75,0.76,255.69,0.0,0.0,1.26,722.13,0.22
2024-08-09 01:00:00,20.42,37.32,7.16,7.79,6.68,6.68,10.13,0.28,17.27,0.37,0.32,,,0.57,,29.58,88.38,0.56,89.55,0.0,0.0,1.14,719.67,0.22
2024-08-09 02:00:00,20.73,37.95,7.12,7.88,6.88,6.54,10.13,0.28,15.7,0.37,0.32,,,0.57,,29.43,89.16,0.65,144.1,0.0,0.0,0.95,718.8,0.22
2024-08-09 03:00:00,20.12,36.72,7.02,7.84,7.04,6.36,10.13,0.28,17.25,0.37,0.32,,,0.57,,29.25,90.2,0.4,105.75,0.0,0.0,1.14,718.78,0.22
2024-08-09 04:00:00,19.73,35.92,7.1,8.09,6.32,6.4,10.13,0.28,16.31,0.37,0.32,,,0.57,,29.1,93.64,0.46,68.23,0.0,0.0,1.11,719.66,0.22
2024-08-09 05:00:00,19.45,35.39,6.62,7.84,6.47,7.18,10.13,0.28,15.77,0.37,0.32,,,0.57,,29.06,93.39,0.47,273.34,0.0,0.0,1.5,721.49,0.22
2024-08-09 06:00:00,19.36,35.21,7.19,7.87,6.68,6.72,10.13,0.28,15.43,0.37,0.32,,,0.57,,29.28,91.96,0.52,226.64,0.0,0.0,21.85,723.78,0.22
2024-08-09 07:00:00,19.72,35.91,7.12,8.18,6.75,6.42,10.13,0.28,17.92,0.37,0.32,,,0.57,,29.99,87.26,0.65,273.52,0.0,0.0,102.08,726.38,0.22
2024-08-09 08:00:00,20.27,37.02,6.98,8.09,6.22,6.74,10.13,0.28,18.3,0.37,0.32,,,0.57,,31.06,80.94,0.68,276.53,0.0,0.0,289.36,727.15,0.22
2024-08-09 09:00:00,20.26,37.0,6.97,8.15,6.53,6.62,10.13,0.28,16.77,0.37,0.32,,,0.57,,31.91,73.64,0.7,278.88,0.0,0.0,433.8,727.0,0.21
2024-08-09 10:00:00,20.1,36.68,6.8,8.03,6.69,7.4,10.13,0.28,16.93,0.37,0.32,,,0.57,,32.31,72.49,0.71,270.69,0.0,0.0,476.33,726.38,0.21
2024-08-09 11:00:00,20.43,37.35,7.06,8.0,6.89,6.17,10.13,0.28,18.37,0.37,0.32,,,0.57,,32.74,71.1,0.72,267.1,0.0,0.0,321.73,724.19,0.21
2024-08-09 12:00:00,20.66,37.8,7.11,7.91,11.6,6.42,10.13,0.28,20.83,0.37,0.32,,,0.57,,33.4,67.89,0.53,295.44,0.0,0.0,393.28,721.29,0.22
2024-08-09 13:00:00,20.64,37.75,7.13,7.88,12.91,6.31,10.13,0.28,26.14,0.37,0.32,,,0.57,,33.47,66.99,0.64,345.46,0.0,0.0,321.88,718.66,0.22
2024-08-09 14:00:00,20.46,37.4,6.84,7.89,13.29,6.23,10.13,0.28,22.12,0.37,0.32,,,0.57,,33.71,64.4,0.57,254.11,0.0,0.0,165.6,715.94,0.22
2024-08-09 15:00:00,20.08,36.63,7.23,8.09,14.02,6.83,10.13,0.28,24.1,0.37,0.32,,,0.57,,33.79,63.3,0.57,318.4,0.0,0.0,141.71,715.0,0.22
2024-08-09 16:00:00,19.9,36.28,6.94,8.17,13.7,6.94,10.13,0.28,23.56,0.37,0.32,,,0.57,,33.32,62.41,0.71,355.73,0.0,0.0,91.86,714.86,0.22
2024-08-09 17:00:00,19.84,36.15,7.14,7.93,13.59,6.83,10.13,0.28,22.89,0.37,0.32,,,0.57,,33.02,64.82,0.68,262.82,0.0,0.0,46.27,715.17,0.22
2024-08-09 18:00:00,18.29,33.78,6.68,7.92,13.51,7.17,10.26,0.28,21.17,0.37,0.32,,,0.57,,32.5,66.77,0.54,22.82,0.0,0.0,8.78,717.06,0.22
2024-08-09 19:00:00,14.69,28.73,6.9,8.06,13.66,6.49,10.64,0.28,21.83,0.37,0.32,,,0.57,,31.91,73.7,0.66,78.79,0.0,0.0,1.1,720.32,0.22
2024-08-09 20:00:00,15.3,29.96,6.93,7.95,13.37,6.2,10.64,0.28,17.53,0.37,0.32,,,0.57,,31.76,78.85,0.71,65.1,0.0,0.0,0.95,722.76,0.22
2024-08-09 21:00:00,14.91,29.17,7.07,8.12,13.73,6.66,10.64,0.28,17.69,0.37,0.32,,,0.57,,31.48,83.31,0.72,66.47,0.0,0.0,1.16,724.66,0.22
2024-08-09 22:00:00,14.48,28.3,6.96,7.98,13.56,6.82,10.64,0.28,17.02,0.37,0.32,,,0.57,,30.94,86.41,0.7,40.44,0.0,0.0,1.14,724.82,0.22
2024-08-09 23:00:00,14.48,28.31,7.29,8.07,13.42,6.14,10.64,0.28,16.31,0.37,0.32,,,0.57,,30.86,86.13,0.61,124.35,0.0,0.0,0.96,723.66,0.22
2024-08-10 00:00:00,14.64,28.63,6.71,8.14,13.57,6.09,10.64,0.28,18.59,0.37,0.32,,,0.57,,30.94,79.43,0.65,225.94,0.0,0.0,1.11,722.31,0.22
2024-08-10 01:00:00,14.62,28.59,6.83,8.16,13.01,7.04,10.64,0.28,18.66,0.37,0.32,,,0.57,,30.36,88.59,0.54,101.28,0.0,0.0,1.06,721.25,0.22
2024-08-10 02:00:00,14.59,28.52,6.67,7.96,13.38,7.12,10.64,0.28,18.13,0.37,0.32,,,0.57,,30.38,85.02,0.55,128.72,0.0,0.0,0.88,720.37,0.22
2024-08-10 03:00:00,14.32,27.97,7.12,8.14,14.03,6.45,10.64,0.28,17.7,0.37,0.32,,,0.57,,30.15,86.12,0.5,142.95,0.0,0.0,0.96,720.47,0.22
2024-08-10 04:00:00,14.2,27.74,7.07,7.82,13.32,6.84,10.64,0.28,18.55,0.37,0.32,,,0.57,,30.17,80.49,0.74,261.0,0.0,0.0,1.2,721.94,0.22
2024-08-10 05:00:00,14.34,28.02,7.18,7.99,13.21,6.9,10.64,0.28,18.67,0.37,0.32,,,0.57,,29.91,83.1,0.69,293.66,0.0,0.0,1.53,724.43,0.22
2024-08-10 06:00:00,14.48,28.31,6.88,8.1,13.31,6.74,10.64,0.28,18.25,0.37,0.32,,,0.57,,29.54,86.18,0.37,237.76,0.0,0.0,13.37,726.25,0.22
2024-08-10 07:00:00,14.4,28.14,7.26,7.98,13.7,6.43,10.64,0.28,20.15,0.37,0.32,,,0.57,,30.08,84.54,0.71,259.88,0.0,0.0,38.61,729.1,0.22
2024-08-10 08:00:00,14.85,29.04,7.13,7.97,13.5,6.65,10.64,0.28,20.34,0.37,0.32,,,0.57,,29.66,87.68,0.74,263.45,0.0,0.0,65.26,729.76,0.21
2024-08-10 09:00:00,22.34,36.58,7.09,8.23,13.32,7.03,9.06,0.28,17.46,0.38,0.34,,,0.53,,30.4,79.95,0.71,274.67,0.0,0.0,197.6,729.18,0.18
2024-08-10 10:00:00,28.72,41.91,6.6,8.05,13.24,6.96,7.48,0.28,19.24,0.39,0.35,,,0.49,,30.6,78.67,0.72,270.4,0.0,0.0,222.56,728.33,0.15
2024-08-10 11:00:00,28.59,41.65,6.9,7.9,13.3,6.62,7.48,0.28,20.98,0.39,0.35,,,0.49,,31.56,74.42,0.66,273.19,0.0,0.0,277.32,724.46,0.15
2024-08-10 12:00:00,28.67,41.81,6.85,8.05,13.93,6.56,7.48,0.28,20.49,0.39,0.35,,,0.49,,32.62,65.67,0.59,298.72,0.0,0.0,335.19,720.73,0.15
2024-08-10 13:00:00,26.94,40.96,7.27,7.96,13.35,6.76,7.72,0.28,23.9,0.4,0.38,,,0.5,,32.8,66.46,0.66,345.65,0.0,0.0,394.29,718.46,0.16
2024-08-10 14:00:00,25.2,41.54,7.4,8.04,13.42,6.67,8.11,0.28,29.61,0.41,0.44,,,0.51,,33.22,68.03,0.59,326.82,0.0,0.0,199.56,715.72,0.15
2024-08-10 15:00:00,25.73,42.6,7.17,7.88,13.46,7.16,8.11,0.28,28.6,0.41,0.44,,,0.51,,33.14,69.28,0.62,286.45,0.0,0.0,152.57,714.68,0.14
2024-08-10 16:00:00,24.84,40.82,6.75,7.85,13.5,6.26,8.11,0.28,24.72,0.41,0.44,,,0.51,,32.98,69.91,0.46,318.72,0.0,0.0,84.54,712.46,0.15
2024-08-10 17:00:00,24.54,40.21,6.96,7.92,13.67,6.56,8.11,0.28,26.07,0.41,0.44,,,0.51,,32.77,70.77,0.48,229.03,0.0,0.0,42.71,712.1,0.15
2024-08-10 18:00:00,24.66,40.47,6.96,7.96,13.5,6.82,8.11,0.28,21.93,0.41,0.44,,,0.51,,32.27,73.47,0.38,69.91,0.0,0.0,7.07,713.18,0.15
2024-08-10 19:00:00,24.58,40.3,7.12,8.08,13.39,6.72,8.11,0.28,19.94,0.41,0.44,,,0.51,,31.92,78.04,0.52,85.63,0.0,0.0,1.14,715.25,0.15
2024-08-10 20:00:00,25.35,41.85,7.22,7.81,13.58,6.72,8.11,0.28,18.47,0.41,0.44,,,0.51,,31.6,85.32,0.65,46.3,0.0,0.0,0.95,717.66,0.15
2024-08-10 21:00:00,26.06,43.26,7.36,8.07,13.35,6.21,8.11,0.28,19.15,0.41,0.44,,,0.51,,31.43,80.21,0.66,218.9,0.0,0.0,1.38,720.96,0.15
2024-08-10 22:00:00,24.96,41.08,7.0,7.72,13.38,6.54,8.11,0.28,19.78,0.41,0.44,,,0.51,,29.33,91.17,0.57,242.11,0.0,0.0,2.4,722.92,0.15
2024-08-10 23:00:00,24.36,39.86,7.14,8.1,13.41,6.8,8.11,0.28,19.14,0.41,0.44,,,0.51,,29.0,96.95,0.32,112.92,0.0,0.0,1.42,722.36,0.15
2024-08-11 00:00:00,24.01,39.15,6.73,8.08,14.08,6.94,8.11,0.28,18.97,0.41,0.44,,,0.51,,29.15,95.72,0.55,232.59,0.0,0.0,1.52,719.98,0.15
2024-08-11 01:00:00,23.8,38.74,6.7,8.06,14.26,6.81,8.11,0.28,19.52,0.41,0.44,,,0.51,,29.32,94.87,0.55,199.13,0.0,0.0,1.8,718.36,0.15
2024-08-11 02:00:00,24.82,40.77,7.02,7.85,13.08,7.22,8.11,0.28,19.73,0.41,0.44,,,0.51,,29.36,95.2,0.59,213.92,0.0,0.0,1.58,718.26,0.15
2024-08-11 03:00:00,25.76,42.67,6.95,7.86,13.31,6.45,8.11,0.28,19.98,0.41,0.44,,,0.51,,29.31,93.42,0.5,159.88,0.0,0.0,2.21,717.67,0.15
2024-08-11 04:00:00,24.84,40.82,7.15,7.87,13.47,6.62,8.11,0.28,19.07,0.41,0.44,,,0.51,,29.04,92.83,0.23,126.82,0.0,0.0,1.79,716.87,0.15
2024-08-11 05:00:00,24.31,39.76,7.3,7.93,12.94,6.96,8.11,0.28,17.84,0.41,0.44,,,0.51,,28.81,93.3,0.61,218.58,0.0,0.0,1.96,717.73,0.15
2024-08-11 06:00:00,24.0,39.13,6.97,7.98,13.42,6.25,8.11,0.28,17.52,0.41,0.44,,,0.51,,29.1,91.58,0.72,270.9,0.0,0.0,24.12,720.48,0.15
2024-08-11 07:00:00,23.8,38.75,7.08,8.09,12.83,7.34,8.11,0.28,19.12,0.41,0.44,,,0.51,,29.69,88.35,0.71,273.98,0.0,0.0,128.99,722.02,0.15
2024-08-11 08:00:00,24.31,39.77,6.96,7.93,13.18,6.82,8.11,0.28,20.15,0.41,0.44,,,0.51,,31.04,80.77,0.72,263.72,0.0,0.0,303.26,722.08,0.14
2024-08-11 09:00:00,24.84,40.81,7.0,8.02,12.9,6.79,8.11,0.28,21.06,0.41,0.44,,,0.51,,31.77,78.14,0.62,283.49,0.0,0.0,399.26,721.6,0.15
2024-08-11 10:00:00,24.35,39.84,6.83,8.15,13.58,7.21,8.11,0.28,21.62,0.41,0.44,,,0.51,,32.43,74.04,0.63,283.24,0.0,0.0,513.26,719.46,0.14
2024-08-11 11:00:00,24.05,39.24,7.07,7.99,13.26,5.8,8.11,0.28,25.94,0.41,0.44,,,0.51,,33.26,69.79,0.59,285.7,0.0,0.0,435.38,717.61,0.14
2024-08-11 12:00:00,24.92,40.97,6.84,7.98,13.66,6.31,8.11,0.28,27.89,0.41,0.44,,,0.51,,33.35,69.69,0.61,305.9,0.0,0.0,445.56,715.02,0.15
2024-08-11 13:00:00,25.9,42.93,7.19,7.96,12.94,6.07,8.11,0.28,25.42,0.41,0.44,,,0.51,,33.74,66.46,0.61,344.98,0.0,0.0,364.85,712.24,0.15
2024-08-11 14:00:00,25.83,42.8,7.02,7.89,13.15,6.81,8.11,0.28,25.19,0.41,0.44,,,0.51,,33.47,67.06,0.66,263.91,0.0,0.0,182.97,710.21,0.15
2024-08-11 15:00:00,25.83,42.8,7.06,8.17,13.09,6.67,8.11,0.28,21.22,0.41,0.44,,,0.51,,33.08,69.47,0.65,270.77,0.0,0.0,123.13,708.37,0.15
2024-08-11 16:00:00,24.96,41.05,6.84,7.94,13.06,6.74,8.11,0.28,21.07,0.41,0.44,,,0.51,,32.82,69.73,0.65,180.24,0.0,0.0,63.06,707.6,0.15
2024-08-11 17:00:00,24.43,39.99,7.07,8.03,13.11,6.55,8.11,0.28,20.69,0.41,0.44,,,0.51,,32.56,70.62,0.64,93.57,0.0,0.0,33.86,707.16,0.15
2024-08-11 18:00:00,24.1,39.35,6.45,7.9,12.95,6.95,8.11,0.28,20.38,0.41,0.44,,,0.51,,32.17,73.48,0.56,98.71,0.0,0.0,6.29,708.24,0.15
2024-08-11 19:00:00,23.89,38.93,7.29,7.94,13.25,6.5,8.11,0.28,20.38,0.41,0.44,,,0.51,,31.8,78.21,0.65,64.32,0.0,0.0,1.18,710.19,0.15
2024-08-11 20:00:00,28.56,48.26,7.07,8.14,13.41,6.82,8.11,0.28,20.42,0.41,0.44,,,0.51,,31.38,80.67,0.59,63.7,0.0,0.0,1.11,711.78,0.15
2024-08-11 21:00:00,29.86,50.86,6.87,7.98,13.65,6.71,8.11,0.28,16.9,0.41,0.44,,,0.51,,31.15,84.24,0.71,44.36,0.0,0.0,0.97,713.56,0.15
2024-08-11 22:00:00,23.42,37.98,6.94,7.99,13.65,6.91,8.11,0.28,16.61,0.41,0.44,,,0.51,,30.89,88.11,0.59,113.22,0.0,0.0,1.14,715.78,0.15
2024-08-11 23:00:00,23.42,37.98,7.16,8.08,13.49,7.24,8.11,0.28,16.26,0.41,0.44,,,0.51,,30.88,88.73,0.62,34.62,0.0,0.0,1.28,716.9,0.15
2024-08-12 00:00:00,23.42,37.98,7.05,8.0,13.47,6.84,8.11,0.28,16.57,0.41,0.44,,,0.51,,30.57,90.4,0.7,54.0,0.0,0.0,1.18,715.69,0.15
2024-08-12 01:00:00,23.42,37.98,7.46,7.88,13.11,6.04,8.11,0.28,16.2,0.41,0.44,,,0.51,,30.46,90.88,0.68,35.03,0.0,0.0,1.14,714.97,0.15
2024-08-12 02:00:00,23.47,38.08,6.78,8.08,13.19,6.57,8.11,0.28,16.35,0.41,0.44,,,0.51,,30.14,92.54,0.74,17.91,0.0,0.0,1.12,712.93,0.15
2024-08-12 03:00:00,23.49,38.13,6.66,8.16,13.35,6.68,8.11,0.28,15.17,0.41,0.44,,,0.51,,30.05,92.83,0.57,41.24,0.0,0.0,0.88,713.96,0.15
2024-08-12 04:00:00,23.43,38.0,6.77,7.98,13.29,6.88,8.11,0.28,17.16,0.41,0.44,,,0.51,,30.28,89.15,0.31,256.29,0.0,0.0,1.14,715.01,0.15
2024-08-12 05:00:00,23.42,37.98,6.93,7.82,13.65,6.24,8.11,0.28,18.19,0.41,0.44,,,0.51,,30.11,83.16,0.7,267.17,0.0,0.0,1.86,716.21,0.15
2024-08-12 06:00:00,23.51,38.16,7.09,8.02,13.52,6.61,8.11,0.28,17.46,0.41,0.44,,,0.51,,30.04,82.92,0.74,258.55,0.0,0.0,26.52,718.02,0.15
2024-08-12 07:00:00,23.71,38.55,7.32,7.85,13.49,7.12,8.11,0.28,17.37,0.41,0.44,,,0.51,,30.56,80.68,0.65,244.37,0.0,0.0,80.4,720.06,0.15
2024-08-12 08:00:00,24.76,40.65,6.96,8.02,13.8,6.28,8.11,0.28,22.12,0.41,0.44,,,0.51,,31.64,77.51,0.72,259.34,0.0,0.0,267.75,721.4,0.14
2024-08-12 09:00:00,25.62,42.38,6.94,8.11,13.72,6.53,8.11,0.28,21.47,0.41,0.44,,,0.51,,32.67,73.66,0.69,257.44,0.0,0.0,433.35,720.54,0.15
2024-08-12 10:00:00,24.72,40.58,7.06,7.92,13.04,6.39,8.11,0.28,23.76,0.41,0.44,,,0.51,,33.55,68.51,0.68,267.14,0.0,0.0,526.98,719.02,0.14
2024-08-12 11:00:00,24.02,39.18,7.0,7.82,13.04,7.07,8.11,0.28,25.75,0.41,0.44,,,0.51,,34.27,64.06,0.63,274.52,0.0,0.0,453.32,715.93,0.14
2024-08-12 12:00:00,24.16,39.47,7.18,7.98,13.82,6.29,8.11,0.28,26.4,0.41,0.44,,,0.51,,34.81,60.66,0.54,279.61,0.0,0.0,615.7,713.16,0.14
2024-08-12 13:00:00,24.57,40.28,6.82,7.96,13.5,6.91,8.11,0.28,23.68,0.41,0.44,,,0.51,,34.8,60.01,0.48,222.48,0.0,0.0,290.73,709.74,0.14
2024-08-12 14:00:00,24.9,40.94,7.04,8.02,13.46,6.85,8.11,0.28,25.19,0.41,0.44,,,0.51,,34.8,58.42,0.46,337.85,0.0,0.0,138.92,707.79,0.15
2024-08-12 15:00:00,25.03,41.21,6.7,8.13,13.12,6.49,8.11,0.28,23.74,0.41,0.44,,,0.51,,34.89,58.5,0.6,267.24,0.0,0.0,118.85,705.94,0.15
2024-08-12 16:00:00,24.22,39.57,6.44,8.12,13.55,6.48,8.11,0.28,28.39,0.41,0.44,,,0.51,,34.77,59.46,0.64,94.11,0.0,0.0,75.45,705.63,0.15
2024-08-12 17:00:00,24.49,40.12,6.92,8.25,13.21,6.74,8.11,0.28,28.0,0.41,0.44,,,0.51,,34.3,61.71,0.67,98.51,0.0,0.0,37.46,707.0,0.15
2024-08-12 18:00:00,24.86,40.86,7.06,7.92,13.75,7.03,8.11,0.28,24.22,0.41,0.44,,,0.51,,33.52,67.47,0.6,32.85,0.0,0.0,5.9,707.87,0.15
2024-08-12 19:00:00,24.22,39.57,7.38,7.92,13.09,6.79,8.11,0.28,23.22,0.41,0.44,,,0.51,,32.73,73.26,0.42,115.43,0.0,0.0,1.2,709.89,0.15
2024-08-12 20:00:00,24.59,40.3,6.9,8.0,13.45,6.13,8.11,0.28,25.1,0.41,0.44,,,0.51,,32.34,73.5,0.52,53.71,0.0,0.0,1.06,714.38,0.15
2024-08-12 21:00:00,25.1,41.34,7.07,8.06,13.08,6.58,8.11,0.28,19.07,0.41,0.44,,,0.51,,32.43,75.34,0.45,101.92,0.0,0.0,0.87,717.36,0.15
2024-08-12 22:00:00,25.09,41.32,7.13,8.07,13.27,6.8,8.11,0.28,19.77,0.41,0.44,,,0.51,,32.07,78.82,0.6,118.21,0.0,0.0,1.18,719.57,0.15
2024-08-12 23:00:00,24.8,40.74,6.99,8.0,13.33,7.05,8.11,0.28,20.78,0.41,0.44,,,0.51,,31.83,79.13,0.66,231.88,0.0,0.0,1.27,719.66,0.15
2024-08-13 00:00:00,24.65,40.44,7.31,7.89,13.16,6.38,8.11,0.28,21.3,0.41,0.44,,,0.51,,31.16,80.5,0.74,263.39,0.0,0.0,1.65,717.29,0.15
2024-08-13 01:00:00,24.79,40.72,7.1,7.98,13.78,6.73,8.11,0.28,22.28,0.41,0.44,,,0.51,,30.77,78.2,0.65,272.49,0.0,0.0,1.25,717.62,0.15
2024-08-13 02:00:00,24.38,39.89,6.89,8.07,13.6,6.78,8.11,0.28,22.03,0.41,0.44,,,0.51,,30.65,80.88,0.53,107.71,0.0,0.0,1.23,715.95,0.15
2024-08-13 03:00:00,24.52,40.18,6.88,8.12,13.08,6.84,8.11,0.28,19.53,0.41,0.44,,,0.51,,30.5,82.38,0.43,185.92,0.0,0.0,0.91,715.48,0.15
2024-08-13 04:00:00,24.73,40.6,7.15,7.93,13.46,6.38,8.11,0.28,19.5,0.41,0.44,,,0.51,,30.42,82.78,0.45,258.02,0.0,0.0,1.2,717.02,0.15
2024-08-13 05:00:00,24.36,39.87,6.78,7.98,13.43,6.49,8.11,0.28,18.76,0.41,0.44,,,0.51,,30.15,83.53,0.7,273.63,0.0,0.0,1.66,718.92,0.15
2024-08-13 06:00:00,24.3,39.74,6.6,8.15,13.67,6.33,8.11,0.28,18.22,0.41,0.44,,,0.51,,30.02,83.97,0.73,266.44,0.0,0.0,24.32,720.29,0.15
2024-08-13 07:00:00,24.19,39.52,7.11,8.01,13.88,6.51,8.11,0.28,17.38,0.41,0.44,,,0.51,,30.76,80.72,0.59,280.5,0.0,0.0,127.39,721.83,0.15
2024-08-13 08:00:00,24.18,39.51,7.0,7.87,13.35,7.16,8.11,0.28,19.0,0.41,0.44,,,0.51,,31.82,74.03,0.61,271.49,0.0,0.0,291.04,723.56,0.15
2024-08-13 09:00:00,24.54,40.23,7.05,7.91,12.98,6.36,8.11,0.28,23.32,0.41,0.44,,,0.51,,32.66,69.67,0.7,265.73,0.0,0.0,514.22,724.37,0.14
2024-08-13 10:00:00,24.7,40.54,7.05,7.91,13.35,6.64,8.11,0.28,26.76,0.41,0.44,,,0.51,,33.59,66.26,0.58,268.33,0.0,0.0,635.36,722.7,0.15
2024-08-13 11:00:00,24.33,39.8,7.02,8.05,13.42,6.57,8.11,0.28,28.23,0.41,0.44,,,0.51,,34.3,63.28,0.49,247.69,0.0,0.0,396.1,720.22,0.15
2024-08-13 12:00:00,24.15,39.44,7.03,8.12,13.11,6.6,8.11,0.28,28.35,0.41,0.44,,,0.51,,34.2,62.24,0.28,160.99,0.0,0.0,292.75,717.62,0.15
2024-08-13 13:00:00,24.22,39.57,7.12,7.97,13.14,6.2,8.11,0.28,27.32,0.41,0.44,,,0.51,,34.82,60.03,0.44,134.36,0.0,0.0,277.24,714.67,0.15
2024-08-13 14:00:00,24.38,39.89,7.22,7.86,13.77,6.12,8.11,0.28,26.91,0.41,0.44,,,0.51,,34.86,57.59,0.46,136.54,0.0,0.0,157.92,711.56,0.15
2024-08-13 15:00:00,24.89,40.92,7.24,7.99,13.54,6.95,8.11,0.28,25.66,0.41,0.44,,,0.51,,35.0,57.6,0.56,122.25,0.0,0.0,141.14,709.52,0.15
2024-08-13 16:00:00,25.18,41.52,7.2,7.94,13.82,6.1,8.11,0.28,23.9,0.41,0.44,,,0.51,,33.53,67.71,0.57,215.42,0.0,0.0,86.15,709.15,0.15
2024-08-13 17:00:00,24.74,40.62,6.99,7.91,13.3,7.21,8.11,0.28,24.02,0.41,0.44,,,0.51,,33.34,65.24,0.55,209.98,0.0,0.0,32.09,710.43,0.15
2024-08-13 18:00:00,24.82,40.78,6.62,8.0,13.48,6.53,8.11,0.28,25.93,0.41,0.44,,,0.51,,32.89,64.41,0.58,180.42,0.0,0.0,6.12,712.73,0.15
2024-08-13 19:00:00,25.1,41.34,7.05,8.0,13.27,6.56,8.11,0.28,23.67,0.41,0.44,,,0.51,,32.31,68.11,0.52,202.5,0.0,0.0,1.25,715.64,0.15
2024-08-13 20:00:00,24.99,41.12,7.14,8.08,13.44,6.53,8.11,0.28,21.73,0.41,0.44,,,0.51,,31.86,72.87,0.55,215.72,0.0,0.0,1.2,719.57,0.15
2024-08-13 21:00:00,26.1,43.35,7.05,8.0,13.56,6.66,8.11,0.28,21.5,0.41,0.44,,,0.51,,31.62,76.73,0.59,168.34,0.0,0.0,0.9,721.21,0.15
2024-08-13 22:00:00,27.15,45.43,6.99,7.92,13.25,6.48,8.11,0.28,22.7,0.41,0.44,,,0.51,,31.4,78.63,0.5,192.2,0.0,0.0,1.04,721.38,0.15
2024-08-13 23:00:00,25.6,42.33,6.95,8.21,13.74,6.78,8.11,0.28,22.62,0.41,0.44,,,0.51,,31.14,81.21,0.5,189.53,0.0,0.0,1.18,721.84,0.15
2024-08-14 00:00:00,24.63,40.4,7.24,8.17,13.09,6.74,8.11,0.28,22.09,0.41,0.44,,,0.51,,30.99,81.93,0.5,214.05,0.0,0.0,1.09,720.16,0.15
2024-08-14 01:00:00,24.12,39.38,6.83,8.14,13.5,7.12,8.11,0.28,21.33,0.41,0.44,,,0.51,,30.7,85.1,0.55,257.48,0.0,0.0,1.13,720.0,0.15
2024-08-14 02:00:00,23.84,38.81,6.78,8.09,13.55,6.64,8.11,0.28,20.54,0.41,0.44,,,0.51,,30.68,86.62,0.4,201.81,0.0,0.0,1.03,718.47,0.15
2024-08-14 03:00:00,28.99,49.11,6.96,7.9,13.77,6.36,8.11,0.28,19.76,0.41,0.44,,,0.51,,30.71,87.68,0.45,202.36,0.0,0.0,0.94,717.1,0.15
2024-08-14 04:00:00,30.48,52.08,7.18,8.12,13.46,5.78,8.11,0.28,18.98,0.41,0.44,,,0.51,,30.63,89.04,0.49,243.39,0.0,0.0,1.24,717.16,0.15
2024-08-14 05:00:00,23.42,37.98,6.88,8.13,13.84,6.7,8.11,0.28,18.26,0.41,0.44,,,0.51,,30.54,88.92,0.51,227.48,0.0,0.0,1.45,718.1,0.15
2024-08-14 06:00:00,23.42,37.98,6.97,7.95,13.76,5.95,8.11,0.28,17.61,0.41,0.44,,,0.51,,30.63,88.61,0.42,241.08,0.0,0.0,19.42,720.43,0.15
2024-08-14 07:00:00,23.42,37.98,7.15,8.04,13.3,6.52,8.11,0.28,16.54,0.41,0.44,,,0.51,,31.11,85.47,0.53,234.47,0.0,0.0,88.76,722.66,0.15
2024-08-14 08:00:00,23.42,37.98,7.33,7.99,13.18,6.59,8.11,0.28,16.84,0.41,0.44,,,0.51,,31.76,81.08,0.49,206.52,0.0,0.0,148.66,723.65,0.15
2024-08-14 09:00:00,30.68,52.51,6.82,8.02,13.61,6.46,8.11,0.28,21.73,0.41,0.44,,,0.51,,32.32,77.12,0.6,228.14,0.0,0.0,218.43,725.33,0.15
2024-08-14 10:00:00,32.92,56.98,6.72,7.94,13.82,6.22,8.11,0.28,18.16,0.41,0.44,,,0.51,,33.47,70.06,0.52,240.92,0.0,0.0,448.68,724.03,0.15
2024-08-14 11:00:00,23.42,37.98,7.25,7.93,13.31,6.88,8.11,0.28,19.82,0.41,0.44,,,0.51,,33.65,68.11,0.54,237.78,0.0,0.0,265.71,721.67,0.15
2024-08-14 12:00:00,23.53,38.2,6.84,7.94,13.37,6.22,8.11,0.28,21.16,0.41,0.44,,,0.51,,34.16,64.69,0.32,219.36,0.0,0.0,304.35,718.61,0.15
2024-08-14 13:00:00,23.99,39.12,7.19,8.01,13.53,6.52,8.11,0.28,23.09,0.41,0.44,,,0.51,,34.01,65.89,0.34,163.23,0.0,0.0,159.02,714.67,0.15
2024-08-14 14:00:00,24.04,39.22,7.02,8.01,13.74,6.42,8.11,0.28,24.26,0.41,0.44,,,0.51,,34.26,64.21,0.45,139.28,0.0,0.0,176.61,711.36,0.15
2024-08-14 15:00:00,26.43,44.01,7.02,8.05,13.9,6.5,8.11,0.28,23.11,0.41,0.44,,,0.51,,34.43,62.33,0.55,145.37,0.0,0.0,112.7,709.39,0.15
2024-08-14 16:00:00,27.6,46.34,7.12,7.91,13.37,6.54,8.11,0.28,20.24,0.41,0.44,,,0.51,,34.15,67.69,0.53,133.18,0.0,0.0,73.16,708.91,0.15
2024-08-14 17:00:00,23.93,39.0,7.08,8.01,13.22,6.49,8.11,0.28,20.54,0.41,0.44,,,0.51,,33.78,67.62,0.51,116.52,0.0,0.0,36.25,710.74,0.15
2024-08-14 18:00:00,23.49,38.13,6.9,7.96,13.31,6.18,8.11,0.28,19.17,0.41,0.44,,,0.51,,33.08,75.84,0.66,145.37,0.0,0.0,5.75,712.44,0.15
2024-08-14 19:00:00,23.43,38.01,7.04,8.07,12.97,6.48,8.11,0.28,16.98,0.41,0.44,,,0.51,,32.51,77.72,0.76,160.27,0.0,0.0,1.25,714.98,0.15
2024-08-14 20:00:00,22.73,34.22,7.15,8.14,13.48,6.34,8.11,0.28,16.9,0.47,0.46,,,0.55,,33.0,76.03,0.66,152.7,0.0,0.0,1.21,718.18,0.15
2024-08-14 21:00:00,22.08,29.19,7.24,8.01,13.38,6.47,8.11,0.28,16.61,0.57,0.48,,,0.61,,32.62,77.64,0.4,130.76,0.0,0.0,0.98,719.2,0.16
2024-08-14 22:00:00,22.32,29.67,7.08,8.01,13.09,6.48,8.11,0.28,14.98,0.57,0.48,,,0.61,,32.03,78.47,0.67,150.5,0.0,0.0,0.89,720.36,0.16
2024-08-14 23:00:00,21.8,28.64,7.13,8.05,13.72,6.92,8.11,0.28,15.6,0.57,0.48,,,0.61,,31.72,79.17,0.64,144.51,0.0,0.0,1.14,719.88,0.16
2024-08-15 00:00:00,21.72,28.48,7.62,7.83,13.35,6.06,8.11,0.28,16.16,0.57,0.48,,,0.61,,31.3,83.46,0.47,198.82,0.0,0.0,5.61,718.44,0.16
2024-08-15 01:00:00,21.7,28.44,7.2,8.03,13.61,6.64,8.11,0.28,15.52,0.57,0.48,,,0.61,,31.16,86.74,0.46,192.5,0.0,0.0,52.2,719.31,0.16
2024-08-15 02:00:00,21.7,28.43,6.64,7.83,13.16,6.03,8.11,0.28,16.04,0.57,0.48,,,0.61,,32.24,79.63,0.49,177.4,0.0,0.0,171.41,720.34,0.16
2024-08-15 03:00:00,21.7,28.43,6.84,7.93,12.85,5.8,8.11,0.28,17.04,0.57,0.48,,,0.61,,33.05,74.05,0.54,188.14,0.0,0.0,325.69,721.62,0.16
2024-08-15 04:00:00,,,,,,,,,,,,,,,,,,,,,0.0,,,
2024-08-15 05:00:00,,,,,,,,,,,,,,,,,,,,,0.0,,,
2024-08-15 06:00:00,,,,,,,,,,,,,,,,,,,,,0.0,,,
2024-08-15 07:00:00,,,,,,,,,,,,,,,,,,,,,0.0,,,
2024-08-15 08:00:00,21.7,28.43,6.88,7.84,13.63,7.48,8.11,0.28,18.06,0.57,0.48,,,0.61,,33.35,72.27,0.39,229.46,0.0,0.0,342.94,721.64,0.16
2024-08-15 09:00:00,21.7,28.43,7.06,8.04,13.37,6.9,8.11,0.28,21.92,0.57,0.48,,,0.61,,33.58,72.77,0.39,252.31,0.0,0.0,418.64,720.72,0.16
2024-08-15 10:00:00,21.7,28.43,6.96,8.12,13.42,6.76,8.11,0.28,15.06,0.57,0.48,,,0.61,,34.04,68.14,0.37,312.56,0.0,0.0,381.0,718.87,0.16
2024-08-15 11:00:00,21.7,28.43,6.89,7.95,13.05,6.92,8.11,0.28,19.79,0.57,0.48,,,0.61,,34.69,62.48,0.51,182.4,0.0,0.0,380.77,716.26,0.16
2024-08-15 12:00:00,21.7,28.43,7.25,8.15,13.68,6.58,8.11,0.28,20.48,0.57,0.48,,,0.61,,34.85,61.55,0.52,137.36,0.0,0.0,454.26,713.01,0.16
2024-08-15 13:00:00,21.66,28.36,6.87,7.97,13.27,6.76,8.11,0.28,20.17,0.57,0.48,,,0.61,,35.26,58.48,0.51,140.39,0.0,0.0,306.34,709.7,0.16
2024-08-15 14:00:00,21.66,28.35,6.65,7.9,12.86,6.86,8.11,0.28,19.94,0.57,0.48,,,0.61,,35.02,60.72,0.46,120.16,0.0,0.0,167.2,707.24,0.16
2024-08-15 15:00:00,21.7,28.43,7.01,8.04,13.63,6.44,8.11,0.28,29.65,0.57,0.48,,,0.61,,34.69,61.38,0.51,139.88,0.0,0.0,106.58,705.86,0.16
2024-08-15 16:00:00,36.07,57.17,6.98,8.04,13.6,6.31,8.11,0.28,23.81,0.57,0.48,,,0.61,,34.4,64.06,0.68,153.66,0.0,0.0,73.65,704.62,0.16
2024-08-15 17:00:00,22.36,29.74,7.01,8.2,13.41,7.02,8.11,0.28,18.1,0.57,0.48,,,0.61,,33.38,73.96,0.74,159.0,0.0,0.0,28.23,706.38,0.16
2024-08-15 18:00:00,22.58,30.19,7.17,8.04,13.49,6.66,8.11,0.28,17.15,0.57,0.48,,,0.61,,32.92,75.13,0.72,164.72,0.0,0.0,5.2,708.97,0.16
2024-08-15 19:00:00,22.07,29.16,7.48,7.98,13.31,7.11,8.11,0.28,17.23,0.57,0.48,,,0.61,,32.53,75.17,0.71,163.17,0.0,0.0,1.14,712.06,0.16
2024-08-15 20:00:00,22.03,29.08,7.16,8.06,13.33,6.84,8.11,0.28,16.57,0.57,0.48,,,0.61,,32.08,77.87,0.52,199.42,0.0,0.0,1.24,715.67,0.16
2024-08-15 21:00:00,23.29,31.6,7.08,7.87,13.66,5.87,8.11,0.28,15.83,0.57,0.48,,,0.61,,31.76,78.45,0.62,168.38,0.0,0.0,1.15,717.02,0.16
2024-08-15 22:00:00,22.0,29.02,7.13,7.9,13.99,6.02,8.11,0.28,15.35,0.57,0.48,,,0.61,,31.57,78.26,0.63,154.74,0.0,0.0,0.94,716.96,0.16
2024-08-15 23:00:00,22.14,29.32,7.06,7.91,13.09,6.1,8.11,0.28,16.23,0.57,0.48,,,0.61,,31.22,81.25,0.49,173.96,0.0,0.0,1.1,715.36,0.16
2024-08-16 00:00:00,22.06,29.14,6.93,7.95,13.54,6.12,8.11,0.28,17.24,0.57,0.48,,,0.61,,31.04,83.7,0.56,174.62,0.0,0.0,1.07,714.84,0.16
2024-08-16 01:00:00,21.8,28.63,7.04,8.03,13.48,5.74,8.11,0.28,18.05,0.57,0.48,,,0.61,,30.9,85.87,0.59,189.42,0.0,0.0,1.17,713.58,0.16
2024-08-16 02:00:00,21.99,29.02,6.97,8.0,13.59,6.92,8.11,0.28,18.56,0.57,0.48,,,0.61,,30.83,86.57,0.51,208.51,0.0,0.0,1.17,712.91,0.16
2024-08-16 03:00:00,22.11,29.24,7.04,8.07,13.32,6.2,8.11,0.28,18.53,0.57,0.48,,,0.61,,30.67,87.82,0.47,227.38,0.0,0.0,1.12,711.29,0.16
2024-08-16 04:00:00,22.24,29.5,7.35,7.98,13.7,6.22,8.11,0.28,16.89,0.57,0.48,,,0.61,,30.63,87.98,0.28,169.88,0.0,0.0,0.89,711.21,0.16
2024-08-16 05:00:00,22.28,29.59,6.67,8.12,13.05,6.4,8.11,0.28,17.23,0.57,0.48,,,0.61,,30.45,89.77,0.4,180.7,0.0,0.0,1.46,711.97,0.16
2024-08-16 06:00:00,21.81,28.65,6.87,8.03,12.77,6.86,8.11,0.28,21.57,0.57,0.48,,,0.61,,30.4,92.2,0.49,116.69,0.0,0.0,21.94,713.82,0.16
2024-08-16 07:00:00,31.93,48.88,7.14,7.98,13.34,6.81,8.11,0.28,98.74,0.57,0.48,,,0.61,,30.87,89.0,0.6,148.11,0.0,0.0,84.73,715.88,0.16
2024-08-16 08:00:00,35.04,55.11,7.24,8.12,13.14,6.5,8.11,0.28,30.34,0.57,0.48,,,0.61,,32.28,77.99,0.59,158.59,0.0,0.0,310.14,716.56,0.16
2024-08-16 09:00:00,21.64,28.31,6.86,7.99,13.2,6.56,8.11,0.28,19.77,0.57,0.48,,,0.61,,33.7,68.75,0.53,184.25,0.0,0.0,467.11,716.7,0.16
2024-08-16 10:00:00,21.64,28.31,6.87,8.02,12.95,6.55,8.11,0.28,20.84,0.57,0.48,,,0.61,,33.77,66.08,0.48,196.84,0.0,0.0,348.2,716.23,0.16
2024-08-16 11:00:00,21.64,28.31,7.01,8.03,13.23,6.73,8.11,0.28,17.74,0.57,0.48,,,0.61,,34.08,63.14,0.52,191.62,0.0,0.0,279.47,715.24,0.16
2024-08-16 12:00:00,22.74,30.5,6.96,8.02,13.3,6.24,8.11,0.28,18.32,0.57,0.48,,,0.61,,33.78,64.65,0.52,156.43,0.0,0.0,245.58,713.0,0.16
2024-08-16 13:00:00,23.22,31.47,6.94,8.14,13.69,6.84,8.11,0.28,17.51,0.57,0.48,,,0.61,,34.63,60.53,0.44,174.26,0.0,0.0,255.7,710.18,0.16
2024-08-16 14:00:00,21.86,28.74,6.89,7.91,13.68,6.37,8.11,0.28,18.55,0.57,0.48,,,0.61,,34.61,59.51,0.52,165.34,0.0,0.0,196.2,707.38,0.16
2024-08-16 15:00:00,22.26,29.54,6.82,7.9,13.77,6.38,8.11,0.28,20.49,0.57,0.48,,,0.61,,34.22,62.16,0.68,158.57,0.0,0.0,149.1,704.8,0.16
2024-08-16 16:00:00,23.35,31.73,6.97,7.89,13.42,6.69,8.11,0.28,18.56,0.57,0.48,,,0.61,,33.67,64.66,0.67,159.28,0.0,0.0,90.17,704.12,0.16
2024-08-16 17:00:00,23.04,31.12,7.06,7.95,13.35,6.85,8.11,0.28,17.92,0.57,0.48,,,0.61,,33.01,68.33,0.65,165.86,0.0,0.0,40.16,706.2,0.16
2024-08-16 18:00:00,21.9,28.83,6.86,7.95,13.76,7.3,8.11,0.28,21.92,0.57,0.48,,,0.61,,32.39,71.52,0.57,183.68,0.0,0.0,5.45,709.85,0.16
2024-08-16 19:00:00,22.36,29.75,7.02,8.05,13.96,6.44,8.11,0.28,21.48,0.57,0.48,,,0.61,,32.06,73.65,0.57,164.04,0.0,0.0,0.8,713.11,0.16
2024-08-16 20:00:00,23.62,32.28,6.84,8.09,13.71,6.78,8.11,0.28,21.01,0.57,0.48,,,0.61,,31.78,76.76,0.64,152.02,0.0,0.0,0.86,716.34,0.16
2024-08-16 21:00:00,23.94,32.9,6.94,7.99,13.19,7.08,8.11,0.28,18.64,0.57,0.48,,,0.61,,31.56,77.64,0.56,134.74,0.0,0.0,0.96,718.71,0.16
2024-08-16 22:00:00,25.67,36.37,7.13,7.9,13.34,7.13,8.11,0.28,19.18,0.57,0.48,,,0.61,,31.22,81.6,0.56,140.13,0.0,0.0,0.86,718.46,0.16
2024-08-16 23:00:00,26.33,37.7,7.18,7.99,13.39,7.27,8.11,0.28,18.0,0.57,0.48,,,0.61,,31.1,83.8,0.68,153.03,0.0,0.0,1.05,717.9,0.16
2024-08-17 00:00:00,23.06,31.16,6.95,8.01,13.7,6.65,8.11,0.28,17.77,0.57,0.48,,,0.61,,30.91,85.76,0.64,145.09,0.0,0.0,1.06,715.09,0.16
2024-08-17 01:00:00,22.1,29.23,7.03,8.0,13.19,6.66,8.11,0.28,17.31,0.57,0.48,,,0.61,,30.83,86.84,0.6,159.36,0.0,0.0,1.13,714.98,0.16
2024-08-17 02:00:00,21.8,28.63,7.09,8.04,13.9,6.9,8.11,0.28,17.14,0.57,0.48,,,0.61,,30.78,87.49,0.62,149.39,0.0,0.0,1.12,715.38,0.16
2024-08-17 03:00:00,21.7,28.43,7.01,8.04,13.06,6.61,8.11,0.28,17.07,0.57,0.48,,,0.61,,30.76,88.17,0.61,133.94,0.0,0.0,1.12,716.16,0.16
2024-08-17 04:00:00,23.1,31.23,6.86,7.97,13.66,6.54,8.11,0.28,17.45,0.57,0.48,,,0.61,,30.34,92.28,0.44,72.91,0.0,0.0,1.0,716.54,0.16
2024-08-17 05:00:00,24.13,33.29,7.12,7.9,13.72,6.26,8.11,0.28,16.13,0.57,0.48,,,0.61,,30.22,93.47,0.48,33.78,0.0,0.0,1.43,717.04,0.16
2024-08-17 06:00:00,22.7,30.42,6.9,7.87,13.22,6.18,8.11,0.28,16.09,0.57,0.48,,,0.61,,30.41,92.22,0.55,137.89,0.0,0.0,25.31,718.22,0.16
2024-08-17 07:00:00,22.11,29.25,6.55,7.99,13.27,6.29,8.11,0.28,16.94,0.57,0.48,,,0.61,,31.15,87.28,0.56,142.54,0.0,0.0,93.15,719.32,0.16
2024-08-17 08:00:00,21.86,28.75,6.98,7.98,13.46,7.37,8.11,0.28,18.16,0.57,0.48,,,0.61,,31.91,76.91,0.62,164.07,0.0,0.0,144.43,720.63,0.16
2024-08-17 09:00:00,21.75,28.52,6.74,8.01,13.63,5.8,8.11,0.28,18.61,0.57,0.48,,,0.61,,32.55,71.13,0.42,163.64,0.0,0.0,228.66,721.97,0.16
2024-08-17 10:00:00,22.14,29.3,6.88,8.04,13.18,6.58,8.11,0.28,19.17,0.57,0.48,,,0.61,,33.42,67.64,0.49,118.82,0.0,0.0,461.24,720.39,0.16
2024-08-17 11:00:00,22.48,30.0,7.16,7.92,13.68,6.32,8.11,0.28,19.64,0.57,0.48,,,0.61,,34.27,62.35,0.29,160.64,0.0,0.0,341.76,718.17,0.16
2024-08-17 12:00:00,22.32,29.68,7.02,7.99,13.66,6.72,8.11,0.28,21.48,0.57,0.48,,,0.61,,34.68,59.34,0.4,78.26,0.0,0.0,509.3,714.94,0.16
2024-08-17 13:00:00,22.53,30.08,6.95,8.07,13.28,7.0,8.11,0.28,21.36,0.57,0.48,,,0.61,,34.98,57.41,0.55,148.96,0.0,0.0,254.46,712.2,0.16
2024-08-17 14:00:00,22.44,29.91,6.76,8.05,13.15,6.18,8.11,0.28,24.72,0.57,0.48,,,0.61,,34.67,60.86,0.45,132.24,0.0,0.0,145.44,711.16,0.16
2024-08-17 15:00:00,23.19,31.41,6.94,8.04,13.08,6.86,8.11,0.28,34.19,0.57,0.48,,,0.61,,34.33,64.26,0.6,138.48,0.0,0.0,121.7,709.52,0.16
2024-08-17 16:00:00,23.94,32.92,6.7,7.99,13.19,6.18,8.11,0.28,31.74,0.57,0.48,,,0.61,,33.85,68.24,0.72,156.1,0.0,0.0,87.26,708.27,0.16
2024-08-17 17:00:00,23.04,31.11,7.17,8.06,12.98,6.96,8.11,0.28,19.26,0.57,0.48,,,0.61,,32.85,74.94,0.74,158.45,0.0,0.0,27.21,709.94,0.16
2024-08-17 18:00:00,22.52,30.06,6.86,8.04,13.46,6.24,8.11,0.28,18.44,0.57,0.48,,,0.61,,32.59,74.9,0.74,160.17,0.0,0.0,4.51,711.74,0.16
2024-08-17 19:00:00,22.22,29.46,6.82,7.93,13.76,6.68,8.11,0.28,18.35,0.57,0.48,,,0.61,,32.21,74.9,0.71,159.39,0.0,0.0,0.88,715.41,0.16
2024-08-17 20:00:00,22.16,29.34,6.9,7.92,13.36,6.41,8.11,0.28,17.96,0.57,0.48,,,0.61,,31.69,81.84,0.66,156.79,0.0,0.0,0.86,717.88,0.16
2024-08-17 21:00:00,22.25,29.52,7.14,7.85,13.1,6.53,8.11,0.28,15.94,0.57,0.48,,,0.61,,31.54,81.87,0.63,153.08,0.0,0.0,0.76,721.26,0.16
2024-08-17 22:00:00,22.39,29.81,7.12,7.86,13.67,6.9,8.11,0.28,18.42,0.57,0.48,,,0.61,,31.4,82.44,0.64,167.76,0.0,0.0,0.82,722.7,0.16
2024-08-17 23:00:00,22.44,29.92,7.02,8.05,14.02,6.7,8.11,0.28,16.68,0.57,0.48,,,0.61,,31.2,83.17,0.54,195.22,0.0,0.0,0.8,722.53,0.16
2024-08-18 00:00:00,22.28,29.6,7.08,8.06,13.22,6.12,8.11,0.28,17.25,0.57,0.48,,,0.61,,31.01,84.83,0.52,186.85,0.0,0.0,0.84,721.09,0.16
2024-08-18 01:00:00,22.18,29.4,7.34,8.0,13.38,6.52,8.11,0.28,15.74,0.57,0.48,,,0.61,,30.86,85.21,0.41,205.51,0.0,0.0,0.75,719.22,0.16
2024-08-18 02:00:00,22.2,29.42,6.89,8.36,13.75,6.24,8.11,0.28,16.18,0.57,0.48,,,0.61,,30.69,86.06,0.28,230.96,0.0,0.0,0.78,718.36,0.16
2024-08-18 03:00:00,22.25,29.53,7.02,7.9,13.38,6.21,8.11,0.28,16.02,0.57,0.48,,,0.61,,30.6,87.18,0.45,199.46,0.0,0.0,0.79,716.55,0.16
2024-08-18 04:00:00,22.2,29.44,6.89,8.02,13.04,6.69,8.11,0.28,17.96,0.57,0.48,,,0.61,,30.45,89.14,0.41,210.76,0.0,0.0,0.8,716.24,0.16
2024-08-18 05:00:00,22.22,29.46,6.98,8.08,13.46,6.6,8.11,0.28,15.42,0.57,0.48,,,0.61,,30.3,90.86,0.5,100.06,0.0,0.0,1.18,716.77,0.16
2024-08-18 06:00:00,22.2,29.43,7.22,8.01,13.35,6.18,8.11,0.28,14.98,0.57,0.48,,,0.61,,30.43,90.72,0.59,213.71,0.0,0.0,20.96,718.93,0.16
2024-08-18 07:00:00,22.87,29.86,6.79,8.0,13.45,6.21,8.11,0.28,15.64,0.55,0.48,,,0.6,,30.86,87.84,0.44,94.87,0.0,0.0,54.92,721.68,0.16
2024-08-18 08:00:00,29.42,30.65,6.68,8.06,13.08,7.37,8.11,0.28,16.82,0.38,0.41,,,0.51,,32.57,76.94,0.27,114.48,0.0,0.0,318.26,722.39,0.15
2024-08-18 09:00:00,29.35,30.51,7.23,7.88,13.53,6.2,8.11,0.28,19.5,0.38,0.41,,,0.51,,33.82,68.44,0.62,145.22,0.0,0.0,552.8,723.51,0.15
2024-08-18 10:00:00,29.46,30.73,6.94,8.06,13.86,6.91,8.11,0.28,30.64,0.38,0.41,,,0.51,,34.36,64.27,0.42,117.44,0.0,0.0,504.08,723.16,0.15
2024-08-18 11:00:00,29.56,30.93,7.17,7.98,14.1,7.4,8.11,0.28,19.5,0.38,0.41,,,0.51,,35.0,60.75,0.34,136.01,0.0,0.0,512.49,721.42,0.15
2024-08-18 12:00:00,29.74,31.3,6.95,8.08,13.48,6.12,8.11,0.28,23.74,0.38,0.41,,,0.51,,35.48,59.55,0.51,128.95,0.0,0.0,704.86,718.32,0.15
2024-08-18 13:00:00,30.06,31.93,6.93,7.91,12.64,6.48,8.11,0.28,19.89,0.38,0.41,,,0.51,,35.56,57.32,0.44,149.3,0.0,0.0,235.76,714.88,0.15
2024-08-18 14:00:00,30.0,31.8,7.15,7.98,12.88,6.7,8.11,0.28,21.32,0.38,0.41,,,0.51,,35.15,59.57,0.44,134.82,0.0,0.0,130.66,712.35,0.15
2024-08-18 15:00:00,30.18,32.17,7.11,8.02,13.72,6.46,8.11,0.28,20.48,0.38,0.41,,,0.51,,34.82,61.42,0.58,153.54,0.0,0.0,130.79,710.59,0.15
2024-08-18 16:00:00,30.37,32.55,6.82,8.03,12.62,6.92,8.11,0.28,21.02,0.38,0.41,,,0.51,,34.54,62.92,0.67,157.18,0.0,0.0,70.57,709.16,0.15
2024-08-18 17:00:00,30.09,31.99,6.62,8.06,12.94,5.92,8.11,0.28,16.21,0.38,0.41,,,0.51,,33.81,68.04,0.73,159.2,0.0,0.0,23.75,709.73,0.15
2024-08-18 18:00:00,29.92,31.65,6.7,8.07,13.08,6.94,8.11,0.28,17.03,0.38,0.41,,,0.51,,33.28,69.82,0.72,159.71,0.0,0.0,3.43,712.52,0.15
2024-08-18 19:00:00,29.92,31.64,6.82,7.96,13.87,6.92,8.11,0.28,16.68,0.38,0.41,,,0.51,,32.78,71.54,0.57,191.11,0.0,0.0,0.9,716.32,0.15
2024-08-18 20:00:00,29.84,31.5,7.14,7.82,13.57,6.76,8.11,0.28,17.31,0.38,0.41,,,0.51,,32.49,72.67,0.52,195.01,0.0,0.0,0.87,718.82,0.15
2024-08-18 21:00:00,29.74,31.29,6.82,8.11,13.6,6.7,8.11,0.28,17.13,0.38,0.41,,,0.51,,32.24,74.4,0.69,158.13,0.0,0.0,0.83,720.71,0.15
2024-08-18 22:00:00,29.84,31.48,6.83,7.92,13.51,6.69,8.11,0.28,18.27,0.38,0.41,,,0.51,,32.04,75.28,0.58,149.73,0.0,0.0,0.81,722.36,0.15
2024-08-18 23:00:00,29.89,31.59,6.91,8.04,13.39,7.02,8.11,0.28,16.97,0.38,0.41,,,0.51,,31.82,75.08,0.53,184.87,0.0,0.0,0.73,721.87,0.15
2024-08-19 00:00:00,29.92,31.66,6.96,8.02,13.46,6.68,8.11,0.28,17.87,0.38,0.41,,,0.51,,31.45,80.46,0.5,181.54,0.0,0.0,0.84,719.43,0.15
2024-08-19 01:00:00,30.08,31.95,7.03,8.03,13.54,6.5,8.11,0.28,17.79,0.38,0.41,,,0.51,,31.23,83.14,0.55,204.57,0.0,0.0,0.84,719.0,0.15
2024-08-19 02:00:00,29.9,31.6,6.96,8.12,13.6,6.38,8.11,0.28,16.55,0.38,0.41,,,0.51,,31.08,85.46,0.53,226.02,0.0,0.0,0.84,718.2,0.15
2024-08-19 03:00:00,29.93,31.68,6.84,8.05,13.54,6.66,8.11,0.28,16.64,0.38,0.41,,,0.51,,30.94,87.5,0.6,218.56,0.0,0.0,0.85,716.06,0.15
2024-08-19 04:00:00,30.01,31.84,6.88,8.21,13.36,6.55,8.11,0.28,17.89,0.38,0.41,,,0.51,,30.88,87.55,0.56,251.31,0.0,0.0,0.86,715.64,0.15
2024-08-19 05:00:00,29.78,31.38,7.04,8.0,13.67,6.2,8.11,0.28,17.85,0.38,0.41,,,0.51,,30.84,86.46,0.6,252.09,0.0,0.0,1.07,716.3,0.15
2024-08-19 06:00:00,29.64,31.1,7.01,7.96,13.53,7.34,8.11,0.28,16.98,0.38,0.41,,,0.51,,30.9,86.56,0.65,257.92,0.0,0.0,28.94,717.38,0.15
2024-08-19 07:00:00,29.68,31.18,7.2,7.88,14.12,7.3,8.11,0.28,17.09,0.38,0.41,,,0.51,,31.42,83.24,0.7,263.14,0.0,0.0,99.53,720.18,0.15
2024-08-19 08:00:00,29.95,31.7,6.97,7.94,13.74,6.92,8.11,0.28,18.3,0.38,0.41,,,0.51,,32.28,77.42,0.65,260.96,0.0,0.0,222.3,721.6,0.15
2024-08-19 09:00:00,29.89,31.6,6.74,7.97,13.79,6.35,8.11,0.28,18.84,0.38,0.41,,,0.51,,32.75,72.76,0.59,248.17,0.0,0.0,240.18,721.73,0.15
2024-08-19 10:00:00,30.2,32.21,7.3,7.83,14.35,6.28,8.11,0.28,23.85,0.38,0.41,,,0.51,,34.09,63.98,0.43,207.16,0.0,0.0,500.85,720.08,0.15
2024-08-19 11:00:00,30.55,32.92,7.26,7.99,13.37,6.82,8.11,0.28,20.88,0.38,0.41,,,0.51,,34.43,62.78,0.51,166.88,0.0,0.0,387.05,718.41,0.15
2024-08-19 12:00:00,30.22,32.26,6.88,8.22,13.94,6.4,8.11,0.28,20.42,0.38,0.41,,,0.51,,34.7,59.0,0.54,147.06,0.0,0.0,294.91,715.88,0.15
2024-08-19 13:00:00,30.25,32.3,7.0,7.84,13.62,7.18,8.11,0.28,21.99,0.38,0.41,,,0.51,,34.16,64.04,0.62,157.56,0.0,0.0,193.33,712.56,0.15
2024-08-19 14:00:00,30.34,32.5,6.99,8.17,13.79,6.12,8.11,0.28,20.12,0.38,0.41,,,0.51,,34.33,63.53,0.63,161.22,0.0,0.0,158.91,708.88,0.15
2024-08-19 15:00:00,30.47,32.75,6.86,8.01,13.26,6.44,8.11,0.28,19.68,0.38,0.41,,,0.51,,33.86,66.53,0.65,161.43,0.0,0.0,89.13,706.76,0.15
2024-08-19 16:00:00,30.58,32.96,6.91,7.9,13.41,6.79,8.11,0.28,19.49,0.38,0.41,,,0.51,,31.2,86.62,0.66,104.84,2.29,2.29,61.02,706.82,0.15
2024-08-19 17:00:00,30.89,33.6,7.14,8.08,14.01,6.42,8.11,0.28,18.39,0.38,0.41,,,0.51,,30.85,92.0,0.44,59.85,3.45,3.45,16.17,708.28,0.15
2024-08-19 18:00:00,30.96,33.72,6.92,8.01,14.03,6.05,8.11,0.28,16.18,0.38,0.41,,,0.51,,30.86,88.17,0.51,28.38,3.45,3.45,3.8,710.77,0.15
2024-08-19 19:00:00,30.42,32.66,6.92,7.9,13.32,6.01,8.11,0.28,16.3,0.38,0.41,,,0.51,,30.02,87.26,0.51,70.05,3.45,3.45,1.76,713.4,0.15
2024-08-19 20:00:00,30.11,32.03,7.28,8.0,13.12,6.7,8.11,0.28,16.64,0.38,0.41,,,0.51,,30.25,85.0,0.6,124.74,3.45,3.45,1.54,717.64,0.15
2024-08-19 21:00:00,29.9,31.61,6.96,8.09,13.73,7.47,8.11,0.28,15.53,0.38,0.41,,,0.51,,30.43,87.06,0.55,177.44,0.18,0.18,1.3,720.61,0.15
2024-08-19 22:00:00,30.22,32.26,6.94,8.02,13.66,6.59,8.11,0.28,15.68,0.38,0.41,,,0.51,,30.24,84.57,0.65,292.92,0.0,0.0,1.73,723.14,0.15
2024-08-19 23:00:00,30.82,33.46,6.96,8.02,13.66,6.28,8.11,0.28,20.0,0.38,0.41,,,0.51,,29.28,83.58,0.35,133.52,0.0,0.0,1.01,721.38,0.15
2024-08-20 00:00:00,30.66,33.14,7.25,7.98,13.52,6.68,8.11,0.28,18.14,0.38,0.41,,,0.51,,29.14,85.3,0.54,221.94,0.0,0.0,0.88,718.9,0.15
2024-08-20 01:00:00,30.15,32.1,7.01,7.97,12.96,6.16,8.11,0.28,17.74,0.38,0.41,,,0.51,,28.88,88.4,0.47,227.93,0.0,0.0,0.86,717.86,0.15
2024-08-20 02:00:00,29.8,31.4,7.19,8.1,13.5,6.95,8.11,0.28,17.38,0.38,0.41,,,0.51,,28.94,88.44,0.58,291.64,0.0,0.0,0.87,716.98,0.15
2024-08-20 03:00:00,29.55,30.91,7.2,8.14,13.73,6.12,8.11,0.28,17.05,0.38,0.41,,,0.51,,28.98,88.53,0.47,255.72,0.0,0.0,0.87,715.78,0.15
2024-08-20 04:00:00,29.4,30.61,6.9,7.94,13.12,6.76,8.11,0.28,16.3,0.38,0.41,,,0.51,,28.83,90.08,0.49,110.0,0.0,0.0,0.85,714.97,0.15
2024-08-20 05:00:00,29.78,31.38,7.05,8.02,13.07,6.31,8.11,0.28,17.99,0.38,0.41,,,0.51,,28.73,92.18,0.49,86.73,0.0,0.0,1.09,714.81,0.15
2024-08-20 06:00:00,30.16,32.14,6.67,7.96,13.3,6.32,8.11,0.28,15.79,0.38,0.41,,,0.51,,28.95,90.82,0.48,64.14,0.0,0.0,22.1,715.97,0.15
2024-08-20 07:00:00,27.98,37.52,6.82,8.05,13.92,6.36,7.72,0.28,15.06,0.39,0.42,,,0.5,,29.91,83.76,0.55,55.1,0.0,0.0,121.46,718.61,-0.26
2024-08-20 08:00:00,26.85,40.02,7.03,8.08,13.88,6.3,7.53,0.28,16.64,0.39,0.43,,,0.49,,31.72,74.72,0.4,119.99,0.0,0.0,323.16,720.94,-0.46
2024-08-20 09:00:00,26.68,39.69,6.86,7.89,13.96,6.37,7.53,0.28,17.76,0.39,0.43,,,0.49,,32.36,73.29,0.48,204.66,0.0,0.0,424.96,723.19,-0.46
2024-08-20 10:00:00,26.6,39.54,6.83,8.1,13.49,6.7,7.53,0.28,22.38,0.39,0.43,,,0.49,,32.96,71.95,0.48,292.11,0.0,0.0,594.2,722.98,-0.46
2024-08-20 11:00:00,27.65,41.63,7.16,7.89,13.69,6.68,7.53,0.28,29.38,0.39,0.43,,,0.49,,33.88,66.66,0.5,334.68,0.0,0.0,505.96,720.66,-0.46
2024-08-20 12:00:00,28.56,43.44,6.99,8.05,13.18,6.58,7.53,0.28,21.76,0.39,0.43,,,0.49,,34.64,62.24,0.28,127.32,0.0,0.0,572.87,717.06,-0.46
2024-08-20 13:00:00,28.19,42.72,7.0,8.03,13.34,6.42,7.53,0.28,24.13,0.39,0.43,,,0.49,,34.95,57.36,0.41,123.94,0.0,0.0,258.79,713.46,-0.46
2024-08-20 14:00:00,28.38,43.1,7.06,8.04,13.02,6.1,7.53,0.28,23.6,0.39,0.43,,,0.49,,34.58,59.78,0.65,152.54,0.0,0.0,162.27,710.8,-0.46
2024-08-20 15:00:00,28.2,42.72,6.77,8.02,14.24,7.17,7.53,0.28,20.55,0.39,0.43,,,0.49,,33.4,70.26,0.77,159.75,0.0,0.0,92.94,708.97,-0.46
2024-08-20 16:00:00,28.0,42.32,6.85,8.04,13.18,6.71,7.53,0.28,19.44,0.39,0.43,,,0.49,,33.12,68.76,0.72,156.45,0.0,0.0,50.26,708.16,-0.46
2024-08-20 17:00:00,27.89,42.1,7.15,7.95,13.32,6.34,7.53,0.28,22.74,0.39,0.43,,,0.49,,33.09,68.49,0.73,161.63,0.0,0.0,33.92,709.78,-0.46
2024-08-20 18:00:00,27.83,41.98,7.08,7.82,13.68,6.72,7.53,0.28,21.89,0.39,0.43,,,0.49,,32.56,72.03,0.72,159.5,0.0,0.0,3.9,711.87,-0.46
2024-08-20 19:00:00,27.7,41.73,6.99,8.04,13.57,7.1,7.53,0.28,22.7,0.39,0.43,,,0.49,,31.99,77.94,0.71,157.88,0.0,0.0,0.88,715.13,-0.46
2024-08-20 20:00:00,28.04,42.41,6.81,8.14,12.8,6.24,7.53,0.28,21.2,0.39,0.43,,,0.49,,31.56,81.82,0.7,154.09,0.0,0.0,0.86,718.36,-0.46
2024-08-20 21:00:00,28.25,42.83,6.88,7.96,13.69,6.57,7.53,0.28,24.96,0.39,0.43,,,0.49,,31.26,82.88,0.7,151.71,0.0,0.0,0.83,721.63,-0.46
2024-08-20 22:00:00,29.12,44.56,7.19,8.13,13.43,6.76,7.53,0.28,21.74,0.39,0.43,,,0.49,,31.1,83.72,0.67,160.44,0.0,0.0,0.83,723.65,-0.46
2024-08-20 23:00:00,30.19,46.71,6.9,7.98,13.29,6.28,7.53,0.28,25.42,0.39,0.43,,,0.49,,31.04,84.05,0.66,158.52,0.0,0.0,0.82,725.24,-0.46
2024-08-21 00:00:00,29.49,45.3,6.86,7.96,13.2,6.68,7.53,0.28,19.79,0.39,0.43,,,0.49,,30.88,85.62,0.7,156.74,0.0,0.0,0.82,724.05,-0.46
2024-08-21 01:00:00,28.39,43.11,7.36,8.14,13.42,6.2,7.53,0.28,18.95,0.39,0.43,,,0.49,,30.7,87.06,0.54,155.45,0.0,0.0,0.82,722.38,-0.46
2024-08-21 02:00:00,27.71,41.75,6.76,8.07,13.69,5.48,7.53,0.28,18.07,0.39,0.43,,,0.49,,30.69,86.04,0.6,156.87,0.0,0.0,0.84,722.07,-0.46
2024-08-21 03:00:00,27.27,40.88,6.46,7.71,13.51,6.8,7.53,0.28,18.15,0.39,0.43,,,0.49,,30.6,85.44,0.49,204.37,0.0,0.0,0.82,722.0,-0.46
2024-08-21 04:00:00,26.98,40.29,7.26,7.85,13.3,7.04,7.53,0.28,17.96,0.39,0.43,,,0.49,,30.46,85.8,0.42,181.98,0.0,0.0,0.83,721.38,-0.46
2024-08-21 05:00:00,26.77,39.88,6.64,8.07,13.55,6.48,7.53,0.28,19.21,0.39,0.43,,,0.49,,30.26,88.31,0.42,74.44,0.0,0.0,1.18,720.88,-0.46
2024-08-21 06:00:00,26.63,39.59,7.03,7.96,13.12,6.07,7.53,0.28,15.82,0.39,0.43,,,0.49,,30.26,89.72,0.53,68.9,0.0,0.0,19.01,721.56,-0.46
2024-08-21 07:00:00,26.68,39.68,7.1,7.86,13.8,6.13,7.53,0.28,16.14,0.39,0.43,,,0.49,,30.88,87.13,0.43,67.14,0.0,0.0,95.48,724.38,-0.46
2024-08-21 08:00:00,26.76,39.85,6.99,8.1,13.2,6.2,7.53,0.28,18.72,0.39,0.43,,,0.49,,32.04,78.75,0.48,148.91,0.0,0.0,258.24,725.79,-0.46
2024-08-21 09:00:00,26.62,39.57,7.24,7.87,13.49,6.72,7.53,0.28,20.05,0.39,0.43,,,0.49,,33.38,67.4,0.62,168.99,0.0,0.0,450.36,726.48,-0.46
2024-08-21 10:00:00,26.52,39.37,6.8,7.94,13.44,6.38,7.53,0.28,21.27,0.39,0.43,,,0.49,,33.52,66.19,0.54,174.04,0.0,0.0,298.53,725.39,-0.46
2024-08-21 11:00:00,26.46,39.24,7.05,8.01,13.55,6.7,7.53,0.28,23.08,0.39,0.43,,,0.49,,34.3,61.92,0.56,168.97,0.0,0.0,442.0,722.44,-0.46
2024-08-21 12:00:00,26.42,39.18,7.34,7.96,13.69,6.41,7.53,0.28,18.74,0.39,0.43,,,0.49,,34.09,61.1,0.62,167.11,0.0,0.0,414.77,720.3,-0.46
2024-08-21 13:00:00,26.5,39.34,6.88,8.09,13.42,6.13,7.53,0.28,20.28,0.39,0.43,,,0.49,,34.29,59.64,0.64,172.41,0.0,0.0,283.82,717.08,-0.46
2024-08-21 14:00:00,26.6,39.53,6.79,8.02,13.64,6.34,7.53,0.28,20.37,0.39,0.43,,,0.49,,34.12,58.85,0.64,169.17,0.0,0.0,147.28,714.44,-0.46
2024-08-21 15:00:00,26.72,39.77,7.15,8.14,13.05,6.83,7.53,0.28,20.31,0.39,0.43,,,0.49,,33.94,59.16,0.67,163.35,0.0,0.0,131.32,712.72,-0.46
2024-08-21 16:00:00,26.84,40.01,7.05,8.1,13.33,6.52,7.53,0.28,22.51,0.39,0.43,,,0.49,,33.41,62.3,0.64,171.4,0.0,0.0,68.58,711.97,-0.46
2024-08-21 17:00:00,26.28,39.4,6.8,7.95,13.55,6.32,7.4,0.28,21.9,0.4,0.44,,,0.49,,32.91,63.36,0.65,170.23,0.0,0.0,36.99,712.69,-0.44
2024-08-21 18:00:00,21.97,34.73,6.94,8.06,13.42,7.24,6.37,0.28,24.46,0.49,0.51,,,0.51,,32.3,68.99,0.72,160.41,0.0,0.0,3.03,715.12,-0.26
2024-08-21 19:00:00,22.07,34.94,7.25,7.9,13.44,6.16,6.37,0.28,22.49,0.49,0.51,,,0.51,,31.66,75.96,0.72,155.57,0.0,0.0,0.97,718.84,-0.26
2024-08-21 20:00:00,22.3,35.39,6.89,7.97,12.98,6.73,6.37,0.28,18.36,0.49,0.51,,,0.51,,31.19,80.13,0.7,155.46,0.0,0.0,0.86,720.87,-0.26
2024-08-21 21:00:00,22.45,35.69,7.14,8.06,13.49,6.61,6.37,0.28,15.96,0.49,0.51,,,0.51,,30.99,81.94,0.56,138.99,0.0,0.0,0.82,723.6,-0.26
2024-08-21 22:00:00,22.47,35.74,6.81,7.88,13.04,6.38,6.37,0.28,16.02,0.49,0.51,,,0.51,,30.62,85.83,0.47,110.16,0.0,0.0,0.77,724.99,-0.26
2024-08-21 23:00:00,22.37,35.53,6.58,8.29,13.74,6.95,6.37,0.28,17.22,0.49,0.51,,,0.51,,30.58,86.41,0.4,118.46,0.0,0.0,0.82,724.14,-0.26
2024-08-22 00:00:00,22.07,34.93,7.14,7.92,13.76,6.92,6.37,0.28,16.76,0.49,0.51,,,0.51,,30.62,87.12,0.44,92.88,0.0,0.0,0.77,722.66,-0.26
2024-08-22 01:00:00,21.84,34.48,7.06,8.06,13.36,6.88,6.37,0.28,16.24,0.49,0.51,,,0.51,,30.57,88.19,0.54,132.46,0.0,0.0,0.96,720.77,-0.26
2024-08-22 02:00:00,21.7,34.22,7.08,8.08,13.47,6.4,6.37,0.28,16.44,0.49,0.51,,,0.51,,30.53,88.92,0.54,135.78,0.0,0.0,0.87,719.49,-0.26
2024-08-22 03:00:00,21.64,34.08,7.01,7.81,13.67,6.98,6.37,0.28,15.42,0.49,0.51,,,0.51,,30.47,89.69,0.52,132.72,0.0,0.0,0.86,718.6,-0.26
2024-08-22 04:00:00,21.7,34.21,6.81,7.95,13.45,7.03,6.37,0.28,16.02,0.49,0.51,,,0.51,,30.53,89.44,0.38,152.57,0.0,0.0,0.86,717.92,-0.26
2024-08-22 05:00:00,21.79,34.39,7.14,8.09,13.3,6.39,6.37,0.28,17.56,0.49,0.51,,,0.51,,30.64,85.98,0.57,208.88,0.0,0.0,1.32,718.7,-0.26
2024-08-22 06:00:00,21.67,34.16,7.09,8.03,13.85,6.42,6.37,0.28,17.86,0.49,0.51,,,0.51,,30.66,84.93,0.52,237.1,0.0,0.0,21.44,720.4,-0.26
2024-08-22 07:00:00,20.31,31.97,6.76,8.05,13.57,5.99,6.32,0.28,16.35,0.43,0.5,,,0.44,,30.94,81.83,0.51,260.27,0.0,0.0,96.71,722.65,-0.5
2024-08-22 08:00:00,18.85,29.65,7.23,7.94,13.75,6.56,6.27,0.28,17.77,0.37,0.49,,,0.36,,30.73,77.89,0.7,355.72,0.0,0.0,252.56,725.06,-0.76
2024-08-22 09:00:00,19.02,29.97,6.61,8.02,14.0,6.62,6.27,0.28,18.23,0.37,0.49,,,0.36,,31.51,72.02,0.53,131.76,0.0,0.0,282.3,725.92,-0.76
2024-08-22 10:00:00,19.16,30.26,6.77,7.98,13.78,6.91,6.27,0.28,18.35,0.37,0.49,,,0.36,,31.91,69.46,0.57,276.88,0.0,0.0,280.58,725.34,-0.76
2024-08-22 11:00:00,19.01,29.96,7.32,8.02,13.23,5.63,6.27,0.28,22.74,0.37,0.49,,,0.36,,32.47,66.17,0.45,299.03,0.0,0.0,221.95,723.16,-0.76
2024-08-22 12:00:00,19.4,30.74,7.01,8.11,13.54,6.97,6.27,0.28,24.26,0.37,0.49,,,0.36,,32.03,71.33,0.43,158.34,0.0,0.0,46.21,722.44,-0.76
2024-08-22 13:00:00,19.9,31.74,6.8,7.93,13.6,6.97,6.27,0.28,23.07,0.37,0.49,,,0.36,,31.4,78.69,0.53,86.24,0.0,0.0,46.53,720.05,-0.76
2024-08-22 14:00:00,19.11,32.57,7.0,8.04,14.08,5.97,5.95,0.28,23.03,0.45,0.51,,,0.4,,30.89,84.14,0.45,70.56,0.0,0.0,69.14,718.23,-0.79
2024-08-22 15:00:00,17.85,36.72,7.03,7.98,13.1,6.42,5.05,0.28,20.36,0.67,0.57,,,0.55,,30.86,85.2,0.41,79.89,0.0,0.0,71.94,716.54,-0.86
2024-08-22 16:00:00,17.91,36.84,6.94,7.96,13.26,7.26,5.05,0.28,20.52,0.67,0.57,,,0.55,,30.79,84.74,0.44,122.38,0.0,0.0,53.02,715.5,-0.86
2024-08-22 17:00:00,18.08,37.18,7.04,8.1,13.62,5.86,5.05,0.28,22.48,0.67,0.57,,,0.55,,30.5,87.45,0.6,148.67,0.0,0.0,27.61,717.85,-0.86
2024-08-22 18:00:00,18.76,38.54,7.04,7.93,13.13,6.88,5.05,0.28,18.22,0.67,0.57,,,0.55,,29.38,89.04,0.54,219.13,0.0,0.0,6.2,721.75,-0.87
2024-08-22 19:00:00,19.09,39.2,6.8,8.09,13.23,6.94,5.05,0.28,18.58,0.67,0.57,,,0.55,,27.31,96.24,0.45,137.62,0.0,0.0,1.68,723.68,-0.86
2024-08-22 20:00:00,18.26,37.54,6.93,7.88,13.42,6.47,5.05,0.28,17.33,0.67,0.57,,,0.55,,27.37,98.36,0.5,38.03,0.0,0.0,1.41,724.4,-0.86
2024-08-22 21:00:00,17.78,36.58,6.93,7.84,13.86,6.92,5.05,0.28,16.13,0.67,0.57,,,0.55,,27.72,97.92,0.41,114.04,0.0,0.0,1.39,727.56,-0.86
2024-08-22 22:00:00,17.5,36.02,6.95,8.12,13.7,6.65,5.05,0.28,16.02,0.67,0.57,,,0.55,,28.15,97.14,0.62,53.46,0.0,0.0,1.54,729.02,-0.86
2024-08-22 23:00:00,17.32,35.67,7.31,8.01,13.24,6.29,5.05,0.28,15.63,0.67,0.57,,,0.55,,28.42,96.45,0.52,67.41,0.0,0.0,1.68,728.23,-0.86
2024-08-23 00:00:00,17.48,36.0,6.94,7.93,13.52,6.24,5.05,0.28,14.76,0.67,0.57,,,0.55,,28.62,97.3,0.62,59.85,0.0,0.0,1.31,726.48,-0.86
2024-08-23 01:00:00,17.68,36.39,7.11,7.98,13.2,7.1,5.05,0.28,15.48,0.67,0.57,,,0.55,,28.84,96.9,0.43,109.55,0.0,0.0,1.59,724.79,-0.86
2024-08-23 02:00:00,17.48,35.97,7.2,8.11,13.25,6.73,5.05,0.28,15.6,0.67,0.57,,,0.55,,28.84,96.97,0.61,181.42,0.0,0.0,1.78,722.39,-0.86
2024-08-23 03:00:00,17.33,35.67,7.28,7.94,12.96,6.06,5.05,0.28,16.43,0.67,0.57,,,0.55,,28.53,96.78,0.65,310.08,0.0,0.0,2.46,722.95,-0.87
2024-08-23 04:00:00,17.22,35.46,7.02,8.19,12.73,6.02,5.05,0.28,17.73,0.67,0.57,,,0.55,,27.58,98.74,0.39,295.1,0.0,0.0,1.6,723.74,-0.86
2024-08-23 05:00:00,17.18,35.39,6.86,7.93,13.87,6.59,5.05,0.28,18.08,0.67,0.57,,,0.55,,27.67,96.26,0.47,130.37,0.0,0.0,1.74,723.98,-0.86
2024-08-23 06:00:00,17.68,36.38,7.14,8.11,13.54,7.0,5.05,0.28,16.59,0.67,0.57,,,0.55,,27.63,95.5,0.4,124.58,0.0,0.0,8.38,723.04,-0.86
2024-08-23 07:00:00,17.76,35.7,6.81,7.84,13.52,6.75,4.9,0.28,15.9,0.64,0.55,,,0.54,,28.1,93.84,0.54,75.19,0.0,0.0,33.21,724.34,-0.74
2024-08-23 08:00:00,15.47,26.57,6.86,8.12,13.32,6.59,4.13,0.28,15.29,0.47,0.47,,,0.45,,28.74,91.82,0.42,137.37,0.0,0.0,50.74,726.79,-0.08
2024-08-23 09:00:00,15.23,26.1,7.05,7.97,13.59,6.34,4.13,0.28,15.48,0.47,0.47,,,0.45,,29.21,88.97,0.61,87.86,0.0,0.0,56.64,727.34,-0.08
2024-08-23 10:00:00,15.06,25.76,7.06,8.03,13.19,6.6,4.13,0.28,16.53,0.47,0.47,,,0.45,,29.36,89.76,0.66,148.91,0.0,0.0,80.74,727.72,-0.08
2024-08-23 11:00:00,14.94,25.53,6.72,7.96,13.6,6.6,4.13,0.28,16.59,0.47,0.47,,,0.45,,29.93,83.62,0.44,178.84,0.0,0.0,101.43,727.24,-0.08
2024-08-23 12:00:00,15.89,27.41,7.06,7.96,13.42,7.01,4.13,0.28,18.98,0.47,0.47,,,0.45,,30.36,83.0,0.46,39.11,0.0,0.0,106.63,725.69,-0.08
2024-08-23 13:00:00,16.81,29.25,6.79,8.13,13.61,6.65,4.13,0.28,30.96,0.47,0.47,,,0.45,,30.23,88.21,0.6,52.36,0.0,0.0,87.04,722.59,-0.08
2024-08-23 14:00:00,22.85,41.34,6.87,8.14,13.24,6.68,4.13,0.28,65.24,0.47,0.47,,,0.45,,30.12,86.88,0.63,68.92,0.0,0.0,66.09,721.18,-0.08
2024-08-23 15:00:00,24.16,43.95,6.88,8.04,13.51,6.14,4.13,0.28,33.3,0.47,0.47,,,0.45,,30.28,86.43,0.64,111.09,0.0,0.0,57.5,718.64,-0.08
2024-08-23 16:00:00,14.67,24.98,7.08,7.99,13.74,6.74,4.13,0.28,23.72,0.47,0.47,,,0.45,,30.48,88.08,0.57,119.23,0.0,0.0,58.79,716.09,-0.08
2024-08-23 17:00:00,14.67,24.98,7.05,8.06,13.26,6.84,4.13,0.28,18.14,0.47,0.47,,,0.45,,30.42,88.8,0.52,99.96,0.0,0.0,33.74,716.66,-0.08
2024-08-23 18:00:00,14.67,24.98,6.91,8.27,13.7,6.45,4.13,0.28,21.37,0.47,0.47,,,0.45,,29.88,92.75,0.55,116.8,0.0,0.0,3.9,719.84,-0.08
2024-08-23 19:00:00,14.67,24.98,6.6,7.91,12.8,6.98,4.13,0.28,18.07,0.47,0.47,,,0.45,,29.57,94.91,0.48,70.79,0.0,0.0,0.71,722.04,-0.08
2024-08-23 20:00:00,14.67,24.98,6.58,7.94,13.68,6.9,4.13,0.28,15.82,0.47,0.47,,,0.45,,29.4,96.42,0.58,66.09,0.0,0.0,0.56,724.04,-0.08
2024-08-23 21:00:00,14.67,24.98,6.77,8.04,14.11,6.42,4.13,0.28,15.44,0.47,0.47,,,0.45,,29.36,96.91,0.68,51.08,0.0,0.0,0.6,725.76,-0.08
2024-08-23 22:00:00,14.67,24.98,7.1,7.99,13.84,6.6,4.13,0.28,15.26,0.47,0.47,,,0.45,,29.24,96.64,0.63,67.5,0.0,0.0,0.66,726.0,-0.08
2024-08-23 23:00:00,14.67,24.98,6.76,7.91,13.64,6.56,4.13,0.28,14.99,0.47,0.47,,,0.45,,29.12,98.04,0.53,45.37,0.0,0.0,0.47,725.35,-0.08
2024-08-24 00:00:00,14.67,24.98,6.94,7.98,13.26,6.66,4.13,0.28,15.94,0.47,0.47,,,0.45,,29.08,98.74,0.62,62.64,0.0,0.0,0.45,724.38,-0.08
2024-08-24 01:00:00,14.67,24.98,6.78,8.07,13.59,6.28,4.13,0.28,15.21,0.47,0.47,,,0.45,,29.13,98.39,0.61,68.34,0.0,0.0,0.54,721.41,-0.08
2024-08-24 02:00:00,14.84,25.33,6.78,7.93,13.04,6.78,4.13,0.28,14.96,0.47,0.47,,,0.45,,29.16,98.89,0.62,121.89,0.0,0.0,0.77,720.02,-0.08
2024-08-24 03:00:00,15.35,26.34,7.08,8.02,13.18,6.64,4.13,0.28,14.61,0.47,0.47,,,0.45,,29.24,98.72,0.57,163.79,0.0,0.0,0.64,719.97,-0.08
2024-08-24 04:00:00,16.04,27.72,6.98,7.96,13.06,6.74,4.13,0.28,14.49,0.47,0.47,,,0.45,,29.26,98.84,0.66,66.77,0.0,0.0,0.75,720.6,-0.08
2024-08-24 05:00:00,15.91,27.46,7.05,7.99,13.22,6.62,4.13,0.28,14.6,0.47,0.47,,,0.45,,29.39,98.11,0.71,85.08,0.0,0.0,0.87,721.0,-0.08
2024-08-24 06:00:00,16.11,27.86,7.16,7.97,13.28,6.74,4.13,0.28,18.47,0.47,0.47,,,0.45,,29.49,98.23,0.69,83.26,0.0,0.0,7.51,722.44,-0.08
2024-08-24 07:00:00,16.55,28.74,7.14,8.1,13.66,6.74,4.13,0.28,14.4,0.47,0.47,,,0.45,,29.71,97.58,0.6,57.12,0.0,0.0,32.7,725.09,-0.08
2024-08-24 08:00:00,15.46,26.56,6.6,7.76,13.96,6.88,4.13,0.28,15.32,0.47,0.47,,,0.45,,30.28,91.1,0.72,265.47,0.0,0.0,91.31,726.36,-0.08
2024-08-24 09:00:00,17.69,31.46,7.12,8.11,13.2,6.89,4.13,0.28,17.72,0.48,0.44,,,0.47,,31.05,81.3,0.72,261.78,0.0,0.0,242.23,727.18,0.36
2024-08-24 10:00:00,20.06,36.49,6.69,8.01,12.83,6.6,4.13,0.28,20.68,0.49,0.41,,,0.49,,31.8,73.06,0.73,256.66,0.0,0.0,283.19,727.06,0.83
2024-08-24 11:00:00,19.94,36.26,7.14,7.99,13.54,6.69,4.13,0.28,21.2,0.49,0.41,,,0.49,,31.8,71.04,0.7,259.54,0.0,0.0,164.02,725.04,0.83
2024-08-24 12:00:00,21.33,39.92,5.91,6.99,9.58,12.46,6.89,0.42,20.95,0.39,0.84,,,0.31,,31.92,67.18,0.75,257.03,0.0,0.0,151.26,721.72,0.83
2024-08-24 13:00:00,22.26,44.74,5.93,7.0,9.3,12.92,7.16,0.43,19.23,0.38,0.88,,,0.29,,32.12,64.91,0.74,256.68,0.0,0.0,168.55,718.66,0.83
2024-08-24 14:00:00,22.77,47.71,6.03,6.91,9.24,12.5,7.16,0.43,20.28,0.38,0.88,,,0.29,,32.38,63.83,0.74,256.47,0.0,0.0,158.86,715.79,0.83
2024-08-24 15:00:00,22.17,44.3,5.91,6.94,8.93,12.76,7.16,0.43,19.02,0.38,0.88,,,0.29,,32.32,63.53,0.77,260.02,0.0,0.0,83.94,713.09,0.83
2024-08-24 16:00:00,22.28,44.93,6.06,7.0,8.94,12.59,7.16,0.43,17.35,0.38,0.88,,,0.29,,31.9,70.58,0.71,266.18,0.0,0.0,43.06,714.08,0.84
2024-08-24 17:00:00,22.4,45.62,5.97,7.04,9.07,12.97,7.16,0.43,16.51,0.38,0.88,,,0.29,,31.75,69.19,0.75,259.35,0.0,0.0,14.13,715.85,0.84
2024-08-24 18:00:00,24.39,56.95,6.08,7.04,9.06,12.58,7.16,0.43,27.35,0.38,0.88,,,0.29,,31.8,62.83,0.74,260.76,0.0,0.0,1.97,718.32,0.83
2024-08-24 19:00:00,26.06,66.48,6.08,7.03,8.72,12.57,7.16,0.43,15.56,0.38,0.88,,,0.29,,31.58,62.73,0.75,261.02,0.0,0.0,1.04,720.28,0.83
2024-08-24 20:00:00,28.6,59.3,6.1,6.87,8.95,12.5,6.54,0.43,15.55,0.36,0.7,,,0.29,,31.24,66.06,0.74,266.56,0.0,0.0,1.32,723.32,0.66
2024-08-24 21:00:00,33.54,58.9,6.01,6.85,8.36,13.25,5.72,0.43,15.42,0.34,0.47,,,0.28,,30.91,68.22,0.74,267.44,0.0,0.0,0.89,724.72,0.44
2024-08-24 22:00:00,32.92,55.38,6.13,7.07,9.04,12.29,5.72,0.43,15.46,0.34,0.47,,,0.28,,30.95,67.71,0.74,259.48,0.0,0.0,1.06,725.45,0.44
2024-08-24 23:00:00,32.57,53.36,5.85,7.06,9.08,12.59,5.72,0.43,16.08,0.34,0.47,,,0.28,,30.86,68.5,0.75,258.6,0.0,0.0,0.96,725.18,0.43
2024-08-25 00:00:00,32.36,52.16,6.23,6.91,9.28,12.68,5.72,0.43,18.86,0.34,0.47,,,0.28,,30.87,68.14,0.76,259.66,0.0,0.0,0.97,724.41,0.43
2024-08-25 01:00:00,32.24,51.44,6.08,7.02,8.99,12.44,5.72,0.43,17.11,0.34,0.47,,,0.28,,30.51,71.01,0.75,256.75,0.0,0.0,0.94,722.81,0.43
2024-08-25 02:00:00,32.16,50.98,5.94,6.91,9.32,13.25,5.72,0.43,16.19,0.34,0.47,,,0.28,,29.96,75.9,0.72,268.58,0.0,0.0,1.19,721.08,0.44
2024-08-25 03:00:00,32.2,51.27,5.74,6.74,9.14,13.07,5.72,0.43,15.58,0.34,0.47,,,0.28,,29.55,79.69,0.69,279.65,0.0,0.0,0.92,720.27,0.44
2024-08-25 04:00:00,32.28,51.7,5.88,7.06,9.21,12.57,5.72,0.43,15.16,0.34,0.47,,,0.28,,29.71,76.64,0.72,259.05,0.0,0.0,0.8,719.96,0.44
2024-08-25 05:00:00,32.45,52.64,6.4,7.02,8.91,12.68,5.72,0.43,15.34,0.34,0.47,,,0.28,,29.67,76.1,0.75,256.82,0.0,0.0,1.54,721.16,0.44
2024-08-25 06:00:00,32.64,53.78,6.23,7.03,9.17,12.2,5.72,0.43,15.51,0.34,0.47,,,0.28,,29.52,78.06,0.76,261.94,0.0,0.0,22.56,722.34,0.44
2024-08-25 07:00:00,31.29,50.76,6.33,6.98,8.76,12.02,6.15,0.43,15.89,0.34,0.46,,,0.28,,30.08,74.15,0.74,261.86,0.0,0.0,108.89,724.61,0.46
2024-08-25 08:00:00,27.54,43.58,6.37,7.08,9.06,12.2,7.46,0.43,17.03,0.36,0.45,,,0.26,,30.45,72.38,0.72,259.42,0.0,0.0,143.01,725.55,0.53
2024-08-25 09:00:00,27.45,43.1,6.08,7.04,8.9,12.52,7.46,0.43,17.16,0.36,0.45,,,0.26,,31.44,68.09,0.74,258.19,0.0,0.0,441.84,724.32,0.53
2024-08-25 10:00:00,27.38,42.69,6.01,7.02,8.84,13.04,7.46,0.43,20.49,0.36,0.45,,,0.26,,31.77,65.31,0.73,260.5,0.0,0.0,335.32,724.0,0.53
2024-08-25 11:00:00,27.45,43.09,5.74,7.0,8.95,11.99,7.46,0.43,20.6,0.36,0.45,,,0.26,,32.1,64.84,0.7,251.55,0.0,0.0,207.08,722.47,0.53
2024-08-25 12:00:00,27.81,45.14,6.13,6.91,8.99,12.64,7.46,0.43,19.75,0.36,0.45,,,0.26,,32.23,63.6,0.72,257.4,0.0,0.0,197.13,719.7,0.53
2024-08-25 13:00:00,28.17,47.24,5.98,6.91,9.32,12.86,7.46,0.43,19.15,0.36,0.45,,,0.26,,32.13,66.97,0.54,295.61,0.0,0.0,101.22,716.65,0.54
2024-08-25 14:00:00,28.16,47.2,6.26,6.88,8.93,12.41,7.46,0.43,17.58,0.36,0.45,,,0.26,,32.7,62.54,0.58,301.68,0.0,0.0,127.58,714.48,0.53
2024-08-25 15:00:00,27.9,45.65,6.06,6.92,9.02,12.16,7.46,0.43,19.92,0.36,0.45,,,0.26,,33.33,59.34,0.58,295.53,0.0,0.0,98.62,712.08,0.53
2024-08-25 16:00:00,27.74,44.79,6.22,6.92,8.93,12.87,7.46,0.43,19.45,0.36,0.45,,,0.26,,33.46,58.3,0.68,286.95,0.0,0.0,72.33,710.98,0.53
2024-08-25 17:00:00,27.84,45.34,5.94,6.9,9.07,12.71,7.46,0.43,18.34,0.36,0.45,,,0.26,,33.21,60.1,0.64,277.08,0.0,0.0,34.3,710.83,0.54
2024-08-25 18:00:00,28.08,46.69,6.38,7.0,8.95,12.45,7.46,0.43,17.21,0.36,0.45,,,0.26,,32.94,57.36,0.76,260.92,0.0,0.0,3.4,711.58,0.54
2024-08-25 19:00:00,28.79,50.21,5.57,7.0,9.02,12.71,7.1,0.43,17.1,0.36,0.44,,,0.26,,32.74,57.56,0.72,248.16,0.0,0.0,0.95,714.39,0.53
2024-08-25 20:00:00,30.87,57.67,6.06,6.82,8.86,12.67,4.13,0.43,19.27,0.37,0.41,,,0.24,,31.48,74.34,0.55,219.71,0.0,0.0,1.68,716.52,0.44
2024-08-25 21:00:00,30.34,54.68,5.89,7.07,9.06,12.57,4.13,0.43,18.13,0.37,0.41,,,0.24,,30.94,79.04,0.6,237.11,0.0,0.0,1.08,717.74,0.44
2024-08-25 22:00:00,29.98,52.58,5.92,6.93,9.13,12.04,4.13,0.43,17.38,0.37,0.41,,,0.24,,30.98,78.07,0.68,247.64,0.0,0.0,0.89,718.99,0.44
2024-08-25 23:00:00,29.9,52.18,5.89,6.98,8.86,12.45,4.13,0.43,17.78,0.37,0.41,,,0.24,,31.26,69.25,0.61,259.1,0.0,0.0,1.16,718.52,0.43
2024-08-26 00:00:00,29.95,52.42,6.16,6.92,8.45,13.07,4.13,0.43,17.94,0.37,0.41,,,0.24,,31.0,68.63,0.73,255.45,0.0,0.0,1.13,716.49,0.43
2024-08-26 01:00:00,30.41,55.05,6.11,7.01,8.7,12.79,4.13,0.43,19.01,0.37,0.41,,,0.24,,30.83,68.31,0.74,257.07,0.0,0.0,1.12,714.7,0.43
2024-08-26 02:00:00,30.87,57.67,6.0,6.97,9.06,11.92,4.13,0.43,17.64,0.37,0.41,,,0.24,,30.61,68.67,0.75,259.57,0.0,0.0,1.05,712.68,0.43
2024-08-26 03:00:00,30.31,54.48,5.68,7.07,9.0,12.45,4.13,0.43,17.59,0.37,0.41,,,0.24,,30.51,68.62,0.74,260.5,0.0,0.0,1.25,711.9,0.43
2024-08-26 04:00:00,29.94,52.39,5.63,7.08,9.5,11.7,4.13,0.43,16.88,0.37,0.41,,,0.24,,30.28,69.04,0.76,261.76,0.0,0.0,1.0,713.34,0.43
2024-08-26 05:00:00,29.7,50.98,6.04,6.95,9.04,12.96,4.13,0.43,16.98,0.37,0.41,,,0.24,,30.0,70.1,0.75,261.74,0.0,0.0,1.42,715.02,0.43
2024-08-26 06:00:00,29.52,49.99,5.65,7.02,9.29,12.32,4.13,0.43,16.02,0.37,0.41,,,0.24,,29.87,70.44,0.74,261.41,0.0,0.0,19.76,716.89,0.43
2024-08-26 07:00:00,21.0,37.33,6.06,6.94,8.89,12.68,6.43,0.43,18.02,0.36,0.39,,,0.26,,30.16,69.31,0.73,265.75,0.0,0.0,109.64,718.76,0.86
2024-08-26 08:00:00,19.9,36.64,5.96,6.95,8.86,12.69,6.79,0.43,16.72,0.36,0.39,,,0.27,,31.0,67.34,0.72,268.1,0.0,0.0,227.56,719.62,0.93
2024-08-26 09:00:00,19.62,35.09,6.17,7.02,9.16,13.02,6.79,0.43,18.35,0.36,0.39,,,0.27,,31.38,65.46,0.75,267.38,0.0,0.0,216.92,721.32,0.93
2024-08-26 10:00:00,19.45,34.12,6.23,7.15,8.96,11.98,6.79,0.43,20.58,0.36,0.39,,,0.27,,32.29,63.07,0.72,279.08,0.0,0.0,533.57,720.47,0.93
2024-08-26 11:00:00,19.58,34.87,5.94,6.96,9.13,13.02,6.79,0.43,21.39,0.36,0.39,,,0.27,,33.25,58.23,0.74,280.02,0.0,0.0,483.77,718.74,0.93
2024-08-26 12:00:00,19.74,35.78,6.02,7.14,9.14,12.65,6.79,0.43,22.66,0.36,0.39,,,0.27,,33.23,56.95,0.64,292.66,0.0,0.0,376.72,716.66,0.93
2024-08-26 13:00:00,20.44,39.73,6.01,6.91,8.98,12.18,6.79,0.43,29.2,0.36,0.39,,,0.27,,33.34,56.66,0.62,299.86,0.0,0.0,234.69,714.29,0.93
2024-08-26 14:00:00,21.69,46.89,6.08,7.11,9.17,12.29,6.79,0.43,17.41,0.36,0.39,,,0.27,,33.08,57.35,0.6,313.08,0.0,0.0,157.32,711.43,0.93
2024-08-26 15:00:00,21.78,47.45,5.73,7.13,8.52,12.53,6.79,0.43,15.74,0.36,0.39,,,0.27,,33.17,57.58,0.64,292.41,0.0,0.0,132.03,709.86,0.93
2024-08-26 16:00:00,21.57,46.23,5.9,6.89,9.1,12.39,6.79,0.43,19.03,0.36,0.39,,,0.27,,33.37,57.55,0.66,292.91,0.0,0.0,86.03,707.81,0.94
2024-08-26 17:00:00,21.42,45.38,6.21,7.04,8.74,12.3,6.79,0.43,19.26,0.36,0.39,,,0.27,,33.11,59.71,0.62,285.35,0.0,0.0,41.06,708.64,0.94
2024-08-26 18:00:00,21.17,43.94,6.1,7.07,9.22,12.66,6.79,0.43,18.32,0.36,0.39,,,0.27,,32.55,62.66,0.46,246.54,0.0,0.0,4.72,710.96,0.94
2024-08-26 19:00:00,21.23,44.27,5.68,7.01,9.07,12.32,6.79,0.43,15.36,0.36,0.39,,,0.27,,32.06,65.92,0.39,205.5,0.0,0.0,0.82,712.99,0.94
2024-08-26 20:00:00,21.28,44.57,5.74,6.97,8.93,11.98,6.79,0.43,15.02,0.36,0.39,,,0.27,,31.88,68.66,0.61,267.58,0.0,0.0,0.86,715.8,0.94
2024-08-26 21:00:00,21.03,43.12,5.87,7.01,9.21,12.79,6.79,0.43,14.97,0.36,0.39,,,0.27,,31.84,63.74,0.74,269.78,0.0,0.0,0.66,718.34,0.94
2024-08-26 22:00:00,20.75,41.52,6.06,6.9,9.01,13.12,6.79,0.43,14.47,0.36,0.39,,,0.27,,31.92,61.3,0.74,276.14,0.0,0.0,1.0,719.15,0.94
2024-08-26 23:00:00,20.57,40.5,6.09,6.87,8.83,12.74,6.79,0.43,16.11,0.36,0.39,,,0.27,,31.86,61.14,0.74,269.75,0.0,0.0,0.68,719.0,0.94
2024-08-27 00:00:00,20.55,40.4,6.06,6.9,9.18,12.22,6.79,0.43,16.94,0.36,0.39,,,0.27,,32.08,59.29,0.76,259.52,0.0,0.0,0.98,718.28,0.93
2024-08-27 01:00:00,20.29,38.91,5.91,7.09,8.88,13.04,6.79,0.43,18.48,0.36,0.39,,,0.27,,31.38,65.2,0.72,255.26,0.0,0.0,1.13,718.22,0.94
2024-08-27 02:00:00,20.18,38.27,6.03,7.11,9.21,12.7,6.79,0.43,17.06,0.36,0.39,,,0.27,,31.17,63.83,0.76,261.52,0.0,0.0,0.92,716.88,0.93
2024-08-27 03:00:00,19.93,36.84,5.8,6.97,9.16,13.05,6.79,0.43,17.01,0.36,0.39,,,0.27,,30.86,64.6,0.75,266.56,0.0,0.0,1.15,716.2,0.94
2024-08-27 04:00:00,19.8,36.13,6.07,6.88,8.32,12.11,6.79,0.43,15.7,0.36,0.39,,,0.27,,30.15,69.66,0.42,233.51,0.0,0.0,0.9,716.27,0.94
2024-08-27 05:00:00,19.63,35.13,5.69,6.9,9.02,12.56,6.79,0.43,15.15,0.36,0.39,,,0.27,,29.98,71.83,0.59,254.34,0.0,0.0,1.11,718.71,0.94
2024-08-27 06:00:00,19.54,34.59,5.96,7.02,8.8,12.8,6.79,0.43,14.8,0.36,0.39,,,0.27,,29.89,73.66,0.59,215.98,0.0,0.0,12.37,721.5,0.94
2024-08-27 07:00:00,21.08,40.83,5.94,7.04,9.32,11.95,5.89,0.43,19.49,0.35,0.38,,,0.26,,30.25,74.44,0.76,261.27,0.0,0.0,99.25,723.18,0.78
2024-08-27 08:00:00,24.91,55.09,6.37,7.09,8.96,12.72,3.27,0.43,14.13,0.33,0.37,,,0.23,,31.5,68.81,0.75,272.04,0.0,0.0,344.62,724.46,0.33
2024-08-27 09:00:00,24.56,53.14,6.02,6.96,9.64,12.63,3.27,0.43,17.64,0.33,0.37,,,0.23,,32.57,62.71,0.73,281.61,0.0,0.0,561.6,725.76,0.33
2024-08-27 10:00:00,24.33,51.77,6.03,6.91,8.78,12.61,3.27,0.43,20.26,0.33,0.37,,,0.23,,33.27,58.57,0.68,289.01,0.0,0.0,583.59,725.27,0.33
2024-08-27 11:00:00,24.26,51.41,6.04,7.04,9.14,12.43,3.27,0.43,20.4,0.33,0.37,,,0.23,,33.87,55.02,0.65,303.94,0.0,0.0,398.33,723.18,0.33
2024-08-27 12:00:00,24.26,51.38,6.26,7.12,9.73,12.9,3.27,0.43,21.76,0.33,0.37,,,0.23,,34.43,53.02,0.7,285.64,0.0,0.0,544.7,720.27,0.33
2024-08-27 13:00:00,24.32,51.74,6.2,7.0,8.7,12.72,3.27,0.43,23.16,0.33,0.37,,,0.23,,34.44,53.86,0.66,298.32,0.0,0.0,228.06,718.42,0.33
2024-08-27 14:00:00,25.09,56.14,6.06,7.06,8.79,12.67,3.27,0.43,20.58,0.33,0.37,,,0.23,,34.53,52.42,0.62,309.69,0.0,0.0,131.6,715.91,0.33
2024-08-27 15:00:00,25.6,59.08,5.89,7.16,8.82,13.03,3.27,0.43,21.23,0.33,0.37,,,0.23,,34.57,52.09,0.58,320.12,0.0,0.0,95.26,714.3,0.34
2024-08-27 16:00:00,25.44,58.14,5.74,6.92,9.01,12.43,3.27,0.43,21.96,0.33,0.37,,,0.23,,34.15,54.58,0.67,258.46,0.0,0.0,55.05,713.0,0.34
2024-08-27 17:00:00,25.52,58.63,6.11,7.02,9.43,12.52,3.27,0.43,21.74,0.33,0.37,,,0.23,,33.58,57.11,0.68,265.47,0.0,0.0,29.77,714.26,0.34
2024-08-27 18:00:00,25.52,58.63,5.93,6.81,8.85,12.75,3.27,0.43,19.12,0.33,0.37,,,0.23,,33.04,59.52,0.61,116.92,0.0,0.0,4.42,716.76,0.34
2024-08-27 19:00:00,25.56,58.85,6.0,6.95,9.33,12.71,3.27,0.43,25.91,0.33,0.37,,,0.23,,32.54,64.91,0.68,68.79,0.0,0.0,1.03,720.87,0.34
2024-08-27 20:00:00,21.64,49.11,6.14,6.93,8.76,12.62,4.18,0.43,16.08,0.32,0.38,,,0.27,,32.18,68.0,0.53,168.36,0.0,0.0,0.79,723.84,0.64
2024-08-27 21:00:00,19.26,43.6,6.12,6.97,9.24,13.22,4.77,0.43,15.76,0.32,0.39,,,0.29,,32.24,68.96,0.55,217.51,0.0,0.0,1.19,725.89,0.84
2024-08-27 22:00:00,19.13,42.86,6.08,7.04,9.25,12.9,4.77,0.43,15.46,0.32,0.39,,,0.29,,31.98,69.4,0.72,272.14,0.0,0.0,1.42,727.25,0.84
2024-08-27 23:00:00,19.07,42.49,6.29,7.04,8.76,12.54,4.77,0.43,16.77,0.32,0.39,,,0.29,,31.76,62.71,0.74,274.34,0.0,0.0,1.46,727.12,0.83
2024-08-28 00:00:00,18.75,40.67,5.84,7.07,8.8,12.49,4.77,0.43,17.86,0.32,0.39,,,0.29,,31.03,66.88,0.74,276.12,0.0,0.0,1.56,725.79,0.83
2024-08-28 01:00:00,18.48,39.12,5.93,7.18,9.37,12.84,4.77,0.43,17.88,0.32,0.39,,,0.29,,30.27,72.15,0.74,273.97,0.0,0.0,1.37,722.88,0.83
2024-08-28 02:00:00,18.43,38.87,6.15,6.96,9.12,11.76,4.77,0.43,16.47,0.32,0.39,,,0.29,,30.0,74.36,0.69,276.24,0.0,0.0,0.85,721.46,0.84
2024-08-28 03:00:00,18.43,38.82,5.9,7.09,9.04,12.6,4.77,0.43,17.3,0.32,0.39,,,0.29,,30.13,72.08,0.7,279.13,0.0,0.0,1.18,720.4,0.84
2024-08-28 04:00:00,18.12,37.06,5.7,7.05,9.47,12.3,4.77,0.43,17.14,0.32,0.39,,,0.29,,29.88,72.22,0.72,279.6,0.0,0.0,1.21,719.76,0.83
2024-08-28 05:00:00,17.9,35.77,6.19,6.94,9.18,11.86,4.77,0.43,16.7,0.32,0.39,,,0.29,,29.48,74.69,0.73,268.81,0.0,0.0,1.56,720.8,0.84
2024-08-28 06:00:00,17.74,34.91,6.25,7.05,9.03,12.37,4.77,0.43,15.96,0.32,0.39,,,0.29,,29.6,73.82,0.7,262.97,0.0,0.0,21.27,723.43,0.84
2024-08-28 07:00:00,18.99,40.69,5.78,7.0,9.47,12.0,4.53,0.43,17.83,0.32,0.38,,,0.29,,29.91,74.01,0.69,276.83,0.0,0.0,90.53,726.26,0.86
2024-08-28 08:00:00,23.2,60.92,5.75,6.97,9.14,12.96,3.86,0.43,15.48,0.31,0.34,,,0.28,,30.77,70.03,0.68,283.04,0.0,0.0,240.4,727.36,0.93
2024-08-28 09:00:00,23.8,64.34,6.1,7.11,8.89,12.64,3.86,0.43,15.99,0.31,0.34,,,0.28,,31.38,68.12,0.74,272.87,0.0,0.0,338.7,728.08,0.93
2024-08-28 10:00:00,23.15,60.6,6.06,6.91,9.04,12.67,3.86,0.43,17.7,0.31,0.34,,,0.28,,31.94,63.56,0.74,277.78,0.0,0.0,256.34,727.54,0.93
2024-08-28 11:00:00,22.74,58.3,5.75,6.91,8.78,12.41,3.86,0.43,18.44,0.31,0.34,,,0.28,,32.52,60.4,0.66,293.62,0.0,0.0,276.69,725.96,0.93
2024-08-28 12:00:00,22.48,56.82,6.05,7.0,8.48,13.26,3.86,0.43,18.19,0.31,0.34,,,0.28,,32.87,59.24,0.68,291.82,0.0,0.0,268.85,722.8,0.93
2024-08-28 13:00:00,22.41,56.4,5.96,7.02,8.96,12.4,3.86,0.43,18.42,0.31,0.34,,,0.28,,33.19,59.84,0.63,320.3,0.0,0.0,243.6,719.98,0.94
2024-08-28 14:00:00,22.89,59.14,6.07,7.1,9.12,12.35,3.86,0.43,20.29,0.31,0.34,,,0.28,,32.75,61.7,0.67,264.23,0.0,0.0,155.55,717.75,0.94
2024-08-28 15:00:00,23.23,61.08,6.15,7.04,9.48,13.09,3.86,0.43,20.14,0.31,0.34,,,0.28,,32.97,59.9,0.62,308.06,0.0,0.0,130.13,714.35,0.94
2024-08-28 16:00:00,22.83,58.78,6.04,7.08,9.35,12.68,3.86,0.43,22.14,0.31,0.34,,,0.28,,33.24,58.36,0.66,292.86,0.0,0.0,100.82,712.46,0.93
2024-08-28 17:00:00,22.54,57.11,5.67,6.84,9.18,12.48,3.86,0.43,19.72,0.31,0.34,,,0.28,,32.99,57.54,0.68,293.09,0.0,0.0,44.79,712.32,0.93
2024-08-28 18:00:00,22.52,57.02,6.29,7.04,9.15,12.22,3.86,0.43,19.29,0.31,0.34,,,0.28,,32.67,57.52,0.6,307.06,0.0,0.0,4.14,715.15,0.94
2024-08-28 19:00:00,22.84,58.85,6.04,7.04,9.11,12.95,3.86,0.43,17.08,0.31,0.34,,,0.28,,32.29,60.31,0.52,300.53,0.0,0.0,1.3,717.51,0.94
2024-08-28 20:00:00,24.35,67.45,6.04,7.04,8.81,12.76,3.86,0.43,15.93,0.31,0.34,,,0.28,,31.98,63.79,0.71,262.99,0.0,0.0,1.21,719.68,0.94
2024-08-28 21:00:00,25.29,72.86,5.72,7.04,8.58,12.93,3.86,0.43,15.62,0.31,0.34,,,0.28,,31.56,69.2,0.7,276.58,0.0,0.0,1.28,721.16,0.94
2024-08-28 22:00:00,23.91,64.95,5.99,7.02,8.74,12.8,3.86,0.43,16.07,0.31,0.34,,,0.28,,31.55,67.66,0.76,262.48,0.0,0.0,1.3,720.75,0.94
2024-08-28 23:00:00,23.11,60.4,6.1,6.96,8.8,12.87,3.86,0.43,15.85,0.31,0.34,,,0.28,,31.28,69.99,0.77,264.56,0.0,0.0,1.31,720.04,0.94
2024-08-29 00:00:00,22.64,57.7,6.14,7.03,9.26,12.68,3.86,0.43,17.26,0.31,0.34,,,0.28,,31.32,66.8,0.77,260.05,0.0,0.0,1.26,718.83,0.94
2024-08-29 01:00:00,22.36,56.07,5.63,6.97,8.75,12.6,3.86,0.43,18.14,0.31,0.34,,,0.28,,30.76,70.11,0.76,264.83,0.0,0.0,1.24,716.11,0.94
2024-08-29 02:00:00,23.3,61.46,5.96,6.97,8.96,12.4,3.86,0.43,17.58,0.31,0.34,,,0.28,,30.17,75.69,0.75,264.8,0.0,0.0,0.86,714.24,0.94
2024-08-29 03:00:00,24.25,66.87,5.84,7.07,9.14,12.95,3.86,0.43,17.26,0.31,0.34,,,0.28,,29.9,78.71,0.75,269.55,0.0,0.0,1.25,712.24,0.94
2024-08-29 04:00:00,23.4,62.03,5.76,6.99,8.88,11.66,3.86,0.43,16.86,0.31,0.34,,,0.28,,29.86,77.89,0.57,294.03,0.0,0.0,1.12,712.08,0.94
2024-08-29 05:00:00,22.88,59.04,5.91,7.08,9.43,12.44,3.86,0.43,16.8,0.31,0.34,,,0.28,,29.92,76.42,0.7,278.0,0.0,0.0,1.36,712.73,0.94
2024-08-29 06:00:00,22.54,57.12,5.99,7.14,9.14,12.94,3.86,0.43,17.08,0.31,0.34,,,0.28,,30.1,73.58,0.68,291.31,0.0,0.0,26.34,714.84,0.93
2024-08-29 07:00:00,23.56,62.96,5.48,7.16,9.1,13.37,3.86,0.43,17.56,0.31,0.34,,,0.28,,30.38,72.87,0.65,297.64,0.0,0.0,91.19,717.34,0.93
2024-08-29 08:00:00,24.62,68.99,5.93,7.04,8.65,12.73,3.86,0.43,18.54,0.31,0.34,,,0.28,,31.04,70.17,0.72,284.32,0.0,0.0,271.38,718.47,0.93
2024-08-29 09:00:00,24.0,65.45,6.23,6.96,8.59,13.08,3.86,0.43,16.64,0.31,0.34,,,0.28,,31.41,68.24,0.73,279.42,0.0,0.0,210.1,719.28,0.93
2024-08-29 10:00:00,24.0,65.45,5.72,7.04,8.69,12.94,3.86,0.43,15.69,0.31,0.34,,,0.28,,32.0,63.5,0.62,308.31,0.0,0.0,218.99,718.8,0.93
2024-08-29 11:00:00,24.0,65.45,6.26,6.93,8.74,12.84,3.86,0.43,17.31,0.31,0.34,,,0.28,,32.21,62.88,0.65,307.38,0.0,0.0,214.23,717.75,0.93
2024-08-29 12:00:00,24.0,65.45,5.97,7.1,8.38,12.75,3.86,0.43,20.08,0.31,0.34,,,0.28,,32.76,62.05,0.6,302.94,0.0,0.0,361.97,715.14,0.93
2024-08-29 13:00:00,24.0,65.45,6.07,6.9,8.86,12.21,3.86,0.43,21.62,0.31,0.34,,,0.28,,32.75,63.5,0.6,328.78,0.0,0.0,209.12,712.48,0.94
2024-08-29 14:00:00,24.0,65.45,6.13,6.94,9.54,13.0,3.86,0.43,22.76,0.31,0.34,,,0.28,,32.68,64.19,0.59,307.9,0.0,0.0,121.12,709.45,0.94
2024-08-29 15:00:00,23.35,61.76,6.02,6.93,8.82,12.6,3.86,0.43,22.08,0.31,0.34,,,0.28,,32.15,66.18,0.57,314.14,0.0,0.0,56.03,707.17,0.94
2024-08-29 16:00:00,22.88,59.06,6.12,7.08,9.06,11.56,3.86,0.43,20.59,0.31,0.34,,,0.28,,31.96,67.92,0.57,87.17,0.0,0.0,34.48,706.39,0.94
2024-08-29 17:00:00,22.55,57.18,5.88,7.09,9.1,12.89,3.86,0.43,20.46,0.31,0.34,,,0.28,,31.76,69.3,0.58,150.54,0.0,0.0,15.71,706.31,0.94
2024-08-29 18:00:00,22.56,57.25,6.05,7.03,8.67,12.99,3.86,0.43,18.76,0.31,0.34,,,0.28,,31.58,71.72,0.54,155.24,0.0,0.0,1.95,707.75,0.94
2024-08-29 19:00:00,23.32,61.58,6.12,6.93,8.76,12.95,3.86,0.43,18.51,0.31,0.34,,,0.28,,31.4,73.57,0.69,31.62,0.0,0.0,1.0,710.42,0.94
2024-08-29 20:00:00,23.34,61.67,6.0,6.87,8.94,12.88,3.86,0.43,19.29,0.31,0.34,,,0.28,,31.19,75.14,0.52,103.73,0.0,0.0,0.95,712.9,0.94
2024-08-29 21:00:00,23.74,63.98,5.88,7.0,8.87,12.63,3.86,0.43,16.23,0.31,0.34,,,0.28,,30.78,80.6,0.54,59.28,0.0,0.0,0.75,715.0,0.94
2024-08-29 22:00:00,23.4,62.06,5.51,6.9,9.26,12.9,3.86,0.43,17.47,0.31,0.34,,,0.28,,28.82,90.25,0.52,223.52,0.0,0.0,2.9,716.54,0.93
2024-08-29 23:00:00,23.34,61.67,5.8,6.94,8.66,12.96,3.86,0.43,18.07,0.31,0.34,,,0.28,,27.48,99.42,0.54,287.7,0.0,0.0,0.9,715.28,0.94
2024-08-30 00:00:00,23.8,64.31,6.35,6.92,8.94,12.82,3.86,0.43,17.62,0.31,0.34,,,0.28,,27.51,99.52,0.4,345.26,0.0,0.0,1.27,714.89,0.94
2024-08-30 01:00:00,23.56,62.93,6.0,6.96,8.98,12.81,3.86,0.43,18.26,0.31,0.34,,,0.28,,27.07,98.21,0.57,335.48,0.0,0.0,1.42,713.91,0.94
2024-08-30 02:00:00,23.48,62.48,6.13,7.01,9.16,12.82,3.86,0.43,23.79,0.31,0.34,,,0.28,,26.9,98.34,0.34,255.61,0.0,0.0,1.17,710.96,0.94
2024-08-30 03:00:00,23.22,61.02,6.06,6.97,9.12,12.44,3.86,0.43,19.55,0.31,0.34,,,0.28,,27.0,95.95,0.71,255.95,0.0,0.0,1.26,708.84,0.94
2024-08-30 04:00:00,22.79,58.55,5.86,7.04,8.97,12.02,3.86,0.43,17.46,0.31,0.34,,,0.28,,27.19,95.22,0.44,254.5,0.0,0.0,1.57,709.76,0.94
2024-08-30 05:00:00,22.48,56.82,5.97,7.02,8.89,12.52,3.86,0.43,17.04,0.31,0.34,,,0.28,,27.55,94.21,0.58,261.98,0.0,0.0,1.66,711.4,0.94
2024-08-30 06:00:00,22.28,55.61,5.7,6.99,8.78,12.07,3.86,0.43,16.86,0.31,0.34,,,0.28,,27.6,96.13,0.62,259.78,0.0,0.0,9.56,713.21,0.94
2024-08-30 07:00:00,22.15,54.89,5.94,6.96,8.88,12.2,3.86,0.43,14.66,0.31,0.34,,,0.28,,28.01,95.42,0.68,269.42,0.0,0.0,32.9,715.7,0.94
2024-08-30 08:00:00,22.2,55.18,6.21,7.02,9.3,12.2,3.86,0.43,21.48,0.31,0.34,,,0.28,,28.26,92.46,0.72,273.55,0.0,0.0,47.1,718.7,0.93
2024-08-30 09:00:00,22.26,55.54,6.03,7.09,8.85,12.73,3.86,0.43,13.31,0.31,0.34,,,0.28,,28.29,94.98,0.71,277.74,0.0,0.0,91.93,718.96,0.93
2024-08-30 10:00:00,22.12,54.68,5.79,7.09,9.08,12.54,3.88,0.43,17.16,0.31,0.34,,,0.28,,28.35,96.31,0.68,280.63,0.0,0.0,68.26,719.13,0.93
2024-08-30 11:00:00,18.81,34.46,5.95,6.93,8.52,12.11,5.24,0.43,16.97,0.32,0.36,,,0.29,,28.08,98.32,0.68,279.63,4.3,4.3,58.79,718.32,0.83
2024-08-30 12:00:00,19.07,35.94,6.11,7.02,8.74,12.99,5.24,0.43,16.91,0.32,0.36,,,0.29,,28.16,99.14,0.71,276.76,4.7,4.7,70.08,715.2,0.83
2024-08-30 13:00:00,19.37,37.65,5.96,7.0,8.91,12.28,5.24,0.43,17.58,0.32,0.36,,,0.29,,28.19,98.95,0.69,276.74,4.7,4.7,39.49,712.05,0.84
2024-08-30 14:00:00,19.73,39.73,6.02,6.92,8.7,12.75,5.24,0.43,21.03,0.32,0.36,,,0.29,,28.94,93.12,0.66,282.19,4.7,4.7,104.8,709.1,0.84
2024-08-30 15:00:00,19.82,40.25,5.97,7.18,8.82,13.16,5.24,0.43,13.38,0.32,0.36,,,0.29,,28.98,93.8,0.64,275.88,4.7,4.7,50.7,708.5,0.84
2024-08-30 16:00:00,19.84,40.34,5.93,7.1,8.9,12.42,5.24,0.43,18.17,0.32,0.36,,,0.29,,28.73,93.54,0.74,262.69,4.7,4.7,46.85,707.5,0.84
2024-08-30 17:00:00,19.81,40.13,5.84,7.02,8.88,12.64,5.24,0.43,16.34,0.32,0.36,,,0.29,,28.56,93.92,0.54,249.06,4.7,4.7,11.78,708.14,0.84
2024-08-30 18:00:00,19.9,40.69,5.99,6.94,9.4,12.48,5.24,0.43,15.44,0.32,0.36,,,0.29,,28.33,96.37,0.48,243.83,4.7,4.7,1.47,711.2,0.84
2024-08-30 19:00:00,20.06,41.56,6.39,7.08,8.65,12.88,5.24,0.43,15.14,0.32,0.36,,,0.29,,28.22,97.47,0.57,234.73,4.7,4.7,1.1,712.96,0.84
2024-08-30 20:00:00,19.58,38.83,5.9,6.99,8.64,12.02,5.24,0.43,16.71,0.32,0.36,,,0.29,,28.12,95.65,0.64,297.8,4.7,4.7,1.42,716.04,0.83
2024-08-30 21:00:00,19.4,37.8,5.89,7.09,8.37,12.72,5.24,0.43,18.74,0.32,0.36,,,0.29,,27.33,97.16,0.74,269.88,4.7,4.7,1.5,716.7,0.83
2024-08-30 22:00:00,19.31,37.34,5.9,7.08,9.0,13.14,5.24,0.43,18.85,0.32,0.36,,,0.29,,27.15,99.12,0.73,273.58,4.7,4.7,1.08,716.29,0.83
2024-08-30 23:00:00,19.26,36.99,6.08,7.06,9.18,12.85,5.24,0.43,17.77,0.32,0.36,,,0.29,,27.2,99.44,0.72,273.11,4.7,4.7,1.45,713.05,0.83
2024-08-31 00:00:00,19.68,39.41,6.17,7.0,9.08,13.07,5.24,0.43,17.76,0.32,0.36,,,0.29,,27.38,97.24,0.7,275.77,4.7,4.7,1.25,709.22,0.84
2024-08-31 01:00:00,19.83,40.3,6.15,6.98,9.36,12.66,5.24,0.43,17.16,0.32,0.36,,,0.29,,27.53,97.95,0.64,279.92,4.7,4.7,1.06,707.58,0.84
2024-08-31 02:00:00,19.54,38.63,5.74,6.99,9.22,12.87,5.24,0.43,19.83,0.32,0.36,,,0.29,,27.61,99.63,0.66,270.47,4.7,4.7,1.14,705.3,0.83
2024-08-31 03:00:00,19.36,37.58,6.32,7.08,9.2,12.28,5.24,0.43,17.12,0.32,0.36,,,0.29,,27.68,,0.68,260.47,4.7,4.7,1.23,704.63,0.83
2024-08-31 04:00:00,19.07,35.94,5.76,6.92,8.69,12.74,5.24,0.43,17.72,0.32,0.36,,,0.29,,27.5,,0.6,279.88,4.7,4.7,1.54,705.13,0.83
2024-08-31 05:00:00,18.95,35.23,5.91,6.98,9.02,12.2,5.24,0.43,18.44,0.32,0.36,,,0.29,,27.12,,0.68,211.72,4.7,4.7,1.45,706.15,0.83
2024-08-31 06:00:00,18.88,34.86,5.98,6.96,8.66,12.73,5.24,0.43,17.83,0.32,0.36,,,0.29,,26.78,,0.62,256.38,4.7,4.7,2.16,706.48,0.83
2024-08-31 07:00:00,18.73,34.02,6.02,6.94,8.92,12.92,5.24,0.43,18.19,0.32,0.36,,,0.29,,26.61,,0.62,266.35,4.7,4.7,3.7,708.56,0.83
2024-08-31 08:00:00,18.95,35.27,5.8,7.03,8.95,12.82,5.24,0.43,18.34,0.32,0.36,,,0.29,,26.68,,0.72,263.53,4.7,4.7,13.17,709.44,0.83
2024-08-31 09:00:00,19.19,36.62,6.18,6.98,8.86,12.57,5.24,0.43,18.42,0.32,0.36,,,0.29,,26.82,,0.72,262.42,4.7,4.7,11.78,707.97,0.83
2024-08-31 10:00:00,18.93,35.13,6.21,7.08,8.47,12.69,5.24,0.43,18.72,0.32,0.36,,,0.29,,27.06,,0.69,258.12,4.7,4.7,22.64,707.09,0.83
2024-08-31 11:00:00,17.68,32.82,6.15,7.03,8.87,12.85,6.18,0.43,19.2,0.31,0.35,,,0.28,,27.22,,0.74,252.9,6.68,6.68,37.7,704.68,0.77
2024-08-31 12:00:00,16.97,31.52,6.32,6.84,8.84,12.83,6.72,0.43,20.4,0.31,0.35,,,0.27,,27.27,,0.72,265.27,7.8,7.8,48.58,701.0,0.73
2024-08-31 13:00:00,17.08,32.14,6.02,6.96,9.12,13.34,6.72,0.43,17.43,0.31,0.35,,,0.27,,27.14,,0.52,217.68,7.8,7.8,9.0,,0.74
2024-08-31 14:00:00,17.2,32.78,5.84,7.06,9.43,12.96,6.72,0.43,17.62,0.31,0.35,,,0.27,,27.27,,0.33,282.92,7.8,7.8,15.9,,0.74
2024-08-31 15:00:00,17.32,33.48,5.85,6.94,8.7,13.4,6.72,0.43,20.5,0.31,0.35,,,0.27,,27.45,,0.69,281.88,7.8,7.8,23.73,,0.73
2024-08-31 16:00:00,17.46,34.28,6.04,7.15,8.79,12.45,6.72,0.43,18.42,0.31,0.35,,,0.27,,27.4,,0.72,270.86,7.8,7.8,16.59,,0.73
2024-08-31 17:00:00,17.24,33.02,6.15,7.02,9.08,12.34,6.72,0.43,19.72,0.31,0.35,,,0.27,,27.36,,0.73,273.15,7.8,7.8,16.8,,0.73
2024-08-31 18:00:00,17.12,32.34,6.15,6.86,9.26,12.58,6.72,0.43,20.18,0.31,0.35,,,0.27,,27.64,97.53,0.72,270.85,7.8,7.8,2.12,700.48,0.73
2024-08-31 19:00:00,17.01,31.74,5.9,6.94,8.88,12.64,6.72,0.43,16.15,0.31,0.35,,,0.27,,27.94,94.31,0.71,278.13,7.8,7.8,2.12,702.57,0.73
2024-08-31 20:00:00,17.18,32.7,6.1,7.1,8.86,12.84,6.72,0.43,17.28,0.31,0.35,,,0.27,,27.93,94.66,0.72,279.23,7.8,7.8,2.04,704.61,0.73
2024-08-31 21:00:00,17.64,35.36,5.82,6.98,9.21,12.9,6.72,0.43,18.38,0.31,0.35,,,0.27,,27.82,96.88,0.71,279.87,7.8,7.8,1.38,704.32,0.73
2024-08-31 22:00:00,17.71,35.71,5.94,7.0,8.61,12.35,6.72,0.43,18.12,0.31,0.35,,,0.27,,27.94,96.66,0.73,276.87,7.8,7.8,1.6,703.73,0.73
2024-08-31 23:00:00,17.41,33.98,6.0,7.0,8.81,13.25,6.72,0.43,18.75,0.31,0.35,,,0.27,,27.8,97.79,0.71,284.79,7.8,7.8,1.35,703.08,0.73
2024-09-01 00:00:00,17.21,32.83,5.96,6.88,9.08,13.16,6.72,0.43,17.92,0.31,0.35,,,0.27,,27.63,98.59,0.72,276.55,7.8,7.8,1.37,701.3,0.73
2024-09-01 01:00:00,17.08,32.08,6.13,7.06,8.9,12.18,6.72,0.43,18.96,0.31,0.35,,,0.27,,27.82,96.53,0.72,278.42,7.8,7.8,1.61,,0.73
2024-09-01 02:00:00,16.99,31.56,5.86,7.08,9.06,12.74,6.72,0.43,18.23,0.31,0.35,,,0.27,,27.85,96.14,0.71,279.68,7.8,7.8,1.28,,0.73
2024-09-01 03:00:00,17.28,33.27,6.24,6.97,8.97,12.57,6.72,0.43,20.76,0.31,0.35,,,0.27,,27.84,95.36,0.72,274.1,7.8,7.8,1.45,,0.73
2024-09-01 04:00:00,17.57,34.92,5.79,7.12,8.79,12.53,6.72,0.43,17.89,0.31,0.35,,,0.27,,27.9,94.06,0.72,278.36,7.8,7.8,1.75,,0.73
2024-09-01 05:00:00,17.3,33.34,5.9,6.93,8.57,13.52,6.72,0.43,17.27,0.31,0.35,,,0.27,,27.94,92.95,0.73,273.61,7.8,7.8,1.99,,0.73
2024-09-01 06:00:00,17.1,32.23,6.09,7.17,8.95,12.98,6.72,0.43,18.45,0.31,0.35,,,0.27,,28.18,89.98,0.74,262.43,7.8,7.8,15.73,,0.73
2024-09-01 07:00:00,16.96,31.46,5.8,6.85,9.21,13.04,6.72,0.43,17.37,0.31,0.35,,,0.27,,28.12,91.25,0.74,268.52,7.8,7.8,18.9,,0.73
2024-09-01 08:00:00,16.87,30.93,5.9,7.03,9.0,13.37,6.72,0.43,18.11,0.31,0.35,,,0.27,,28.44,89.11,0.73,268.61,7.8,7.8,24.3,701.06,0.73
2024-09-01 09:00:00,16.83,30.7,6.19,6.93,9.1,13.24,6.72,0.43,18.82,0.31,0.35,,,0.27,,28.5,87.65,0.73,270.7,7.8,5.85,32.89,703.22,0.73
2024-09-01 10:00:00,,,,,,,,,,,,,,,,,,,,,0.0,,,
2024-09-01 11:00:00,,,,,,,,,,,,,,,,,,,,,0.0,,,
2024-09-01 12:00:00,,,,,,,,,,,,,,,,,,,,,0.0,,,
2024-09-01 13:00:00,,,,,,,,,,,,,,,,,,,,,0.0,,,
2024-09-01 14:00:00,,,,,,,,,,,,,,,,,,,,,0.0,,,
2024-09-01 15:00:00,,,,,,,,,,,,,,,,,,,,,0.0,,,
2024-09-01 16:00:00,,,,,,,,,,,,,,,,,,,,,0.0,,,
2024-09-01 17:00:00,,,,,,,,,,,,,,,,,,,,,0.0,,,
2024-09-01 18:00:00,,,,,,,,,,,,,,,,,,,,,0.0,,,
2024-09-01 19:00:00,,,,,,,,,,,,,,,,,,,,,0.0,,,
2024-09-01 20:00:00,,,,,,,,,,,,,,,,,,,,,0.0,,,
2024-09-01 21:00:00,,,,,,,,,,,,,,,,,,,,,0.0,,,
2024-09-01 22:00:00,,,,,,,,,,,,,,,,,,,,,0.0,,,
2024-09-01 23:00:00,,,,,,,,,,,,,,,,,,,,,0.0,,,
2024-09-02 00:00:00,,,,,,,,,,,,,,,,,,,,,0.0,,,
2024-09-02 01:00:00,,,,,,,,,,,,,,,,,,,,,0.0,,,
2024-09-02 02:00:00,,,,,,,,,,,,,,,,,,,,,0.0,,,
2024-09-02 03:00:00,,,,,,,,,,,,,,,,,,,,,0.0,,,
2024-09-02 04:00:00,,,,,,,,,,,,,,,,,,,,,0.0,,,
2024-09-02 05:00:00,,,,,,,,,,,,,,,,,,,,,0.0,,,
2024-09-02 06:00:00,,,,,,,,,,,,,,,,,,,,,0.0,,,
2024-09-02 07:00:00,,,,,,,,,,,,,,,,,,,,,0.0,,,
2024-09-02 08:00:00,,,,,,,,,,,,,,,,,,,,,0.0,,,
2024-09-02 09:00:00,,,,,,,,,,,,,,,,,,,,,0.0,,,
2024-09-02 10:00:00,,,,,,,,,,,,,,,,,,,,,0.0,,,
2024-09-02 11:00:00,,,,,,,,,,,,,,,,,,,,,0.0,,,
2024-09-02 12:00:00,,,,,,,,,,,,,,,,,,,,,0.0,,,
2024-09-02 13:00:00,,,,,,,,,,,,,,,,,,,,,0.0,,,
2024-09-02 14:00:00,,,,,,,,,,,,,,,,,,,,,0.0,,,
2024-09-02 15:00:00,,,,,,,,,,,,,,,,,,,,,0.0,,,
2024-09-02 16:00:00,,,,,,,,,,,,,,,,,,,,,0.0,,,
2024-09-02 17:00:00,,,,,,,,,,,,,,,,,,,,,0.0,,,
2024-09-02 18:00:00,,,,,,,,,,,,,,,,,,,,,0.0,,,
2024-09-02 19:00:00,,,,,,,,,,,,,,,,,,,,,0.0,,,
2024-09-02 20:00:00,,,,,,,,,,,,,,,,,,,,,0.0,,,
2024-09-02 21:00:00,,,,,,,,,,,,,,,,,,,,,0.0,,,
2024-09-02 22:00:00,,,,,,,,,,,,,,,,,,,,,0.0,,,
2024-09-02 23:00:00,,,,,,,,,,,,,,,,,,,,,0.0,,,
2024-09-03 00:00:00,,,,,,,,,,,,,,,,,,,,,0.0,,,
2024-09-03 01:00:00,,,,,,,,,,,,,,,,,,,,,0.0,,,
2024-09-03 02:00:00,,,,,,,,,,,,,,,,,,,,,0.0,,,
2024-09-03 03:00:00,,,,,,,,,,,,,,,,,,,,,0.0,,,
2024-09-03 04:00:00,,,,,,,,,,,,,,,,,,,,,0.0,,,
2024-09-03 05:00:00,,,,,,,,,,,,,,,,,,,,,0.0,,,
2024-09-03 06:00:00,,,,,,,,,,,,,,,,,,,,,0.0,,,
2024-09-03 07:00:00,,,,,,,,,,,,,,,,,,,,,0.0,,,
2024-09-03 08:00:00,,,,,,,,,,,,,,,,,,,,,0.0,,,
2024-09-03 09:00:00,,,,,,,,,,,,,,,,,,,,,0.0,,,
2024-09-03 10:00:00,,,,,,,,,,,,,,,,,,,,,0.0,,,
2024-09-03 11:00:00,,,,,,,,,,,,,,,,,,,,,0.0,,,
2024-09-03 12:00:00,,,,,,,,,,,,,,,,,,,,,0.0,,,
2024-09-03 13:00:00,,,,,,,,,,,,,,,,,,,,,0.0,,,
2024-09-03 14:00:00,,,,,,,,,,,,,,,,,,,,,0.0,,,
2024-09-03 15:00:00,,,,,,,,,,,,,,,,,,,,,0.0,,,
2024-09-03 16:00:00,,,,,,,,,,,,,,,,,,,,,0.0,,,
2024-09-03 17:00:00,,,,,,,,,,,,,,,,,,,,,0.0,,,
2024-09-03 18:00:00,,,,,,,,,,,,,,,,,,,,,0.0,,,
2024-09-03 19:00:00,,,,,,,,,,,,,,,,,,,,,0.0,,,
2024-09-03 20:00:00,,,,,,,,,,,,,,,,,,,,,0.0,,,
2024-09-03 21:00:00,,,,,,,,,,,,,,,,,,,,,0.0,,,
2024-09-03 22:00:00,,,,,,,,,,,,,,,,,,,,,0.0,,,
2024-09-03 23:00:00,,,,,,,,,,,,,,,,,,,,,0.0,,,
2024-09-04 00:00:00,,,,,,,,,,,,,,,,,,,,,0.0,,,
2024-09-04 01:00:00,,,,,,,,,,,,,,,,,,,,,0.0,,,
2024-09-04 02:00:00,,,,,,,,,,,,,,,,,,,,,0.0,,,
2024-09-04 03:00:00,,,,,,,,,,,,,,,,,,,,,0.0,,,
2024-09-04 04:00:00,,,,,,,,,,,,,,,,,,,,,0.0,,,
2024-09-04 05:00:00,,,,,,,,,,,,,,,,,,,,,0.0,,,
2024-09-04 06:00:00,,,,,,,,,,,,,,,,,,,,,0.0,,,
2024-09-04 07:00:00,,,,,,,,,,,,,,,,,,,,,0.0,,,
2024-09-04 08:00:00,,,,,,,,,,,,,,,,,,,,,0.0,,,
2024-09-04 09:00:00,,,,,,,,,,,,,,,,,,,,,0.0,,,
2024-09-04 10:00:00,,,,,,,,,,,,,,,,,,,,,0.0,,,
2024-09-04 11:00:00,,,,,,,,,,,,,,,,,,,,,0.0,,,
2024-09-04 12:00:00,,,,,,,,,,,,,,,,,,,,,0.0,,,
2024-09-04 13:00:00,,,,,,,,,,,,,,,,,,,,,0.0,,,
2024-09-04 14:00:00,,,,,,,,,,,,,,,,,,,,,0.0,,,
2024-09-04 15:00:00,,,,,,,,,,,,,,,,,,,,,0.0,,,
2024-09-04 16:00:00,,,,,,,,,,,,,,,,,,,,,0.0,,,
2024-09-04 17:00:00,,,,,,,,,,,,,,,,,,,,,0.0,,,
2024-09-04 18:00:00,,,,,,,,,,,,,,,,,,,,,0.0,,,
2024-09-04 19:00:00,,,,,,,,,,,,,,,,,,,,,0.0,,,
2024-09-04 20:00:00,,,,,,,,,,,,,,,,,,,,,0.0,,,
2024-09-04 21:00:00,,,,,,,,,,,,,,,,,,,,,0.0,,,
2024-09-04 22:00:00,,,,,,,,,,,,,,,,,,,,,0.0,,,
2024-09-04 23:00:00,,,,,,,,,,,,,,,,,,,,,0.0,,,
2024-09-05 00:00:00,,,,,,,,,,,,,,,,,,,,,0.0,,,
2024-09-05 01:00:00,,,,,,,,,,,,,,,,,,,,,0.0,,,
2024-09-05 02:00:00,,,,,,,,,,,,,,,,,,,,,0.0,,,
2024-09-05 03:00:00,,,,,,,,,,,,,,,,,,,,,0.0,,,
2024-09-05 04:00:00,,,,,,,,,,,,,,,,,,,,,0.0,,,
2024-09-05 05:00:00,,,,,,,,,,,,,,,,,,,,,0.0,,,
2024-09-05 06:00:00,,,,,,,,,,,,,,,,,,,,,0.0,,,
2024-09-05 07:00:00,,,,,,,,,,,,,,,,,,,,,0.0,,,
2024-09-05 08:00:00,,,,,,,,,,,,,,,,,,,,,0.0,,,
2024-09-05 09:00:00,,,,,,,,,,,,,,,,,,,,,0.0,,,
2024-09-05 10:00:00,,,,,,,,,,,,,,,,,,,,,0.0,,,
2024-09-05 11:00:00,,,,,,,,,,,,,,,,,,,,,0.0,,,
2024-09-05 12:00:00,,,,,,,,,,,,,,,,,,,,,0.0,,,
2024-09-05 13:00:00,,,,,,,,,,,,,,,,,,,,,0.0,,,
2024-09-05 14:00:00,,,,,,,,,,,,,,,,,,,,,0.0,,,
2024-09-05 15:00:00,,,,,,,,,,,,,,,,,,,,,0.0,,,
2024-09-05 16:00:00,,,,,,,,,,,,,,,,,,,,,0.0,,,
2024-09-05 17:00:00,,,,,,,,,,,,,,,,,,,,,0.0,,,
2024-09-05 18:00:00,,,,,,,,,,,,,,,,,,,,,0.0,,,
2024-09-05 19:00:00,,,,,,,,,,,,,,,,,,,,,0.0,,,
2024-09-05 20:00:00,,,,,,,,,,,,,,,,,,,,,0.0,,,
2024-09-05 21:00:00,,,,,,,,,,,,,,,,,,,,,0.0,,,
2024-09-05 22:00:00,,,,,,,,,,,,,,,,,,,,,0.0,,,
2024-09-05 23:00:00,,,,,,,,,,,,,,,,,,,,,0.0,,,
2024-09-06 00:00:00,,,,,,,,,,,,,,,,,,,,,0.0,,,
2024-09-06 01:00:00,,,,,,,,,,,,,,,,,,,,,0.0,,,
2024-09-06 02:00:00,,,,,,,,,,,,,,,,,,,,,0.0,,,
2024-09-06 03:00:00,,,,,,,,,,,,,,,,,,,,,0.0,,,
2024-09-06 04:00:00,,,,,,,,,,,,,,,,,,,,,0.0,,,
2024-09-06 05:00:00,,,,,,,,,,,,,,,,,,,,,0.0,,,
2024-09-06 06:00:00,,,,,,,,,,,,,,,,,,,,,0.0,,,
2024-09-06 07:00:00,,,,,,,,,,,,,,,,,,,,,0.0,,,
2024-09-06 08:00:00,,,,,,,,,,,,,,,,,,,,,0.0,,,
2024-09-06 09:00:00,,,,,,,,,,,,,,,,,,,,,0.0,,,
2024-09-06 10:00:00,,,,,,,,,,,,,,,,,,,,,0.0,,,
2024-09-06 11:00:00,,,,,,,,,,,,,,,,,,,,,0.0,,,
2024-09-06 12:00:00,,,,,,,,,,,,,,,,,,,,,0.0,,,
2024-09-06 13:00:00,,,,,,,,,,,,,,,,,,,,,0.0,,,
2024-09-06 14:00:00,,,,,,,,,,,,,,,,,,,,,0.0,,,
2024-09-06 15:00:00,,,,,,,,,,,,,,,,,,,,,0.0,,,
2024-09-06 16:00:00,,,,,,,,,,,,,,,,,,,,,0.0,,,
2024-09-06 17:00:00,,,,,,,,,,,,,,,,,,,,,0.0,,,
2024-09-06 18:00:00,,,,,,,,,,,,,,,,,,,,,0.0,,,
2024-09-06 19:00:00,,,,,,,,,,,,,,,,,,,,,0.0,,,
2024-09-06 20:00:00,,,,,,,,,,,,,,,,,,,,,0.0,,,
2024-09-06 21:00:00,,,,,,,,,,,,,,,,,,,,,0.0,,,
2024-09-06 22:00:00,,,,,,,,,,,,,,,,,,,,,0.0,,,
2024-09-06 23:00:00,,,,,,,,,,,,,,,,,,,,,0.0,,,
2024-09-07 00:00:00,,,,,,,,,,,,,,,,,,,,,0.0,,,
2024-09-07 01:00:00,,,,,,,,,,,,,,,,,,,,,0.0,,,
2024-09-07 02:00:00,,,,,,,,,,,,,,,,,,,,,0.0,,,
2024-09-07 03:00:00,,,,,,,,,,,,,,,,,,,,,0.0,,,
2024-09-07 04:00:00,,,,,,,,,,,,,,,,,,,,,0.0,,,
2024-09-07 05:00:00,,,,,,,,,,,,,,,,,,,,,0.0,,,
2024-09-07 06:00:00,,,,,,,,,,,,,,,,,,,,,0.0,,,
2024-09-07 07:00:00,,,,,,,,,,,,,,,,,,,,,0.0,,,
2024-09-07 08:00:00,,,,,,,,,,,,,,,,,,,,,0.0,,,
2024-09-07 09:00:00,,,,,,,,,,,,,,,,,,,,,0.0,,,
2024-09-07 10:00:00,,,,,,,,,,,,,,,,,,,,,0.0,,,
2024-09-07 11:00:00,,,,,,,,,,,,,,,,,,,,,0.0,,,
2024-09-07 12:00:00,,,,,,,,,,,,,,,,,,,,,0.0,,,
2024-09-07 13:00:00,,,,,,,,,,,,,,,,,,,,,0.0,,,
2024-09-07 14:00:00,,,,,,,,,,,,,,,,,,,,,0.0,,,
2024-09-07 15:00:00,,,,,,,,,,,,,,,,,,,,,0.0,,,
2024-09-07 16:00:00,,,,,,,,,,,,,,,,,,,,,0.0,,,
2024-09-07 17:00:00,,,,,,,,,,,,,,,,,,,,,0.0,,,
2024-09-07 18:00:00,,,,,,,,,,,,,,,,,,,,,0.0,,,
2024-09-07 19:00:00,,,,,,,,,,,,,,,,,,,,,0.0,,,
2024-09-07 20:00:00,,,,,,,,,,,,,,,,,,,,,0.0,,,
2024-09-07 21:00:00,,,,,,,,,,,,,,,,,,,,,0.0,,,
2024-09-07 22:00:00,,,,,,,,,,,,,,,,,,,,,0.0,,,
2024-09-07 23:00:00,,,,,,,,,,,,,,,,,,,,,0.0,,,
2024-09-08 00:00:00,,,,,,,,,,,,,,,,,,,,,0.0,,,
2024-09-08 01:00:00,,,,,,,,,,,,,,,,,,,,,0.0,,,
2024-09-08 02:00:00,,,,,,,,,,,,,,,,,,,,,0.0,,,
2024-09-08 03:00:00,,,,,,,,,,,,,,,,,,,,,0.0,,,
2024-09-08 04:00:00,,,,,,,,,,,,,,,,,,,,,0.0,,,
2024-09-08 05:00:00,,,,,,,,,,,,,,,,,,,,,0.0,,,
2024-09-08 06:00:00,,,,,,,,,,,,,,,,,,,,,0.0,,,
2024-09-08 07:00:00,,,,,,,,,,,,,,,,,,,,,0.0,,,
2024-09-08 08:00:00,,,,,,,,,,,,,,,,,,,,,0.0,,,
2024-09-08 09:00:00,,,,,,,,,,,,,,,,,,,,,0.0,,,
2024-09-08 10:00:00,,,,,,,,,,,,,,,,,,,,,0.0,,,
2024-09-08 11:00:00,,,,,,,,,,,,,,,,,,,,,0.0,,,
2024-09-08 12:00:00,,,,,,,,,,,,,,,,,,,,,0.0,,,
2024-09-08 13:00:00,,,,,,,,,,,,,,,,,,,,,0.0,,,
2024-09-08 14:00:00,,,,,,,,,,,,,,,,,,,,,0.0,,,
2024-09-08 15:00:00,,,,,,,,,,,,,,,,,,,,,0.0,,,
2024-09-08 16:00:00,,,,,,,,,,,,,,,,,,,,,0.0,,,
2024-09-08 17:00:00,,,,,,,,,,,,,,,,,,,,,0.0,,,
2024-09-08 18:00:00,,,,,,,,,,,,,,,,,,,,,0.0,,,
2024-09-08 19:00:00,,,,,,,,,,,,,,,,,,,,,0.0,,,
2024-09-08 20:00:00,,,,,,,,,,,,,,,,,,,,,0.0,,,
2024-09-08 21:00:00,,,,,,,,,,,,,,,,,,,,,0.0,,,
2024-09-08 22:00:00,,,,,,,,,,,,,,,,,,,,,0.0,,,
2024-09-08 23:00:00,,,,,,,,,,,,,,,,,,,,,0.0,,,
2024-09-09 00:00:00,,,,,,,,,,,,,,,,,,,,,0.0,,,
2024-09-09 01:00:00,,,,,,,,,,,,,,,,,,,,,0.0,,,
2024-09-09 02:00:00,,,,,,,,,,,,,,,,,,,,,0.0,,,
2024-09-09 03:00:00,,,,,,,,,,,,,,,,,,,,,0.0,,,
2024-09-09 04:00:00,,,,,,,,,,,,,,,,,,,,,0.0,,,
2024-09-09 05:00:00,,,,,,,,,,,,,,,,,,,,,0.0,,,
2024-09-09 06:00:00,,,,,,,,,,,,,,,,,,,,,0.0,,,
2024-09-09 07:00:00,,,,,,,,,,,,,,,,,,,,,0.0,,,
2024-09-09 08:00:00,,,,,,,,,,,,,,,,,,,,,0.0,,,
2024-09-09 09:00:00,,,,,,,,,,,,,,,,,,,,,0.0,,,
2024-09-09 10:00:00,,,,,,,,,,,,,,,,,,,,,0.0,,,
2024-09-09 11:00:00,,,,,,,,,,,,,,,,,,,,,0.0,,,
2024-09-09 12:00:00,,,,,,,,,,,,,,,,,,,,,0.0,,,
2024-09-09 13:00:00,,,,,,,,,,,,,,,,,,,,,0.0,,,
2024-09-09 14:00:00,,,,,,,,,,,,,,,,,,,,,0.0,,,
2024-09-09 15:00:00,,,,,,,,,,,,,,,,,,,,,0.0,,,
2024-09-09 16:00:00,,,,,,,,,,,,,,,,,,,,,0.0,,,
2024-09-09 17:00:00,,,,,,,,,,,,,,,,,,,,,0.0,,,
2024-09-09 18:00:00,,,,,,,,,,,,,,,,,,,,,0.0,,,
2024-09-09 19:00:00,,,,,,,,,,,,,,,,,,,,,0.0,,,
2024-09-09 20:00:00,,,,,,,,,,,,,,,,,,,,,0.0,,,
2024-09-09 21:00:00,,,,,,,,,,,,,,,,,,,,,0.0,,,
2024-09-09 22:00:00,,,,,,,,,,,,,,,,,,,,,0.0,,,
2024-09-09 23:00:00,,,,,,,,,,,,,,,,,,,,,0.0,,,
2024-09-10 00:00:00,,,,,,,,,,,,,,,,,,,,,0.0,,,
2024-09-10 01:00:00,,,,,,,,,,,,,,,,,,,,,0.0,,,
2024-09-10 02:00:00,,,,,,,,,,,,,,,,,,,,,0.0,,,
2024-09-10 03:00:00,,,,,,,,,,,,,,,,,,,,,0.0,,,
2024-09-10 04:00:00,,,,,,,,,,,,,,,,,,,,,0.0,,,
2024-09-10 05:00:00,,,,,,,,,,,,,,,,,,,,,0.0,,,
2024-09-10 06:00:00,,,,,,,,,,,,,,,,,,,,,0.0,,,
2024-09-10 07:00:00,,,,,,,,,,,,,,,,,,,,,0.0,,,
2024-09-10 08:00:00,,,,,,,,,,,,,,,,,,,,,0.0,,,
2024-09-10 09:00:00,,,,,,,,,,,,,,,,,,,,,0.0,,,
2024-09-10 10:00:00,,,,,,,,,,,,,,,,,,,,,0.0,,,
2024-09-10 11:00:00,,,,,,,,,,,,,,,,,,,,,0.0,,,
2024-09-10 12:00:00,,,,,,,,,,,,,,,,,,,,,0.0,,,
2024-09-10 13:00:00,,,,,,,,,,,,,,,,,,,,,0.0,,,
2024-09-10 14:00:00,,,,,,,,,,,,,,,,,,,,,0.0,,,
2024-09-10 15:00:00,,,,,,,,,,,,,,,,,,,,,0.0,,,
2024-09-10 16:00:00,,,,,,,,,,,,,,,,,,,,,0.0,,,
2024-09-10 17:00:00,,,,,,,,,,,,,,,,,,,,,0.0,,,
2024-09-10 18:00:00,,,,,,,,,,,,,,,,,,,,,0.0,,,
2024-09-10 19:00:00,,,,,,,,,,,,,,,,,,,,,0.0,,,
2024-09-10 20:00:00,,,,,,,,,,,,,,,,,,,,,0.0,,,
2024-09-10 21:00:00,,,,,,,,,,,,,,,,,,,,,0.0,,,
2024-09-10 22:00:00,,,,,,,,,,,,,,,,,,,,,0.0,,,
2024-09-10 23:00:00,,,,,,,,,,,,,,,,,,,,,0.0,,,
2024-09-11 00:00:00,,,,,,,,,,,,,,,,,,,,,0.0,,,
2024-09-11 01:00:00,,,,,,,,,,,,,,,,,,,,,0.0,,,
2024-09-11 02:00:00,,,,,,,,,,,,,,,,,,,,,0.0,,,
2024-09-11 03:00:00,,,,,,,,,,,,,,,,,,,,,0.0,,,
2024-09-11 04:00:00,,,,,,,,,,,,,,,,,,,,,0.0,,,
2024-09-11 05:00:00,,,,,,,,,,,,,,,,,,,,,0.0,,,
2024-09-11 06:00:00,,,,,,,,,,,,,,,,,,,,,0.0,,,
2024-09-11 07:00:00,,,,,,,,,,,,,,,,,,,,,0.0,,,
2024-09-11 08:00:00,,,,,,,,,,,,,,,,,,,,,0.0,,,
2024-09-11 09:00:00,,,,,,,,,,,,,,,,,,,,,0.0,,,
2024-09-11 10:00:00,,,,,,,,,,,,,,,,,,,,,0.0,,,
2024-09-11 11:00:00,,,,,,,,,,,,,,,,,,,,,0.0,,,
2024-09-11 12:00:00,,,,,,,,,,,,,,,,,,,,,0.0,,,
2024-09-11 13:00:00,,,,,,,,,,,,,,,,,,,,,0.0,,,
2024-09-11 14:00:00,,,,,,,,,,,,,,,,,,,,,0.0,,,
2024-09-11 15:00:00,,,,,,,,,,,,,,,,,,,,,0.0,,,
2024-09-11 16:00:00,,,,,,,,,,,,,,,,,,,,,0.0,,,
2024-09-11 17:00:00,,,,,,,,,,,,,,,,,,,,,0.0,,,
2024-09-11 18:00:00,,,,,,,,,,,,,,,,,,,,,0.0,,,
2024-09-11 19:00:00,,,,,,,,,,,,,,,,,,,,,0.0,,,
2024-09-11 20:00:00,,,,,,,,,,,,,,,,,,,,,0.0,,,
2024-09-11 21:00:00,,,,,,,,,,,,,,,,,,,,,0.0,,,
2024-09-11 22:00:00,,,,,,,,,,,,,,,,,,,,,0.0,,,
2024-09-11 23:00:00,,,,,,,,,,,,,,,,,,,,,0.0,,,
2024-09-12 00:00:00,,,,,,,,,,,,,,,,,,,,,0.0,,,
2024-09-12 01:00:00,,,,,,,,,,,,,,,,,,,,,0.0,,,
2024-09-12 02:00:00,,,,,,,,,,,,,,,,,,,,,0.0,,,
2024-09-12 03:00:00,,,,,,,,,,,,,,,,,,,,,0.0,,,
2024-09-12 04:00:00,,,,,,,,,,,,,,,,,,,,,0.0,,,
2024-09-12 05:00:00,,,,,,,,,,,,,,,,,,,,,0.0,,,
2024-09-12 06:00:00,,,,,,,,,,,,,,,,,,,,,0.0,,,
2024-09-12 07:00:00,,,,,,,,,,,,,,,,,,,,,0.0,,,
2024-09-12 08:00:00,,,,,,,,,,,,,,,,,,,,,0.0,,,
2024-09-12 09:00:00,,,,,,,,,,,,,,,,,,,,,0.0,,,
2024-09-12 10:00:00,,,,,,,,,,,,,,,,,,,,,0.0,,,
2024-09-12 11:00:00,,,,,,,,,,,,,,,,,,,,,0.0,,,
2024-09-12 12:00:00,,,,,,,,,,,,,,,,,,,,,0.0,,,
2024-09-12 13:00:00,,,,,,,,,,,,,,,,,,,,,0.0,,,
2024-09-12 14:00:00,,,,,,,,,,,,,,,,,,,,,0.0,,,
2024-09-12 15:00:00,,,,,,,,,,,,,,,,,,,,,0.0,,,
2024-09-12 16:00:00,,,,,,,,,,,,,,,,,,,,,0.0,,,
2024-09-12 17:00:00,,,,,,,,,,,,,,,,,,,,,0.0,,,
2024-09-12 18:00:00,,,,,,,,,,,,,,,,,,,,,0.0,,,
2024-09-12 19:00:00,,,,,,,,,,,,,,,,,,,,,0.0,,,
2024-09-12 20:00:00,,,,,,,,,,,,,,,,,,,,,0.0,,,
2024-09-12 21:00:00,,,,,,,,,,,,,,,,,,,,,0.0,,,
2024-09-12 22:00:00,,,,,,,,,,,,,,,,,,,,,0.0,,,
2024-09-12 23:00:00,,,,,,,,,,,,,,,,,,,,,0.0,,,
2024-09-13 00:00:00,,,,,,,,,,,,,,,,,,,,,0.0,,,
2024-09-13 01:00:00,,,,,,,,,,,,,,,,,,,,,0.0,,,
2024-09-13 02:00:00,,,,,,,,,,,,,,,,,,,,,0.0,,,
2024-09-13 03:00:00,,,,,,,,,,,,,,,,,,,,,0.0,,,
2024-09-13 04:00:00,,,,,,,,,,,,,,,,,,,,,0.0,,,
2024-09-13 05:00:00,,,,,,,,,,,,,,,,,,,,,0.0,,,
2024-09-13 06:00:00,,,,,,,,,,,,,,,,,,,,,0.0,,,
2024-09-13 07:00:00,,,,,,,,,,,,,,,,,,,,,0.0,,,
2024-09-13 08:00:00,,,,,,,,,,,,,,,,,,,,,0.0,,,
2024-09-13 09:00:00,,,,,,,,,,,,,,,,,,,,,0.0,,,
2024-09-13 10:00:00,,,,,,,,,,,,,,,,,,,,,0.0,,,
2024-09-13 11:00:00,,,,,,,,,,,,,,,,,,,,,0.0,,,
2024-09-13 12:00:00,,,,,,,,,,,,,,,,,,,,,0.0,,,
2024-09-13 13:00:00,,,,,,,,,,,,,,,,,,,,,0.0,,,
2024-09-13 14:00:00,,,,,,,,,,,,,,,,,,,,,0.0,,,
2024-09-13 15:00:00,,,,,,,,,,,,,,,,,,,,,0.0,,,
2024-09-13 16:00:00,,,,,,,,,,,,,,,,,,,,,0.0,,,
2024-09-13 17:00:00,,,,,,,,,,,,,,,,,,,,,0.0,,,
2024-09-13 18:00:00,,,,,,,,,,,,,,,,,,,,,0.0,,,
2024-09-13 19:00:00,,,,,,,,,,,,,,,,,,,,,0.0,,,
2024-09-13 20:00:00,,,,,,,,,,,,,,,,,,,,,0.0,,,
2024-09-13 21:00:00,,,,,,,,,,,,,,,,,,,,,0.0,,,
2024-09-13 22:00:00,,,,,,,,,,,,,,,,,,,,,0.0,,,
2024-09-13 23:00:00,,,,,,,,,,,,,,,,,,,,,0.0,,,
2024-09-14 00:00:00,,,,,,,,,,,,,,,,,,,,,0.0,,,
2024-09-14 01:00:00,,,,,,,,,,,,,,,,,,,,,0.0,,,
2024-09-14 02:00:00,,,,,,,,,,,,,,,,,,,,,0.0,,,
2024-09-14 03:00:00,,,,,,,,,,,,,,,,,,,,,0.0,,,
2024-09-14 04:00:00,,,,,,,,,,,,,,,,,,,,,0.0,,,
2024-09-14 05:00:00,,,,,,,,,,,,,,,,,,,,,0.0,,,
2024-09-14 06:00:00,,,,,,,,,,,,,,,,,,,,,0.0,,,
2024-09-14 07:00:00,,,,,,,,,,,,,,,,,,,,,0.0,,,
2024-09-14 08:00:00,,,,,,,,,,,,,,,,,,,,,0.0,,,
2024-09-14 09:00:00,,,,,,,,,,,,,,,,,,,,,0.0,,,
2024-09-14 10:00:00,,,,,,,,,,,,,,,,,,,,,0.0,,,
2024-09-14 11:00:00,,,,,,,,,,,,,,,,,,,,,0.0,,,
2024-09-14 12:00:00,,,,,,,,,,,,,,,,,,,,,0.0,,,
2024-09-14 13:00:00,,,,,,,,,,,,,,,,,,,,,0.0,,,
2024-09-14 14:00:00,,,,,,,,,,,,,,,,,,,,,0.0,,,
2024-09-14 15:00:00,,,,,,,,,,,,,,,,,,,,,0.0,,,
2024-09-14 16:00:00,,,,,,,,,,,,,,,,,,,,,0.0,,,
2024-09-14 17:00:00,,,,,,,,,,,,,,,,,,,,,0.0,,,
2024-09-14 18:00:00,,,,,,,,,,,,,,,,,,,,,0.0,,,
2024-09-14 19:00:00,,,,,,,,,,,,,,,,,,,,,0.0,,,
2024-09-14 20:00:00,,,,,,,,,,,,,,,,,,,,,0.0,,,
2024-09-14 21:00:00,,,,,,,,,,,,,,,,,,,,,0.0,,,
2024-09-14 22:00:00,,,,,,,,,,,,,,,,,,,,,0.0,,,
2024-09-14 23:00:00,,,,,,,,,,,,,,,,,,,,,0.0,,,
2024-09-15 00:00:00,,,,,,,,,,,,,,,,,,,,,0.0,,,
2024-09-15 01:00:00,,,,,,,,,,,,,,,,,,,,,0.0,,,
2024-09-15 02:00:00,,,,,,,,,,,,,,,,,,,,,0.0,,,
2024-09-15 03:00:00,,,,,,,,,,,,,,,,,,,,,0.0,,,
2024-09-15 04:00:00,,,,,,,,,,,,,,,,,,,,,0.0,,,
2024-09-15 05:00:00,,,,,,,,,,,,,,,,,,,,,0.0,,,
2024-09-15 06:00:00,,,,,,,,,,,,,,,,,,,,,0.0,,,
2024-09-15 07:00:00,,,,,,,,,,,,,,,,,,,,,0.0,,,
2024-09-15 08:00:00,,,,,,,,,,,,,,,,,,,,,0.0,,,
2024-09-15 09:00:00,,,,,,,,,,,,,,,,,,,,,0.0,,,
2024-09-15 10:00:00,,,,,,,,,,,,,,,,,,,,,0.0,,,
2024-09-15 11:00:00,,,,,,,,,,,,,,,,,,,,,0.0,,,
2024-09-15 12:00:00,,,,,,,,,,,,,,,,,,,,,0.0,,,
2024-09-15 13:00:00,,,,,,,,,,,,,,,,,,,,,0.0,,,
2024-09-15 14:00:00,,,,,,,,,,,,,,,,,,,,,0.0,,,
2024-09-15 15:00:00,,,,,,,,,,,,,,,,,,,,,0.0,,,
2024-09-15 16:00:00,,,,,,,,,,,,,,,,,,,,,0.0,,,
2024-09-15 17:00:00,,,,,,,,,,,,,,,,,,,,,0.0,,,
2024-09-15 18:00:00,,,,,,,,,,,,,,,,,,,,,0.0,,,
2024-09-15 19:00:00,,,,,,,,,,,,,,,,,,,,,0.0,,,
2024-09-15 20:00:00,,,,,,,,,,,,,,,,,,,,,0.0,,,
2024-09-15 21:00:00,,,,,,,,,,,,,,,,,,,,,0.0,,,
2024-09-15 22:00:00,,,,,,,,,,,,,,,,,,,,,0.0,,,
2024-09-15 23:00:00,,,,,,,,,,,,,,,,,,,,,0.0,,,
2024-09-16 00:00:00,,,,,,,,,,,,,,,,,,,,,0.0,,,
2024-09-16 01:00:00,,,,,,,,,,,,,,,,,,,,,0.0,,,
2024-09-16 02:00:00,,,,,,,,,,,,,,,,,,,,,0.0,,,
2024-09-16 03:00:00,,,,,,,,,,,,,,,,,,,,,0.0,,,
2024-09-16 04:00:00,,,,,,,,,,,,,,,,,,,,,0.0,,,
2024-09-16 05:00:00,,,,,,,,,,,,,,,,,,,,,0.0,,,
2024-09-16 06:00:00,,,,,,,,,,,,,,,,,,,,,0.0,,,
2024-09-16 07:00:00,,,,,,,,,,,,,,,,,,,,,0.0,,,
2024-09-16 08:00:00,,,,,,,,,,,,,,,,,,,,,0.0,,,
2024-09-16 09:00:00,,,,,,,,,,,,,,,,,,,,,0.0,,,
2024-09-16 10:00:00,,,,,,,,,,,,,,,,,,,,,0.0,,,
2024-09-16 11:00:00,,,,,,,,,,,,,,,,,,,,,0.0,,,
2024-09-16 12:00:00,,,,,,,,,,,,,,,,,,,,,0.0,,,
2024-09-16 13:00:00,,,,,,,,,,,,,,,,,,,,,0.0,,,
2024-09-16 14:00:00,,,,,,,,,,,,,,,,,,,,,0.0,,,
2024-09-16 15:00:00,,,,,,,,,,,,,,,,,,,,,0.0,,,
2024-09-16 16:00:00,,,,,,,,,,,,,,,,,,,,,0.0,,,
2024-09-16 17:00:00,,,,,,,,,,,,,,,,,,,,,0.0,,,
2024-09-16 18:00:00,,,,,,,,,,,,,,,,,,,,,0.0,,,
2024-09-16 19:00:00,,,,,,,,,,,,,,,,,,,,,0.0,,,
2024-09-16 20:00:00,,,,,,,,,,,,,,,,,,,,,0.0,,,
2024-09-16 21:00:00,,,,,,,,,,,,,,,,,,,,,0.0,,,
2024-09-16 22:00:00,,,,,,,,,,,,,,,,,,,,,0.0,,,
2024-09-16 23:00:00,,,,,,,,,,,,,,,,,,,,,0.0,,,
2024-09-17 00:00:00,,,,,,,,,,,,,,,,,,,,,0.0,,,
2024-09-17 01:00:00,,,,,,,,,,,,,,,,,,,,,0.0,,,
2024-09-17 02:00:00,,,,,,,,,,,,,,,,,,,,,0.0,,,
2024-09-17 03:00:00,,,,,,,,,,,,,,,,,,,,,0.0,,,
2024-09-17 04:00:00,,,,,,,,,,,,,,,,,,,,,0.0,,,
2024-09-17 05:00:00,,,,,,,,,,,,,,,,,,,,,0.0,,,
2024-09-17 06:00:00,,,,,,,,,,,,,,,,,,,,,0.0,,,
2024-09-17 07:00:00,,,,,,,,,,,,,,,,,,,,,0.0,,,
2024-09-17 08:00:00,,,,,,,,,,,,,,,,,,,,,0.0,,,
2024-09-17 09:00:00,,,,,,,,,,,,,,,,,,,,,0.0,,,
2024-09-17 10:00:00,,,,,,,,,,,,,,,,,,,,,0.0,,,
2024-09-17 11:00:00,,,,,,,,,,,,,,,,,,,,,0.0,,,
2024-09-17 12:00:00,,,,,,,,,,,,,,,,,,,,,0.0,,,
2024-09-17 13:00:00,,,,,,,,,,,,,,,,,,,,,0.0,,,
2024-09-17 14:00:00,,,,,,,,,,,,,,,,,,,,,0.0,,,
2024-09-17 15:00:00,,,,,,,,,,,,,,,,,,,,,0.0,,,
2024-09-17 16:00:00,,,,,,,,,,,,,,,,,,,,,0.0,,,
2024-09-17 17:00:00,,,,,,,,,,,,,,,,,,,,,0.0,,,
2024-09-17 18:00:00,,,,,,,,,,,,,,,,,,,,,0.0,,,
2024-09-17 19:00:00,,,,,,,,,,,,,,,,,,,,,0.0,,,
2024-09-17 20:00:00,,,,,,,,,,,,,,,,,,,,,0.0,,,
2024-09-17 21:00:00,,,,,,,,,,,,,,,,,,,,,0.0,,,
2024-09-17 22:00:00,,,,,,,,,,,,,,,,,,,,,0.0,,,
2024-09-17 23:00:00,,,,,,,,,,,,,,,,,,,,,0.0,,,
2024-09-18 00:00:00,,,,,,,,,,,,,,,,,,,,,0.0,,,
2024-09-18 01:00:00,,,,,,,,,,,,,,,,,,,,,0.0,,,
2024-09-18 02:00:00,,,,,,,,,,,,,,,,,,,,,0.0,,,
2024-09-18 03:00:00,,,,,,,,,,,,,,,,,,,,,0.0,,,
2024-09-18 04:00:00,,,,,,,,,,,,,,,,,,,,,0.0,,,
2024-09-18 05:00:00,,,,,,,,,,,,,,,,,,,,,0.0,,,
2024-09-18 06:00:00,,,,,,,,,,,,,,,,,,,,,0.0,,,
2024-09-18 07:00:00,,,,,,,,,,,,,,,,,,,,,0.0,,,
2024-09-18 08:00:00,,,,,,,,,,,,,,,,,,,,,0.0,,,
2024-09-18 09:00:00,,,,,,,,,,,,,,,,,,,,,0.0,,,
2024-09-18 10:00:00,,,,,,,,,,,,,,,,,,,,,0.0,,,
2024-09-18 11:00:00,,,,,,,,,,,,,,,,,,,,,0.0,,,
2024-09-18 12:00:00,,,,,,,,,,,,,,,,,,,,,0.0,,,
2024-09-18 13:00:00,,,,,,,,,,,,,,,,,,,,,0.0,,,
2024-09-18 14:00:00,,,,,,,,,,,,,,,,,,,,,0.0,,,
2024-09-18 15:00:00,,,,,,,,,,,,,,,,,,,,,0.0,,,
2024-09-18 16:00:00,,,,,,,,,,,,,,,,,,,,,0.0,,,
2024-09-18 17:00:00,,,,,,,,,,,,,,,,,,,,,0.0,,,
2024-09-18 18:00:00,,,,,,,,,,,,,,,,,,,,,0.0,,,
2024-09-18 19:00:00,,,,,,,,,,,,,,,,,,,,,0.0,,,
2024-09-18 20:00:00,,,,,,,,,,,,,,,,,,,,,0.0,,,
2024-09-18 21:00:00,,,,,,,,,,,,,,,,,,,,,0.0,,,
2024-09-18 22:00:00,,,,,,,,,,,,,,,,,,,,,0.0,,,
2024-09-18 23:00:00,,,,,,,,,,,,,,,,,,,,,0.0,,,
2024-09-19 00:00:00,,,,,,,,,,,,,,,,,,,,,0.0,,,
2024-09-19 01:00:00,,,,,,,,,,,,,,,,,,,,,0.0,,,
2024-09-19 02:00:00,,,,,,,,,,,,,,,,,,,,,0.0,,,
2024-09-19 03:00:00,,,,,,,,,,,,,,,,,,,,,0.0,,,
2024-09-19 04:00:00,,,,,,,,,,,,,,,,,,,,,0.0,,,
2024-09-19 05:00:00,,,,,,,,,,,,,,,,,,,,,0.0,,,
2024-09-19 06:00:00,,,,,,,,,,,,,,,,,,,,,0.0,,,
2024-09-19 07:00:00,,,,,,,,,,,,,,,,,,,,,0.0,,,
2024-09-19 08:00:00,,,,,,,,,,,,,,,,,,,,,0.0,,,
2024-09-19 09:00:00,,,,,,,,,,,,,,,,,,,,,0.0,,,
2024-09-19 10:00:00,,,,,,,,,,,,,,,,,,,,,0.0,,,
2024-09-19 11:00:00,,,,,,,,,,,,,,,,,,,,,0.0,,,
2024-09-19 12:00:00,,,,,,,,,,,,,,,,,,,,,0.0,,,
2024-09-19 13:00:00,,,,,,,,,,,,,,,,,,,,,0.0,,,
2024-09-19 14:00:00,,,,,,,,,,,,,,,,,,,,,0.0,,,
2024-09-19 15:00:00,,,,,,,,,,,,,,,,,,,,,0.0,,,
2024-09-19 16:00:00,,,,,,,,,,,,,,,,,,,,,0.0,,,
2024-09-19 17:00:00,,,,,,,,,,,,,,,,,,,,,0.0,,,
2024-09-19 18:00:00,,,,,,,,,,,,,,,,,,,,,0.0,,,
2024-09-19 19:00:00,,,,,,,,,,,,,,,,,,,,,0.0,,,
2024-09-19 20:00:00,,,,,,,,,,,,,,,,,,,,,0.0,,,
2024-09-19 21:00:00,,,,,,,,,,,,,,,,,,,,,0.0,,,
2024-09-19 22:00:00,,,,,,,,,,,,,,,,,,,,,0.0,,,
2024-09-19 23:00:00,,,,,,,,,,,,,,,,,,,,,0.0,,,
2024-09-20 00:00:00,,,,,,,,,,,,,,,,,,,,,0.0,,,
2024-09-20 01:00:00,,,,,,,,,,,,,,,,,,,,,0.0,,,
2024-09-20 02:00:00,,,,,,,,,,,,,,,,,,,,,0.0,,,
2024-09-20 03:00:00,,,,,,,,,,,,,,,,,,,,,0.0,,,
2024-09-20 04:00:00,,,,,,,,,,,,,,,,,,,,,0.0,,,
2024-09-20 05:00:00,,,,,,,,,,,,,,,,,,,,,0.0,,,
2024-09-20 06:00:00,,,,,,,,,,,,,,,,,,,,,0.0,,,
2024-09-20 07:00:00,,,,,,,,,,,,,,,,,,,,,0.0,,,
2024-09-20 08:00:00,,,,,,,,,,,,,,,,,,,,,0.0,,,
2024-09-20 09:00:00,,,,,,,,,,,,,,,,,,,,,0.0,,,
2024-09-20 10:00:00,,,,,,,,,,,,,,,,,,,,,0.0,,,
2024-09-20 11:00:00,,,,,,,,,,,,,,,,,,,,,0.0,,,
2024-09-20 12:00:00,,,,,,,,,,,,,,,,,,,,,0.0,,,
2024-09-20 13:00:00,,,,,,,,,,,,,,,,,,,,,0.0,,,
2024-09-20 14:00:00,,,,,,,,,,,,,,,,,,,,,0.0,,,
2024-09-20 15:00:00,,,,,,,,,,,,,,,,,,,,,0.0,,,
2024-09-20 16:00:00,,,,,,,,,,,,,,,,,,,,,0.0,,,
2024-09-20 17:00:00,,,,,,,,,,,,,,,,,,,,,0.0,,,
2024-09-20 18:00:00,,,,,,,,,,,,,,,,,,,,,0.0,,,
2024-09-20 19:00:00,,,,,,,,,,,,,,,,,,,,,0.0,,,
2024-09-20 20:00:00,,,,,,,,,,,,,,,,,,,,,0.0,,,
2024-09-20 21:00:00,,,,,,,,,,,,,,,,,,,,,0.0,,,
2024-09-20 22:00:00,,,,,,,,,,,,,,,,,,,,,0.0,,,
2024-09-20 23:00:00,,,,,,,,,,,,,,,,,,,,,0.0,,,
2024-09-21 00:00:00,,,,,,,,,,,,,,,,,,,,,0.0,,,
2024-09-21 01:00:00,,,,,,,,,,,,,,,,,,,,,0.0,,,
2024-09-21 02:00:00,,,,,,,,,,,,,,,,,,,,,0.0,,,
2024-09-21 03:00:00,,,,,,,,,,,,,,,,,,,,,0.0,,,
2024-09-21 04:00:00,,,,,,,,,,,,,,,,,,,,,0.0,,,
2024-09-21 05:00:00,,,,,,,,,,,,,,,,,,,,,0.0,,,
2024-09-21 06:00:00,,,,,,,,,,,,,,,,,,,,,0.0,,,
2024-09-21 07:00:00,,,,,,,,,,,,,,,,,,,,,0.0,,,
2024-09-21 08:00:00,,,,,,,,,,,,,,,,,,,,,0.0,,,
2024-09-21 09:00:00,,,,,,,,,,,,,,,,,,,,,0.0,,,
2024-09-21 10:00:00,,,,,,,,,,,,,,,,,,,,,0.0,,,
2024-09-21 11:00:00,,,,,,,,,,,,,,,,,,,,,0.0,,,
2024-09-21 12:00:00,,,,,,,,,,,,,,,,,,,,,0.0,,,
2024-09-21 13:00:00,,,,,,,,,,,,,,,,,,,,,0.0,,,
2024-09-21 14:00:00,,,,,,,,,,,,,,,,,,,,,0.0,,,
2024-09-21 15:00:00,,,,,,,,,,,,,,,,,,,,,0.0,,,
2024-09-21 16:00:00,,,,,,,,,,,,,,,,,,,,,0.0,,,
2024-09-21 17:00:00,,,,,,,,,,,,,,,,,,,,,0.0,,,
2024-09-21 18:00:00,,,,,,,,,,,,,,,,,,,,,0.0,,,
2024-09-21 19:00:00,,,,,,,,,,,,,,,,,,,,,0.0,,,
2024-09-21 20:00:00,,,,,,,,,,,,,,,,,,,,,0.0,,,
2024-09-21 21:00:00,,,,,,,,,,,,,,,,,,,,,0.0,,,
2024-09-21 22:00:00,,,,,,,,,,,,,,,,,,,,,0.0,,,
2024-09-21 23:00:00,,,,,,,,,,,,,,,,,,,,,0.0,,,
2024-09-22 00:00:00,,,,,,,,,,,,,,,,,,,,,0.0,,,
2024-09-22 01:00:00,,,,,,,,,,,,,,,,,,,,,0.0,,,
2024-09-22 02:00:00,,,,,,,,,,,,,,,,,,,,,0.0,,,
2024-09-22 03:00:00,,,,,,,,,,,,,,,,,,,,,0.0,,,
2024-09-22 04:00:00,,,,,,,,,,,,,,,,,,,,,0.0,,,
2024-09-22 05:00:00,,,,,,,,,,,,,,,,,,,,,0.0,,,
2024-09-22 06:00:00,,,,,,,,,,,,,,,,,,,,,0.0,,,
2024-09-22 07:00:00,,,,,,,,,,,,,,,,,,,,,0.0,,,
2024-09-22 08:00:00,,,,,,,,,,,,,,,,,,,,,0.0,,,
2024-09-22 09:00:00,,,,,,,,,,,,,,,,,,,,,0.0,,,
2024-09-22 10:00:00,,,,,,,,,,,,,,,,,,,,,0.0,,,
2024-09-22 11:00:00,,,,,,,,,,,,,,,,,,,,,0.0,,,
2024-09-22 12:00:00,,,,,,,,,,,,,,,,,,,,,0.0,,,
2024-09-22 13:00:00,,,,,,,,,,,,,,,,,,,,,0.0,,,
2024-09-22 14:00:00,,,,,,,,,,,,,,,,,,,,,0.0,,,
2024-09-22 15:00:00,,,,,,,,,,,,,,,,,,,,,0.0,,,
2024-09-22 16:00:00,,,,,,,,,,,,,,,,,,,,,0.0,,,
2024-09-22 17:00:00,,,,,,,,,,,,,,,,,,,,,0.0,,,
2024-09-22 18:00:00,,,,,,,,,,,,,,,,,,,,,0.0,,,
2024-09-22 19:00:00,,,,,,,,,,,,,,,,,,,,,0.0,,,
2024-09-22 20:00:00,,,,,,,,,,,,,,,,,,,,,0.0,,,
2024-09-22 21:00:00,,,,,,,,,,,,,,,,,,,,,0.0,,,
2024-09-22 22:00:00,,,,,,,,,,,,,,,,,,,,,0.0,,,
2024-09-22 23:00:00,,,,,,,,,,,,,,,,,,,,,0.0,,,
2024-09-23 00:00:00,,,,,,,,,,,,,,,,,,,,,0.0,,,
2024-09-23 01:00:00,,,,,,,,,,,,,,,,,,,,,0.0,,,
2024-09-23 02:00:00,,,,,,,,,,,,,,,,,,,,,0.0,,,
2024-09-23 03:00:00,,,,,,,,,,,,,,,,,,,,,0.0,,,
2024-09-23 04:00:00,,,,,,,,,,,,,,,,,,,,,0.0,,,
2024-09-23 05:00:00,,,,,,,,,,,,,,,,,,,,,0.0,,,
2024-09-23 06:00:00,,,,,,,,,,,,,,,,,,,,,0.0,,,
2024-09-23 07:00:00,,,,,,,,,,,,,,,,,,,,,0.0,,,
2024-09-23 08:00:00,,,,,,,,,,,,,,,,,,,,,0.0,,,
2024-09-23 09:00:00,,,,,,,,,,,,,,,,,,,,,0.0,,,
2024-09-23 10:00:00,,,,,,,,,,,,,,,,,,,,,0.0,,,
2024-09-23 11:00:00,,,,,,,,,,,,,,,,,,,,,0.0,,,
2024-09-23 12:00:00,,,,,,,,,,,,,,,,,,,,,0.0,,,
2024-09-23 13:00:00,,,,,,,,,,,,,,,,,,,,,0.0,,,
2024-09-23 14:00:00,,,,,,,,,,,,,,,,,,,,,0.0,,,
2024-09-23 15:00:00,,,,,,,,,,,,,,,,,,,,,0.0,,,
2024-09-23 16:00:00,,,,,,,,,,,,,,,,,,,,,0.0,,,
2024-09-23 17:00:00,,,,,,,,,,,,,,,,,,,,,0.0,,,
2024-09-23 18:00:00,,,,,,,,,,,,,,,,,,,,,0.0,,,
2024-09-23 19:00:00,,,,,,,,,,,,,,,,,,,,,0.0,,,
2024-09-23 20:00:00,,,,,,,,,,,,,,,,,,,,,0.0,,,
2024-09-23 21:00:00,,,,,,,,,,,,,,,,,,,,,0.0,,,
2024-09-23 22:00:00,,,,,,,,,,,,,,,,,,,,,0.0,,,
2024-09-23 23:00:00,,,,,,,,,,,,,,,,,,,,,0.0,,,
2024-09-24 00:00:00,,,,,,,,,,,,,,,,,,,,,0.0,,,
2024-09-24 01:00:00,,,,,,,,,,,,,,,,,,,,,0.0,,,
2024-09-24 02:00:00,,,,,,,,,,,,,,,,,,,,,0.0,,,
2024-09-24 03:00:00,,,,,,,,,,,,,,,,,,,,,0.0,,,
2024-09-24 04:00:00,,,,,,,,,,,,,,,,,,,,,0.0,,,
2024-09-24 05:00:00,,,,,,,,,,,,,,,,,,,,,0.0,,,
2024-09-24 06:00:00,,,,,,,,,,,,,,,,,,,,,0.0,,,
2024-09-24 07:00:00,,,,,,,,,,,,,,,,,,,,,0.0,,,
2024-09-24 08:00:00,,,,,,,,,,,,,,,,,,,,,0.0,,,
2024-09-24 09:00:00,,,,,,,,,,,,,,,,,,,,,0.0,,,
2024-09-24 10:00:00,,,,,,,,,,,,,,,,,,,,,0.0,,,
2024-09-24 11:00:00,,,,,,,,,,,,,,,,,,,,,0.0,,,
2024-09-24 12:00:00,,,,,,,,,,,,,,,,,,,,,0.0,,,
2024-09-24 13:00:00,,,,,,,,,,,,,,,,,,,,,0.0,,,
2024-09-24 14:00:00,,,,,,,,,,,,,,,,,,,,,0.0,,,
2024-09-24 15:00:00,,,,,,,,,,,,,,,,,,,,,0.0,,,
2024-09-24 16:00:00,,,,,,,,,,,,,,,,,,,,,0.0,,,
2024-09-24 17:00:00,,,,,,,,,,,,,,,,,,,,,0.0,,,
2024-09-24 18:00:00,,,,,,,,,,,,,,,,,,,,,0.0,,,
2024-09-24 19:00:00,,,,,,,,,,,,,,,,,,,,,0.0,,,
2024-09-24 20:00:00,,,,,,,,,,,,,,,,,,,,,0.0,,,
2024-09-24 21:00:00,,,,,,,,,,,,,,,,,,,,,0.0,,,
2024-09-24 22:00:00,,,,,,,,,,,,,,,,,,,,,0.0,,,
2024-09-24 23:00:00,,,,,,,,,,,,,,,,,,,,,0.0,,,
2024-09-25 00:00:00,,,,,,,,,,,,,,,,,,,,,0.0,,,
2024-09-25 01:00:00,,,,,,,,,,,,,,,,,,,,,0.0,,,
2024-09-25 02:00:00,,,,,,,,,,,,,,,,,,,,,0.0,,,
2024-09-25 03:00:00,,,,,,,,,,,,,,,,,,,,,0.0,,,
2024-09-25 04:00:00,,,,,,,,,,,,,,,,,,,,,0.0,,,
2024-09-25 05:00:00,,,,,,,,,,,,,,,,,,,,,0.0,,,
2024-09-25 06:00:00,,,,,,,,,,,,,,,,,,,,,0.0,,,
2024-09-25 07:00:00,,,,,,,,,,,,,,,,,,,,,0.0,,,
2024-09-25 08:00:00,,,,,,,,,,,,,,,,,,,,,0.0,,,
2024-09-25 09:00:00,,,,,,,,,,,,,,,,,,,,,0.0,,,
2024-09-25 10:00:00,,,,,,,,,,,,,,,,,,,,,0.0,,,
2024-09-25 11:00:00,,,,,,,,,,,,,,,,,,,,,0.0,,,
2024-09-25 12:00:00,,,,,,,,,,,,,,,,,,,,,0.0,,,
2024-09-25 13:00:00,,,,,,,,,,,,,,,,,,,,,0.0,,,
2024-09-25 14:00:00,,,,,,,,,,,,,,,,,,,,,0.0,,,
2024-09-25 15:00:00,,,,,,,,,,,,,,,,,,,,,0.0,,,
2024-09-25 16:00:00,,,,,,,,,,,,,,,,,,,,,0.0,,,
2024-09-25 17:00:00,,,,,,,,,,,,,,,,,,,,,0.0,,,
2024-09-25 18:00:00,,,,,,,,,,,,,,,,,,,,,0.0,,,
2024-09-25 19:00:00,,,,,,,,,,,,,,,,,,,,,0.0,,,
2024-09-25 20:00:00,,,,,,,,,,,,,,,,,,,,,0.0,,,
2024-09-25 21:00:00,,,,,,,,,,,,,,,,,,,,,0.0,,,
2024-09-25 22:00:00,,,,,,,,,,,,,,,,,,,,,0.0,,,
2024-09-25 23:00:00,,,,,,,,,,,,,,,,,,,,,0.0,,,
2024-09-26 00:00:00,,,,,,,,,,,,,,,,,,,,,0.0,,,
2024-09-26 01:00:00,,,,,,,,,,,,,,,,,,,,,0.0,,,
2024-09-26 02:00:00,,,,,,,,,,,,,,,,,,,,,0.0,,,
2024-09-26 03:00:00,,,,,,,,,,,,,,,,,,,,,0.0,,,
2024-09-26 04:00:00,,,,,,,,,,,,,,,,,,,,,0.0,,,
2024-09-26 05:00:00,,,,,,,,,,,,,,,,,,,,,0.0,,,
2024-09-26 06:00:00,,,,,,,,,,,,,,,,,,,,,0.0,,,
2024-09-26 07:00:00,,,,,,,,,,,,,,,,,,,,,0.0,,,
2024-09-26 08:00:00,,,,,,,,,,,,,,,,,,,,,0.0,,,
2024-09-26 09:00:00,,,,,,,,,,,,,,,,,,,,,0.0,,,
2024-09-26 10:00:00,,,,,,,,,,,,,,,,,,,,,0.0,,,
2024-09-26 11:00:00,,,,,,,,,,,,,,,,,,,,,0.0,,,
2024-09-26 12:00:00,,,,,,,,,,,,,,,,,,,,,0.0,,,
2024-09-26 13:00:00,,,,,,,,,,,,,,,,,,,,,0.0,,,
2024-09-26 14:00:00,,,,,,,,,,,,,,,,,,,,,0.0,,,
2024-09-26 15:00:00,,,,,,,,,,,,,,,,,,,,,0.0,,,
2024-09-26 16:00:00,,,,,,,,,,,,,,,,,,,,,0.0,,,
2024-09-26 17:00:00,,,,,,,,,,,,,,,,,,,,,0.0,,,
2024-09-26 18:00:00,,,,,,,,,,,,,,,,,,,,,0.0,,,
2024-09-26 19:00:00,,,,,,,,,,,,,,,,,,,,,0.0,,,
2024-09-26 20:00:00,,,,,,,,,,,,,,,,,,,,,0.0,,,
2024-09-26 21:00:00,,,,,,,,,,,,,,,,,,,,,0.0,,,
2024-09-26 22:00:00,,,,,,,,,,,,,,,,,,,,,0.0,,,
2024-09-26 23:00:00,,,,,,,,,,,,,,,,,,,,,0.0,,,
2024-09-27 00:00:00,,,,,,,,,,,,,,,,,,,,,0.0,,,
2024-09-27 01:00:00,,,,,,,,,,,,,,,,,,,,,0.0,,,
2024-09-27 02:00:00,,,,,,,,,,,,,,,,,,,,,0.0,,,
2024-09-27 03:00:00,,,,,,,,,,,,,,,,,,,,,0.0,,,
2024-09-27 04:00:00,,,,,,,,,,,,,,,,,,,,,0.0,,,
2024-09-27 05:00:00,,,,,,,,,,,,,,,,,,,,,0.0,,,
2024-09-27 06:00:00,,,,,,,,,,,,,,,,,,,,,0.0,,,
2024-09-27 07:00:00,,,,,,,,,,,,,,,,,,,,,0.0,,,
2024-09-27 08:00:00,,,,,,,,,,,,,,,,,,,,,0.0,,,
2024-09-27 09:00:00,,,,,,,,,,,,,,,,,,,,,0.0,,,
2024-09-27 10:00:00,,,,,,,,,,,,,,,,,,,,,0.0,,,
2024-09-27 11:00:00,,,,,,,,,,,,,,,,,,,,,0.0,,,
2024-09-27 12:00:00,,,,,,,,,,,,,,,,,,,,,0.0,,,
2024-09-27 13:00:00,,,,,,,,,,,,,,,,,,,,,0.0,,,
2024-09-27 14:00:00,,,,,,,,,,,,,,,,,,,,,0.0,,,
2024-09-27 15:00:00,,,,,,,,,,,,,,,,,,,,,0.0,,,
2024-09-27 16:00:00,,,,,,,,,,,,,,,,,,,,,0.0,,,
2024-09-27 17:00:00,,,,,,,,,,,,,,,,,,,,,0.0,,,
2024-09-27 18:00:00,,,,,,,,,,,,,,,,,,,,,0.0,,,
2024-09-27 19:00:00,,,,,,,,,,,,,,,,,,,,,0.0,,,
2024-09-27 20:00:00,,,,,,,,,,,,,,,,,,,,,0.0,,,
2024-09-27 21:00:00,,,,,,,,,,,,,,,,,,,,,0.0,,,
2024-09-27 22:00:00,,,,,,,,,,,,,,,,,,,,,0.0,,,
2024-09-27 23:00:00,,,,,,,,,,,,,,,,,,,,,0.0,,,
2024-09-28 00:00:00,,,,,,,,,,,,,,,,,,,,,0.0,,,
2024-09-28 01:00:00,,,,,,,,,,,,,,,,,,,,,0.0,,,
2024-09-28 02:00:00,,,,,,,,,,,,,,,,,,,,,0.0,,,
2024-09-28 03:00:00,,,,,,,,,,,,,,,,,,,,,0.0,,,
2024-09-28 04:00:00,,,,,,,,,,,,,,,,,,,,,0.0,,,
2024-09-28 05:00:00,,,,,,,,,,,,,,,,,,,,,0.0,,,
2024-09-28 06:00:00,,,,,,,,,,,,,,,,,,,,,0.0,,,
2024-09-28 07:00:00,,,,,,,,,,,,,,,,,,,,,0.0,,,
2024-09-28 08:00:00,,,,,,,,,,,,,,,,,,,,,0.0,,,
2024-09-28 09:00:00,,,,,,,,,,,,,,,,,,,,,0.0,,,
2024-09-28 10:00:00,,,,,,,,,,,,,,,,,,,,,0.0,,,
2024-09-28 11:00:00,,,,,,,,,,,,,,,,,,,,,0.0,,,
2024-09-28 12:00:00,,,,,,,,,,,,,,,,,,,,,0.0,,,
2024-09-28 13:00:00,,,,,,,,,,,,,,,,,,,,,0.0,,,
2024-09-28 14:00:00,,,,,,,,,,,,,,,,,,,,,0.0,,,
2024-09-28 15:00:00,,,,,,,,,,,,,,,,,,,,,0.0,,,
2024-09-28 16:00:00,,,,,,,,,,,,,,,,,,,,,0.0,,,
2024-09-28 17:00:00,,,,,,,,,,,,,,,,,,,,,0.0,,,
2024-09-28 18:00:00,,,,,,,,,,,,,,,,,,,,,0.0,,,
2024-09-28 19:00:00,,,,,,,,,,,,,,,,,,,,,0.0,,,
2024-09-28 20:00:00,,,,,,,,,,,,,,,,,,,,,0.0,,,
2024-09-28 21:00:00,,,,,,,,,,,,,,,,,,,,,0.0,,,
2024-09-28 22:00:00,,,,,,,,,,,,,,,,,,,,,0.0,,,
2024-09-28 23:00:00,,,,,,,,,,,,,,,,,,,,,0.0,,,
2024-09-29 00:00:00,,,,,,,,,,,,,,,,,,,,,0.0,,,
2024-09-29 01:00:00,,,,,,,,,,,,,,,,,,,,,0.0,,,
2024-09-29 02:00:00,,,,,,,,,,,,,,,,,,,,,0.0,,,
2024-09-29 03:00:00,,,,,,,,,,,,,,,,,,,,,0.0,,,
2024-09-29 04:00:00,,,,,,,,,,,,,,,,,,,,,0.0,,,
2024-09-29 05:00:00,,,,,,,,,,,,,,,,,,,,,0.0,,,
2024-09-29 06:00:00,,,,,,,,,,,,,,,,,,,,,0.0,,,
2024-09-29 07:00:00,,,,,,,,,,,,,,,,,,,,,0.0,,,
2024-09-29 08:00:00,,,,,,,,,,,,,,,,,,,,,0.0,,,
2024-09-29 09:00:00,,,,,,,,,,,,,,,,,,,,,0.0,,,
2024-09-29 10:00:00,,,,,,,,,,,,,,,,,,,,,0.0,,,
2024-09-29 11:00:00,,,,,,,,,,,,,,,,,,,,,0.0,,,
2024-09-29 12:00:00,,,,,,,,,,,,,,,,,,,,,0.0,,,
2024-09-29 13:00:00,,,,,,,,,,,,,,,,,,,,,0.0,,,
2024-09-29 14:00:00,,,,,,,,,,,,,,,,,,,,,0.0,,,
2024-09-29 15:00:00,,,,,,,,,,,,,,,,,,,,,0.0,,,
2024-09-29 16:00:00,,,,,,,,,,,,,,,,,,,,,0.0,,,
2024-09-29 17:00:00,,,,,,,,,,,,,,,,,,,,,0.0,,,
2024-09-29 18:00:00,,,,,,,,,,,,,,,,,,,,,0.0,,,
2024-09-29 19:00:00,,,,,,,,,,,,,,,,,,,,,0.0,,,
2024-09-29 20:00:00,,,,,,,,,,,,,,,,,,,,,0.0,,,
2024-09-29 21:00:00,,,,,,,,,,,,,,,,,,,,,0.0,,,
2024-09-29 22:00:00,,,,,,,,,,,,,,,,,,,,,0.0,,,
2024-09-29 23:00:00,,,,,,,,,,,,,,,,,,,,,0.0,,,
2024-09-30 00:00:00,,,,,,,,,,,,,,,,,,,,,0.0,,,
2024-09-30 01:00:00,,,,,,,,,,,,,,,,,,,,,0.0,,,
2024-09-30 02:00:00,,,,,,,,,,,,,,,,,,,,,0.0,,,
2024-09-30 03:00:00,,,,,,,,,,,,,,,,,,,,,0.0,,,
2024-09-30 04:00:00,,,,,,,,,,,,,,,,,,,,,0.0,,,
2024-09-30 05:00:00,,,,,,,,,,,,,,,,,,,,,0.0,,,
2024-09-30 06:00:00,,,,,,,,,,,,,,,,,,,,,0.0,,,
2024-09-30 07:00:00,,,,,,,,,,,,,,,,,,,,,0.0,,,
2024-09-30 08:00:00,,,,,,,,,,,,,,,,,,,,,0.0,,,
2024-09-30 09:00:00,,,,,,,,,,,,,,,,,,,,,0.0,,,
2024-09-30 10:00:00,,,,,,,,,,,,,,,,,,,,,0.0,,,
2024-09-30 11:00:00,,,,,,,,,,,,,,,,,,,,,0.0,,,
2024-09-30 12:00:00,,,,,,,,,,,,,,,,,,,,,0.0,,,
2024-09-30 13:00:00,,,,,,,,,,,,,,,,,,,,,0.0,,,
2024-09-30 14:00:00,,,,,,,,,,,,,,,,,,,,,0.0,,,
2024-09-30 15:00:00,,,,,,,,,,,,,,,,,,,,,0.0,,,
2024-09-30 16:00:00,,,,,,,,,,,,,,,,,,,,,0.0,,,
2024-09-30 17:00:00,,,,,,,,,,,,,,,,,,,,,0.0,,,
2024-09-30 18:00:00,,,,,,,,,,,,,,,,,,,,,0.0,,,
2024-09-30 19:00:00,,,,,,,,,,,,,,,,,,,,,0.0,,,
2024-09-30 20:00:00,,,,,,,,,,,,,,,,,,,,,0.0,,,
2024-09-30 21:00:00,,,,,,,,,,,,,,,,,,,,,0.0,,,
2024-09-30 22:00:00,,,,,,,,,,,,,,,,,,,,,0.0,,,
2024-09-30 23:00:00,,,,,,,,,,,,,,,,,,,,,0.0,,,
2024-10-01 00:00:00,,,,,,,,,,,,,,,,,,,,,0.0,,,
2024-10-01 01:00:00,,,,,,,,,,,,,,,,,,,,,0.0,,,
2024-10-01 02:00:00,,,,,,,,,,,,,,,,,,,,,0.0,,,
2024-10-01 03:00:00,,,,,,,,,,,,,,,,,,,,,0.0,,,
2024-10-01 04:00:00,,,,,,,,,,,,,,,,,,,,,0.0,,,
2024-10-01 05:00:00,,,,,,,,,,,,,,,,,,,,,0.0,,,
2024-10-01 06:00:00,,,,,,,,,,,,,,,,,,,,,0.0,,,
2024-10-01 07:00:00,,,,,,,,,,,,,,,,,,,,,0.0,,,
2024-10-01 08:00:00,,,,,,,,,,,,,,,,,,,,,0.0,,,
2024-10-01 09:00:00,,,,,,,,,,,,,,,,,,,,,0.0,,,
2024-10-01 10:00:00,,,,,,,,,,,,,,,,,,,,,0.0,,,
2024-10-01 11:00:00,,,,,,,,,,,,,,,,,,,,,0.0,,,
2024-10-01 12:00:00,,,,,,,,,,,,,,,,,,,,,0.0,,,
2024-10-01 13:00:00,,,,,,,,,,,,,,,,,,,,,0.0,,,
2024-10-01 14:00:00,,,,,,,,,,,,,,,,,,,,,0.0,,,
2024-10-01 15:00:00,,,,,,,,,,,,,,,,,,,,,0.0,,,
2024-10-01 16:00:00,,,,,,,,,,,,,,,,,,,,,0.0,,,
2024-10-01 17:00:00,,,,,,,,,,,,,,,,,,,,,0.0,,,
2024-10-01 18:00:00,,,,,,,,,,,,,,,,,,,,,0.0,,,
2024-10-01 19:00:00,,,,,,,,,,,,,,,,,,,,,0.0,,,
2024-10-01 20:00:00,,,,,,,,,,,,,,,,,,,,,0.0,,,
2024-10-01 21:00:00,,,,,,,,,,,,,,,,,,,,,0.0,,,
2024-10-01 22:00:00,,,,,,,,,,,,,,,,,,,,,0.0,,,
2024-10-01 23:00:00,,,,,,,,,,,,,,,,,,,,,0.0,,,
2024-10-02 00:00:00,,,,,,,,,,,,,,,,,,,,,0.0,,,
2024-10-02 01:00:00,,,,,,,,,,,,,,,,,,,,,0.0,,,
2024-10-02 02:00:00,,,,,,,,,,,,,,,,,,,,,0.0,,,
2024-10-02 03:00:00,,,,,,,,,,,,,,,,,,,,,0.0,,,
2024-10-02 04:00:00,,,,,,,,,,,,,,,,,,,,,0.0,,,
2024-10-02 05:00:00,,,,,,,,,,,,,,,,,,,,,0.0,,,
2024-10-02 06:00:00,,,,,,,,,,,,,,,,,,,,,0.0,,,
2024-10-02 07:00:00,,,,,,,,,,,,,,,,,,,,,0.0,,,
2024-10-02 08:00:00,,,,,,,,,,,,,,,,,,,,,0.0,,,
2024-10-02 09:00:00,,,,,,,,,,,,,,,,,,,,,0.0,,,
2024-10-02 10:00:00,,,,,,,,,,,,,,,,,,,,,0.0,,,
2024-10-02 11:00:00,,,,,,,,,,,,,,,,,,,,,0.0,,,
2024-10-02 12:00:00,,,,,,,,,,,,,,,,,,,,,0.0,,,
2024-10-02 13:00:00,,,,,,,,,,,,,,,,,,,,,0.0,,,
2024-10-02 14:00:00,,,,,,,,,,,,,,,,,,,,,0.0,,,
2024-10-02 15:00:00,,,,,,,,,,,,,,,,,,,,,0.0,,,
2024-10-02 16:00:00,,,,,,,,,,,,,,,,,,,,,0.0,,,
2024-10-02 17:00:00,,,,,,,,,,,,,,,,,,,,,0.0,,,
2024-10-02 18:00:00,,,,,,,,,,,,,,,,,,,,,0.0,,,
2024-10-02 19:00:00,,,,,,,,,,,,,,,,,,,,,0.0,,,
2024-10-02 20:00:00,,,,,,,,,,,,,,,,,,,,,0.0,,,
2024-10-02 21:00:00,,,,,,,,,,,,,,,,,,,,,0.0,,,
2024-10-02 22:00:00,,,,,,,,,,,,,,,,,,,,,0.0,,,
2024-10-02 23:00:00,,,,,,,,,,,,,,,,,,,,,0.0,,,
2024-10-03 00:00:00,,,,,,,,,,,,,,,,,,,,,0.0,,,
2024-10-03 01:00:00,,,,,,,,,,,,,,,,,,,,,0.0,,,
2024-10-03 02:00:00,,,,,,,,,,,,,,,,,,,,,0.0,,,
2024-10-03 03:00:00,,,,,,,,,,,,,,,,,,,,,0.0,,,
2024-10-03 04:00:00,,,,,,,,,,,,,,,,,,,,,0.0,,,
2024-10-03 05:00:00,,,,,,,,,,,,,,,,,,,,,0.0,,,
2024-10-03 06:00:00,,,,,,,,,,,,,,,,,,,,,0.0,,,
2024-10-03 07:00:00,,,,,,,,,,,,,,,,,,,,,0.0,,,
2024-10-03 08:00:00,,,,,,,,,,,,,,,,,,,,,0.0,,,
2024-10-03 09:00:00,,,,,,,,,,,,,,,,,,,,,0.0,,,
2024-10-03 10:00:00,,,,,,,,,,,,,,,,,,,,,0.0,,,
2024-10-03 11:00:00,,,,,,,,,,,,,,,,,,,,,0.0,,,
2024-10-03 12:00:00,,,,,,,,,,,,,,,,,,,,,0.0,,,
2024-10-03 13:00:00,,,,,,,,,,,,,,,,,,,,,0.0,,,
2024-10-03 14:00:00,,,,,,,,,,,,,,,,,,,,,0.0,,,
2024-10-03 15:00:00,,,,,,,,,,,,,,,,,,,,,0.0,,,
2024-10-03 16:00:00,,,,,,,,,,,,,,,,,,,,,0.0,,,
2024-10-03 17:00:00,,,,,,,,,,,,,,,,,,,,,0.0,,,
2024-10-03 18:00:00,,,,,,,,,,,,,,,,,,,,,0.0,,,
2024-10-03 19:00:00,,,,,,,,,,,,,,,,,,,,,0.0,,,
2024-10-03 20:00:00,,,,,,,,,,,,,,,,,,,,,0.0,,,
2024-10-03 21:00:00,,,,,,,,,,,,,,,,,,,,,0.0,,,
2024-10-03 22:00:00,,,,,,,,,,,,,,,,,,,,,0.0,,,
2024-10-03 23:00:00,,,,,,,,,,,,,,,,,,,,,0.0,,,
2024-10-04 00:00:00,,,,,,,,,,,,,,,,,,,,,0.0,,,
2024-10-04 01:00:00,,,,,,,,,,,,,,,,,,,,,0.0,,,
2024-10-04 02:00:00,,,,,,,,,,,,,,,,,,,,,0.0,,,
2024-10-04 03:00:00,,,,,,,,,,,,,,,,,,,,,0.0,,,
2024-10-04 04:00:00,,,,,,,,,,,,,,,,,,,,,0.0,,,
2024-10-04 05:00:00,,,,,,,,,,,,,,,,,,,,,0.0,,,
2024-10-04 06:00:00,,,,,,,,,,,,,,,,,,,,,0.0,,,
2024-10-04 07:00:00,,,,,,,,,,,,,,,,,,,,,0.0,,,
2024-10-04 08:00:00,,,,,,,,,,,,,,,,,,,,,0.0,,,
2024-10-04 09:00:00,,,,,,,,,,,,,,,,,,,,,0.0,,,
2024-10-04 10:00:00,,,,,,,,,,,,,,,,,,,,,0.0,,,
2024-10-04 11:00:00,,,,,,,,,,,,,,,,,,,,,0.0,,,
2024-10-04 12:00:00,,,,,,,,,,,,,,,,,,,,,0.0,,,
2024-10-04 13:00:00,,,,,,,,,,,,,,,,,,,,,0.0,,,
2024-10-04 14:00:00,,,,,,,,,,,,,,,,,,,,,0.0,,,
2024-10-04 15:00:00,,,,,,,,,,,,,,,,,,,,,0.0,,,
2024-10-04 16:00:00,,,,,,,,,,,,,,,,,,,,,0.0,,,
2024-10-04 17:00:00,,,,,,,,,,,,,,,,,,,,,0.0,,,
2024-10-04 18:00:00,,,,,,,,,,,,,,,,,,,,,0.0,,,
2024-10-04 19:00:00,,,,,,,,,,,,,,,,,,,,,0.0,,,
2024-10-04 20:00:00,,,,,,,,,,,,,,,,,,,,,0.0,,,
2024-10-04 21:00:00,,,,,,,,,,,,,,,,,,,,,0.0,,,
2024-10-04 22:00:00,,,,,,,,,,,,,,,,,,,,,0.0,,,
2024-10-04 23:00:00,,,,,,,,,,,,,,,,,,,,,0.0,,,
2024-10-05 00:00:00,,,,,,,,,,,,,,,,,,,,,0.0,,,
2024-10-05 01:00:00,,,,,,,,,,,,,,,,,,,,,0.0,,,
2024-10-05 02:00:00,,,,,,,,,,,,,,,,,,,,,0.0,,,
2024-10-05 03:00:00,,,,,,,,,,,,,,,,,,,,,0.0,,,
2024-10-05 04:00:00,,,,,,,,,,,,,,,,,,,,,0.0,,,
2024-10-05 05:00:00,,,,,,,,,,,,,,,,,,,,,0.0,,,
2024-10-05 06:00:00,,,,,,,,,,,,,,,,,,,,,0.0,,,
2024-10-05 07:00:00,,,,,,,,,,,,,,,,,,,,,0.0,,,
2024-10-05 08:00:00,,,,,,,,,,,,,,,,,,,,,0.0,,,
2024-10-05 09:00:00,,,,,,,,,,,,,,,,,,,,,0.0,,,
2024-10-05 10:00:00,,,,,,,,,,,,,,,,,,,,,0.0,,,
2024-10-05 11:00:00,,,,,,,,,,,,,,,,,,,,,0.0,,,
2024-10-05 12:00:00,,,,,,,,,,,,,,,,,,,,,0.0,,,
2024-10-05 13:00:00,,,,,,,,,,,,,,,,,,,,,0.0,,,
2024-10-05 14:00:00,,,,,,,,,,,,,,,,,,,,,0.0,,,
2024-10-05 15:00:00,,,,,,,,,,,,,,,,,,,,,0.0,,,
2024-10-05 16:00:00,,,,,,,,,,,,,,,,,,,,,0.0,,,
2024-10-05 17:00:00,,,,,,,,,,,,,,,,,,,,,0.0,,,
2024-10-05 18:00:00,,,,,,,,,,,,,,,,,,,,,0.0,,,
2024-10-05 19:00:00,,,,,,,,,,,,,,,,,,,,,0.0,,,
2024-10-05 20:00:00,,,,,,,,,,,,,,,,,,,,,0.0,,,
2024-10-05 21:00:00,,,,,,,,,,,,,,,,,,,,,0.0,,,
2024-10-05 22:00:00,,,,,,,,,,,,,,,,,,,,,0.0,,,
2024-10-05 23:00:00,,,,,,,,,,,,,,,,,,,,,0.0,,,
2024-10-06 00:00:00,,,,,,,,,,,,,,,,,,,,,0.0,,,
2024-10-06 01:00:00,,,,,,,,,,,,,,,,,,,,,0.0,,,
2024-10-06 02:00:00,,,,,,,,,,,,,,,,,,,,,0.0,,,
2024-10-06 03:00:00,,,,,,,,,,,,,,,,,,,,,0.0,,,
2024-10-06 04:00:00,,,,,,,,,,,,,,,,,,,,,0.0,,,
2024-10-06 05:00:00,,,,,,,,,,,,,,,,,,,,,0.0,,,
2024-10-06 06:00:00,,,,,,,,,,,,,,,,,,,,,0.0,,,
2024-10-06 07:00:00,,,,,,,,,,,,,,,,,,,,,0.0,,,
2024-10-06 08:00:00,,,,,,,,,,,,,,,,,,,,,0.0,,,
2024-10-06 09:00:00,,,,,,,,,,,,,,,,,,,,,0.0,,,
2024-10-06 10:00:00,,,,,,,,,,,,,,,,,,,,,0.0,,,
2024-10-06 11:00:00,,,,,,,,,,,,,,,,,,,,,0.0,,,
2024-10-06 12:00:00,,,,,,,,,,,,,,,,,,,,,0.0,,,
2024-10-06 13:00:00,,,,,,,,,,,,,,,,,,,,,0.0,,,
2024-10-06 14:00:00,,,,,,,,,,,,,,,,,,,,,0.0,,,
2024-10-06 15:00:00,,,,,,,,,,,,,,,,,,,,,0.0,,,
2024-10-06 16:00:00,,,,,,,,,,,,,,,,,,,,,0.0,,,
2024-10-06 17:00:00,,,,,,,,,,,,,,,,,,,,,0.0,,,
2024-10-06 18:00:00,,,,,,,,,,,,,,,,,,,,,0.0,,,
2024-10-06 19:00:00,,,,,,,,,,,,,,,,,,,,,0.0,,,
2024-10-06 20:00:00,,,,,,,,,,,,,,,,,,,,,0.0,,,
2024-10-06 21:00:00,,,,,,,,,,,,,,,,,,,,,0.0,,,
2024-10-06 22:00:00,,,,,,,,,,,,,,,,,,,,,0.0,,,
2024-10-06 23:00:00,,,,,,,,,,,,,,,,,,,,,0.0,,,
2024-10-07 00:00:00,,,,,,,,,,,,,,,,,,,,,0.0,,,
2024-10-07 01:00:00,,,,,,,,,,,,,,,,,,,,,0.0,,,
2024-10-07 02:00:00,,,,,,,,,,,,,,,,,,,,,0.0,,,
2024-10-07 03:00:00,,,,,,,,,,,,,,,,,,,,,0.0,,,
2024-10-07 04:00:00,,,,,,,,,,,,,,,,,,,,,0.0,,,
2024-10-07 05:00:00,,,,,,,,,,,,,,,,,,,,,0.0,,,
2024-10-07 06:00:00,,,,,,,,,,,,,,,,,,,,,0.0,,,
2024-10-07 07:00:00,,,,,,,,,,,,,,,,,,,,,0.0,,,
2024-10-07 08:00:00,,,,,,,,,,,,,,,,,,,,,0.0,,,
2024-10-07 09:00:00,,,,,,,,,,,,,,,,,,,,,0.0,,,
2024-10-07 10:00:00,,,,,,,,,,,,,,,,,,,,,0.0,,,
2024-10-07 11:00:00,,,,,,,,,,,,,,,,,,,,,0.0,,,
2024-10-07 12:00:00,,,,,,,,,,,,,,,,,,,,,0.0,,,
2024-10-07 13:00:00,,,,,,,,,,,,,,,,,,,,,0.0,,,
2024-10-07 14:00:00,,,,,,,,,,,,,,,,,,,,,0.0,,,
2024-10-07 15:00:00,,,,,,,,,,,,,,,,,,,,,0.0,,,
2024-10-07 16:00:00,,,,,,,,,,,,,,,,,,,,,0.0,,,
2024-10-07 17:00:00,,,,,,,,,,,,,,,,,,,,,0.0,,,
2024-10-07 18:00:00,,,,,,,,,,,,,,,,,,,,,0.0,,,
2024-10-07 19:00:00,,,,,,,,,,,,,,,,,,,,,0.0,,,
2024-10-07 20:00:00,,,,,,,,,,,,,,,,,,,,,0.0,,,
2024-10-07 21:00:00,,,,,,,,,,,,,,,,,,,,,0.0,,,
2024-10-07 22:00:00,,,,,,,,,,,,,,,,,,,,,0.0,,,
2024-10-07 23:00:00,,,,,,,,,,,,,,,,,,,,,0.0,,,
2024-10-08 00:00:00,,,,,,,,,,,,,,,,,,,,,0.0,,,
2024-10-08 01:00:00,,,,,,,,,,,,,,,,,,,,,0.0,,,
2024-10-08 02:00:00,,,,,,,,,,,,,,,,,,,,,0.0,,,
2024-10-08 03:00:00,,,,,,,,,,,,,,,,,,,,,0.0,,,
2024-10-08 04:00:00,,,,,,,,,,,,,,,,,,,,,0.0,,,
2024-10-08 05:00:00,,,,,,,,,,,,,,,,,,,,,0.0,,,
2024-10-08 06:00:00,,,,,,,,,,,,,,,,,,,,,0.0,,,
2024-10-08 07:00:00,,,,,,,,,,,,,,,,,,,,,0.0,,,
2024-10-08 08:00:00,,,,,,,,,,,,,,,,,,,,,0.0,,,
2024-10-08 09:00:00,,,,,,,,,,,,,,,,,,,,,0.0,,,
2024-10-08 10:00:00,,,,,,,,,,,,,,,,,,,,,0.0,,,
2024-10-08 11:00:00,,,,,,,,,,,,,,,,,,,,,0.0,,,
2024-10-08 12:00:00,,,,,,,,,,,,,,,,,,,,,0.0,,,
2024-10-08 13:00:00,,,,,,,,,,,,,,,,,,,,,0.0,,,
2024-10-08 14:00:00,,,,,,,,,,,,,,,,,,,,,0.0,,,
2024-10-08 15:00:00,,,,,,,,,,,,,,,,,,,,,0.0,,,
2024-10-08 16:00:00,,,,,,,,,,,,,,,,,,,,,0.0,,,
2024-10-08 17:00:00,,,,,,,,,,,,,,,,,,,,,0.0,,,
2024-10-08 18:00:00,,,,,,,,,,,,,,,,,,,,,0.0,,,
2024-10-08 19:00:00,,,,,,,,,,,,,,,,,,,,,0.0,,,
2024-10-08 20:00:00,,,,,,,,,,,,,,,,,,,,,0.0,,,
2024-10-08 21:00:00,,,,,,,,,,,,,,,,,,,,,0.0,,,
2024-10-08 22:00:00,,,,,,,,,,,,,,,,,,,,,0.0,,,
2024-10-08 23:00:00,,,,,,,,,,,,,,,,,,,,,0.0,,,
2024-10-09 00:00:00,,,,,,,,,,,,,,,,,,,,,0.0,,,
2024-10-09 01:00:00,,,,,,,,,,,,,,,,,,,,,0.0,,,
2024-10-09 02:00:00,,,,,,,,,,,,,,,,,,,,,0.0,,,
2024-10-09 03:00:00,,,,,,,,,,,,,,,,,,,,,0.0,,,
2024-10-09 04:00:00,,,,,,,,,,,,,,,,,,,,,0.0,,,
2024-10-09 05:00:00,,,,,,,,,,,,,,,,,,,,,0.0,,,
2024-10-09 06:00:00,,,,,,,,,,,,,,,,,,,,,0.0,,,
2024-10-09 07:00:00,,,,,,,,,,,,,,,,,,,,,0.0,,,
2024-10-09 08:00:00,,,,,,,,,,,,,,,,,,,,,0.0,,,
2024-10-09 09:00:00,,,,,,,,,,,,,,,,,,,,,0.0,,,
2024-10-09 10:00:00,,,,,,,,,,,,,,,,,,,,,0.0,,,
2024-10-09 11:00:00,,,,,,,,,,,,,,,,,,,,,0.0,,,
2024-10-09 12:00:00,,,,,,,,,,,,,,,,,,,,,0.0,,,
2024-10-09 13:00:00,,,,,,,,,,,,,,,,,,,,,0.0,,,
2024-10-09 14:00:00,,,,,,,,,,,,,,,,,,,,,0.0,,,
2024-10-09 15:00:00,,,,,,,,,,,,,,,,,,,,,0.0,,,
2024-10-09 16:00:00,,,,,,,,,,,,,,,,,,,,,0.0,,,
2024-10-09 17:00:00,,,,,,,,,,,,,,,,,,,,,0.0,,,
2024-10-09 18:00:00,,,,,,,,,,,,,,,,,,,,,0.0,,,
2024-10-09 19:00:00,,,,,,,,,,,,,,,,,,,,,0.0,,,
2024-10-09 20:00:00,,,,,,,,,,,,,,,,,,,,,0.0,,,
2024-10-09 21:00:00,,,,,,,,,,,,,,,,,,,,,0.0,,,
2024-10-09 22:00:00,,,,,,,,,,,,,,,,,,,,,0.0,,,
2024-10-09 23:00:00,,,,,,,,,,,,,,,,,,,,,0.0,,,
2024-10-10 00:00:00,,,,,,,,,,,,,,,,,,,,,0.0,,,
2024-10-10 01:00:00,,,,,,,,,,,,,,,,,,,,,0.0,,,
2024-10-10 02:00:00,,,,,,,,,,,,,,,,,,,,,0.0,,,
2024-10-10 03:00:00,,,,,,,,,,,,,,,,,,,,,0.0,,,
2024-10-10 04:00:00,,,,,,,,,,,,,,,,,,,,,0.0,,,
2024-10-10 05:00:00,,,,,,,,,,,,,,,,,,,,,0.0,,,
2024-10-10 06:00:00,,,,,,,,,,,,,,,,,,,,,0.0,,,
2024-10-10 07:00:00,,,,,,,,,,,,,,,,,,,,,0.0,,,
2024-10-10 08:00:00,,,,,,,,,,,,,,,,,,,,,0.0,,,
2024-10-10 09:00:00,,,,,,,,,,,,,,,,,,,,,0.0,,,
2024-10-10 10:00:00,,,6.0,6.82,8.71,12.54,6.72,0.43,18.79,0.31,0.35,,,0.27,,,,,,,0.0,,,
2024-10-10 11:00:00,,,6.21,6.94,8.95,12.6,6.72,0.43,22.57,0.31,0.35,,,0.27,,,,,,,0.0,,,
2024-10-10 12:00:00,16.66,29.7,5.86,7.06,8.73,12.32,6.72,0.43,18.25,0.31,0.35,,,0.27,,,,,,,0.0,,,
2024-10-10 13:00:00,17.83,36.4,6.06,7.0,9.24,12.44,10.51,0.31,61.63,0.31,0.35,,,0.27,,,,,,,0.0,,,
2024-10-10 14:00:00,18.61,40.84,6.12,7.06,9.12,12.74,16.93,0.4,96.64,0.31,0.35,,,0.27,,,,,,,0.0,,,
2024-10-10 15:00:00,18.32,39.21,5.6,7.0,9.18,12.5,30.41,0.24,65.22,0.31,0.35,,,0.27,,,,,,,0.0,,,
2024-10-10 16:00:00,18.12,38.08,6.02,7.0,9.37,12.3,18.5,0.13,48.5,0.31,0.35,,,0.27,,,,,,,0.0,,,
2024-10-10 17:00:00,17.98,37.28,6.16,6.86,9.54,12.89,4.11,0.08,40.16,0.31,0.35,,,0.27,,,,,,,0.0,,,
2024-10-10 18:00:00,17.89,36.73,5.99,7.04,9.05,12.84,,0.04,33.51,0.31,0.35,,,0.27,,,,,,,0.0,,,
2024-10-10 19:00:00,17.83,36.37,6.03,7.06,9.17,12.9,,0.04,26.93,0.31,0.35,,,0.27,,,,,,,0.0,,,
2024-10-10 20:00:00,17.78,36.13,5.92,6.96,8.83,12.58,,0.03,27.14,0.31,0.35,,,0.27,,,,,,,0.0,,,
2024-10-10 21:00:00,17.75,35.97,6.08,6.98,8.94,12.5,,0.48,20.0,0.31,0.35,,,0.27,,,,,,,0.0,,,
2024-10-10 22:00:00,17.73,35.85,6.01,6.98,9.01,12.31,,0.94,19.49,0.31,0.35,,,0.27,,,,,,,0.0,,,
2024-10-10 23:00:00,17.72,35.76,6.18,6.96,8.92,12.6,,1.21,16.94,0.31,0.35,,,0.27,,,,,,,0.0,,,
2024-10-11 00:00:00,17.71,35.7,6.18,6.99,9.44,12.44,,0.08,15.94,0.31,0.35,,,0.27,,,,,,,0.0,,,
2024-10-11 01:00:00,17.7,35.66,6.16,7.04,9.18,12.45,,0.14,,0.31,0.35,,,0.27,,,,,,,0.0,,,
2024-10-11 02:00:00,17.7,35.63,5.89,7.0,8.94,11.86,,0.12,,0.31,0.35,,,0.27,,,,,,,0.0,,,
2024-10-11 03:00:00,17.7,35.64,6.1,7.01,8.97,12.23,,0.57,39.74,0.31,0.35,,,0.27,,,,,,,0.0,,,
2024-10-11 04:00:00,17.78,36.14,6.06,7.04,9.04,12.68,,0.1,104.06,0.31,0.35,,,0.27,,,,,,,0.0,,,
2024-10-11 05:00:00,17.94,37.0,6.02,6.86,8.81,12.48,,,,0.31,0.35,,,0.27,,,,,,,0.0,,,
2024-10-11 06:00:00,,,,,,,,,,,,,,,,,,,,,0.0,,,
2024-10-11 07:00:00,,,,,,,,,,,,,,,,,,,,,0.0,,,
2024-10-11 08:00:00,,,,,,,,,,,,,,,,,,,,,0.0,,,
2024-10-11 09:00:00,,,,,,,,,,,,,,,,,,,,,0.0,,,
2024-10-11 10:00:00,,,,,,,,,,,,,,,,,,,,,0.0,,,
2024-10-11 11:00:00,,,,,,,,,,,,,,,,,,,,,0.0,,,
2024-10-11 12:00:00,,,,,,,,,,,,,,,,,,,,,0.0,,,
2024-10-11 13:00:00,,,,,,,,,,,,,,,,,,,,,0.0,,,
2024-10-11 14:00:00,,,,,,,,,,,,,,,,,,,,,0.0,,,
2024-10-11 15:00:00,,,,,,,,,,,,,,,,,,,,,0.0,,,
2024-10-11 16:00:00,,,,,,,,,,,,,,,,,,,,,0.0,,,
2024-10-11 17:00:00,,,,,,,,,,,,,,,,,,,,,0.0,,,
2024-10-11 18:00:00,,,,,,,,,,,,,,,,,,,,,0.0,,,
2024-10-11 19:00:00,,,,,,,,,,,,,,,,,,,,,0.0,,,
2024-10-11 20:00:00,,,,,,,,,,,,,,,,,,,,,0.0,,,
2024-10-11 21:00:00,,,,,,,,,,,,,,,,,,,,,0.0,,,
2024-10-11 22:00:00,,,,,,,,,,,,,,,,,,,,,0.0,,,
2024-10-11 23:00:00,,,,,,,,,,,,,,,,,,,,,0.0,,,
2024-10-12 00:00:00,,,,,,,,,,,,,,,,,,,,,0.0,,,
2024-10-12 01:00:00,,,,,,,,,,,,,,,,,,,,,0.0,,,
2024-10-12 02:00:00,,,,,,,,,,,,,,,,,,,,,0.0,,,
2024-10-12 03:00:00,,,,,,,,,,,,,,,,,,,,,0.0,,,
2024-10-12 04:00:00,,,,,,,,,,,,,,,,,,,,,0.0,,,
2024-10-12 05:00:00,,,,,,,,,,,,,,,,,,,,,0.0,,,
2024-10-12 06:00:00,,,,,,,,,,,,,,,,,,,,,0.0,,,
2024-10-12 07:00:00,,,,,,,,,,,,,,,,,,,,,0.0,,,
2024-10-12 08:00:00,,,,,,,,,,,,,,,,,,,,,0.0,,,
2024-10-12 09:00:00,,,,,,,,,,,,,,,,,,,,,0.0,,,
2024-10-12 10:00:00,,,,,,,,,,,,,,,,,,,,,0.0,,,
2024-10-12 11:00:00,,,,,,,,,,,,,,,,,,,,,0.0,,,
2024-10-12 12:00:00,,,,,,,,,,,,,,,,,,,,,0.0,,,
2024-10-12 13:00:00,,,,,,,,,,,,,,,,,,,,,0.0,,,
2024-10-12 14:00:00,,,,,,,,,,,,,,,,,,,,,0.0,,,
2024-10-12 15:00:00,,,,,,,,,,,,,,,,,,,,,0.0,,,
2024-10-12 16:00:00,,,,,,,,,,,,,,,,,,,,,0.0,,,
2024-10-12 17:00:00,,,,,,,,,,,,,,,,,,,,,0.0,,,
2024-10-12 18:00:00,,,,,,,,,,,,,,,,,,,,,0.0,,,
2024-10-12 19:00:00,,,,,,,,,,,,,,,,,,,,,0.0,,,
2024-10-12 20:00:00,,,,,,,,,,,,,,,,,,,,,0.0,,,
2024-10-12 21:00:00,,,,,,,,,,,,,,,,,,,,,0.0,,,
2024-10-12 22:00:00,,,,,,,,,,,,,,,,,,,,,0.0,,,
2024-10-12 23:00:00,,,,,,,,,,,,,,,,,,,,,0.0,,,
2024-10-13 00:00:00,,,,,,,,,,,,,,,,,,,,,0.0,,,
2024-10-13 01:00:00,,,,,,,,,,,,,,,,,,,,,0.0,,,
2024-10-13 02:00:00,,,,,,,,,,,,,,,,,,,,,0.0,,,
2024-10-13 03:00:00,,,,,,,,,,,,,,,,,,,,,0.0,,,
2024-10-13 04:00:00,,,,,,,,,,,,,,,,,,,,,0.0,,,
2024-10-13 05:00:00,,,,,,,,,,,,,,,,,,,,,0.0,,,
2024-10-13 06:00:00,,,,,,,,,,,,,,,,,,,,,0.0,,,
2024-10-13 07:00:00,,,,,,,,,,,,,,,,,,,,,0.0,,,
2024-10-13 08:00:00,,,,,,,,,,,,,,,,,,,,,0.0,,,
2024-10-13 09:00:00,,,,,,,,,,,,,,,,,,,,,0.0,,,
2024-10-13 10:00:00,,,,,,,,,,,,,,,,,,,,,0.0,,,
2024-10-13 11:00:00,,,,,,,,,,,,,,,,,,,,,0.0,,,
2024-10-13 12:00:00,,,,,,,,,,,,,,,,,,,,,0.0,,,
2024-10-13 13:00:00,,,,,,,,,,,,,,,,,,,,,0.0,,,
2024-10-13 14:00:00,,,,,,,,,,,,,,,,,,,,,0.0,,,
2024-10-13 15:00:00,,,,,,,,,,,,,,,,,,,,,0.0,,,
2024-10-13 16:00:00,,,,,,,,,,,,,,,,,,,,,0.0,,,
2024-10-13 17:00:00,,,,,,,,,,,,,,,,,,,,,0.0,,,
2024-10-13 18:00:00,,,,,,,,,,,,,,,,,,,,,0.0,,,
2024-10-13 19:00:00,,,,,,,,,,,,,,,,,,,,,0.0,,,
2024-10-13 20:00:00,,,,,,,,,,,,,,,,,,,,,0.0,,,
2024-10-13 21:00:00,,,,,,,,,,,,,,,,,,,,,0.0,,,
2024-10-13 22:00:00,,,,,,,,,,,,,,,,,,,,,0.0,,,
2024-10-13 23:00:00,,,,,,,,,,,,,,,,,,,,,0.0,,,
2024-10-14 00:00:00,,,,,,,,,,,,,,,,,,,,,0.0,,,
2024-10-14 01:00:00,,,,,,,,,,,,,,,,,,,,,0.0,,,
2024-10-14 02:00:00,,,5.18,6.9,10.73,12.51,,,,0.31,0.35,,,0.27,,,,,,,0.0,,,
2024-10-14 03:00:00,,,,,,,,,,,,,,,,,,,,,0.0,,,
2024-10-14 04:00:00,,,,,,,,,,,,,,,,,,,,,0.0,,,
2024-10-14 05:00:00,,,,,,,,,,,,,,,,,,,,,0.0,,,
2024-10-14 06:00:00,,,,,,,,,,,,,,,,,,,,,0.0,,,
2024-10-14 07:00:00,,,,,,,,,,,,,,,,,,,,,0.0,,,
2024-10-14 08:00:00,,,,,,,,,,,,,,,,,,,,,0.0,,,
2024-10-14 09:00:00,,,,,,,,,,,,,,,,,,,,,0.0,,,
2024-10-14 10:00:00,,,,,,,,,,,,,,,,,,,,,0.0,,,
2024-10-14 11:00:00,,,,,,,,,,,,,,,,,,,,,0.0,,,
2024-10-14 12:00:00,,,,,,,,,,,,,,,,,,,,,0.0,,,
2024-10-14 13:00:00,,,,,,,,,,,,,,,,,,,,,0.0,,,
2024-10-14 14:00:00,,,,,,,,,,,,,,,,,,,,,0.0,,,
2024-10-14 15:00:00,,,,,,,,,,,,,,,,,,,,,0.0,,,
2024-10-14 16:00:00,,,,,,,,,,,,,,,,,,,,,0.0,,,
2024-10-14 17:00:00,,,,,,,,,,,,,,,,,,,,,0.0,,,
2024-10-14 18:00:00,,,,,,,,,,,,,,,,,,,,,0.0,,,
2024-10-14 19:00:00,,,,,,,,,,,,,,,,,,,,,0.0,,,
2024-10-14 20:00:00,,,,,,,,,,,,,,,,,,,,,0.0,,,
2024-10-14 21:00:00,,,,,,,,,,,,,,,,,,,,,0.0,,,
2024-10-14 22:00:00,,,,,,,,,,,,,,,,,,,,,0.0,,,
2024-10-14 23:00:00,,,,,,,,,,,,,,,,,,,,,0.0,,,
2024-10-15 00:00:00,,,,,,,,,,,,,,,,,,,,,0.0,,,
2024-10-15 01:00:00,,,,,,,,,,,,,,,,,,,,,0.0,,,
2024-10-15 02:00:00,,,,,,,,,,,,,,,,,,,,,0.0,,,
2024-10-15 03:00:00,,,,,,,,,,,,,,,,,,,,,0.0,,,
2024-10-15 04:00:00,,,,,,,,,,,,,,,,,,,,,0.0,,,
2024-10-15 05:00:00,,,,,,,,,,,,,,,,,,,,,0.0,,,
2024-10-15 06:00:00,,,,,,,,,,,,,,,,,,,,,0.0,,,
2024-10-15 07:00:00,,,,,,,,,,,,,,,,,,,,,0.0,,,
2024-10-15 08:00:00,,,,,,,,,,,,,,,,,,,,,0.0,,,
2024-10-15 09:00:00,,,,,,,,,,,,,,,,,,,,,0.0,,,
2024-10-15 10:00:00,,,,,,,,,,,,,,,,,,,,,0.0,,,
2024-10-15 11:00:00,,,,,,,,,,,,,,,,,,,,,0.0,,,
2024-10-15 12:00:00,,,,,,,,,,,,,,,,,,,,,0.0,,,
2024-10-15 13:00:00,,,,,,,,,,,,,,,,,,,,,0.0,,,
2024-10-15 14:00:00,,,,,,,,,,,,,,,,,,,,,0.0,,,
2024-10-15 15:00:00,,,,,,,,,,,,,,,,,,,,,0.0,,,
2024-10-15 16:00:00,,,,,,,,,,,,,,,,,,,,,0.0,,,
2024-10-15 17:00:00,,,,,,,,,,,,,,,,,,,,,0.0,,,
2024-10-15 18:00:00,,,,,,,,,,,,,,,,,,,,,0.0,,,
2024-10-15 19:00:00,,,,,,,,,,,,,,,,,,,,,0.0,,,
2024-10-15 20:00:00,,,,,,,,,,,,,,,,,,,,,0.0,,,
2024-10-15 21:00:00,,,,,,,,,,,,,,,,,,,,,0.0,,,
2024-10-15 22:00:00,,,,,,,,,,,,,,,,,,,,,0.0,,,
2024-10-15 23:00:00,,,,,,,,,,,,,,,,,,,,,0.0,,,
2024-10-16 00:00:00,,,,,,,,,,,,,,,,,,,,,0.0,,,
2024-10-16 01:00:00,,,,,,,,,,,,,,,,,,,,,0.0,,,
2024-10-16 02:00:00,,,,,,,,,,,,,,,,,,,,,0.0,,,
2024-10-16 03:00:00,,,,,,,,,,,,,,,,,,,,,0.0,,,
2024-10-16 04:00:00,,,,,,,,,,,,,,,,,,,,,0.0,,,
2024-10-16 05:00:00,,,,,,,,,,,,,,,,,,,,,0.0,,,
2024-10-16 06:00:00,,,,,,,,,,,,,,,,,,,,,0.0,,,
2024-10-16 07:00:00,,,,,,,,,,,,,,,,,,,,,0.0,,,
2024-10-16 08:00:00,,,,,,,,,,,,,,,,,,,,,0.0,,,
2024-10-16 09:00:00,,,,,,,,,,,,,,,,,,,,,0.0,,,
2024-10-16 10:00:00,,,,,,,,,,,,,,,,,,,,,0.0,,,
2024-10-16 11:00:00,,,,,,,,,,,,,,,,,,,,,0.0,,,
2024-10-16 12:00:00,,,,,,,,,,,,,,,,,,,,,0.0,,,
2024-10-16 13:00:00,,,,,,,,,,,,,,,,,,,,,0.0,,,
2024-10-16 14:00:00,,,,,,,,,,,,,,,,,,,,,0.0,,,
2024-10-16 15:00:00,,,,,,,,,,,,,,,,,,,,,0.0,,,
2024-10-16 16:00:00,,,,,,,,,,,,,,,,,,,,,0.0,,,
2024-10-16 17:00:00,,,,,,,,,,,,,,,,,,,,,0.0,,,
2024-10-16 18:00:00,,,,,,,,,,,,,,,,,,,,,0.0,,,
2024-10-16 19:00:00,,,,,,,,,,,,,,,,,,,,,0.0,,,
2024-10-16 20:00:00,,,,,,,,,,,,,,,,,,,,,0.0,,,
2024-10-16 21:00:00,,,,,,,,,,,,,,,,,,,,,0.0,,,
2024-10-16 22:00:00,,,,,,,,,,,,,,,,,,,,,0.0,,,
2024-10-16 23:00:00,,,,,,,,,,,,,,,,,,,,,0.0,,,
2024-10-17 00:00:00,,,,,,,,,,,,,,,,,,,,,0.0,,,
2024-10-17 01:00:00,,,,,,,,,,,,,,,,,,,,,0.0,,,
2024-10-17 02:00:00,,,,,,,,,,,,,,,,,,,,,0.0,,,
2024-10-17 03:00:00,,,,,,,,,,,,,,,,,,,,,0.0,,,
2024-10-17 04:00:00,,,,,,,,,,,,,,,,,,,,,0.0,,,
2024-10-17 05:00:00,,,,,,,,,,,,,,,,,,,,,0.0,,,
2024-10-17 06:00:00,,,,,,,,,,,,,,,,,,,,,0.0,,,
2024-10-17 07:00:00,,,,,,,,,,,,,,,,,,,,,0.0,,,
2024-10-17 08:00:00,,,,,,,,,,,,,,,,,,,,,0.0,,,
2024-10-17 09:00:00,,,,,,,,,,,,,,,,,,,,,0.0,,,
2024-10-17 10:00:00,,,,,,,,,,,,,,,,,,,,,0.0,,,
2024-10-17 11:00:00,,,,,,,,,,,,,,,,,,,,,0.0,,,
2024-10-17 12:00:00,,,,,,,,,,,,,,,,,,,,,0.0,,,
2024-10-17 13:00:00,,,,,,,,,,,,,,,,,,,,,0.0,,,
2024-10-17 14:00:00,,,,,,,,,,,,,,,,,,,,,0.0,,,
2024-10-17 15:00:00,,,,,,,,,,,,,,,,,,,,,0.0,,,
2024-10-17 16:00:00,,,,,,,,,,,,,,,,,,,,,0.0,,,
2024-10-17 17:00:00,,,,,,,,,,,,,,,,,,,,,0.0,,,
2024-10-17 18:00:00,,,,,,,,,,,,,,,,,,,,,0.0,,,
2024-10-17 19:00:00,,,,,,,,,,,,,,,,,,,,,0.0,,,
2024-10-17 20:00:00,,,,,,,,,,,,,,,,,,,,,0.0,,,
2024-10-17 21:00:00,,,,,,,,,,,,,,,,,,,,,0.0,,,
2024-10-17 22:00:00,,,,,,,,,,,,,,,,,,,,,0.0,,,
2024-10-17 23:00:00,,,,,,,,,,,,,,,,,,,,,0.0,,,
2024-10-18 00:00:00,,,,,,,,,,,,,,,,,,,,,0.0,,,
2024-10-18 01:00:00,,,,,,,,,,,,,,,,,,,,,0.0,,,
2024-10-18 02:00:00,,,,,,,,,,,,,,,,,,,,,0.0,,,
2024-10-18 03:00:00,,,,,,,,,,,,,,,,,,,,,0.0,,,
2024-10-18 04:00:00,,,,,,,,,,,,,,,,,,,,,0.0,,,
2024-10-18 05:00:00,,,,,,,,,,,,,,,,,,,,,0.0,,,
2024-10-18 06:00:00,,,,,,,,,,,,,,,,,,,,,0.0,,,
2024-10-18 07:00:00,,,,,,,,,,,,,,,,,,,,,0.0,,,
2024-10-18 08:00:00,,,,,,,,,,,,,,,,,,,,,0.0,,,
2024-10-18 09:00:00,,,,,,,,,,,,,,,,,,,,,0.0,,,
2024-10-18 10:00:00,,,,,,,,,,,,,,,,,,,,,0.0,,,
2024-10-18 11:00:00,,,,,,,,,,,,,,,,,,,,,0.0,,,
2024-10-18 12:00:00,,,,,,,,,,,,,,,,,,,,,0.0,,,
2024-10-18 13:00:00,,,,,,,,,,,,,,,,,,,,,0.0,,,
2024-10-18 14:00:00,,,,,,,,,,,,,,,,,,,,,0.0,,,
2024-10-18 15:00:00,,,,,,,,,,,,,,,,,,,,,0.0,,,
2024-10-18 16:00:00,,,,,,,,,,,,,,,,,,,,,0.0,,,
2024-10-18 17:00:00,,,,,,,,,,,,,,,,,,,,,0.0,,,
2024-10-18 18:00:00,,,,,,,,,,,,,,,,,,,,,0.0,,,
2024-10-18 19:00:00,,,,,,,,,,,,,,,,,,,,,0.0,,,
2024-10-18 20:00:00,,,,,,,,,,,,,,,,,,,,,0.0,,,
2024-10-18 21:00:00,,,,,,,,,,,,,,,,,,,,,0.0,,,
2024-10-18 22:00:00,,,,,,,,,,,,,,,,,,,,,0.0,,,
2024-10-18 23:00:00,,,,,,,,,,,,,,,,,,,,,0.0,,,
2024-10-19 00:00:00,,,,,,,,,,,,,,,,,,,,,0.0,,,
2024-10-19 01:00:00,,,,,,,,,,,,,,,,,,,,,0.0,,,
2024-10-19 02:00:00,,,,,,,,,,,,,,,,,,,,,0.0,,,
2024-10-19 03:00:00,,,,,,,,,,,,,,,,,,,,,0.0,,,
2024-10-19 04:00:00,,,,,,,,,,,,,,,,,,,,,0.0,,,
2024-10-19 05:00:00,,,,,,,,,,,,,,,,,,,,,0.0,,,
2024-10-19 06:00:00,,,,,,,,,,,,,,,,,,,,,0.0,,,
2024-10-19 07:00:00,,,,,,,,,,,,,,,,,,,,,0.0,,,
2024-10-19 08:00:00,,,,,,,,,,,,,,,,,,,,,0.0,,,
2024-10-19 09:00:00,,,,,,,,,,,,,,,,,,,,,0.0,,,
2024-10-19 10:00:00,,,,,,,,,,,,,,,,,,,,,0.0,,,
2024-10-19 11:00:00,,,,,,,,,,,,,,,,,,,,,0.0,,,
2024-10-19 12:00:00,,,,,,,,,,,,,,,,,,,,,0.0,,,
2024-10-19 13:00:00,,,,,,,,,,,,,,,,,,,,,0.0,,,
2024-10-19 14:00:00,,,,,,,,,,,,,,,,,,,,,0.0,,,
2024-10-19 15:00:00,,,,,,,,,,,,,,,,,,,,,0.0,,,
2024-10-19 16:00:00,,,,,,,,,,,,,,,,,,,,,0.0,,,
2024-10-19 17:00:00,,,,,,,,,,,,,,,,,,,,,0.0,,,
2024-10-19 18:00:00,,,,,,,,,,,,,,,,,,,,,0.0,,,
2024-10-19 19:00:00,,,,,,,,,,,,,,,,,,,,,0.0,,,
2024-10-19 20:00:00,,,,,,,,,,,,,,,,,,,,,0.0,,,
2024-10-19 21:00:00,,,,,,,,,,,,,,,,,,,,,0.0,,,
2024-10-19 22:00:00,,,,,,,,,,,,,,,,,,,,,0.0,,,
2024-10-19 23:00:00,,,,,,,,,,,,,,,,,,,,,0.0,,,
2024-10-20 00:00:00,,,,,,,,,,,,,,,,,,,,,0.0,,,
2024-10-20 01:00:00,,,,,,,,,,,,,,,,,,,,,0.0,,,
2024-10-20 02:00:00,,,,,,,,,,,,,,,,,,,,,0.0,,,
2024-10-20 03:00:00,,,,,,,,,,,,,,,,,,,,,0.0,,,
2024-10-20 04:00:00,,,,,,,,,,,,,,,,,,,,,0.0,,,
2024-10-20 05:00:00,,,,,,,,,,,,,,,,,,,,,0.0,,,
2024-10-20 06:00:00,,,,,,,,,,,,,,,,,,,,,0.0,,,
2024-10-20 07:00:00,,,,,,,,,,,,,,,,,,,,,0.0,,,
2024-10-20 08:00:00,,,,,,,,,,,,,,,,,,,,,0.0,,,
2024-10-20 09:00:00,,,,,,,,,,,,,,,,,,,,,0.0,,,
2024-10-20 10:00:00,,,,,,,,,,,,,,,,,,,,,0.0,,,
2024-10-20 11:00:00,,,,,,,,,,,,,,,,,,,,,0.0,,,
2024-10-20 12:00:00,,,,,,,,,,,,,,,,,,,,,0.0,,,
2024-10-20 13:00:00,,,,,,,,,,,,,,,,,,,,,0.0,,,
2024-10-20 14:00:00,,,,,,,,,,,,,,,,,,,,,0.0,,,
2024-10-20 15:00:00,,,,,,,,,,,,,,,,,,,,,0.0,,,
2024-10-20 16:00:00,,,,,,,,,,,,,,,,,,,,,0.0,,,
2024-10-20 17:00:00,,,,,,,,,,,,,,,,,,,,,0.0,,,
2024-10-20 18:00:00,,,,,,,,,,,,,,,,,,,,,0.0,,,
2024-10-20 19:00:00,,,,,,,,,,,,,,,,,,,,,0.0,,,
2024-10-20 20:00:00,,,,,,,,,,,,,,,,,,,,,0.0,,,
2024-10-20 21:00:00,,,,,,,,,,,,,,,,,,,,,0.0,,,
2024-10-20 22:00:00,,,,,,,,,,,,,,,,,,,,,0.0,,,
2024-10-20 23:00:00,,,,,,,,,,,,,,,,,,,,,0.0,,,
2024-10-21 00:00:00,,,,,,,,,,,,,,,,,,,,,0.0,,,
2024-10-21 01:00:00,,,,,,,,,,,,,,,,,,,,,0.0,,,
2024-10-21 02:00:00,,,,,,,,,,,,,,,,,,,,,0.0,,,
2024-10-21 03:00:00,,,,,,,,,,,,,,,,,,,,,0.0,,,
2024-10-21 04:00:00,,,,,,,,,,,,,,,,,,,,,0.0,,,
2024-10-21 05:00:00,,,,,,,,,,,,,,,,,,,,,0.0,,,
2024-10-21 06:00:00,,,,,,,,,,,,,,,,,,,,,0.0,,,
2024-10-21 07:00:00,,,,,,,,,,,,,,,,,,,,,0.0,,,
2024-10-21 08:00:00,,,,,,,,,,,,,,,,,,,,,0.0,,,
2024-10-21 09:00:00,,,,,,,,,,,,,,,,,,,,,0.0,,,
2024-10-21 10:00:00,,,,,,,,,,,,,,,,,,,,,0.0,,,
2024-10-21 11:00:00,,,,,,,,,,,,,,,,,,,,,0.0,,,
2024-10-21 12:00:00,,,,,,,,,,,,,,,,,,,,,0.0,,,
2024-10-21 13:00:00,,,,,,,,,,,,,,,,,,,,,0.0,,,
2024-10-21 14:00:00,,,,,,,,,,,,,,,,,,,,,0.0,,,
2024-10-21 15:00:00,,,,,,,,,,,,,,,,,,,,,0.0,,,
2024-10-21 16:00:00,,,,,,,,,,,,,,,,,,,,,0.0,,,
2024-10-21 17:00:00,,,,,,,,,,,,,,,,,,,,,0.0,,,
2024-10-21 18:00:00,,,,,,,,,,,,,,,,,,,,,0.0,,,
2024-10-21 19:00:00,,,,,,,,,,,,,,,,,,,,,0.0,,,
2024-10-21 20:00:00,,,,,,,,,,,,,,,,,,,,,0.0,,,
2024-10-21 21:00:00,,,,,,,,,,,,,,,,,,,,,0.0,,,
2024-10-21 22:00:00,,,,,,,,,,,,,,,,,,,,,0.0,,,
2024-10-21 23:00:00,,,,,,,,,,,,,,,,,,,,,0.0,,,
2024-10-22 00:00:00,,,,,,,,,,,,,,,,,,,,,0.0,,,
2024-10-22 01:00:00,,,,,,,,,,,,,,,,,,,,,0.0,,,
2024-10-22 02:00:00,,,,,,,,,,,,,,,,,,,,,0.0,,,
2024-10-22 03:00:00,,,,,,,,,,,,,,,,,,,,,0.0,,,
2024-10-22 04:00:00,,,,,,,,,,,,,,,,,,,,,0.0,,,
2024-10-22 05:00:00,,,,,,,,,,,,,,,,,,,,,0.0,,,
2024-10-22 06:00:00,,,,,,,,,,,,,,,,,,,,,0.0,,,
2024-10-22 07:00:00,,,,,,,,,,,,,,,,,,,,,0.0,,,
2024-10-22 08:00:00,,,,,,,,,,,,,,,,,,,,,0.0,,,
2024-10-22 09:00:00,,,,,,,,,,,,,,,,,,,,,0.0,,,
2024-10-22 10:00:00,,,,,,,,,,,,,,,,,,,,,0.0,,,
2024-10-22 11:00:00,,,,,,,,,,,,,,,,,,,,,0.0,,,
2024-10-22 12:00:00,,,,,,,,,,,,,,,,,,,,,0.0,,,
2024-10-22 13:00:00,,,,,,,,,,,,,,,,,,,,,0.0,,,
2024-10-22 14:00:00,,,,,,,,,,,,,,,,,,,,,0.0,,,
2024-10-22 15:00:00,,,,,,,,,,,,,,,,,,,,,0.0,,,
2024-10-22 16:00:00,,,,,,,,,,,,,,,,,,,,,0.0,,,
2024-10-22 17:00:00,,,,,,,,,,,,,,,,,,,,,0.0,,,
2024-10-22 18:00:00,,,,,,,,,,,,,,,,,,,,,0.0,,,
2024-10-22 19:00:00,,,,,,,,,,,,,,,,,,,,,0.0,,,
2024-10-22 20:00:00,,,,,,,,,,,,,,,,,,,,,0.0,,,
2024-10-22 21:00:00,,,,,,,,,,,,,,,,,,,,,0.0,,,
2024-10-22 22:00:00,,,,,,,,,,,,,,,,,,,,,0.0,,,
2024-10-22 23:00:00,,,,,,,,,,,,,,,,,,,,,0.0,,,
2024-10-23 00:00:00,,,,,,,,,,,,,,,,,,,,,0.0,,,
2024-10-23 01:00:00,,,,,,,,,,,,,,,,,,,,,0.0,,,
2024-10-23 02:00:00,,,,,,,,,,,,,,,,,,,,,0.0,,,
2024-10-23 03:00:00,,,,,,,,,,,,,,,,,,,,,0.0,,,
2024-10-23 04:00:00,,,,,,,,,,,,,,,,,,,,,0.0,,,
2024-10-23 05:00:00,,,,,,,,,,,,,,,,,,,,,0.0,,,
2024-10-23 06:00:00,,,,,,,,,,,,,,,,,,,,,0.0,,,
2024-10-23 07:00:00,,,,,,,,,,,,,,,,,,,,,0.0,,,
2024-10-23 08:00:00,,,,,,,,,,,,,,,,,,,,,0.0,,,
2024-10-23 09:00:00,,,,,,,,,,,,,,,,,,,,,0.0,,,
2024-10-23 10:00:00,,,,,,,,,,,,,,,,,,,,,0.0,,,
2024-10-23 11:00:00,,,,,,,,,,,,,,,,,,,,,0.0,,,
2024-10-23 12:00:00,,,5.8,7.24,10.29,12.34,,,,0.31,0.35,,,0.27,,,,,,,0.0,,,
2024-10-23 13:00:00,,,,,,,,,,,,,,,,,,,,,0.0,,,
2024-10-23 14:00:00,,,,,,,,,,,,,,,,,,,,,0.0,,,
2024-10-23 15:00:00,,,,,,,,,,,,,,,,,,,,,0.0,,,
2024-10-23 16:00:00,,,,,,,,,,,,,,,,,,,,,0.0,,,
2024-10-23 17:00:00,,,,,,,,,,,,,,,,,,,,,0.0,,,
2024-10-23 18:00:00,,,,,,,,,,,,,,,,,,,,,0.0,,,
2024-10-23 19:00:00,,,,,,,,,,,,,,,,,,,,,0.0,,,
2024-10-23 20:00:00,,,,,,,,,,,,,,,,,,,,,0.0,,,
2024-10-23 21:00:00,,,,,,,,,,,,,,,,,,,,,0.0,,,
2024-10-23 22:00:00,,,,,,,,,,,,,,,,,,,,,0.0,,,
2024-10-23 23:00:00,,,,,,,,,,,,,,,,,,,,,0.0,,,
2024-10-24 00:00:00,,,,,,,,,,,,,,,,,,,,,0.0,,,
2024-10-24 01:00:00,,,,,,,,,,,,,,,,,,,,,0.0,,,
2024-10-24 02:00:00,,,,,,,,,,,,,,,,,,,,,0.0,,,
2024-10-24 03:00:00,,,6.12,6.76,8.47,11.92,,,,0.31,0.35,,,0.27,,,,,,,0.0,,,
2024-10-24 04:00:00,,,5.98,7.02,9.06,12.43,,,,0.31,0.35,,,0.27,,,,,,,0.0,,,
2024-10-24 05:00:00,,,5.91,6.9,8.88,12.69,10.39,,,0.31,0.35,,,0.27,,32.55,,1.35,317.76,7.8,1.95,40.33,,0.73
2024-10-24 06:00:00,,,6.22,6.98,9.08,12.12,2.0,0.75,,0.31,0.35,,,0.27,,33.99,63.56,2.42,321.3,7.8,5.85,382.32,715.74,0.74
2024-10-24 07:00:00,,,5.92,7.03,8.72,12.64,,0.64,,0.31,0.35,,,0.27,,33.5,55.83,1.78,331.34,7.8,7.8,399.18,711.89,0.74
2024-10-24 08:00:00,,,5.91,7.03,8.54,12.24,,,,0.31,0.35,,,0.27,,34.64,53.44,1.23,321.56,7.8,7.8,297.48,708.08,0.74
2024-10-24 09:00:00,,,6.01,6.96,9.1,12.45,,,,0.31,0.35,,,0.27,,35.95,51.96,1.34,332.17,7.8,7.8,192.19,705.36,0.74
2024-10-24 10:00:00,17.66,35.42,6.02,6.96,9.22,12.68,7.84,0.62,18.96,0.31,0.35,,,0.27,,35.51,48.36,1.33,335.06,0.4,0.4,69.74,705.1,0.74
2024-10-24 11:00:00,17.66,,6.2,7.16,9.58,12.78,,0.76,17.1,0.31,0.35,,,0.27,,34.63,50.4,1.42,333.25,0.0,0.0,30.46,706.04,0.74
2024-10-24 12:00:00,17.66,,7.08,12.19,12.24,14.18,4.09,0.9,12.9,0.31,0.35,,,0.27,,33.35,52.35,1.37,332.34,0.0,0.0,1.25,707.2,0.74
2024-10-24 13:00:00,17.01,25.17,7.0,4.44,8.05,14.7,1.38,0.83,9.77,0.31,0.35,,,0.27,,31.8,58.49,1.69,260.21,0.0,0.0,0.71,709.87,0.74
2024-10-24 14:00:00,14.43,20.35,7.0,10.92,11.5,14.33,,0.92,10.7,0.31,0.35,,,0.27,,30.68,62.65,1.54,346.58,0.0,0.0,0.5,712.78,0.74
2024-10-24 15:00:00,14.43,20.35,7.0,11.2,11.65,14.32,,1.12,9.04,0.31,0.35,,,0.27,,30.7,63.19,1.42,331.65,0.0,0.0,0.37,714.3,0.74
2024-10-24 16:00:00,39.39,55.55,7.0,7.88,9.88,14.46,,0.96,11.66,0.31,0.35,,,0.27,,30.55,62.59,1.46,327.57,0.0,0.0,0.5,716.27,0.74
2024-10-24 17:00:00,108.72,153.3,7.0,4.8,8.25,14.7,,0.72,10.56,0.31,0.35,,,0.27,,29.85,68.48,1.0,271.26,0.0,0.0,0.62,715.56,0.74
2024-10-24 18:00:00,123.82,174.58,7.0,,5.69,15.0,,0.61,12.69,0.31,0.35,,,0.27,,29.74,72.02,1.03,278.94,0.0,0.0,0.43,713.42,0.74
2024-10-24 19:00:00,95.08,134.06,7.0,,5.69,15.0,,0.54,10.44,0.31,0.35,,,0.27,,29.23,76.14,1.13,317.93,0.0,0.0,0.34,710.21,0.74
2024-10-24 20:00:00,114.01,160.76,7.0,2.11,6.81,14.84,,0.62,9.54,0.31,0.35,,,0.27,,29.45,78.83,1.62,335.43,0.0,0.0,0.32,708.6,0.74
2024-10-24 21:00:00,110.09,155.23,7.0,0.85,5.8,14.98,,0.52,9.64,0.31,0.35,,,0.27,,29.52,74.76,1.05,283.96,0.0,0.0,0.29,707.67,0.74
2024-10-24 22:00:00,106.81,150.6,7.0,,5.69,15.0,,0.51,12.2,0.31,0.35,,,0.27,,28.92,73.19,1.29,301.93,0.0,0.0,0.44,708.05,0.74
2024-10-24 23:00:00,80.73,113.84,7.0,1.38,5.87,14.98,,0.52,10.8,0.31,0.35,,,0.27,,28.94,76.81,1.27,304.28,0.0,0.0,0.48,708.68,0.74
2024-10-25 00:00:00,94.1,132.68,7.83,12.18,12.84,14.19,5.82,0.84,11.12,0.31,0.35,,,0.27,,28.94,73.63,1.32,310.39,0.0,0.0,3.88,711.14,0.74
2024-10-25 01:00:00,88.32,124.81,7.96,15.97,14.96,13.75,2.62,0.91,11.52,0.31,0.35,,,0.27,,28.98,73.84,1.09,288.91,0.0,0.0,41.48,714.2,0.74
2024-10-25 02:00:00,27.48,38.76,7.9,15.67,14.76,13.88,2.0,0.97,12.74,0.31,0.35,,,0.27,,30.54,68.34,0.73,277.5,0.0,0.0,146.83,717.14,0.74
2024-10-25 03:00:00,98.0,138.18,8.49,17.18,16.04,13.7,1.82,0.96,10.73,0.31,0.35,,,0.27,,31.75,65.34,0.93,280.44,0.0,0.0,358.18,718.15,0.74
2024-10-25 04:00:00,130.19,183.58,7.6,13.64,13.43,14.07,4.2,0.94,14.53,0.31,0.35,,,0.27,,33.04,62.1,0.94,269.58,0.0,0.0,498.87,718.3,0.72
2024-10-25 05:00:00,129.42,182.48,7.34,11.63,12.15,14.18,3.0,0.91,16.66,0.31,0.35,,,0.27,,33.65,55.02,1.38,331.44,0.0,0.0,595.06,715.12,0.72
2024-10-25 06:00:00,121.4,171.18,7.42,10.46,11.6,14.28,,0.86,18.36,0.31,0.35,,,0.27,,34.39,53.32,1.48,338.15,0.0,0.0,625.05,711.74,0.72
2024-10-25 07:00:00,123.6,174.28,7.24,9.16,10.76,14.35,2.96,0.78,19.29,0.31,0.35,,,0.27,,34.38,49.49,1.52,340.32,0.0,0.0,513.16,708.16,0.72
2024-10-25 08:00:00,112.49,158.61,7.13,6.66,9.34,14.54,0.38,0.76,19.98,0.31,0.35,,,0.27,,34.56,45.66,1.56,341.46,0.0,0.0,311.03,704.6,0.72
2024-10-25 09:00:00,82.97,117.02,7.1,7.23,9.62,14.49,1.04,0.66,24.32,0.31,0.35,,,0.27,,34.42,49.97,1.56,342.2,0.0,0.0,174.55,703.06,0.71
2024-10-25 10:00:00,32.65,46.08,7.07,9.31,10.7,14.35,1.5,0.68,43.44,0.31,0.35,,,0.27,,33.99,52.75,1.56,344.12,0.0,0.0,61.5,704.23,0.71
2024-10-25 11:00:00,93.74,132.16,7.18,15.16,13.91,13.95,1.2,0.82,28.36,0.31,0.35,,,0.27,,33.58,55.26,1.19,315.07,0.0,0.0,23.66,706.17,0.72
2024-10-25 12:00:00,97.82,137.93,7.94,23.23,18.82,13.32,1.12,1.1,22.29,0.31,0.35,,,0.27,,33.04,58.78,1.04,296.97,0.0,0.0,1.8,708.25,0.72
2024-10-25 13:00:00,96.08,122.69,7.46,24.16,18.92,13.27,4.13,1.23,17.72,0.31,0.35,,,0.27,,32.52,63.55,0.93,305.77,0.0,0.0,0.58,711.12,0.72
2024-10-25 14:00:00,111.56,141.4,9.43,32.31,24.86,12.53,5.06,1.39,16.11,0.31,0.35,,,0.27,,32.2,66.94,1.17,294.19,0.0,0.0,0.54,714.16,0.72
2024-10-25 15:00:00,,,8.73,29.6,22.84,12.83,12.21,4.38,40.43,0.31,0.35,,,0.27,,31.91,69.17,1.08,277.82,0.0,0.0,0.71,715.86,0.72
2024-10-25 16:00:00,,,9.37,25.98,21.44,12.95,13.55,5.08,29.57,0.31,0.35,,,0.27,,31.49,71.58,1.03,274.22,0.0,0.0,0.8,716.81,0.71
2024-10-25 17:00:00,,,8.26,26.74,20.94,13.08,15.84,4.16,22.78,0.31,0.35,,,0.27,,31.26,74.66,1.08,266.26,0.0,0.0,0.8,716.78,0.72
2024-10-25 18:00:00,,,8.03,13.72,13.82,13.96,14.17,3.36,20.57,0.31,0.35,,,0.27,,30.77,77.68,1.1,285.47,0.0,0.0,0.87,714.61,0.72
2024-10-25 19:00:00,,,7.24,15.57,14.17,13.92,17.52,3.23,20.12,0.31,0.35,,,0.27,,30.86,78.2,1.25,291.74,0.0,0.0,0.7,711.93,0.72
2024-10-25 20:00:00,,,7.26,13.6,13.14,14.05,16.95,3.05,20.32,0.31,0.35,,,0.27,,30.25,78.74,1.28,297.95,0.0,0.0,0.87,710.04,0.71
2024-10-25 21:00:00,,,7.13,14.01,13.25,14.05,20.13,3.05,18.98,0.31,0.35,,,0.27,,30.46,75.52,1.15,272.56,0.0,0.0,0.77,709.51,0.71
2024-10-25 22:00:00,,,7.26,8.22,10.27,14.41,18.78,2.68,19.31,0.31,0.35,,,0.27,,30.3,74.85,1.09,269.83,0.0,0.0,1.01,709.58,0.71
2024-10-25 23:00:00,,,7.64,10.51,11.8,14.19,20.8,2.63,17.31,0.31,0.35,,,0.27,,30.35,71.58,1.37,306.67,0.0,0.0,0.78,711.02,0.71
2024-10-26 00:00:00,,,7.94,9.65,11.59,14.28,,1.72,17.75,0.31,0.35,,,0.27,,30.09,72.78,1.23,303.96,0.0,0.0,4.07,713.36,0.71
2024-10-26 01:00:00,4.43,,8.45,15.06,14.88,13.88,,1.45,12.33,0.31,0.35,,,0.27,,30.17,74.92,1.25,322.72,0.0,0.0,31.84,716.2,0.71
2024-10-26 02:00:00,16.14,56.38,8.77,14.4,14.79,13.8,,0.6,10.07,0.31,0.35,,,0.27,,31.1,71.54,1.5,333.41,0.0,0.0,154.86,718.68,0.71
2024-10-26 03:00:00,72.48,86.3,7.94,12.92,13.33,14.06,,0.35,13.21,0.31,0.35,,,0.27,,32.17,67.57,1.43,337.08,0.0,0.0,400.85,720.68,0.72
2024-10-26 04:00:00,107.32,135.41,7.61,8.52,10.72,14.42,0.42,0.18,14.23,0.31,0.35,,,0.27,,33.41,63.48,1.38,336.69,0.0,0.0,546.16,719.01,0.72
2024-10-26 05:00:00,71.42,84.8,7.72,8.72,10.91,14.39,1.54,0.12,13.66,0.31,0.35,,,0.27,,33.94,57.8,1.37,335.55,0.0,0.0,613.96,715.15,0.72
2024-10-26 06:00:00,72.4,86.18,7.66,8.22,10.6,14.34,0.99,0.03,13.68,0.31,0.35,,,0.27,,34.6,55.1,1.4,336.18,0.0,0.0,642.37,710.86,0.71
2024-10-26 07:00:00,50.81,55.74,7.56,6.28,9.49,14.65,,0.03,14.81,0.31,0.35,,,0.27,,34.39,54.1,1.43,338.32,0.0,0.0,548.83,707.38,0.72
2024-10-26 08:00:00,56.98,64.44,7.55,6.46,9.57,14.45,,,14.67,0.31,0.35,,,0.27,,34.67,50.97,1.5,342.22,0.0,0.0,371.53,703.96,0.72
2024-10-26 09:00:00,,,7.41,5.73,9.07,14.6,,,14.85,0.31,0.35,,,0.27,,34.8,48.98,1.44,336.4,0.0,0.0,201.35,702.26,0.72
2024-10-26 10:00:00,,,7.68,7.22,10.08,14.39,,,14.54,0.31,0.35,,,0.27,,34.23,49.28,1.35,340.66,0.0,0.0,54.47,702.97,0.72
2024-10-26 11:00:00,,,7.46,8.54,10.61,14.34,,0.08,13.14,0.31,0.35,,,0.27,,33.56,52.74,1.38,342.85,0.0,0.0,33.73,704.36,0.72
2024-10-26 12:00:00,,,7.8,10.6,11.98,14.14,,0.14,12.83,0.31,0.35,,,0.27,,32.53,58.4,1.24,261.23,0.0,0.0,2.47,707.1,0.72
2024-10-26 13:00:00,33.8,44.02,8.0,15.64,14.82,13.67,,0.22,10.12,0.31,0.35,,,0.27,,31.76,63.42,0.68,310.37,0.0,0.0,0.88,710.47,0.71
2024-10-26 14:00:00,,,,,,,,,,,,,,,,,,,,,0.0,,,
2024-10-26 15:00:00,,,,,,,,,,,,,,,,,,,,,0.0,,,
2024-10-26 16:00:00,,,,,,,,,,,,,,,,,,,,,0.0,,,
2024-10-26 17:00:00,,,,,,,,,,,,,,,,,,,,,0.0,,,
2024-10-26 18:00:00,,,,,,,,,,,,,,,,,,,,,0.0,,,
2024-10-26 19:00:00,28.15,39.7,9.89,18.08,17.66,13.44,5.05,0.37,10.71,0.31,0.35,,,0.27,,31.39,64.7,0.7,321.93,0.0,0.0,0.86,713.23,0.71
2024-10-26 20:00:00,45.1,63.59,8.88,16.06,15.76,13.68,5.54,0.5,8.28,0.31,0.35,,,0.27,,31.34,62.76,1.22,248.38,0.0,0.0,0.72,714.72,0.71
2024-10-26 21:00:00,39.84,56.17,9.06,13.53,14.55,13.85,5.56,0.34,8.31,0.31,0.35,,,0.27,,31.32,62.28,1.2,316.95,0.0,0.0,1.06,714.92,0.71
2024-10-26 22:00:00,67.62,95.33,7.73,10.36,11.79,14.27,4.54,0.15,7.75,0.31,0.35,,,0.27,,30.36,69.41,1.1,263.16,0.0,0.0,1.1,714.11,0.71
2024-10-26 23:00:00,56.66,79.89,7.52,7.85,10.29,14.46,1.66,0.04,7.61,0.31,0.35,,,0.27,,29.59,73.84,1.17,313.42,0.0,0.0,1.06,713.77,0.71
2024-10-27 00:00:00,38.24,53.92,7.74,9.16,11.16,14.3,0.87,0.02,6.71,0.31,0.35,,,0.27,,29.36,75.49,1.42,308.65,0.0,0.0,0.95,712.21,0.72
2024-10-27 01:00:00,219.97,42.74,7.18,6.1,9.07,14.58,0.03,,7.49,0.31,0.35,,,0.27,,29.35,76.47,1.18,290.25,0.0,0.0,0.89,710.48,0.72
2024-10-27 02:00:00,710.78,177.55,7.4,5.85,9.13,14.54,0.22,,7.88,0.31,0.35,,,0.27,,29.4,76.58,1.32,294.61,0.0,0.0,0.99,708.51,0.72
2024-10-27 03:00:00,8.9,12.55,7.63,5.94,9.36,14.52,,,8.47,0.31,0.35,,,0.27,,29.25,77.64,1.24,270.7,0.0,0.0,1.14,708.0,0.72
2024-10-27 04:00:00,16.74,23.6,7.23,5.68,8.9,14.59,,,7.48,0.31,0.35,,,0.27,,29.19,79.45,1.43,302.98,0.0,0.0,0.91,709.28,0.72
2024-10-27 05:00:00,6.76,9.55,8.13,6.42,10.02,14.66,,,8.43,0.31,0.35,,,0.27,,29.54,73.72,1.09,302.31,0.0,0.0,1.2,711.61,0.72
2024-10-27 06:00:00,32.5,45.83,8.25,9.69,11.86,14.22,,0.11,7.03,0.31,0.35,,,0.27,,28.88,79.4,0.86,297.76,0.0,0.0,17.42,715.12,0.71
2024-10-27 07:00:00,99.9,140.86,12.22,12.61,16.65,13.62,,0.25,5.86,0.31,0.35,,,0.27,,29.78,79.52,1.19,289.4,0.0,0.0,64.21,717.86,0.71
2024-10-27 08:00:00,22.55,31.78,9.28,9.63,12.67,14.1,,0.26,6.75,0.31,0.35,,,0.27,,30.75,72.78,1.1,271.48,0.0,0.0,228.88,719.81,0.72
2024-10-27 09:00:00,48.24,68.01,7.29,8.56,10.48,14.39,4.65,0.23,17.47,0.31,0.35,,,0.27,,31.93,61.69,1.34,319.91,0.0,0.0,484.88,720.6,0.72
2024-10-27 10:00:00,103.07,145.33,7.92,11.63,12.62,14.23,7.3,0.22,17.15,0.31,0.35,,,0.27,,32.78,57.6,1.26,324.14,0.0,0.0,550.91,718.23,0.72
2024-10-27 11:00:00,21.58,30.41,7.24,9.98,11.19,14.28,7.3,0.13,18.42,0.31,0.35,,,0.27,,33.86,53.58,1.08,299.29,0.0,0.0,662.1,714.2,0.72
2024-10-27 12:00:00,8.78,12.38,7.09,8.5,10.28,14.44,7.29,0.08,28.72,0.31,0.35,,,0.27,,34.44,48.28,1.43,328.95,0.0,0.0,660.84,710.59,0.71
2024-10-27 13:00:00,6.52,9.19,7.02,5.76,8.76,14.61,6.92,0.04,32.2,0.31,0.35,,,0.27,,34.66,49.8,1.1,335.14,0.0,0.0,327.64,706.28,0.71
2024-10-27 14:00:00,19.15,27.0,7.01,4.48,8.08,14.69,6.76,0.05,26.24,0.31,0.35,,,0.27,,34.84,47.27,1.53,342.26,0.0,0.0,385.18,703.66,0.71
2024-10-27 15:00:00,63.47,89.49,7.0,4.91,8.3,14.68,6.1,0.12,27.02,0.31,0.35,,,0.27,,34.29,46.41,1.54,344.35,0.0,0.0,78.31,701.59,0.71
2024-10-27 16:00:00,48.88,68.92,7.37,9.06,10.8,14.36,7.06,0.14,18.95,0.31,0.35,,,0.27,,33.86,50.64,0.71,136.22,0.0,0.0,39.4,702.88,0.71
2024-10-27 17:00:00,36.89,52.01,7.11,11.31,11.8,14.2,6.69,0.24,17.1,0.31,0.35,,,0.27,,33.41,55.26,0.83,171.85,0.0,0.0,9.77,704.67,0.71
2024-10-27 18:00:00,54.9,77.41,7.92,16.61,15.28,13.83,7.53,0.47,12.62,0.31,0.35,,,0.27,,32.34,63.47,0.8,151.68,0.0,0.0,0.98,707.56,0.71
2024-10-27 19:00:00,78.97,111.35,8.09,11.71,12.8,14.16,7.4,0.44,8.64,0.31,0.35,,,0.27,,31.17,74.5,1.93,180.28,0.0,0.0,1.06,710.18,0.71
2024-10-27 20:00:00,93.9,132.39,8.11,14.04,14.07,13.92,8.77,0.54,7.17,0.31,0.35,,,0.27,,31.1,73.54,1.14,213.37,0.0,0.0,0.88,712.46,0.71
2024-10-27 21:00:00,82.26,115.99,7.48,9.67,11.22,14.31,6.84,0.42,7.68,0.31,0.35,,,0.27,,29.84,75.35,1.62,240.67,0.0,0.0,1.0,712.95,0.71
2024-10-27 22:00:00,73.7,103.91,8.31,12.45,13.38,13.98,7.14,0.39,7.62,0.31,0.35,,,0.27,,29.59,79.98,2.66,107.78,0.0,0.0,0.93,711.75,0.71
2024-10-27 23:00:00,78.26,110.36,7.21,7.74,9.98,14.48,5.64,0.33,8.41,0.31,0.35,,,0.27,,29.26,80.49,3.53,38.58,0.0,0.0,0.89,710.92,0.71
2024-10-28 00:00:00,68.86,97.09,7.68,10.02,11.57,14.25,53.86,0.9,6.83,0.31,0.35,,,0.27,,29.15,82.76,4.3,113.31,0.0,0.0,0.87,709.13,0.71
2024-10-28 01:00:00,80.69,113.78,7.32,9.0,10.73,14.34,53.18,0.84,8.13,0.31,0.35,,,0.27,,29.15,80.27,4.15,315.17,0.0,0.0,0.88,707.61,0.71
2024-10-28 02:00:00,58.37,82.3,7.39,8.04,10.28,14.41,53.21,0.8,8.12,0.31,0.35,,,0.27,,28.9,82.51,4.23,243.69,0.0,0.0,1.02,707.01,0.71
2024-10-28 03:00:00,52.09,73.46,7.34,7.92,10.18,14.41,53.84,0.81,7.72,0.31,0.35,,,0.27,,28.99,83.14,4.69,38.92,0.0,0.0,0.98,706.81,0.71
2024-10-28 04:00:00,53.78,75.84,7.12,4.16,8.0,14.72,52.96,0.82,9.36,0.31,0.35,,,0.27,,28.33,82.07,4.74,30.72,0.0,0.0,1.09,707.94,0.71
2024-10-28 05:00:00,62.22,87.74,8.58,9.54,12.04,14.15,52.98,0.9,7.72,0.31,0.35,,,0.27,,28.52,85.93,3.92,162.36,0.0,0.0,1.03,710.5,0.71
2024-10-28 06:00:00,81.14,114.43,7.99,10.46,12.06,14.21,52.91,1.01,5.96,0.31,0.35,,,0.27,,29.18,87.64,4.6,43.82,0.0,0.0,19.12,713.47,0.71
2024-10-28 07:00:00,94.58,133.36,11.04,11.02,14.84,14.18,44.03,1.02,5.69,0.31,0.35,,,0.27,,30.16,81.28,5.28,51.45,0.0,0.0,69.7,715.86,0.71
2024-10-28 08:00:00,77.11,108.72,8.6,12.7,13.75,14.04,44.14,1.16,8.44,0.31,0.35,,,0.27,,32.46,68.6,3.28,136.27,0.0,0.0,248.9,718.77,0.71
2024-10-28 09:00:00,103.62,146.12,8.24,17.76,16.14,13.72,45.0,1.36,13.66,0.31,0.35,,,0.27,,33.76,59.11,2.89,197.38,0.0,0.0,405.91,719.0,0.71
2024-10-28 10:00:00,55.68,90.74,7.57,11.44,12.24,14.2,20.65,1.12,21.06,0.28,0.78,,,0.24,,34.3,53.49,3.48,277.16,0.0,0.0,517.43,718.1,0.71
2024-10-28 11:00:00,47.48,77.83,7.33,9.35,10.93,14.44,23.11,0.97,26.22,0.28,0.79,,,0.24,,34.93,50.89,3.8,277.49,0.0,0.0,565.04,714.05,0.71
2024-10-28 12:00:00,48.13,78.9,8.01,15.14,14.56,13.89,23.04,0.95,28.37,0.28,0.79,,,0.24,,35.33,49.66,1.74,180.88,0.0,0.0,371.44,710.08,0.71
2024-10-28 13:00:00,50.76,83.22,7.04,10.41,11.26,14.29,20.9,0.9,31.1,0.28,0.79,,,0.24,,35.33,50.15,2.03,99.3,0.0,0.0,251.23,706.58,0.71
2024-10-28 14:00:00,43.28,70.95,7.0,9.14,10.56,14.38,20.51,0.88,27.67,0.28,0.79,,,0.24,,35.14,52.92,2.67,43.19,0.0,0.0,168.16,704.44,0.71
2024-10-28 15:00:00,43.61,71.48,7.1,10.84,11.54,14.23,19.34,0.9,26.44,0.28,0.79,,,0.24,,35.01,54.28,1.7,137.16,0.0,0.0,85.62,704.16,0.71
2024-10-28 16:00:00,48.37,79.29,7.6,13.52,13.38,13.98,20.89,0.69,21.94,0.28,0.79,,,0.24,,34.59,57.51,3.35,191.02,0.0,0.0,44.93,705.93,0.71
2024-10-28 17:00:00,,,,,,,22.59,0.22,19.4,0.28,0.79,,,0.24,,33.8,59.9,3.86,193.74,0.0,0.0,5.09,707.95,0.71
2024-10-28 18:00:00,160.64,263.35,,,,,8.68,0.11,18.38,0.28,0.79,,,0.24,,32.98,64.15,3.52,195.04,0.0,0.0,2.13,710.16,0.71
2024-10-28 19:00:00,5.88,9.64,,,,,4.87,0.03,19.93,0.28,0.79,,,0.24,,32.28,68.24,3.15,130.19,0.0,0.0,1.02,714.04,0.71
2024-10-28 20:00:00,17.34,28.43,,,,,4.91,0.11,17.36,0.28,0.79,,,0.24,,31.74,73.86,1.66,161.56,0.0,0.0,1.01,715.87,0.71
2024-10-28 21:00:00,64.22,105.28,,,,,4.63,0.08,13.55,0.28,0.79,,,0.24,,31.42,79.03,2.74,115.69,0.0,0.0,1.07,716.52,0.71
2024-10-28 22:00:00,68.8,112.79,,,,,4.69,0.18,7.67,0.28,0.79,,,0.24,,30.46,85.5,3.2,38.64,0.0,0.0,1.14,717.09,0.71
2024-10-28 23:00:00,135.84,222.68,,,,,4.24,0.13,6.92,0.28,0.79,,,0.24,,30.18,86.97,1.59,106.66,0.0,0.0,0.84,716.24,0.71
2024-10-29 00:00:00,55.77,91.42,,,,,15.99,0.94,7.78,0.28,0.79,,,0.24,,30.02,88.6,1.93,192.45,0.0,0.0,1.16,714.69,0.71
2024-10-29 01:00:00,75.56,123.87,,,,,14.57,0.92,6.62,0.28,0.79,,,0.24,,29.72,91.29,1.62,265.73,0.0,0.0,0.94,712.92,0.71
2024-10-29 02:00:00,271.32,132.36,,,,,14.47,0.89,7.16,0.28,0.79,,,0.24,,29.54,92.7,1.2,110.82,0.0,0.0,0.98,711.62,0.71
2024-10-29 03:00:00,960.35,,,,,,14.04,0.93,6.1,0.28,0.79,,,0.24,,29.52,93.2,1.56,193.92,0.0,0.0,0.95,711.56,0.71
2024-10-29 04:00:00,,,,,,,14.87,0.96,5.88,0.28,0.79,,,0.24,,29.37,93.67,1.51,176.2,0.0,0.0,0.98,713.38,0.71
2024-10-29 05:00:00,3.63,5.95,,,,,14.94,0.87,5.43,0.28,0.79,,,0.24,,29.82,94.15,1.2,264.15,0.0,0.0,1.1,716.21,0.71
2024-10-29 06:00:00,3.63,5.95,,,,,15.83,0.92,5.43,0.28,0.79,,,0.24,,29.98,93.79,0.36,122.46,0.0,0.0,16.66,719.65,0.72
2024-10-29 07:00:00,3.63,5.95,,,,,15.0,0.97,8.33,0.28,0.79,,,0.24,,30.82,89.2,0.24,115.56,0.0,0.0,74.18,722.84,0.71
2024-10-29 08:00:00,3.63,5.95,,,,,15.37,1.29,11.87,0.28,0.79,,,0.24,,32.46,82.72,0.25,197.29,0.0,0.0,195.05,724.7,0.71
2024-10-29 09:00:00,25.01,42.78,,,,,10.4,1.31,16.01,0.3,0.83,,,0.25,,33.47,77.54,0.31,236.39,0.0,0.0,326.8,725.82,0.71
2024-10-29 10:00:00,156.88,275.2,,,,,11.54,1.05,19.37,0.31,0.84,,,0.25,,34.7,68.15,0.55,208.99,0.0,0.0,476.92,723.6,0.71
2024-10-29 11:00:00,19.65,33.02,,,,,12.51,1.06,24.42,0.31,0.84,,,0.25,,34.1,69.73,0.8,279.12,0.0,0.0,199.65,719.84,0.72
2024-10-29 12:00:00,19.65,33.02,,,,,12.16,0.97,26.56,0.31,0.84,,,0.25,,35.15,58.4,0.28,253.15,0.0,0.0,450.56,715.48,0.72
2024-10-29 13:00:00,19.65,33.02,,,,,11.99,0.91,28.37,0.31,0.84,,,0.25,,34.91,57.01,0.4,186.4,0.0,0.0,257.94,712.29,0.72
2024-10-29 14:00:00,22.61,38.05,,,,,11.98,0.92,40.44,0.31,0.84,,,0.25,,35.22,55.13,0.64,208.68,0.0,0.0,245.64,709.86,0.72
2024-10-29 15:00:00,36.49,62.1,,,,,12.3,0.93,30.02,0.31,0.84,,,0.25,,34.58,55.65,0.62,65.96,0.0,0.0,90.02,709.43,0.72
2024-10-29 16:00:00,52.34,90.07,,,,,11.69,1.0,41.55,0.31,0.84,,,0.25,,34.17,60.19,3.25,105.13,0.0,0.0,39.68,710.39,0.71
2024-10-29 17:00:00,50.93,87.58,,,,,13.01,1.1,32.22,0.31,0.84,,,0.25,,34.04,67.99,2.0,148.73,0.0,0.0,7.76,711.88,0.72
2024-10-29 18:00:00,49.64,85.31,,,,,13.31,1.23,21.16,0.31,0.84,,,0.25,,33.26,75.42,1.07,192.47,0.0,0.0,3.22,714.76,0.71
2024-10-29 19:00:00,49.91,85.78,,,,,15.11,1.3,32.98,0.31,0.84,,,0.25,,32.8,79.48,2.51,152.75,0.0,0.0,2.87,717.59,0.71
2024-10-29 20:00:00,49.36,84.82,,,,,15.68,1.43,18.59,0.31,0.84,,,0.25,,32.08,85.41,4.86,39.16,0.0,0.0,3.05,719.18,0.71
2024-10-29 21:00:00,48.76,83.74,,,,,17.56,1.42,8.37,0.31,0.84,,,0.25,,31.5,89.89,2.08,92.08,0.0,0.0,2.94,720.28,0.71
2024-10-29 22:00:00,50.54,86.88,,,,,17.52,1.27,6.43,0.31,0.84,,,0.25,,31.24,92.2,1.54,178.08,0.0,0.0,2.88,720.54,0.71
2024-10-29 23:00:00,52.34,90.06,,,,,15.63,1.16,5.96,0.31,0.84,,,0.25,,30.99,93.38,2.02,18.33,0.0,0.0,2.98,719.76,0.71
2024-10-30 00:00:00,46.21,79.25,,,,,9.55,0.8,7.61,0.31,0.84,,,0.25,,30.92,93.94,1.85,103.02,0.0,0.0,2.92,718.35,0.71
2024-10-30 01:00:00,45.09,77.27,,,,,7.62,0.79,7.11,0.31,0.84,,,0.25,,30.79,95.18,1.74,256.44,0.0,0.0,3.0,716.15,0.71
2024-10-30 02:00:00,278.46,70.99,,,,,6.77,0.83,7.08,0.31,0.84,,,0.25,,30.87,94.91,1.27,315.25,0.0,0.0,2.96,714.97,0.71
2024-10-30 03:00:00,29.65,50.02,,,,,6.05,0.76,9.8,0.31,0.84,,,0.25,,31.05,93.7,1.32,329.15,0.0,0.0,3.32,714.87,0.71
2024-10-30 04:00:00,29.65,50.02,,,,,6.18,0.79,7.88,0.31,0.84,,,0.25,,30.87,94.98,1.06,270.31,0.0,0.0,3.1,715.26,0.71
2024-10-30 05:00:00,29.65,50.02,,,,,5.58,0.82,6.56,0.31,0.84,,,0.25,,30.85,95.27,0.93,173.1,0.0,0.0,3.32,717.4,0.71
2024-10-30 06:00:00,29.65,50.02,,,,,5.68,0.89,5.51,0.31,0.84,,,0.25,,31.01,94.95,0.98,246.56,0.0,0.0,12.78,720.65,0.71
2024-10-30 07:00:00,29.65,50.02,,,,,6.47,0.99,12.55,0.31,0.84,,,0.25,,31.71,93.1,0.56,195.49,0.0,0.0,47.24,723.84,0.71
2024-10-30 08:00:00,29.65,50.02,,,,,9.26,1.09,9.71,0.31,0.84,,,0.25,,31.88,90.15,1.02,276.75,0.0,0.0,87.84,724.66,0.71
2024-10-30 09:00:00,29.65,50.02,4.9,11.29,9.94,13.42,10.08,1.14,16.29,0.31,0.84,,,0.25,,32.66,82.26,0.97,280.15,0.0,0.0,140.43,726.52,0.71
2024-10-30 10:00:00,29.65,50.02,4.66,11.42,9.82,13.44,12.09,1.07,17.65,0.31,0.84,,,0.25,,33.56,75.25,0.69,285.2,0.0,0.0,142.44,725.45,0.71
2024-10-30 11:00:00,29.65,50.02,5.06,11.94,10.41,12.85,14.08,1.11,17.96,0.31,0.84,,,0.25,,33.7,72.91,0.72,277.36,0.0,0.0,141.31,722.71,0.71
2024-10-30 12:00:00,29.65,50.02,5.42,12.42,10.94,13.87,13.95,1.01,21.29,0.31,0.84,,,0.25,,34.56,66.13,0.64,281.24,0.0,0.0,233.21,718.2,0.71
2024-10-30 13:00:00,29.65,50.02,5.42,12.42,10.94,13.75,13.79,1.02,22.66,0.31,0.84,,,0.25,,34.24,65.53,1.5,211.3,0.0,0.0,164.74,715.38,0.71
2024-10-30 14:00:00,29.65,50.02,6.0,11.73,11.05,13.9,11.78,1.01,21.25,0.26,0.79,,,0.25,,33.05,71.57,1.55,78.68,0.0,0.0,84.12,714.72,0.71
2024-10-30 15:00:00,33.69,61.72,6.66,10.94,11.2,13.96,11.05,0.84,18.96,0.21,0.74,,,0.25,,30.55,83.93,1.93,91.73,0.32,0.32,12.78,717.3,0.71
2024-10-30 16:00:00,37.78,72.32,6.66,10.94,11.19,13.69,8.98,0.83,16.82,0.21,0.74,,,0.25,,30.14,87.54,1.14,128.18,0.03,0.03,6.64,719.49,0.71
2024-10-30 17:00:00,40.98,77.96,8.23,18.77,16.64,16.58,7.76,0.9,15.12,0.37,0.8,,,0.28,,30.1,88.04,0.75,242.45,0.0,0.0,3.36,720.7,0.71
2024-10-30 18:00:00,43.1,81.7,8.5,20.42,17.72,17.24,7.6,0.98,14.66,0.4,0.86,,,0.3,,29.86,92.06,0.75,254.78,0.0,0.0,2.82,722.27,0.71
2024-10-30 19:00:00,41.83,82.09,8.74,22.44,18.99,18.08,13.94,1.05,15.92,0.46,1.02,,,0.34,,29.89,95.9,0.41,144.42,0.0,0.0,3.13,724.37,0.71
2024-10-30 20:00:00,34.29,73.33,10.1,26.92,22.49,20.59,22.31,1.14,21.22,0.53,1.05,,,0.36,,30.26,95.64,0.91,171.03,0.0,0.0,3.42,727.76,0.71
2024-10-30 21:00:00,36.86,77.86,8.97,20.9,18.37,22.01,23.27,1.26,15.18,0.5,1.02,,,0.34,,30.54,93.82,0.62,157.19,0.0,0.0,3.64,728.83,0.71
2024-10-30 22:00:00,38.77,81.24,6.93,11.8,11.87,21.11,20.91,1.25,11.38,0.4,0.95,,,0.29,,30.33,94.52,0.34,185.58,0.0,0.0,3.64,728.95,0.71
2024-10-30 23:00:00,36.66,77.5,6.42,9.68,10.33,19.24,21.5,1.11,11.8,0.32,0.89,,,0.23,,30.48,94.4,0.53,194.14,0.0,0.0,3.67,727.96,0.71
2024-10-31 00:00:00,35.58,75.59,6.42,9.68,10.33,19.45,24.3,0.68,13.79,0.32,0.89,,,0.23,,29.87,93.09,1.68,250.28,0.0,0.0,3.44,726.91,0.71
2024-10-31 01:00:00,34.84,74.3,6.42,9.68,10.34,18.99,23.27,0.67,13.59,0.32,0.89,,,0.23,,29.72,94.28,1.05,160.82,0.0,0.0,3.23,723.85,0.71
2024-10-31 02:00:00,32.48,70.28,6.7,10.18,10.82,18.12,22.91,0.66,13.87,0.34,0.87,,,0.24,,29.56,95.26,0.98,215.34,0.0,0.0,3.1,722.2,0.71
2024-10-31 03:00:00,28.28,63.23,7.45,11.26,12.0,14.77,21.9,0.66,13.85,0.38,0.82,,,0.25,,29.49,96.37,1.19,285.26,0.0,0.0,3.14,721.74,0.71
2024-10-31 04:00:00,28.63,63.9,7.7,9.9,11.49,13.3,17.71,0.74,6.18,0.39,0.92,,,0.25,,29.58,96.99,1.1,300.24,0.0,0.0,3.0,721.78,0.71
2024-10-31 05:00:00,28.44,63.55,7.7,9.9,11.49,13.03,17.89,0.83,5.56,0.39,0.92,,,0.25,,29.43,97.86,1.3,209.82,0.0,0.0,3.22,724.26,0.71
2024-10-31 06:00:00,27.44,61.66,7.7,9.9,11.5,13.53,19.9,0.78,9.2,0.39,0.92,,,0.25,,29.53,97.36,0.84,196.91,0.0,0.0,20.55,728.35,0.71
2024-10-31 07:00:00,27.06,60.96,7.7,9.9,11.49,12.64,21.16,0.8,9.63,0.39,0.92,,,0.25,,30.5,91.33,0.47,339.52,0.0,0.0,88.25,730.95,0.71
2024-10-31 08:00:00,26.91,60.66,7.7,9.9,11.49,13.3,21.53,0.78,14.68,0.39,0.92,,,0.25,,32.15,83.24,0.48,262.32,0.0,0.0,263.02,732.98,0.71
2024-10-31 09:00:00,27.76,62.26,7.7,9.9,11.49,13.29,22.3,0.82,15.86,0.39,0.92,,,0.25,,33.33,76.67,0.2,259.55,0.0,0.0,426.66,733.06,0.71
2024-10-31 10:00:00,27.54,61.85,8.94,12.13,11.0,14.9,21.72,0.9,23.69,0.4,1.03,,,0.28,,34.07,71.01,0.48,181.4,0.0,0.0,429.15,732.7,0.71
2024-10-31 11:00:00,27.17,61.15,7.33,13.35,13.02,16.2,23.22,0.86,35.55,0.41,1.06,,,0.29,,34.24,65.93,0.46,125.44,0.0,0.0,501.08,729.46,0.71
2024-10-31 12:00:00,27.05,60.92,7.64,14.09,13.66,16.76,38.11,0.82,29.7,0.41,1.06,,,0.29,,34.66,59.78,0.37,127.15,0.0,0.0,598.74,725.6,0.71
2024-10-31 13:00:00,26.44,59.79,7.83,14.51,14.04,16.53,30.6,0.82,30.72,0.39,1.09,,,0.31,,34.97,57.61,0.54,73.6,0.0,0.0,300.71,723.19,0.71
2024-10-31 14:00:00,26.13,59.2,7.5,15.0,14.04,16.18,25.68,0.83,33.85,0.36,1.12,,,0.32,,35.16,56.05,0.4,136.3,0.0,0.0,370.29,720.28,0.72
2024-10-31 15:00:00,27.75,62.24,7.63,15.99,14.75,16.63,24.33,0.82,34.81,0.34,1.14,,,0.3,,34.31,59.04,0.69,80.88,0.0,0.0,87.11,718.66,0.71
2024-10-31 16:00:00,27.96,62.64,7.17,16.43,14.53,16.64,23.02,0.87,29.29,0.36,1.18,,,0.32,,33.5,61.48,0.39,126.83,0.0,0.0,39.39,719.32,0.72
2024-10-31 17:00:00,26.95,60.74,7.12,16.46,14.5,16.58,21.98,0.95,26.62,0.36,1.18,,,0.32,,32.77,68.39,1.9,150.34,0.0,0.0,8.52,720.76,0.72
2024-10-31 18:00:00,38.54,70.52,12.88,27.23,24.92,25.55,29.38,2.34,29.28,0.46,1.65,,,0.39,,32.06,72.67,0.59,159.55,0.0,0.0,2.95,723.66,0.71
2024-10-31 19:00:00,102.72,150.74,28.2,50.86,49.94,42.77,65.17,3.52,34.55,1.11,2.52,,,0.51,,31.58,74.35,1.03,160.09,0.0,0.0,2.84,725.83,0.71
2024-10-31 20:00:00,82.12,150.48,46.75,89.75,85.7,61.15,117.3,4.33,83.15,1.56,3.89,,,0.68,,31.02,78.83,1.78,152.04,0.0,0.0,2.92,729.14,0.72
2024-10-31 21:00:00,62.72,115.02,36.17,71.36,67.32,46.29,98.66,3.5,55.02,1.06,2.57,,,0.6,,30.27,87.0,2.58,24.54,0.0,0.0,2.8,729.72,0.72
2024-10-31 22:00:00,84.47,154.98,25.46,52.76,48.72,31.62,78.95,2.53,44.06,0.56,1.23,,,0.51,,30.06,87.69,2.55,40.17,0.0,0.0,2.83,730.09,0.72
2024-10-31 23:00:00,85.04,158.57,18.42,35.25,33.69,32.07,55.34,1.74,24.54,0.56,1.23,,,0.51,,29.89,88.86,1.28,38.86,0.0,0.0,2.88,729.63,0.71
2024-11-01 00:00:00,58.42,103.73,14.46,25.57,25.32,31.65,34.27,1.1,16.39,0.5,1.18,,,0.46,,29.66,88.7,1.14,97.03,0.0,0.0,2.82,729.0,0.71
2024-11-01 01:00:00,35.15,57.2,11.46,18.42,19.08,31.4,21.68,0.9,11.28,0.38,1.07,,,0.35,,29.36,91.16,1.78,178.79,0.0,0.0,2.99,726.82,0.71
2024-11-01 02:00:00,34.63,56.14,11.46,18.42,19.08,31.52,21.78,0.89,11.14,0.38,1.07,,,0.35,,29.08,90.86,1.42,91.01,0.0,0.0,2.98,725.99,0.71
2024-11-01 03:00:00,35.0,56.89,10.25,16.75,17.19,28.16,18.5,0.85,10.4,0.38,1.07,,,0.35,,29.09,91.04,1.22,104.24,0.0,0.0,2.91,726.14,0.71
2024-11-01 04:00:00,140.37,267.63,5.26,9.87,9.41,12.15,8.03,0.64,5.43,0.38,1.07,,,0.35,,28.78,93.48,1.12,207.27,0.0,0.0,2.95,726.45,0.71
2024-11-01 05:00:00,464.06,547.25,5.26,9.87,9.41,12.79,9.57,0.65,5.27,0.38,1.07,,,0.35,,28.73,92.68,1.12,288.33,0.0,0.0,3.06,728.59,0.71
2024-11-01 06:00:00,339.9,173.8,5.26,9.87,9.41,12.97,9.84,0.77,7.38,0.38,1.07,,,0.35,,28.85,91.66,0.94,139.66,0.0,0.0,16.78,732.26,0.71
2024-11-01 07:00:00,26.57,40.03,5.26,9.87,9.41,12.58,12.96,0.97,7.3,0.38,1.07,,,0.35,,30.01,86.34,3.0,69.37,0.0,0.0,86.72,734.94,0.71
2024-11-01 08:00:00,27.08,41.06,5.26,9.87,9.41,12.72,17.34,0.95,15.57,0.38,1.07,,,0.35,,31.96,75.45,2.82,88.91,0.0,0.0,288.33,737.23,0.71
2024-11-01 09:00:00,31.2,49.36,5.26,9.87,9.41,13.2,25.02,0.9,14.78,0.38,1.07,,,0.35,,33.02,69.05,3.49,77.26,0.0,0.0,440.3,737.62,0.71
2024-11-01 10:00:00,34.67,56.52,6.12,10.22,10.37,12.22,25.12,0.67,13.18,0.34,0.97,,,0.32,,33.89,61.84,3.02,200.99,0.0,0.0,590.38,736.72,0.71
2024-11-01 11:00:00,24.34,35.85,6.44,10.48,10.77,13.14,27.68,0.78,14.92,0.32,1.0,,,0.3,,34.27,58.42,3.89,132.03,0.0,0.0,631.8,733.94,0.71
2024-11-01 12:00:00,26.24,39.66,6.66,10.66,11.05,13.38,27.22,0.8,18.81,0.31,1.02,,,0.29,,34.42,56.51,3.17,107.39,0.0,0.0,620.0,730.58,0.71
2024-11-01 13:00:00,26.54,40.27,6.66,10.66,11.05,13.9,25.9,0.76,18.67,0.31,1.02,,,0.29,,34.45,57.11,3.86,150.42,0.0,0.0,296.84,727.46,0.71
2024-11-01 14:00:00,25.58,38.35,6.66,10.66,11.05,13.58,24.87,0.78,19.14,0.31,1.02,,,0.29,,34.6,56.17,4.7,143.34,0.0,0.0,355.88,724.62,0.71
2024-11-01 15:00:00,25.47,38.13,6.96,10.96,11.46,14.0,23.4,0.76,24.99,0.32,1.09,,,0.3,,34.14,57.22,3.58,121.92,0.0,0.0,95.55,723.22,0.71
2024-11-01 16:00:00,32.31,51.02,6.77,10.5,11.06,14.32,22.6,0.83,25.42,0.32,1.12,,,0.3,,33.67,58.32,4.87,140.08,0.0,0.0,41.57,723.3,0.72
2024-11-01 17:00:00,38.62,60.4,7.02,10.74,11.38,14.56,23.81,0.87,25.45,0.31,1.15,,,0.28,,32.95,60.48,4.74,97.38,0.0,0.0,8.52,725.24,0.72
2024-11-01 18:00:00,47.72,68.07,7.36,11.15,11.89,15.16,28.76,1.08,17.52,0.3,1.18,,,0.25,,32.04,72.56,4.79,78.46,0.0,0.0,2.86,727.46,0.72
2024-11-01 19:00:00,53.01,77.87,7.72,12.57,12.97,17.11,34.59,1.12,11.78,0.32,0.94,,,0.26,,31.86,73.66,3.83,138.77,0.0,0.0,2.89,729.72,0.71
2024-11-01 20:00:00,62.16,89.91,9.04,17.08,16.42,23.67,43.09,0.95,7.09,0.31,0.34,,,0.33,,31.36,76.44,4.27,105.14,0.0,0.0,2.91,732.45,0.71
2024-11-01 21:00:00,62.24,89.34,9.12,17.22,16.53,24.38,43.65,0.81,5.79,0.3,0.35,,,0.34,,30.57,84.84,5.39,112.94,0.0,0.0,3.08,734.0,0.71
2024-11-01 22:00:00,42.82,61.19,6.64,11.57,11.51,25.04,38.3,0.52,5.96,0.27,0.85,,,0.26,,30.27,85.36,4.06,46.7,0.0,0.0,2.87,734.13,0.71
2024-11-01 23:00:00,38.19,57.28,5.66,9.33,9.52,12.38,33.62,0.42,6.42,0.24,0.96,,,0.21,,30.08,86.17,3.54,49.83,0.0,0.0,2.97,733.82,0.71
2024-11-02 00:00:00,35.91,54.35,6.21,8.88,9.73,5.11,31.99,0.14,6.32,0.25,1.04,,,0.36,,29.82,86.72,4.09,26.57,0.0,0.0,2.9,732.4,0.71
2024-11-02 01:00:00,35.78,51.9,5.43,8.1,8.68,4.15,26.68,0.15,6.26,0.46,1.23,,,0.43,,29.65,88.64,0.58,157.35,0.0,0.0,3.01,730.76,0.71
2024-11-02 02:00:00,38.87,57.89,5.36,8.05,8.6,4.15,23.26,0.15,5.76,0.25,0.85,,,0.22,,29.46,89.82,0.52,117.82,0.0,0.0,2.95,729.76,0.71
2024-11-02 03:00:00,36.5,53.13,5.36,8.05,8.6,4.15,21.44,0.17,5.57,0.25,0.85,,,0.22,,29.2,92.12,1.83,143.13,0.0,0.0,2.89,728.84,0.71
2024-11-02 04:00:00,36.6,53.34,5.36,8.05,8.6,4.15,19.37,0.16,5.16,0.25,0.85,,,0.22,,29.06,92.28,1.09,168.83,0.0,0.0,3.01,728.92,0.71
2024-11-02 05:00:00,34.34,48.82,5.36,8.05,8.6,4.15,18.97,0.17,5.46,0.25,0.85,,,0.22,,28.75,92.62,1.59,96.91,0.0,0.0,3.08,730.08,0.71
2024-11-02 06:00:00,33.74,47.63,5.36,8.05,8.6,4.15,17.64,0.22,5.0,0.25,0.85,,,0.22,,28.84,93.07,1.27,264.28,0.0,0.0,19.28,733.78,0.71
2024-11-02 07:00:00,34.71,49.56,5.36,8.05,8.6,4.15,18.3,0.31,5.73,0.25,0.85,,,0.22,,29.94,86.06,0.46,131.36,0.0,0.0,77.99,736.19,0.71
2024-11-02 08:00:00,37.1,54.34,5.36,8.05,8.6,4.14,18.23,0.23,8.11,0.25,0.85,,,0.22,,31.04,78.97,0.29,158.87,0.0,0.0,124.48,738.49,0.71
2024-11-02 09:00:00,35.53,51.21,5.36,8.05,8.6,4.15,19.18,0.2,12.26,0.25,0.85,,,0.22,,31.8,74.9,0.44,153.51,0.0,0.0,171.31,739.33,0.71
2024-11-02 10:00:00,34.48,49.11,5.36,8.05,8.6,4.16,18.16,0.19,12.12,0.25,0.85,,,0.22,,32.92,70.24,0.48,181.74,0.0,0.0,357.74,737.9,0.71
2024-11-02 11:00:00,35.57,51.28,5.36,8.05,8.6,4.14,20.62,0.16,14.18,0.25,0.85,,,0.22,,34.15,64.93,0.49,282.32,0.0,0.0,520.0,734.24,0.71
2024-11-02 12:00:00,35.19,50.51,6.07,8.99,9.68,5.29,21.33,0.17,17.65,0.23,0.75,,,0.2,,34.92,58.04,0.27,171.34,0.0,0.0,573.74,730.58,0.71
2024-11-02 13:00:00,36.67,53.49,6.66,9.42,10.4,4.38,19.94,0.15,18.32,0.21,0.89,,,0.17,,35.66,56.07,1.51,156.11,0.0,0.0,307.94,727.47,0.71
2024-11-02 14:00:00,37.66,55.46,7.14,10.46,11.33,5.11,19.46,0.2,18.72,0.19,0.94,,,0.15,,35.46,53.94,1.76,149.56,0.0,0.0,361.54,725.0,0.71
2024-11-02 15:00:00,32.43,47.96,7.24,10.66,11.52,5.26,19.45,0.3,19.18,0.19,0.95,,,0.15,,34.68,58.98,2.63,146.05,0.0,0.0,98.17,722.97,0.71
2024-11-02 16:00:00,25.53,41.2,7.24,10.66,11.52,5.26,20.83,0.35,19.0,0.19,0.95,,,0.15,,34.2,59.18,2.81,146.16,0.0,0.0,41.24,723.3,0.72
2024-11-02 17:00:00,26.15,42.45,7.24,10.66,11.52,5.26,20.34,0.42,16.61,0.19,0.95,,,0.15,,33.38,69.21,2.58,134.76,0.0,0.0,8.24,725.43,0.72
2024-11-02 18:00:00,25.6,41.33,7.24,10.66,11.52,5.26,21.55,0.48,11.5,0.19,0.95,,,0.15,,32.88,70.04,2.52,143.62,0.0,0.0,2.91,726.81,0.71
2024-11-02 19:00:00,26.83,43.79,7.24,10.66,11.52,5.26,21.58,0.58,8.37,0.19,0.95,,,0.15,,32.58,71.21,0.91,301.67,0.0,0.0,3.09,730.27,0.71
2024-11-02 20:00:00,27.46,45.07,7.24,10.66,11.52,5.26,23.11,0.57,5.91,0.19,0.95,,,0.15,,31.66,80.57,1.0,21.75,0.0,0.0,2.96,732.97,0.71
2024-11-02 21:00:00,27.79,45.72,7.24,10.66,11.52,5.26,21.56,0.48,6.68,0.19,0.95,,,0.15,,31.55,82.65,1.48,284.16,0.0,0.0,2.92,734.82,0.71
2024-11-02 22:00:00,27.15,44.44,7.24,10.66,11.52,5.26,20.9,0.38,7.5,0.19,0.95,,,0.15,,31.03,83.18,1.44,262.95,0.0,0.0,3.04,735.74,0.71
2024-11-02 23:00:00,26.19,42.51,7.24,10.66,11.52,5.26,18.35,0.36,8.36,0.19,0.95,,,0.15,,30.91,84.12,1.84,269.56,0.0,0.0,3.06,735.28,0.71
2024-11-03 00:00:00,26.84,43.82,7.24,10.66,11.52,5.26,17.86,0.15,7.93,0.19,0.95,,,0.15,,30.71,86.15,1.86,173.94,0.0,0.0,3.16,733.6,0.71
2024-11-03 01:00:00,25.57,41.28,7.24,10.66,11.52,5.25,15.01,0.15,7.32,0.19,0.95,,,0.15,,30.1,89.26,1.78,260.23,0.0,0.0,2.96,730.77,0.71
2024-11-03 02:00:00,25.52,41.18,7.24,10.66,11.52,5.26,13.49,0.16,6.64,0.19,0.95,,,0.15,,30.12,89.2,0.62,211.15,0.0,0.0,3.1,729.36,0.71
2024-11-03 03:00:00,24.86,39.86,7.24,10.66,11.52,5.26,13.42,0.15,6.02,0.19,0.95,,,0.15,,30.12,90.31,0.87,152.32,0.0,0.0,3.15,729.72,0.71
2024-11-03 04:00:00,24.58,39.3,7.24,10.66,11.51,5.27,12.12,0.14,5.88,0.19,0.95,,,0.15,,29.87,91.13,1.49,248.52,0.0,0.0,3.13,730.29,0.71
2024-11-03 05:00:00,24.37,38.88,7.24,10.66,11.52,5.26,12.32,0.17,5.85,0.19,0.95,,,0.15,,29.78,92.52,0.67,229.11,0.0,0.0,3.09,732.02,0.71
2024-11-03 06:00:00,24.43,39.01,7.24,10.66,11.52,5.26,11.95,0.26,7.24,0.19,0.95,,,0.15,,30.11,91.84,0.39,196.61,0.0,0.0,11.52,733.94,0.71
2024-11-03 07:00:00,110.86,211.87,7.24,10.66,11.52,5.26,12.0,0.36,8.88,0.19,0.95,,,0.15,,30.62,87.32,0.48,147.21,0.0,0.0,44.0,737.3,0.71
2024-11-03 08:00:00,240.38,470.9,7.24,10.66,11.52,5.26,12.46,0.29,13.03,0.19,0.95,,,0.15,,31.39,82.69,0.35,186.32,0.0,0.0,113.5,739.85,0.71
2024-11-03 09:00:00,23.3,36.75,7.24,10.66,11.52,5.26,15.59,0.26,12.95,0.19,0.95,,,0.15,,32.84,72.38,0.44,118.78,0.0,0.0,427.85,740.48,0.71
2024-11-03 10:00:00,25.64,41.42,7.24,10.66,11.52,5.26,17.36,0.26,20.9,0.19,0.95,,,0.15,,33.53,67.06,0.85,232.6,0.0,0.0,535.8,739.65,0.71
2024-11-03 11:00:00,25.56,41.25,7.24,10.66,11.52,5.26,16.85,0.32,22.73,0.19,0.95,,,0.15,,34.09,61.18,0.85,146.49,0.0,0.0,614.07,736.18,0.71
2024-11-03 12:00:00,24.45,39.04,7.24,10.66,11.52,5.26,17.44,0.34,23.62,0.19,0.95,,,0.15,,34.34,58.36,2.59,153.84,0.0,0.0,576.12,732.37,0.71
2024-11-03 13:00:00,26.87,43.88,7.24,10.66,11.52,5.27,17.36,0.33,26.22,0.19,0.95,,,0.15,,34.78,55.44,3.26,129.04,0.0,0.0,353.73,728.32,0.71
2024-11-03 14:00:00,24.94,40.03,7.24,10.66,11.52,5.26,16.95,0.35,17.37,0.19,0.95,,,0.15,,34.84,54.32,2.54,94.08,0.0,0.0,356.09,724.83,0.71
2024-11-03 15:00:00,24.85,39.84,7.24,10.66,11.51,5.26,15.85,0.35,17.45,0.19,0.95,,,0.15,,34.4,57.0,1.76,94.56,0.0,0.0,92.62,723.7,0.71
2024-11-03 16:00:00,25.52,41.18,7.24,10.66,11.52,5.26,16.08,0.47,17.2,0.19,0.95,,,0.15,,33.92,63.02,1.4,46.64,0.0,0.0,43.25,724.5,0.72
2024-11-03 17:00:00,28.77,47.68,7.24,10.66,11.52,5.26,16.07,0.82,14.9,0.19,0.95,,,0.15,,32.58,68.91,1.34,98.75,0.0,0.0,8.38,725.98,0.72
2024-11-03 18:00:00,32.19,54.53,7.24,10.66,11.52,5.26,18.2,1.04,12.03,0.19,0.95,,,0.15,,32.1,72.72,2.48,84.36,0.0,0.0,2.83,728.69,0.71
2024-11-03 19:00:00,24.37,38.88,7.24,10.66,11.52,5.26,20.55,0.83,10.42,0.19,0.95,,,0.15,,31.28,78.14,1.26,183.67,0.0,0.0,3.12,732.12,0.71
2024-11-03 20:00:00,28.68,47.51,7.24,10.66,11.52,5.26,21.52,0.45,8.88,0.19,0.95,,,0.15,,30.71,81.52,1.18,98.58,0.0,0.0,2.89,733.69,0.71
2024-11-03 21:00:00,28.78,47.69,7.24,10.66,11.52,5.26,21.61,0.48,9.62,0.19,0.95,,,0.15,,30.63,81.4,1.1,123.64,0.0,0.0,2.88,735.2,0.71
2024-11-03 22:00:00,27.25,44.64,7.24,10.66,11.52,5.26,19.65,0.46,8.39,0.19,0.95,,,0.15,,30.39,82.8,2.04,105.62,0.0,0.0,2.98,735.67,0.71
2024-11-03 23:00:00,26.72,43.58,7.24,10.66,11.52,5.26,17.56,0.48,8.09,0.19,0.95,,,0.15,,29.98,86.48,2.14,38.74,0.0,0.0,3.05,734.82,0.72
2024-11-04 00:00:00,26.2,42.54,7.24,10.66,11.52,5.26,17.95,0.08,7.6,0.19,0.95,,,0.15,,29.86,86.37,1.54,33.78,0.0,0.0,3.14,733.48,0.72
2024-11-04 01:00:00,25.92,41.98,7.24,10.66,11.52,5.26,17.0,0.09,6.88,0.19,0.95,,,0.15,,30.06,87.05,2.21,27.81,0.0,0.0,3.1,731.36,0.72
2024-11-04 02:00:00,25.56,41.24,7.24,10.66,11.52,5.26,15.5,0.1,6.62,0.19,0.95,,,0.15,,29.82,89.04,1.57,45.09,0.0,0.0,3.21,729.03,0.72
2024-11-04 03:00:00,25.7,41.53,7.24,10.66,11.52,5.26,15.42,0.07,6.9,0.19,0.95,,,0.15,,29.68,89.05,1.74,277.87,0.0,0.0,3.0,728.24,0.72
2024-11-04 04:00:00,24.83,39.8,7.24,10.66,11.52,5.26,14.91,0.1,8.17,0.19,0.95,,,0.15,,29.53,89.56,2.94,42.16,0.0,0.0,3.1,728.8,0.72
2024-11-04 05:00:00,24.68,39.5,7.24,10.66,11.52,5.26,14.66,0.14,8.92,0.19,0.95,,,0.15,,29.48,89.66,2.31,156.32,0.0,0.0,3.11,730.25,0.72
2024-11-04 06:00:00,25.45,41.04,7.24,10.66,11.52,5.26,14.11,0.24,9.88,0.19,0.95,,,0.15,,29.37,91.39,3.27,86.06,0.0,0.0,19.34,733.42,0.72
2024-11-04 07:00:00,24.64,39.43,7.24,10.66,11.52,5.26,13.84,0.29,11.63,0.19,0.95,,,0.15,,30.6,85.05,1.52,76.43,0.0,0.0,95.55,735.35,0.72
2024-11-04 08:00:00,26.88,43.91,7.24,10.66,11.52,5.26,14.56,0.38,14.39,0.19,0.95,,,0.15,,32.23,76.67,2.05,75.52,0.0,0.0,259.26,736.96,0.72
2024-11-04 09:00:00,25.75,41.64,7.24,10.66,11.52,5.26,14.48,0.28,18.23,0.19,0.95,,,0.15,,33.52,67.32,2.53,98.02,0.0,0.0,413.94,737.2,0.72
2024-11-04 10:00:00,25.39,40.91,6.96,10.01,10.95,4.86,16.28,0.22,19.66,0.22,0.98,,,0.18,,34.1,59.92,3.79,133.22,0.0,0.0,550.37,735.86,0.72
2024-11-04 11:00:00,24.88,39.88,6.63,9.22,10.26,4.39,18.86,0.2,24.08,0.26,1.03,,,0.23,,34.04,52.43,2.44,110.39,0.0,0.0,615.06,731.9,0.72
2024-11-04 12:00:00,25.4,40.94,6.63,9.22,10.26,4.38,17.98,0.23,25.48,0.26,1.03,,,0.23,,34.35,50.1,3.06,114.39,0.0,0.0,590.89,727.77,0.72
2024-11-04 13:00:00,25.32,40.8,6.63,9.22,10.26,4.38,18.15,0.24,27.9,0.26,1.03,,,0.23,,33.98,52.56,2.52,110.19,0.0,0.0,243.3,724.21,0.72
2024-11-04 14:00:00,24.42,41.68,6.63,9.22,10.26,4.39,18.22,0.25,26.06,0.26,1.03,,,0.23,,34.06,53.88,2.72,94.36,0.0,0.0,232.04,720.87,0.72
2024-11-04 15:00:00,20.87,39.88,7.26,10.42,11.41,5.36,17.74,0.27,28.34,0.24,0.91,,,0.21,,33.49,55.94,2.76,97.2,0.0,0.0,75.18,720.14,0.71
2024-11-04 16:00:00,21.19,40.52,6.6,9.57,10.42,5.73,18.52,0.3,44.44,0.21,0.85,,,0.18,,33.24,55.78,4.59,122.03,0.0,0.0,36.26,721.56,0.71
2024-11-04 17:00:00,21.18,40.49,6.87,8.82,10.22,5.24,17.18,0.32,42.04,0.24,0.94,,,0.22,,32.8,56.5,4.48,112.47,0.0,0.0,10.03,723.43,0.72
2024-11-04 18:00:00,21.09,40.31,6.98,8.59,10.2,5.06,14.46,0.47,21.44,0.25,0.97,,,0.23,,31.17,66.04,3.28,27.03,0.0,0.0,3.2,725.09,0.72
2024-11-04 19:00:00,21.09,40.31,6.99,8.59,10.21,5.06,15.23,0.44,14.52,0.25,0.97,,,0.23,,30.66,72.17,3.03,35.67,0.0,0.0,2.86,727.72,0.71
2024-11-04 20:00:00,21.09,40.31,6.99,8.59,10.21,5.06,15.97,0.41,10.85,0.25,0.97,,,0.23,,30.26,78.12,1.36,108.32,0.0,0.0,3.01,730.89,0.71
2024-11-04 21:00:00,21.09,40.31,6.99,8.59,10.21,5.06,16.55,0.45,8.64,0.25,0.97,,,0.23,,29.91,77.71,1.58,27.08,0.0,0.0,2.87,732.58,0.71
2024-11-04 22:00:00,21.09,40.31,6.99,8.59,10.2,5.06,15.44,0.37,7.97,0.25,0.97,,,0.23,,29.48,81.77,0.98,208.28,0.0,0.0,3.04,733.0,0.71
2024-11-04 23:00:00,21.23,40.59,6.99,8.59,10.22,5.06,14.91,0.29,9.8,0.25,0.97,,,0.23,,29.2,83.62,0.78,26.44,0.0,0.0,2.92,732.98,0.71
2024-11-05 00:00:00,22.67,43.48,6.99,8.59,10.21,5.07,13.21,0.31,10.44,0.25,0.97,,,0.23,,28.95,86.28,1.39,98.88,0.0,0.0,3.04,732.21,0.71
2024-11-05 01:00:00,57.89,113.92,6.99,8.59,10.21,5.06,12.31,0.29,12.34,0.25,0.97,,,0.23,,28.8,88.01,1.52,272.19,0.0,0.0,2.85,730.69,0.71
2024-11-05 02:00:00,27.91,53.96,6.98,8.59,10.2,5.06,11.6,0.24,13.68,0.25,0.97,,,0.23,,28.65,88.6,1.26,111.89,0.0,0.0,2.87,729.85,0.71
2024-11-05 03:00:00,20.17,38.48,6.99,8.59,10.21,5.06,11.3,0.21,11.36,0.25,0.97,,,0.23,,28.46,90.66,1.32,96.64,0.0,0.0,2.89,728.96,0.71
2024-11-05 04:00:00,21.36,40.87,6.99,8.59,10.21,5.06,11.57,0.27,10.06,0.25,0.97,,,0.23,,28.38,91.1,1.11,189.35,0.0,0.0,2.85,729.34,0.71
2024-11-05 05:00:00,22.45,43.04,6.99,8.59,10.2,5.06,11.53,0.29,9.11,0.25,0.97,,,0.23,,28.22,92.39,1.45,266.46,0.0,0.0,2.94,730.89,0.71
2024-11-05 06:00:00,21.78,41.7,6.99,8.59,10.21,5.06,12.32,0.49,6.67,0.25,0.97,,,0.23,,28.34,91.9,1.35,281.6,0.0,0.0,18.58,733.55,0.71
2024-11-05 07:00:00,22.35,42.84,6.99,8.59,10.21,5.06,13.56,0.66,11.45,0.25,0.97,,,0.23,,29.45,85.45,1.0,231.88,0.0,0.0,87.71,736.36,0.71
2024-11-05 08:00:00,22.43,43.0,6.99,8.59,10.21,5.06,15.11,0.63,16.07,0.25,0.97,,,0.23,,31.52,74.53,1.09,178.5,0.0,0.0,254.49,737.64,0.71
2024-11-05 09:00:00,22.26,43.85,7.03,6.68,9.2,5.06,15.61,0.43,35.83,0.26,0.96,,,0.22,,32.57,61.07,0.9,231.9,0.0,0.0,409.99,738.32,0.71
2024-11-05 10:00:00,31.78,65.88,6.56,8.5,9.79,5.81,17.72,0.51,42.82,0.25,0.96,,,0.22,,33.27,56.97,1.24,245.39,0.0,0.0,507.99,736.94,0.71
2024-11-05 11:00:00,29.87,61.48,6.16,9.93,10.24,5.83,18.83,0.5,38.76,0.23,1.0,,,0.21,,33.54,54.81,0.74,125.63,0.0,0.0,524.48,733.07,0.71
2024-11-05 12:00:00,23.3,46.31,6.1,9.36,9.9,5.75,18.0,0.58,38.0,0.2,0.98,,,0.16,,33.7,50.69,0.93,117.18,0.0,0.0,356.78,728.6,0.71
2024-11-05 13:00:00,26.15,52.89,5.3,8.91,9.02,6.18,17.09,0.59,32.43,0.24,0.87,,,0.2,,34.2,44.84,0.88,66.8,0.0,0.0,331.13,724.76,0.71
2024-11-05 14:00:00,24.92,46.18,5.45,9.05,8.83,6.87,15.74,0.62,60.58,0.24,0.86,,,0.22,,35.92,42.98,2.51,25.52,0.0,0.0,262.92,722.38,0.71
2024-11-05 15:00:00,36.45,61.24,,,,,15.18,1.06,247.49,0.22,0.89,,,0.25,,35.81,43.19,2.3,113.25,0.0,0.0,,722.03,0.71
2024-11-05 16:00:00,20.08,39.49,,,,,12.88,1.13,51.26,0.22,0.89,,,0.25,,34.87,51.16,0.79,109.7,0.0,0.0,,722.86,0.71
2024-11-05 17:00:00,62.35,124.7,,,,,14.38,1.44,34.01,0.22,0.89,,,0.25,,33.6,60.98,0.6,59.22,0.0,0.0,,725.22,0.71
2024-11-05 18:00:00,149.84,299.69,,,,,19.58,1.18,18.91,0.22,0.89,,,0.25,,32.06,72.67,2.52,100.52,0.0,0.0,,730.24,0.71
2024-11-05 19:00:00,,,,,,,15.02,0.73,13.12,0.22,0.89,,,0.25,,31.46,78.36,3.61,22.34,0.0,0.0,,732.61,0.71
2024-11-05 20:00:00,,,,,,,12.68,0.69,12.99,0.22,0.89,,,0.25,,31.52,80.16,4.99,186.71,0.0,0.0,,730.55,0.71
2024-11-05 21:00:00,,,,,,,11.96,0.69,12.31,0.22,0.89,,,0.25,,31.59,81.9,3.37,130.01,0.0,0.0,,729.04,0.71
2024-11-05 22:00:00,,,,,,,11.54,0.65,13.37,0.22,0.89,,,0.25,,31.66,84.18,5.22,114.72,0.0,0.0,,728.96,0.71
2024-11-05 23:00:00,,,,,,,9.87,0.84,10.32,0.22,0.89,,,0.25,,31.85,86.32,3.88,210.68,0.0,0.0,,729.73,0.71
2024-11-06 00:00:00,,,,,,,7.45,1.18,8.13,0.22,0.89,,,0.25,,30.92,88.08,3.95,310.33,0.0,0.0,,732.26,0.71
2024-11-06 01:00:00,18.22,36.45,,,,,8.0,1.29,5.44,0.22,0.89,,,0.25,,31.49,82.57,4.2,121.97,0.0,0.0,,735.86,0.71
2024-11-06 02:00:00,,,,,,,,,,,,,,,,,,,,,0.0,,,
2024-11-06 03:00:00,,,,,,,,,,,,,,,,,,,,,0.0,,,
2024-11-06 04:00:00,,,,,,,,,,,,,,,,,,,,,0.0,,,
2024-11-06 05:00:00,,,,,,,,,,,,,,,,,,,,,0.0,,,
2024-11-06 06:00:00,,,,,,,,,,,,,,,,,,,,,0.0,,,
2024-11-06 07:00:00,18.22,36.45,,,,,12.43,1.35,3.58,0.22,0.89,,,0.25,,32.94,73.25,4.29,206.23,0.0,0.0,,737.1,0.71
2024-11-06 08:00:00,18.22,36.45,,,,,17.45,1.02,6.05,0.22,0.89,,,0.25,,34.59,65.74,3.28,64.38,0.0,0.0,,738.77,0.71
2024-11-06 09:00:00,18.22,36.45,,,,,15.76,0.9,8.24,0.22,0.89,,,0.25,,36.24,59.32,2.0,84.3,0.0,0.0,,738.44,0.72
2024-11-06 10:00:00,18.22,36.45,,,,,16.26,0.77,7.79,0.22,0.89,,,0.25,,36.58,57.29,2.17,57.8,0.0,0.0,,736.87,0.73
2024-11-06 11:00:00,18.22,36.45,,,,,17.18,0.75,8.54,0.22,0.89,,,0.25,,37.24,54.51,1.32,36.78,0.0,0.0,,733.22,0.73
2024-11-06 12:00:00,18.22,36.45,,,,,14.82,0.76,8.66,0.22,0.89,,,0.25,,37.74,52.56,2.95,269.13,0.0,0.0,,728.96,0.73
2024-11-06 13:00:00,18.22,36.45,,,,,12.3,0.78,9.43,0.22,0.89,,,0.25,,37.46,52.48,2.33,16.07,0.0,0.0,,725.65,0.73
2024-11-06 14:00:00,33.83,66.56,,,,,9.94,0.79,11.52,0.22,0.89,,,0.25,,37.23,53.03,3.09,106.56,0.0,0.0,,722.92,0.73
2024-11-06 15:00:00,34.2,67.27,,,,,9.13,0.84,11.88,0.22,0.89,,,0.25,,37.09,55.37,3.21,41.62,0.0,0.0,,722.07,0.73
2024-11-06 16:00:00,34.2,67.27,,,,,7.62,0.9,12.4,0.22,0.89,,,0.25,,36.91,58.14,2.79,47.36,0.0,0.0,,723.35,0.73
2024-11-06 17:00:00,34.2,67.27,,,,,7.56,1.05,8.02,0.22,0.89,,,0.25,,35.82,65.94,3.38,101.06,0.0,0.0,,725.93,0.73
2024-11-06 18:00:00,34.2,67.27,,,,,7.38,1.07,6.18,0.22,0.89,,,0.25,,35.16,66.48,5.22,50.22,0.0,0.0,,728.67,0.72
2024-11-06 19:00:00,34.2,67.27,,,,,7.33,1.14,5.48,0.22,0.89,,,0.25,,34.59,65.42,4.88,142.08,0.0,0.0,,731.03,0.72
2024-11-06 20:00:00,34.2,67.27,,,,,5.88,1.27,4.24,0.22,0.89,,,0.25,,33.66,75.16,3.77,44.67,0.0,0.0,,733.1,0.73
2024-11-06 21:00:00,34.2,67.27,,,,,6.39,1.14,3.71,0.22,0.89,,,0.25,,33.1,75.28,5.18,28.29,0.0,0.0,,733.93,0.72
2024-11-06 22:00:00,34.2,67.27,,,,,6.3,1.15,3.45,0.22,0.89,,,0.25,,32.74,78.66,4.5,34.29,0.0,0.0,,733.22,0.72
2024-11-06 23:00:00,34.2,67.27,,,,,5.94,0.94,3.57,0.22,0.89,,,0.25,,32.33,83.42,5.09,194.63,0.0,0.0,,733.14,0.72
2024-11-07 00:00:00,34.2,67.27,,,,,18.61,0.91,3.72,0.22,0.89,,,0.25,,32.31,82.49,5.13,96.62,0.0,0.0,,731.65,0.72
2024-11-07 01:00:00,34.2,67.27,,,,,16.47,0.88,4.21,0.22,0.89,,,0.25,,32.35,84.6,5.16,15.58,0.0,0.0,,730.22,0.72
2024-11-07 02:00:00,34.3,67.43,,,,,15.93,0.93,3.18,0.22,0.89,,,0.25,,31.94,87.29,4.46,280.43,0.0,0.0,,728.81,0.72
2024-11-07 03:00:00,35.23,68.99,,,,,15.26,0.96,3.18,0.22,0.89,,,0.25,,32.0,88.65,3.46,247.01,0.0,0.0,,728.04,0.72
2024-11-07 04:00:00,36.86,71.7,,,,,15.97,0.93,3.18,0.22,0.89,,,0.25,,31.73,89.89,3.73,53.64,0.0,0.0,,728.71,0.72
2024-11-07 05:00:00,39.06,75.38,,,,,16.73,1.02,2.94,0.22,0.89,,,0.25,,31.65,90.99,4.04,106.35,0.0,0.0,,730.44,0.72
2024-11-07 06:00:00,42.05,80.36,,,,,17.29,1.24,2.06,0.22,0.89,,,0.25,,31.51,89.53,5.5,268.64,0.0,0.0,,732.84,0.72
2024-11-07 07:00:00,45.0,85.28,,,,,18.06,1.32,2.31,0.22,0.89,,,0.25,,33.06,82.46,3.8,49.62,0.0,0.0,,735.66,0.72
2024-11-07 08:00:00,47.4,89.28,,,,,18.59,1.06,3.53,0.22,0.89,,,0.25,,35.46,70.65,3.16,74.91,0.0,0.0,,737.45,0.72
2024-11-07 09:00:00,55.14,102.17,6.04,9.19,9.51,5.57,23.26,1.02,5.15,0.22,0.89,,,0.25,,36.49,65.09,2.4,95.11,0.0,0.0,,738.39,0.72
2024-11-07 10:00:00,102.56,181.2,5.78,9.06,9.48,4.68,25.35,1.21,6.05,0.22,0.89,,,0.25,,37.12,60.07,2.74,117.59,0.0,0.0,,736.54,0.73
2024-11-07 11:00:00,44.6,84.62,5.78,9.06,9.48,4.7,26.4,1.25,6.71,0.22,0.89,,,0.25,,37.24,58.1,1.84,78.73,0.0,0.0,,732.9,0.73
2024-11-07 12:00:00,60.96,111.87,5.78,9.06,9.48,4.69,24.83,1.25,6.9,0.22,0.89,,,0.25,,37.05,57.34,3.87,43.87,0.0,0.0,,729.02,0.73
2024-11-07 13:00:00,38.38,74.24,5.78,9.06,9.48,4.69,24.4,1.41,7.05,0.22,0.89,,,0.25,,36.42,57.48,2.38,47.1,0.0,0.0,,726.0,0.73
2024-11-07 14:00:00,49.0,91.96,5.78,9.06,9.48,4.69,23.92,1.54,7.21,0.22,0.89,,,0.25,,36.53,56.29,2.74,68.24,0.0,0.0,,723.58,0.72
2024-11-07 15:00:00,48.8,91.6,5.78,9.06,9.48,4.69,23.42,1.5,7.0,0.22,0.89,,,0.25,,36.54,56.02,2.69,58.61,0.0,0.0,,722.3,0.72
2024-11-07 16:00:00,43.25,82.35,5.78,9.06,9.48,4.69,23.67,1.51,7.18,0.22,0.89,,,0.25,,36.06,58.73,3.14,33.42,0.0,0.0,,723.84,0.72
2024-11-07 17:00:00,72.93,131.04,5.81,9.1,9.53,4.72,24.01,1.62,6.04,0.22,0.9,,,0.26,,35.2,64.97,3.96,35.24,0.0,0.0,,726.3,0.73
2024-11-07 18:00:00,31.85,61.1,6.28,9.67,10.2,5.18,24.37,1.72,4.84,0.2,0.96,,,0.33,,34.35,70.24,2.68,42.9,0.0,0.0,3.08,728.96,0.72
2024-11-07 19:00:00,34.55,66.49,6.28,9.67,10.21,5.18,24.72,2.0,4.2,0.2,0.96,,,0.33,,33.9,72.63,3.8,36.68,0.0,0.0,3.08,731.95,0.72
2024-11-07 20:00:00,33.86,65.1,6.28,9.67,10.21,5.18,26.0,1.93,3.53,0.2,0.96,,,0.33,,33.71,75.51,5.14,49.36,0.0,0.0,3.08,735.03,0.72
2024-11-07 21:00:00,45.31,88.01,6.28,9.67,10.21,5.18,26.68,1.74,3.17,0.2,0.96,,,0.33,,33.52,78.95,4.86,45.4,0.0,0.0,3.08,736.94,0.72
2024-11-07 22:00:00,35.33,68.04,6.28,9.67,10.21,5.18,28.24,1.64,3.34,0.2,0.96,,,0.33,,33.9,83.3,3.57,52.65,0.0,0.0,3.08,736.9,0.72
2024-11-07 23:00:00,48.28,93.96,6.28,9.67,10.22,5.18,27.78,1.54,3.28,0.2,0.96,,,0.33,,32.21,86.46,5.16,40.33,0.0,0.0,3.09,735.52,0.72
2024-11-08 00:00:00,33.41,64.21,6.28,9.67,10.21,5.18,14.85,1.11,3.13,0.2,0.96,,,0.33,,31.77,85.75,4.72,36.19,0.0,0.0,3.08,734.04,0.72
2024-11-08 01:00:00,34.44,66.27,6.28,9.67,10.21,5.18,12.87,1.07,3.86,0.2,0.96,,,0.33,,32.16,86.22,4.35,57.38,0.0,0.0,3.1,732.26,0.72
2024-11-08 02:00:00,46.57,90.54,6.28,9.67,10.21,5.18,12.12,1.04,3.82,0.2,0.96,,,0.33,,32.36,88.52,4.31,39.7,0.0,0.0,3.09,730.56,0.72
2024-11-08 03:00:00,39.89,77.17,6.28,9.67,10.21,5.18,11.08,1.06,3.78,0.2,0.96,,,0.33,,32.05,89.88,3.38,167.88,0.0,0.0,3.08,729.89,0.72
2024-11-08 04:00:00,62.03,121.45,6.28,9.67,10.21,5.18,10.17,1.07,3.65,0.2,0.96,,,0.33,,32.33,90.88,4.75,20.49,0.0,0.0,3.09,729.9,0.72
2024-11-08 05:00:00,31.28,59.96,6.28,9.67,10.21,5.18,9.3,1.06,3.43,0.2,0.96,,,0.33,,32.08,91.26,4.69,32.29,0.0,0.0,3.08,731.67,0.72
2024-11-08 06:00:00,37.13,71.66,6.28,9.67,10.21,5.18,9.76,0.93,4.24,0.2,0.96,,,0.33,,31.94,90.74,4.58,111.81,0.0,0.0,3.1,734.68,0.72
2024-11-08 07:00:00,64.44,126.26,6.28,9.67,10.22,5.18,10.27,1.05,3.55,0.2,0.96,,,0.33,,33.2,84.55,3.56,40.04,0.0,0.0,3.08,736.75,0.72
2024-11-08 08:00:00,40.72,78.84,6.28,9.67,10.2,5.18,10.86,1.06,4.62,0.2,0.96,,,0.33,,35.07,75.72,3.79,42.06,0.0,0.0,3.12,738.3,0.72
2024-11-08 09:00:00,51.9,92.08,5.93,8.62,9.36,5.18,12.27,0.99,5.3,0.23,1.01,,,0.25,,35.61,66.33,3.16,77.23,0.0,0.0,115.96,738.41,0.72
2024-11-08 10:00:00,11.01,31.14,5.84,8.33,9.15,5.18,12.74,1.01,5.79,0.24,1.04,,,0.22,,36.5,60.58,3.38,111.34,0.0,0.0,237.64,736.46,0.72
2024-11-08 11:00:00,29.86,60.67,6.36,9.42,10.14,5.3,13.83,1.27,6.48,0.26,1.06,,,0.24,,36.49,57.39,2.85,105.91,0.0,0.0,703.06,732.88,0.72
2024-11-08 12:00:00,30.78,61.14,7.12,10.26,11.22,6.38,13.22,1.14,7.18,0.21,1.0,,,0.19,,36.98,55.16,2.83,120.1,0.0,0.0,243.42,728.8,0.72
2024-11-08 13:00:00,37.94,65.36,7.12,10.39,11.03,6.38,13.1,1.02,9.0,0.21,0.99,,,0.19,,36.67,56.11,4.46,148.72,0.0,0.0,243.42,725.54,0.72
2024-11-08 14:00:00,36.97,71.03,7.13,11.66,9.27,6.38,13.84,1.93,24.17,0.18,0.91,,,0.16,,36.25,58.57,2.87,102.61,0.0,0.0,243.42,723.4,0.72
2024-11-08 15:00:00,42.17,73.62,7.13,11.66,9.27,6.38,14.89,4.04,18.59,0.18,0.91,,,0.16,,35.84,58.4,3.32,131.46,0.0,0.0,243.42,722.74,0.72
2024-11-08 16:00:00,43.13,74.11,7.13,11.66,9.28,6.38,16.48,4.2,26.35,0.18,0.91,,,0.16,,35.24,60.1,3.66,125.56,0.0,0.0,243.42,723.64,0.72
2024-11-08 17:00:00,43.28,77.54,6.66,10.72,9.29,5.8,16.89,1.57,26.15,0.19,0.9,,,0.17,,34.76,62.46,4.7,141.61,0.0,0.0,162.73,725.79,0.72
2024-11-08 18:00:00,22.86,72.2,5.72,8.86,9.32,4.69,21.3,0.89,21.24,0.21,0.87,,,0.19,,33.99,71.28,4.51,147.82,0.0,0.0,4.15,728.42,0.72
2024-11-08 19:00:00,23.62,72.58,5.72,8.86,9.32,4.68,18.78,0.85,19.49,0.21,0.87,,,0.19,,33.5,74.85,5.7,153.99,0.0,0.0,4.15,732.32,0.72
2024-11-08 20:00:00,21.68,71.61,5.72,8.86,9.32,4.68,19.23,0.83,19.05,0.21,0.87,,,0.19,,32.85,81.01,2.54,87.25,0.0,0.0,4.15,735.28,0.72
2024-11-08 21:00:00,25.5,73.52,5.72,8.86,9.32,4.68,19.06,0.87,15.41,0.21,0.87,,,0.19,,32.23,85.54,4.61,11.86,0.0,0.0,4.15,736.24,0.72
2024-11-08 22:00:00,23.22,72.38,5.72,8.86,9.32,4.68,18.78,0.76,12.26,0.21,0.87,,,0.19,,31.87,87.55,4.48,114.25,0.0,0.0,4.15,735.48,0.72
2024-11-08 23:00:00,23.99,72.76,5.72,8.86,9.32,4.68,18.02,0.74,12.42,0.21,0.87,,,0.19,,31.6,89.45,4.91,188.69,0.0,0.0,4.16,734.04,0.72
2024-11-09 00:00:00,42.0,81.77,5.72,8.86,9.32,4.68,19.31,0.47,9.79,0.21,0.87,,,0.19,,31.06,92.99,5.39,254.92,0.0,0.0,4.16,732.26,0.72
2024-11-09 01:00:00,19.08,70.31,5.72,8.86,9.32,4.68,18.32,0.48,11.93,0.21,0.87,,,0.19,,30.9,90.01,4.64,273.73,0.0,0.0,4.16,730.0,0.72
2024-11-09 02:00:00,20.76,71.15,5.72,8.86,9.32,4.68,17.34,0.48,12.96,0.21,0.87,,,0.19,,30.8,90.43,4.92,179.63,0.0,0.0,4.16,728.99,0.72
2024-11-09 03:00:00,18.81,70.17,5.72,8.86,9.32,4.68,16.02,0.51,12.42,0.21,0.87,,,0.19,,30.72,92.04,4.71,39.33,0.0,0.0,4.15,728.98,0.72
2024-11-09 04:00:00,18.73,70.14,5.72,8.86,9.32,4.68,15.62,0.52,13.32,0.21,0.87,,,0.19,,30.88,91.02,4.53,68.04,0.0,0.0,4.16,729.69,0.72
2024-11-09 05:00:00,18.78,70.16,5.72,8.86,9.32,4.68,14.35,0.51,13.0,0.21,0.87,,,0.19,,30.65,91.48,4.51,49.22,0.0,0.0,4.17,732.17,0.72
2024-11-09 06:00:00,19.34,70.44,5.72,8.86,9.32,4.68,13.68,0.55,12.73,0.21,0.87,,,0.19,,30.73,90.06,4.5,116.01,0.0,0.0,4.15,735.52,0.72
2024-11-09 07:00:00,21.17,71.36,5.72,8.86,9.32,4.68,13.41,0.56,12.74,0.21,0.87,,,0.19,,31.62,84.91,4.92,42.72,0.0,0.0,4.15,737.78,0.72
2024-11-09 08:00:00,24.19,72.86,5.72,8.86,9.32,4.68,18.4,0.47,15.05,0.21,0.87,,,0.19,,33.78,70.38,3.24,103.89,0.0,0.0,4.15,736.34,0.72
2024-11-09 09:00:00,,,,,,,,,,,,,,,,,,,,,0.0,,,
2024-11-09 10:00:00,,,,,,,,,,,,,,,,,,,,,0.0,,,
2024-11-09 11:00:00,,,,,,,,,,,,,,,,,,,,,0.0,,,
2024-11-09 12:00:00,24.19,72.86,5.72,8.86,9.32,4.68,21.87,0.43,,0.21,0.87,,,0.19,,35.35,60.26,2.39,72.23,0.0,0.0,4.15,730.48,0.72
2024-11-09 13:00:00,24.19,72.86,5.72,8.86,9.32,4.68,22.78,,,0.21,0.87,,,0.19,,35.38,59.01,2.89,85.91,0.0,0.0,4.15,727.14,0.72
2024-11-09 14:00:00,24.02,72.78,5.72,8.86,9.32,4.68,21.6,,,0.21,0.87,,,0.19,,35.56,57.74,2.72,30.85,0.0,0.0,4.15,724.2,0.72
2024-11-09 15:00:00,24.6,73.07,5.72,8.86,9.32,4.68,21.54,1.76,,0.21,0.87,,,0.19,,35.3,59.41,3.78,36.76,0.0,0.0,4.15,723.24,0.72
2024-11-09 16:00:00,25.85,73.7,5.72,8.86,9.32,4.68,22.2,0.34,,0.21,0.87,,,0.19,,34.6,62.4,3.06,78.94,0.0,0.0,4.15,723.86,0.72
2024-11-09 17:00:00,29.47,75.5,5.72,8.86,9.32,4.67,22.3,,,0.21,0.87,,,0.19,,34.05,66.77,4.11,144.15,0.0,0.0,4.15,725.64,0.72
2024-11-09 18:00:00,32.52,77.03,5.72,8.86,9.33,4.68,23.21,,,0.21,0.87,,,0.19,,33.11,73.33,3.64,53.81,0.0,0.0,4.15,727.97,0.72
2024-11-09 19:00:00,31.83,76.68,5.72,8.86,9.32,4.69,22.95,,,0.21,0.87,,,0.19,,32.47,79.18,3.9,37.98,0.0,0.0,4.15,730.92,0.72
2024-11-09 20:00:00,30.54,76.04,5.72,8.86,9.32,4.68,24.62,0.49,118.89,0.21,0.87,,,0.19,,32.18,81.06,4.52,12.46,0.0,0.0,4.15,733.78,0.72
2024-11-09 21:00:00,24.88,73.21,5.72,8.86,9.32,4.68,23.76,0.73,17.19,0.21,0.87,,,0.19,,31.76,84.14,5.07,43.91,0.0,0.0,4.15,734.61,0.72
2024-11-09 22:00:00,46.52,84.03,5.72,8.86,9.32,4.68,25.35,0.97,13.93,0.21,0.87,,,0.19,,31.37,86.67,4.77,40.21,0.0,0.0,4.15,734.84,0.72
2024-11-09 23:00:00,43.8,82.67,5.72,8.86,9.32,4.68,26.02,0.89,15.44,0.21,0.87,,,0.19,,31.16,87.03,4.28,39.99,0.0,0.0,4.16,734.04,0.72
2024-11-10 00:00:00,36.38,78.96,5.72,8.86,9.32,4.68,25.66,0.76,18.34,0.21,0.87,,,0.19,,30.98,84.58,3.4,61.41,0.0,0.0,4.15,733.0,0.72
2024-11-10 01:00:00,31.51,76.53,5.72,8.86,9.32,4.68,24.7,0.65,19.59,0.21,0.87,,,0.19,,30.72,85.41,5.11,24.74,0.0,0.0,4.16,732.16,0.72
2024-11-10 02:00:00,54.44,88.0,5.72,8.86,9.32,4.68,23.52,0.68,19.42,0.21,0.87,,,0.19,,30.53,86.82,5.16,34.62,0.0,0.0,4.16,730.44,0.72
2024-11-10 03:00:00,18.95,70.24,5.72,8.86,9.32,4.69,21.41,0.7,19.62,0.21,0.87,,,0.19,,30.28,88.91,3.73,104.56,0.0,0.0,4.15,729.8,0.72
2024-11-10 04:00:00,26.04,73.79,5.72,8.86,9.32,4.69,20.54,0.72,19.3,0.21,0.87,,,0.19,,30.19,90.34,3.07,206.16,0.0,0.0,4.16,730.0,0.72
2024-11-10 05:00:00,22.78,72.16,5.72,8.86,9.32,4.69,18.56,0.74,18.72,0.21,0.87,,,0.19,,30.15,90.52,3.24,111.11,0.0,0.0,4.17,731.58,0.72
2024-11-10 06:00:00,27.1,74.32,5.72,8.86,9.32,4.68,18.8,0.7,20.29,0.21,0.87,,,0.19,,30.1,90.54,3.97,14.94,0.0,0.0,4.15,734.53,0.72
2024-11-10 07:00:00,32.2,76.87,5.72,8.86,9.32,4.68,18.02,0.73,21.74,0.21,0.87,,,0.19,,31.19,82.98,3.35,174.09,0.0,0.0,4.16,736.92,0.72
2024-11-10 08:00:00,47.14,84.34,5.72,8.86,9.32,4.68,19.61,0.81,24.09,0.21,0.87,,,0.19,,32.89,73.44,2.36,34.89,0.0,0.0,4.15,738.74,0.72
2024-11-10 09:00:00,31.13,76.34,5.72,8.86,9.32,4.69,19.36,0.74,25.58,0.21,0.87,,,0.19,,33.98,67.95,3.59,33.53,0.0,0.0,4.15,738.59,0.72
2024-11-10 10:00:00,34.23,77.89,5.72,8.86,9.32,4.68,20.96,0.72,28.5,0.21,0.87,,,0.19,,34.85,61.1,2.54,78.15,0.0,0.0,4.16,736.22,0.72
2024-11-10 11:00:00,19.39,70.46,5.72,8.86,9.32,4.68,22.09,0.53,36.12,0.21,0.87,,,0.19,,35.07,58.51,2.86,194.59,0.0,0.0,4.15,732.74,0.72
2024-11-10 12:00:00,29.79,75.66,5.72,8.86,9.32,4.68,22.34,0.5,40.64,0.21,0.87,,,0.19,,35.3,54.67,3.03,34.25,0.0,0.0,4.15,728.94,0.72
2024-11-10 13:00:00,24.35,72.94,5.72,8.86,9.32,4.68,21.9,0.61,39.06,0.21,0.87,,,0.19,,35.66,48.39,3.56,26.44,0.0,0.0,4.15,725.27,0.72
2024-11-10 14:00:00,32.26,76.9,5.72,8.86,9.32,4.68,22.1,0.61,41.11,0.21,0.87,,,0.19,,35.78,47.17,4.13,179.17,0.0,0.0,4.15,723.29,0.72
2024-11-10 15:00:00,28.6,75.07,5.72,8.86,9.32,4.68,21.28,0.6,39.06,0.21,0.87,,,0.19,,35.46,48.34,3.74,25.98,0.0,0.0,4.15,722.88,0.72
2024-11-10 16:00:00,29.35,75.44,5.72,8.86,9.32,4.68,20.7,0.73,28.91,0.21,0.87,,,0.19,,34.65,50.82,3.73,29.99,0.0,0.0,4.15,723.75,0.72
2024-11-10 17:00:00,38.36,79.96,5.72,8.86,9.32,4.67,19.83,0.85,23.82,0.21,0.87,,,0.19,,33.28,58.11,4.02,54.91,0.0,0.0,4.15,725.61,0.72
2024-11-10 18:00:00,35.66,78.6,5.72,8.86,9.32,4.68,20.02,1.0,20.08,0.21,0.87,,,0.19,,32.1,63.62,3.55,25.36,0.0,0.0,4.15,728.22,0.72
2024-11-10 19:00:00,32.93,77.24,5.72,8.86,9.32,4.69,19.73,1.04,17.96,0.21,0.87,,,0.19,,31.81,65.1,3.72,51.8,0.0,0.0,4.16,730.92,0.72
2024-11-10 20:00:00,33.5,77.52,5.72,8.86,9.32,4.68,19.92,0.94,18.68,0.21,0.87,,,0.19,,31.3,66.68,2.88,165.57,0.0,0.0,4.16,732.49,0.72
2024-11-10 21:00:00,31.32,76.44,5.72,8.86,9.32,4.68,19.7,1.28,13.64,0.21,0.87,,,0.19,,31.11,67.8,1.02,315.53,0.0,0.0,4.16,733.27,0.72
2024-11-10 22:00:00,28.7,75.12,5.72,8.86,9.32,4.68,19.46,1.1,13.5,0.21,0.87,,,0.19,,30.75,70.57,1.62,216.37,0.0,0.0,4.16,733.74,0.72
2024-11-10 23:00:00,29.38,75.46,5.72,8.86,9.32,4.69,17.16,0.87,17.06,0.21,0.87,,,0.19,,30.28,70.46,1.39,124.59,0.0,0.0,4.15,732.8,0.72
2024-11-11 00:00:00,28.65,75.1,5.72,8.86,9.32,4.68,18.1,0.61,18.43,0.21,0.87,,,0.19,,30.04,71.43,1.54,312.97,0.0,0.0,4.15,730.55,0.72
2024-11-11 01:00:00,30.34,75.94,5.72,8.86,9.32,4.68,15.81,0.7,14.64,0.21,0.87,,,0.19,,29.74,78.91,1.23,271.38,0.0,0.0,4.15,728.98,0.72
2024-11-11 02:00:00,29.88,75.71,5.72,8.86,9.32,4.69,15.08,0.77,13.6,0.21,0.87,,,0.19,,29.84,78.66,1.07,274.96,0.0,0.0,4.15,728.11,0.72
2024-11-11 03:00:00,30.86,76.2,5.72,8.86,9.32,4.68,16.08,0.78,12.84,0.21,0.87,,,0.19,,29.47,81.74,1.1,119.52,0.0,0.0,4.15,727.01,0.72
2024-11-11 04:00:00,31.91,76.72,5.72,8.86,9.32,4.68,16.77,0.79,11.98,0.21,0.87,,,0.19,,29.24,84.62,0.64,152.16,0.0,0.0,4.15,727.99,0.72
2024-11-11 05:00:00,30.84,76.19,5.72,8.86,9.32,4.69,18.33,0.92,10.83,0.21,0.87,,,0.19,,29.34,84.95,1.3,263.84,0.0,0.0,4.15,729.34,0.72
2024-11-11 06:00:00,31.19,76.37,5.72,8.86,9.32,4.68,19.09,1.05,8.86,0.21,0.87,,,0.19,,29.33,83.6,0.96,295.76,0.0,0.0,4.15,732.9,0.72
2024-11-11 07:00:00,29.9,75.72,5.72,8.86,9.31,4.68,20.65,1.02,11.01,0.21,0.87,,,0.19,,30.56,78.43,0.75,178.69,0.0,0.0,4.15,735.27,0.72
2024-11-11 08:00:00,19.03,70.29,5.72,8.86,9.32,4.67,21.5,0.73,21.66,0.21,0.87,,,0.19,,31.8,68.01,1.61,334.0,0.0,0.0,4.15,737.22,0.72
2024-11-11 09:00:00,24.7,73.12,5.72,8.86,9.32,4.68,24.18,0.73,23.84,0.21,0.87,,,0.19,,33.38,58.8,0.58,201.6,0.0,0.0,4.15,737.39,0.72
2024-11-11 10:00:00,25.32,73.43,5.72,8.86,9.32,4.68,23.96,0.71,25.77,0.21,0.87,,,0.19,,34.76,52.72,0.92,185.16,0.0,0.0,4.15,735.04,0.72
2024-11-11 11:00:00,28.52,75.04,5.72,8.86,9.32,4.69,25.74,0.69,29.94,0.21,0.87,,,0.19,,35.31,48.23,1.03,323.95,0.0,0.0,4.2,730.9,0.72
2024-11-11 12:00:00,28.08,74.81,5.72,8.86,9.32,4.68,26.31,0.68,31.07,0.21,0.87,,,0.19,,35.5,45.62,1.88,83.5,0.0,0.0,4.16,727.12,0.72
2024-11-11 13:00:00,28.49,75.02,5.72,8.86,9.32,4.68,25.2,0.6,31.63,0.21,0.87,,,0.19,,35.5,43.97,1.06,59.84,0.0,0.0,4.15,723.73,0.72
2024-11-11 14:00:00,28.55,75.04,5.72,8.86,9.32,4.68,24.58,0.64,28.59,0.21,0.87,,,0.19,,35.36,46.02,2.13,102.28,0.0,0.0,4.16,721.36,0.72
2024-11-11 15:00:00,29.38,73.7,6.06,9.8,10.09,5.36,21.85,0.65,29.0,0.22,0.87,,,0.18,,35.38,47.45,0.96,184.18,0.0,0.0,58.61,719.94,0.72
2024-11-11 16:00:00,34.52,67.53,7.75,14.46,13.95,8.75,14.3,0.74,27.36,0.28,0.88,,,0.15,,34.67,51.12,1.86,20.26,0.0,0.0,327.31,719.84,0.72
2024-11-11 17:00:00,33.65,67.09,7.75,14.46,13.96,8.75,14.04,1.21,21.48,0.28,0.88,,,0.15,,33.52,58.43,1.13,45.12,0.0,0.0,327.31,722.1,0.72
2024-11-11 18:00:00,38.33,69.43,7.75,14.46,13.95,8.76,14.77,0.85,24.13,0.28,0.88,,,0.15,,32.83,59.76,1.46,54.22,0.0,0.0,327.31,724.64,0.73
2024-11-11 19:00:00,35.01,67.78,7.75,14.46,13.95,8.75,14.9,0.82,21.19,0.28,0.88,,,0.15,,32.4,61.98,1.23,113.18,0.0,0.0,327.32,728.86,0.73
2024-11-11 20:00:00,42.29,71.41,7.75,14.46,13.95,8.76,14.7,0.92,19.32,0.28,0.88,,,0.15,,32.31,63.04,1.17,208.96,0.0,0.0,327.32,730.36,0.74
2024-11-11 21:00:00,40.33,70.43,7.75,14.46,13.95,8.75,13.93,0.89,21.84,0.28,0.88,,,0.15,,32.3,63.54,1.09,258.75,0.0,0.0,327.31,731.91,0.72
2024-11-11 22:00:00,38.77,69.66,7.75,14.46,13.95,8.75,13.52,0.94,19.78,0.28,0.88,,,0.15,,31.94,67.2,0.98,96.57,0.0,0.0,327.32,731.68,0.72
2024-11-11 23:00:00,38.79,69.66,7.75,14.46,13.95,8.75,12.73,0.91,17.03,0.28,0.88,,,0.15,,31.64,69.04,1.71,29.61,0.0,0.0,327.34,730.29,0.72
2024-11-12 00:00:00,37.0,68.76,7.75,14.46,13.95,8.75,9.74,0.52,17.39,0.28,0.88,,,0.15,,31.35,73.19,0.8,246.78,0.0,0.0,327.31,728.05,0.72
2024-11-12 01:00:00,47.76,74.15,7.75,14.46,13.95,8.75,7.7,0.52,15.6,0.28,0.88,,,0.15,,31.38,73.35,0.87,114.49,0.0,0.0,327.31,726.19,0.72
2024-11-12 02:00:00,42.0,71.27,7.75,14.46,13.95,8.75,7.27,0.5,16.43,0.28,0.88,,,0.15,,31.28,72.04,1.22,190.72,0.0,0.0,327.31,725.74,0.72
2024-11-12 03:00:00,25.72,63.13,7.75,14.46,13.95,8.75,6.62,0.48,16.45,0.28,0.88,,,0.15,,31.3,70.21,1.81,95.36,0.0,0.0,327.31,725.53,0.72
2024-11-12 04:00:00,25.72,63.13,7.75,14.46,13.95,8.75,5.46,0.48,19.44,0.28,0.88,,,0.15,,31.3,68.04,0.61,180.72,0.0,0.0,327.31,726.0,0.72
2024-11-12 05:00:00,25.72,63.13,7.75,14.46,13.95,8.75,5.67,0.44,19.7,0.28,0.88,,,0.15,,31.19,68.11,0.88,327.92,0.0,0.0,327.31,726.8,0.72
2024-11-12 06:00:00,26.52,63.53,7.75,14.46,13.95,8.75,4.14,0.47,19.58,0.28,0.88,,,0.15,,31.22,68.69,0.29,296.25,0.0,0.0,327.31,730.39,0.72
2024-11-12 07:00:00,29.36,64.96,7.75,14.46,13.95,8.75,3.24,0.45,17.08,0.28,0.88,,,0.15,,31.39,69.29,0.63,335.1,0.0,0.0,327.31,733.45,0.72
2024-11-12 08:00:00,60.3,80.42,7.76,14.46,13.95,8.75,3.26,0.57,17.98,0.28,0.88,,,0.15,,31.85,67.76,0.34,234.82,0.0,0.0,327.31,735.17,0.72
2024-11-12 09:00:00,56.02,78.28,7.75,14.46,13.95,8.75,4.86,0.52,21.44,0.28,0.88,,,0.15,,32.09,68.56,0.64,183.96,0.0,0.0,327.31,738.02,0.72
2024-11-12 10:00:00,32.46,66.5,7.7,14.28,13.81,8.77,5.37,0.42,27.59,0.28,0.88,,,0.15,,32.78,71.58,0.43,182.66,0.0,0.0,327.31,736.52,0.72
2024-11-12 11:00:00,49.33,74.94,6.28,9.75,10.25,9.22,8.37,0.27,23.27,0.24,0.97,,,0.21,,33.01,72.07,0.71,150.43,0.0,0.0,327.31,733.46,0.72
2024-11-12 12:00:00,44.11,72.32,6.66,10.22,10.82,10.34,11.72,0.3,21.79,0.26,1.0,,,0.24,,33.34,72.28,0.37,191.08,0.0,0.0,347.46,728.52,0.72
2024-11-12 13:00:00,34.36,67.45,7.22,11.02,11.69,11.08,12.69,0.45,25.74,0.24,0.92,,,0.22,,33.62,71.62,0.18,241.0,0.0,0.0,280.39,724.53,0.72
2024-11-12 14:00:00,28.96,64.75,7.19,11.58,11.96,11.6,13.47,0.51,19.17,0.22,0.85,,,0.19,,33.81,71.49,0.42,260.34,0.0,0.0,318.81,722.05,0.72
2024-11-12 15:00:00,32.6,66.57,7.31,12.58,12.59,12.13,13.4,0.48,16.78,0.2,0.87,,,0.16,,33.71,71.19,0.41,233.85,0.0,0.0,219.08,722.0,0.72
2024-11-12 16:00:00,30.91,65.72,7.7,13.1,13.19,13.06,13.44,0.49,15.44,0.22,0.94,,,0.19,,33.49,72.05,0.17,166.43,0.0,0.0,142.85,722.01,0.72
2024-11-12 17:00:00,30.32,65.43,7.78,13.19,13.3,13.24,12.51,0.6,14.82,0.23,0.96,,,0.2,,33.07,76.38,0.3,184.19,0.0,0.0,129.29,723.82,0.72
2024-11-12 18:00:00,29.81,65.18,7.78,13.19,13.3,13.25,12.79,0.66,13.31,0.23,0.96,,,0.2,,32.62,80.4,0.75,133.72,0.0,0.0,129.29,727.07,0.72
2024-11-12 19:00:00,38.57,69.56,7.78,13.19,13.3,13.26,13.47,0.74,25.46,0.23,0.96,,,0.2,,32.14,83.89,1.18,265.7,0.0,0.0,129.29,729.04,0.72
2024-11-12 20:00:00,40.71,70.62,7.78,13.19,13.3,13.25,13.92,0.87,13.58,0.23,0.96,,,0.2,,31.76,83.45,0.66,263.57,0.0,0.0,129.29,731.03,0.72
2024-11-12 21:00:00,30.22,65.38,7.78,13.19,13.3,13.25,14.66,0.8,12.94,0.23,0.96,,,0.2,,31.6,85.21,0.94,116.96,0.0,0.0,129.29,731.49,0.72
2024-11-12 22:00:00,32.5,66.52,7.78,13.19,13.3,13.25,13.87,0.74,9.91,0.23,0.96,,,0.2,,31.38,86.18,1.06,331.46,0.0,0.0,129.29,729.25,0.72
2024-11-12 23:00:00,26.0,63.27,7.78,13.19,13.3,13.25,14.56,0.64,11.06,0.23,0.96,,,0.2,,31.06,86.12,0.96,318.19,0.0,0.0,129.3,728.82,0.72
2024-11-13 00:00:00,25.74,63.14,7.78,13.19,13.3,13.25,8.98,0.52,11.76,0.23,0.96,,,0.2,,30.92,86.67,1.14,295.13,0.0,0.0,129.3,726.55,0.72
2024-11-13 01:00:00,27.64,64.09,7.78,13.19,13.3,13.25,7.81,0.57,13.51,0.23,0.96,,,0.2,,30.86,88.54,0.95,194.56,0.0,0.0,129.3,724.17,0.72
2024-11-13 02:00:00,28.76,64.65,7.78,13.19,13.3,13.26,5.89,0.57,14.59,0.23,0.96,,,0.2,,30.7,90.15,1.62,196.26,0.0,0.0,129.29,722.68,0.72
2024-11-13 03:00:00,29.11,64.83,7.78,13.19,13.3,13.25,4.76,0.62,13.83,0.23,0.96,,,0.2,,30.72,90.66,0.91,134.44,0.0,0.0,129.3,722.32,0.72
2024-11-13 04:00:00,33.33,66.94,7.78,13.19,13.3,13.25,3.85,0.6,13.92,0.23,0.96,,,0.2,,30.8,91.04,0.18,161.0,0.0,0.0,129.29,722.77,0.72
2024-11-13 05:00:00,26.5,63.52,7.78,13.19,13.3,13.25,4.26,0.46,17.24,0.23,0.96,,,0.2,,30.8,91.1,0.66,333.74,0.0,0.0,129.31,724.14,0.72
2024-11-13 06:00:00,25.97,63.26,7.78,13.19,13.3,13.25,3.72,0.58,13.77,0.23,0.96,,,0.2,,30.82,89.58,0.52,275.56,0.0,0.0,129.29,727.42,0.72
2024-11-13 07:00:00,28.62,64.59,7.79,13.19,13.3,13.25,9.1,0.4,18.03,0.23,0.96,,,0.2,,32.01,81.61,0.54,309.57,0.0,0.0,129.3,731.95,0.72
2024-11-13 08:00:00,25.72,63.13,7.78,13.19,13.3,13.26,7.67,0.56,21.23,0.23,0.96,,,0.2,,33.04,74.48,0.19,211.24,0.0,0.0,129.29,733.78,0.72
2024-11-13 09:00:00,26.61,63.58,7.8,13.24,13.34,13.34,9.04,0.54,19.03,0.23,0.96,,,0.2,,34.82,65.69,0.18,210.68,0.0,0.0,134.73,734.52,0.72
2024-11-13 10:00:00,37.63,69.09,7.62,13.36,13.26,13.38,8.57,0.44,20.65,0.26,0.96,,,0.24,,35.08,63.7,0.78,150.98,0.0,0.0,297.9,733.88,0.72
2024-11-13 11:00:00,26.42,63.48,7.18,13.2,12.83,13.0,7.56,0.41,24.56,0.26,0.96,,,0.24,,35.46,62.37,0.3,203.7,0.0,0.0,323.33,731.0,0.72
2024-11-13 12:00:00,28.26,64.4,7.13,13.92,13.17,12.94,6.98,0.49,26.66,0.25,0.96,,,0.22,,35.72,62.02,0.12,222.84,0.0,0.0,607.83,726.15,0.72
2024-11-13 13:00:00,33.93,67.24,8.16,14.61,14.36,13.58,6.98,0.52,30.17,0.22,0.94,,,0.19,,35.76,63.34,0.19,197.96,0.0,0.0,354.27,722.44,0.72
2024-11-13 14:00:00,34.22,66.4,8.12,14.12,14.08,14.14,6.58,0.51,26.02,0.24,0.9,,,0.21,,35.15,63.31,0.24,218.35,0.0,0.0,209.95,720.21,0.72
2024-11-13 15:00:00,26.25,55.9,8.19,14.41,14.29,13.82,6.62,0.46,22.51,0.23,0.9,,,0.21,,34.19,65.93,0.72,157.72,0.0,0.0,300.35,719.86,0.72
2024-11-13 16:00:00,25.88,55.71,8.27,14.68,14.49,13.54,5.96,0.48,20.2,0.22,0.92,,,0.2,,33.69,64.74,0.31,158.15,0.0,0.0,367.21,721.72,0.72
2024-11-13 17:00:00,28.83,59.12,8.27,14.68,14.48,13.55,10.65,0.16,19.36,0.22,0.92,,,0.2,,33.08,75.5,0.29,165.5,0.0,0.0,314.02,723.81,0.72
2024-11-13 18:00:00,29.89,57.72,8.27,14.68,14.49,13.55,7.31,0.27,15.1,0.22,0.92,,,0.2,,32.67,81.03,0.17,212.96,0.0,0.0,3.06,726.03,0.72
2024-11-13 19:00:00,29.7,57.62,8.27,14.68,14.49,13.55,7.78,0.46,14.26,0.22,0.92,,,0.2,,32.32,84.05,0.8,291.34,0.0,0.0,3.06,728.72,0.72
2024-11-13 20:00:00,31.43,58.48,8.27,14.68,14.49,13.55,7.44,0.55,13.76,0.22,0.92,,,0.2,,31.94,85.98,1.3,341.42,0.0,0.0,3.06,731.61,0.72
2024-11-13 21:00:00,27.18,56.36,8.27,14.68,14.49,13.55,7.89,0.48,12.37,0.22,0.92,,,0.2,,31.55,88.62,1.05,249.77,0.0,0.0,3.06,732.86,0.72
2024-11-13 22:00:00,27.19,56.37,8.27,14.68,14.49,13.54,7.37,0.4,13.61,0.22,0.92,,,0.2,,31.54,83.05,0.4,287.56,0.0,0.0,3.07,732.18,0.72
2024-11-13 23:00:00,28.67,57.11,8.27,14.68,14.49,13.56,7.13,0.3,15.85,0.22,0.92,,,0.2,,31.22,84.16,2.37,261.74,0.0,0.0,3.06,730.26,0.73
2024-11-14 00:00:00,31.64,58.59,8.27,14.68,14.49,13.54,10.58,0.41,14.68,0.22,0.92,,,0.2,,30.84,87.18,3.24,29.34,0.0,0.0,3.06,728.79,0.73
2024-11-14 01:00:00,29.98,57.76,8.27,14.68,14.49,13.55,9.18,0.44,17.1,0.22,0.92,,,0.2,,30.89,87.53,1.06,59.82,0.0,0.0,3.06,727.04,0.72
2024-11-14 02:00:00,37.65,61.6,8.27,14.68,14.49,13.55,7.2,0.45,16.4,0.22,0.92,,,0.2,,30.61,89.74,0.92,265.53,0.0,0.0,3.06,725.19,0.72
2024-11-14 03:00:00,40.16,62.84,8.27,14.68,14.49,13.55,7.04,0.41,18.45,0.22,0.92,,,0.2,,30.64,87.54,0.66,152.43,0.0,0.0,3.06,724.93,0.72
2024-11-14 04:00:00,29.03,57.29,8.27,14.68,14.49,13.54,5.69,0.51,17.71,0.22,0.92,,,0.2,,30.42,86.35,0.94,264.7,0.0,0.0,3.08,725.83,0.72
2024-11-14 05:00:00,30.34,57.94,8.27,14.68,14.49,13.55,5.64,0.55,18.46,0.22,0.92,,,0.2,,30.32,83.19,0.83,209.52,0.0,0.0,3.06,728.44,0.72
2024-11-14 06:00:00,26.97,56.26,8.27,14.68,14.49,13.55,5.11,0.58,19.4,0.22,0.92,,,0.2,,30.46,82.09,0.96,154.35,0.0,0.0,3.06,732.19,0.72
2024-11-14 07:00:00,29.56,57.55,8.28,14.68,14.48,13.55,20.61,0.39,25.29,0.22,0.92,,,0.2,,32.41,72.57,0.64,61.11,0.0,0.0,3.06,735.83,0.72
2024-11-14 08:00:00,29.56,57.55,8.27,14.68,14.49,13.55,16.66,0.32,31.24,0.22,0.92,,,0.2,,33.63,67.15,0.48,270.83,0.0,0.0,3.06,737.08,0.72
2024-11-14 09:00:00,,,,,,,,,,,,,,,,,,,,,0.0,,,
2024-11-14 10:00:00,29.56,57.55,8.27,14.68,14.49,13.55,20.97,1.17,24.68,0.22,0.92,,,0.2,,35.47,60.3,0.21,235.2,0.0,0.0,3.06,737.72,0.74
2024-11-14 11:00:00,,,8.27,14.68,14.49,13.55,17.44,0.72,26.78,0.22,0.92,,,0.2,,35.42,59.81,0.29,266.48,0.0,0.0,3.06,735.04,0.72
2024-11-14 12:00:00,36.25,78.04,8.19,14.56,14.36,13.4,15.86,0.94,28.77,0.22,0.92,,,0.2,,35.56,59.02,0.44,245.33,0.0,0.0,3.06,731.59,0.72
2024-11-14 13:00:00,30.68,64.56,6.35,11.75,11.36,9.74,14.92,0.28,31.5,0.25,0.98,,,0.17,,35.98,58.43,0.33,242.24,0.0,0.0,3.06,727.96,0.72
2024-11-14 14:00:00,34.48,72.57,6.35,11.75,11.37,9.74,14.96,0.3,35.51,0.25,0.98,,,0.17,,35.96,59.9,0.19,184.6,0.0,0.0,3.06,725.14,0.72
2024-11-14 15:00:00,34.35,72.31,6.35,11.75,11.37,9.74,14.94,0.32,37.73,0.25,0.98,,,0.17,,35.13,64.34,0.24,193.81,0.0,0.0,3.06,724.16,0.72
2024-11-14 16:00:00,34.87,73.4,6.35,11.75,11.37,9.74,15.58,0.32,33.95,0.25,0.98,,,0.17,,33.68,72.88,0.17,203.42,0.0,0.0,3.06,726.44,0.72
2024-11-14 17:00:00,40.86,86.0,6.35,11.75,11.37,9.75,14.23,0.39,27.08,0.25,0.98,,,0.17,,32.05,80.66,1.25,296.48,0.0,0.0,3.06,728.03,0.72
2024-11-14 18:00:00,90.3,190.1,6.21,12.23,11.52,8.73,14.49,0.47,25.97,0.26,0.92,,,0.15,,31.83,83.44,1.13,332.39,0.0,0.0,3.06,731.5,0.72
2024-11-14 19:00:00,112.69,237.23,6.08,12.68,11.65,7.79,13.56,0.62,20.72,0.28,0.87,,,0.12,,32.08,83.33,0.72,327.47,0.0,0.0,3.06,735.29,0.72
2024-11-14 20:00:00,25.42,53.48,6.08,12.68,11.65,7.79,15.12,0.55,19.96,0.28,0.87,,,0.12,,31.98,78.1,0.49,250.16,0.0,0.0,3.06,737.72,0.72
2024-11-14 21:00:00,31.61,66.53,6.08,12.68,11.65,7.8,16.13,0.5,16.74,0.28,0.87,,,0.12,,31.4,80.26,1.61,337.56,0.0,0.0,3.06,738.86,0.72
2024-11-14 22:00:00,26.55,55.89,6.08,12.68,11.65,7.8,16.45,0.47,16.02,0.28,0.87,,,0.12,,31.16,81.39,1.35,333.1,0.0,0.0,3.07,737.92,0.72
2024-11-14 23:00:00,32.69,68.81,6.08,12.68,11.65,7.79,15.62,0.38,18.16,0.28,0.87,,,0.12,,30.98,82.92,1.2,343.68,0.0,0.0,3.06,736.32,0.72
2024-11-15 00:00:00,32.2,67.77,6.08,12.68,11.65,7.79,9.76,0.47,21.24,0.28,0.87,,,0.12,,30.87,85.31,0.81,250.78,0.0,0.0,3.07,733.79,0.72
2024-11-15 01:00:00,44.23,93.11,6.08,12.68,11.64,7.79,7.22,0.49,22.56,0.28,0.87,,,0.12,,30.93,83.98,0.65,300.41,0.0,0.0,3.08,732.01,0.72
2024-11-15 02:00:00,52.35,110.2,6.08,12.68,11.66,7.8,6.5,0.5,22.49,0.28,0.87,,,0.12,,30.86,82.88,0.62,306.32,0.0,0.0,3.07,730.02,0.72
2024-11-15 03:00:00,32.31,68.01,6.08,12.68,11.64,7.79,5.21,0.5,21.62,0.28,0.87,,,0.12,,30.68,81.14,0.48,275.24,0.0,0.0,3.06,729.28,0.72
2024-11-15 04:00:00,37.1,78.09,6.08,12.68,11.65,7.79,5.02,0.6,17.78,0.28,0.87,,,0.12,,30.24,81.01,0.81,288.94,0.0,0.0,3.06,730.77,0.72
2024-11-15 05:00:00,26.35,55.46,6.08,12.68,11.65,7.79,4.27,0.61,17.97,0.28,0.87,,,0.12,,30.05,80.4,0.7,267.92,0.0,0.0,3.06,732.03,0.72
2024-11-15 06:00:00,32.01,67.36,6.08,12.68,11.65,7.79,3.61,0.64,20.0,0.28,0.87,,,0.12,,30.15,79.11,0.58,264.52,0.0,0.0,3.06,735.6,0.72
2024-11-15 07:00:00,29.78,62.69,6.08,12.68,11.65,7.79,3.89,0.65,21.76,0.28,0.87,,,0.12,,31.23,73.77,0.36,188.58,0.0,0.0,3.06,738.56,0.72
2024-11-15 08:00:00,26.0,54.7,6.08,12.68,11.66,7.78,3.72,0.64,28.71,0.28,0.87,,,0.12,,32.12,70.16,0.58,315.81,0.0,0.0,3.06,741.62,0.72
2024-11-15 09:00:00,73.19,154.07,6.08,12.68,11.65,7.79,6.16,0.66,30.56,0.28,0.87,,,0.12,,33.02,68.4,0.4,281.03,0.0,0.0,3.06,742.17,0.72
2024-11-15 10:00:00,34.75,73.14,6.08,12.68,11.65,7.79,6.24,0.61,45.7,0.28,0.87,,,0.12,,34.25,63.9,0.2,257.46,0.0,0.0,3.06,741.16,0.72
2024-11-15 11:00:00,113.27,238.44,6.14,12.0,11.34,7.54,12.91,0.47,47.48,0.27,0.9,,,0.14,,34.81,58.86,0.19,208.21,0.0,0.0,3.06,738.0,0.72
2024-11-15 12:00:00,,,6.27,10.64,10.72,7.07,13.77,0.4,38.96,0.26,0.95,,,0.18,,35.08,57.58,0.26,192.49,0.0,0.0,3.06,732.93,0.72
2024-11-15 13:00:00,,,6.27,10.64,10.72,7.07,13.38,0.59,36.23,0.26,0.95,,,0.18,,34.78,60.44,0.54,168.86,0.0,0.0,3.06,729.7,0.72
2024-11-15 14:00:00,,,6.26,10.64,10.72,7.07,14.41,0.66,37.17,0.26,0.95,,,0.18,,34.8,59.08,0.36,156.32,0.0,0.0,3.06,727.21,0.73
2024-11-15 15:00:00,28.77,53.89,6.27,10.64,10.73,7.07,14.68,1.05,49.36,0.26,0.95,,,0.18,,35.17,57.92,0.4,156.39,0.0,0.0,3.06,726.44,0.72
2024-11-15 16:00:00,28.48,52.7,6.27,10.64,10.72,7.07,16.47,1.84,50.88,0.26,0.95,,,0.18,,34.58,58.17,0.32,163.82,0.0,0.0,3.06,726.39,0.72
2024-11-15 17:00:00,29.27,60.56,6.27,10.64,10.72,7.07,15.86,0.72,34.99,0.26,0.95,,,0.18,,33.81,64.54,0.24,170.08,0.0,0.0,3.06,727.2,0.72
2024-11-15 18:00:00,30.14,69.26,6.27,10.64,10.72,7.07,16.16,0.88,22.96,0.26,0.95,,,0.18,,33.06,72.14,0.28,161.35,0.0,0.0,3.06,729.74,0.72
2024-11-15 19:00:00,30.35,71.38,6.27,10.64,10.72,7.07,17.35,0.98,24.0,0.26,0.95,,,0.18,,32.5,75.91,0.4,170.86,0.0,0.0,3.06,733.02,0.72
2024-11-15 20:00:00,30.42,72.15,6.27,10.64,10.72,7.07,17.4,1.08,21.48,0.26,0.95,,,0.18,,32.24,79.0,0.22,203.68,0.0,0.0,3.06,735.08,0.72
2024-11-15 21:00:00,31.42,82.09,6.27,10.64,10.72,7.06,18.66,0.94,18.55,0.26,0.95,,,0.18,,31.76,82.64,0.44,217.1,0.0,0.0,3.08,736.63,0.72
2024-11-15 22:00:00,30.72,75.12,6.27,10.64,10.72,7.07,18.55,0.89,15.78,0.26,0.95,,,0.18,,31.48,85.03,0.31,317.07,0.0,0.0,3.06,736.68,0.72
2024-11-15 23:00:00,28.91,56.99,6.27,10.64,10.72,7.08,19.0,0.83,14.38,0.26,0.95,,,0.18,,31.0,88.08,1.45,346.84,0.0,0.0,3.06,734.76,0.72
2024-11-16 00:00:00,28.99,57.81,6.27,10.64,10.73,7.06,6.77,0.58,19.8,0.26,0.95,,,0.18,,30.84,86.59,1.05,171.43,0.0,0.0,3.07,733.57,0.72
2024-11-16 01:00:00,29.42,62.08,6.27,10.64,10.73,7.07,4.1,0.55,23.72,0.26,0.95,,,0.18,,30.83,86.36,0.46,248.92,0.0,0.0,3.07,730.88,0.72
2024-11-16 02:00:00,29.84,66.25,6.27,10.64,10.73,7.07,2.44,0.55,24.01,0.26,0.95,,,0.18,,30.55,87.94,0.98,332.9,0.0,0.0,3.06,729.76,0.72
2024-11-16 03:00:00,29.58,63.58,6.27,10.64,10.72,7.07,1.62,0.54,24.12,0.26,0.95,,,0.18,,30.38,89.12,1.14,268.19,0.0,0.0,3.07,729.2,0.72
2024-11-16 04:00:00,29.68,64.67,6.27,10.64,10.72,7.07,0.43,0.58,23.88,0.26,0.95,,,0.18,,30.25,90.32,0.7,250.71,0.0,0.0,3.06,730.04,0.72
2024-11-16 05:00:00,29.34,61.32,6.27,10.64,10.72,7.07,,0.6,24.03,0.26,0.95,,,0.18,,30.31,90.21,0.58,237.3,0.0,0.0,3.06,731.95,0.72
2024-11-16 06:00:00,30.21,70.01,6.27,10.64,10.72,7.07,,0.64,20.67,0.26,0.95,,,0.18,,30.32,90.46,0.62,135.52,0.0,0.0,3.06,734.94,0.72
2024-11-16 07:00:00,29.42,62.1,6.27,10.64,10.72,7.06,,0.68,24.06,0.26,0.95,,,0.18,,31.2,86.38,0.48,206.09,0.0,0.0,3.06,737.03,0.72
2024-11-16 08:00:00,30.9,76.82,6.27,10.64,10.72,7.07,,0.72,27.34,0.26,0.95,,,0.18,,32.43,78.85,0.52,277.7,0.0,0.0,3.06,739.08,0.72
2024-11-16 09:00:00,29.7,64.93,6.27,10.64,10.72,7.07,1.68,0.74,37.06,0.26,0.95,,,0.18,,33.47,73.48,0.22,274.17,0.0,0.0,3.06,740.24,0.72
2024-11-16 10:00:00,39.62,82.8,6.09,10.92,10.72,7.07,3.27,0.67,45.65,0.23,0.93,,,0.15,,34.35,69.0,0.17,257.26,0.0,0.0,14.7,739.09,0.72
2024-11-16 11:00:00,45.68,81.66,5.73,11.46,10.71,7.07,2.85,0.56,56.41,0.18,0.88,,,0.09,,34.7,65.9,0.2,273.08,0.0,0.0,321.65,735.41,0.72
2024-11-16 12:00:00,40.08,71.58,6.26,10.5,10.64,8.0,3.08,0.63,52.44,0.16,0.82,,,0.08,,34.8,63.6,0.74,325.3,0.0,0.0,494.92,731.01,0.72
2024-11-16 13:00:00,35.99,64.22,6.68,9.73,10.57,8.74,1.96,0.77,42.44,0.15,0.77,,,0.07,,35.15,62.14,0.65,280.61,0.0,0.0,631.25,727.11,0.72
2024-11-16 14:00:00,32.08,57.18,6.68,9.73,10.57,8.74,1.66,0.75,41.04,0.15,0.77,,,0.07,,35.64,59.81,0.44,240.51,0.0,0.0,631.25,724.3,0.72
2024-11-16 15:00:00,32.04,57.11,6.68,9.73,10.57,8.74,1.91,0.66,48.76,0.15,0.77,,,0.07,,35.21,61.74,0.46,153.56,0.0,0.0,631.25,722.29,0.72
2024-11-16 16:00:00,33.24,59.27,6.73,10.87,11.22,7.98,1.61,0.74,35.24,0.13,0.76,,,0.06,,34.62,65.44,0.2,255.6,0.0,0.0,286.04,722.39,0.73
2024-11-16 17:00:00,37.21,66.42,6.76,11.42,11.54,7.62,2.55,0.82,33.17,0.12,0.76,,,0.06,,33.74,68.54,0.34,159.5,0.0,0.0,41.16,724.5,0.72
2024-11-16 18:00:00,37.17,66.34,6.76,11.42,11.52,7.62,3.09,0.95,28.19,0.12,0.76,,,0.06,,32.83,73.85,0.33,176.96,0.0,0.0,3.41,727.05,0.72
2024-11-16 19:00:00,40.82,72.91,6.76,11.42,11.53,7.62,4.62,0.94,41.19,0.12,0.76,,,0.06,,32.17,79.08,0.23,193.06,0.0,0.0,3.41,731.32,0.72
2024-11-16 20:00:00,31.82,56.71,6.76,11.42,11.53,7.62,6.72,0.98,31.72,0.12,0.76,,,0.06,,31.73,81.27,0.83,298.82,0.0,0.0,3.41,733.36,0.72
2024-11-16 21:00:00,38.0,67.84,6.76,11.42,11.53,7.62,8.9,0.86,28.82,0.12,0.76,,,0.06,,31.35,82.95,0.97,324.83,0.0,0.0,3.42,733.88,0.72
2024-11-16 22:00:00,37.86,67.58,6.76,11.42,11.53,7.62,6.8,0.82,29.92,0.12,0.76,,,0.06,,31.57,80.04,0.61,264.74,0.0,0.0,3.42,734.96,0.72
2024-11-16 23:00:00,37.0,66.04,6.76,11.42,11.53,7.62,5.03,0.78,29.91,0.12,0.76,,,0.06,,31.48,81.49,0.32,198.9,0.0,0.0,3.42,733.82,0.72
2024-11-17 00:00:00,37.44,66.83,6.76,11.42,11.53,7.62,6.92,0.57,30.27,0.12,0.76,,,0.06,,31.12,82.62,0.34,279.94,0.0,0.0,3.41,732.68,0.72
2024-11-17 01:00:00,37.47,66.9,6.76,11.42,11.53,7.62,4.66,0.57,27.72,0.12,0.76,,,0.06,,30.68,84.16,1.26,261.44,0.0,0.0,3.42,731.43,0.72
2024-11-17 02:00:00,39.36,70.3,6.76,11.42,11.54,7.62,1.96,0.57,29.36,0.12,0.76,,,0.06,,30.54,84.52,0.65,298.21,0.0,0.0,3.41,729.79,0.72
2024-11-17 03:00:00,49.24,88.07,6.76,11.42,11.53,7.62,1.23,0.56,30.72,0.12,0.76,,,0.06,,30.35,85.9,0.35,246.76,0.0,0.0,3.41,729.0,0.72
2024-11-17 04:00:00,30.06,53.55,6.76,11.42,11.53,7.62,0.15,0.58,28.77,0.12,0.76,,,0.06,,29.88,87.55,0.59,218.44,0.0,0.0,3.41,729.04,0.72
2024-11-17 05:00:00,30.06,53.55,6.76,11.42,11.53,7.62,0.22,0.6,27.11,0.12,0.76,,,0.06,,29.84,87.02,0.85,220.49,0.0,0.0,3.41,730.78,0.72
2024-11-17 06:00:00,31.78,56.64,6.76,11.42,11.53,7.61,,0.67,26.11,0.12,0.76,,,0.06,,29.93,85.54,0.94,188.58,0.0,0.0,3.41,733.11,0.72
2024-11-17 07:00:00,38.3,68.39,6.76,11.42,11.53,7.62,,0.76,30.7,0.12,0.76,,,0.06,,30.21,81.44,0.57,315.79,0.0,0.0,3.41,736.34,0.72
2024-11-17 08:00:00,38.88,69.42,6.76,11.42,11.53,7.62,0.54,0.76,27.46,0.12,0.76,,,0.06,,30.76,75.92,0.62,180.48,0.0,0.0,3.41,738.83,0.72
2024-11-17 09:00:00,34.87,62.2,6.76,11.42,11.53,7.62,,0.7,32.45,0.12,0.76,,,0.06,,32.22,68.89,0.46,95.54,0.0,0.0,3.41,739.56,0.72
2024-11-17 10:00:00,38.78,69.24,6.76,11.42,11.53,7.62,2.15,0.54,50.29,0.12,0.76,,,0.06,,32.84,65.91,0.55,273.17,0.0,0.0,3.42,738.92,0.72
2024-11-17 11:00:00,36.85,65.77,6.76,11.42,11.54,7.63,3.29,0.55,53.14,0.12,0.76,,,0.06,,32.99,63.96,0.2,204.05,0.0,0.0,3.44,736.14,0.72
2024-11-17 12:00:00,36.15,64.52,6.76,11.42,11.52,7.62,3.19,0.56,41.52,0.12,0.76,,,0.06,,33.46,61.42,0.26,243.58,0.0,0.0,3.41,732.65,0.72
2024-11-17 13:00:00,38.88,69.42,6.76,11.42,11.53,7.62,3.83,0.54,55.18,0.12,0.76,,,0.06,,33.71,60.2,0.21,243.83,0.0,0.0,3.41,729.84,0.72
2024-11-17 14:00:00,38.97,69.58,6.76,11.42,11.53,7.61,3.12,0.73,50.58,0.12,0.76,,,0.06,,33.2,61.76,0.94,279.21,0.0,0.0,3.41,726.62,0.72
2024-11-17 15:00:00,37.3,66.57,6.76,11.42,11.53,7.62,2.93,0.73,42.37,0.12,0.76,,,0.06,,33.27,61.17,1.01,315.52,0.0,0.0,3.41,725.86,0.72
2024-11-17 16:00:00,36.24,64.68,6.76,11.42,11.53,7.62,2.32,0.64,44.26,0.12,0.76,,,0.06,,33.24,61.22,0.31,235.26,0.0,0.0,3.41,726.05,0.72
2024-11-17 17:00:00,36.85,65.77,6.76,11.42,11.53,7.62,2.36,0.71,39.8,0.12,0.76,,,0.06,,32.14,68.73,1.08,329.58,0.0,0.0,3.41,727.61,0.72
2024-11-17 18:00:00,35.8,63.88,6.76,11.42,11.53,7.61,2.37,0.88,29.75,0.12,0.76,,,0.06,,31.36,74.69,1.37,168.75,0.0,0.0,3.42,729.91,0.72
2024-11-17 19:00:00,37.76,67.41,6.76,11.42,11.53,7.62,3.1,0.95,25.67,0.12,0.76,,,0.06,,31.24,77.24,0.62,253.85,0.0,0.0,3.41,733.08,0.72
2024-11-17 20:00:00,36.25,64.68,6.76,11.42,11.53,7.62,2.82,0.98,24.11,0.12,0.76,,,0.06,,30.61,82.98,2.85,110.8,0.0,0.0,3.42,735.04,0.72
2024-11-17 21:00:00,37.15,66.32,6.76,11.42,11.52,7.62,2.59,0.95,21.88,0.12,0.76,,,0.06,,30.22,84.16,1.62,189.98,0.0,0.0,3.42,736.36,0.72
2024-11-17 22:00:00,36.09,64.4,6.76,11.42,11.53,7.62,1.89,0.9,21.08,0.12,0.76,,,0.06,,30.02,85.17,3.27,30.23,0.0,0.0,3.41,736.45,0.72
2024-11-17 23:00:00,35.91,64.08,6.76,11.42,11.52,7.63,1.62,0.82,22.72,0.12,0.76,,,0.06,,29.67,85.63,1.02,132.49,0.0,0.0,3.41,735.86,0.72
2024-11-18 00:00:00,35.42,63.19,6.76,11.42,11.52,7.62,7.98,0.53,25.41,0.12,0.76,,,0.06,,29.43,85.26,0.62,199.36,0.0,0.0,3.41,734.58,0.72
2024-11-18 01:00:00,35.19,62.78,6.76,11.42,11.53,7.62,6.9,0.52,26.83,0.12,0.76,,,0.06,,29.1,85.55,0.88,257.13,0.0,0.0,3.41,732.98,0.72
2024-11-18 02:00:00,43.12,77.06,6.76,11.42,11.53,7.62,5.59,0.52,28.66,0.12,0.76,,,0.06,,29.18,83.74,1.26,320.41,0.0,0.0,3.41,732.17,0.72
2024-11-18 03:00:00,35.59,63.51,6.76,11.42,11.52,7.62,4.7,0.54,31.13,0.12,0.76,,,0.06,,29.44,81.5,0.58,215.54,0.0,0.0,3.41,731.96,0.72
2024-11-18 04:00:00,38.41,68.57,6.76,11.42,11.54,7.62,4.77,0.56,32.1,0.12,0.76,,,0.06,,29.26,78.74,0.85,100.36,0.0,0.0,3.41,732.88,0.72
2024-11-18 05:00:00,34.16,60.93,6.76,11.42,11.54,7.62,4.43,0.56,32.16,0.12,0.76,,,0.06,,28.81,78.74,1.0,95.89,0.0,0.0,3.41,734.07,0.72
2024-11-18 06:00:00,31.52,56.18,6.76,11.42,11.52,7.62,4.61,0.6,30.16,0.12,0.76,,,0.06,,28.56,77.64,0.43,57.25,0.0,0.0,3.41,736.24,0.72
2024-11-18 07:00:00,36.24,64.67,6.76,11.42,11.53,7.62,4.46,0.67,28.89,0.12,0.76,,,0.06,,29.38,72.37,0.94,179.28,0.0,0.0,3.41,739.48,0.72
2024-11-18 08:00:00,33.57,59.86,6.76,11.42,11.53,7.62,5.73,0.59,42.42,0.12,0.76,,,0.06,,30.99,65.22,0.69,178.1,0.0,0.0,3.41,742.22,0.72
2024-11-18 09:00:00,54.1,96.81,6.76,11.42,11.53,7.62,6.88,0.6,42.66,0.12,0.76,,,0.06,,32.18,60.6,0.55,130.8,0.0,0.0,3.41,743.73,0.72
2024-11-18 10:00:00,43.11,77.03,6.89,11.62,11.74,7.76,8.3,0.55,44.24,0.14,0.78,,,0.09,,32.98,55.75,0.38,162.43,0.0,0.0,139.76,741.8,0.72
2024-11-18 11:00:00,33.12,59.06,7.26,12.57,12.54,8.08,7.42,0.5,47.46,0.2,0.84,,,0.18,,33.36,52.1,0.37,311.46,0.0,0.0,612.9,738.65,0.72
2024-11-18 12:00:00,32.56,58.05,7.04,13.29,12.73,7.67,8.66,0.48,48.62,0.2,0.84,,,0.18,,33.45,50.94,0.48,41.87,0.0,0.0,620.0,734.65,0.72
2024-11-18 13:00:00,34.24,61.06,7.36,14.37,13.59,7.85,7.64,0.5,48.17,0.22,0.92,,,0.21,,33.43,50.1,1.09,183.95,0.0,0.0,640.2,730.98,0.72
2024-11-18 14:00:00,34.72,61.94,7.75,14.95,14.22,8.11,8.66,0.51,48.42,0.23,0.95,,,0.22,,33.44,50.19,0.4,199.19,0.0,0.0,552.33,728.57,0.72
2024-11-18 15:00:00,37.37,66.71,8.09,15.04,14.54,8.14,8.96,0.5,46.38,0.23,0.93,,,0.22,,33.23,51.43,0.46,327.56,0.0,0.0,317.95,727.42,0.72
2024-11-18 16:00:00,34.76,62.02,7.83,14.07,13.81,8.85,7.7,0.54,47.13,0.21,0.88,,,0.18,,32.64,54.9,0.39,220.9,0.0,0.0,95.14,728.65,0.72
2024-11-18 17:00:00,33.29,59.36,6.6,10.66,11.0,8.61,7.12,0.6,46.11,0.22,0.84,,,0.18,,32.0,58.44,0.34,158.27,0.0,0.0,20.68,729.82,0.72
2024-11-18 18:00:00,34.87,62.21,6.19,9.45,10.02,8.31,7.25,0.8,37.48,0.22,0.83,,,0.19,,31.08,66.43,0.39,233.58,0.0,0.0,3.14,732.81,0.72
2024-11-18 19:00:00,36.11,64.44,6.19,9.45,10.02,8.31,7.76,0.87,26.95,0.22,0.83,,,0.19,,30.55,68.03,0.75,261.47,0.0,0.0,3.14,735.98,0.72
2024-11-18 20:00:00,36.34,64.85,6.19,9.45,10.02,8.32,7.6,0.92,28.83,0.22,0.83,,,0.19,,30.45,60.9,0.11,167.22,0.0,0.0,3.14,739.21,0.72
2024-11-18 21:00:00,36.58,65.28,6.19,9.45,10.02,8.3,8.19,0.86,27.87,0.22,0.83,,,0.19,,29.64,65.97,1.66,343.84,0.0,0.0,3.14,741.46,0.72
2024-11-18 22:00:00,37.39,66.75,6.19,9.45,10.02,8.31,8.61,0.95,24.03,0.22,0.83,,,0.19,,28.81,70.56,0.85,255.04,0.0,0.0,3.14,741.47,0.72
2024-11-18 23:00:00,36.37,64.9,6.19,9.45,10.02,8.32,8.51,0.84,27.55,0.22,0.83,,,0.19,,28.38,69.81,0.65,285.3,0.0,0.0,3.14,741.31,0.72
2024-11-19 00:00:00,37.26,66.51,6.19,9.45,10.02,8.31,7.06,0.58,29.04,0.22,0.83,,,0.19,,28.16,73.75,0.83,208.42,0.0,0.0,3.14,740.3,0.72
2024-11-19 01:00:00,36.54,65.2,6.19,9.45,10.02,8.31,5.32,0.55,29.43,0.22,0.83,,,0.19,,27.98,77.88,0.69,263.3,0.0,0.0,3.14,738.76,0.72
2024-11-19 02:00:00,36.44,65.03,6.19,9.45,10.02,8.3,5.5,0.49,30.83,0.22,0.83,,,0.19,,27.75,80.25,0.82,260.25,0.0,0.0,3.14,737.07,0.72
2024-11-19 03:00:00,33.79,60.24,6.19,9.45,10.02,8.3,5.29,0.5,29.56,0.22,0.83,,,0.19,,27.63,81.13,0.78,104.79,0.0,0.0,3.14,736.93,0.72
2024-11-19 04:00:00,33.49,59.72,6.19,9.45,10.02,8.31,5.57,0.6,28.7,0.22,0.83,,,0.19,,27.36,83.84,0.71,240.85,0.0,0.0,3.14,736.77,0.72
2024-11-19 05:00:00,34.06,60.74,6.19,9.45,10.02,8.31,5.52,0.48,24.65,0.22,0.83,,,0.19,,27.15,85.06,0.77,117.04,0.0,0.0,3.14,738.96,0.72
2024-11-19 06:00:00,33.83,60.33,6.19,9.45,10.02,8.32,5.46,0.67,21.69,0.22,0.83,,,0.19,,27.15,85.33,0.94,248.04,0.0,0.0,3.14,741.9,0.72
2024-11-19 07:00:00,36.02,64.27,6.19,9.45,10.02,8.3,6.38,1.04,10.08,0.22,0.83,,,0.19,,28.32,80.0,1.64,218.5,0.0,0.0,3.14,744.9,0.72
2024-11-19 08:00:00,36.66,65.42,6.19,9.45,10.02,8.31,7.64,0.77,25.58,0.22,0.83,,,0.19,,30.63,64.78,1.11,154.84,0.0,0.0,3.14,746.94,0.72
2024-11-19 09:00:00,67.29,120.56,6.19,9.45,10.02,8.31,9.56,0.49,41.61,0.22,0.83,,,0.19,,32.19,56.8,1.47,102.84,0.0,0.0,3.14,747.35,0.72
2024-11-19 10:00:00,47.02,84.22,6.74,9.84,10.67,8.7,9.5,0.38,44.62,0.24,0.87,,,0.21,,33.02,47.3,0.63,262.53,0.0,0.0,313.7,745.79,0.72
2024-11-19 11:00:00,29.87,53.35,7.54,10.48,11.66,9.64,9.25,0.3,45.94,0.27,0.95,,,0.24,,33.04,45.08,0.29,179.4,0.0,0.0,687.84,742.78,0.72
2024-11-19 12:00:00,26.53,47.33,8.04,11.22,12.46,10.9,8.78,0.26,47.76,0.29,1.01,,,0.26,,33.32,43.34,0.54,291.77,0.0,0.0,676.62,739.42,0.72
2024-11-19 13:00:00,27.58,49.22,8.57,12.28,13.46,12.36,8.41,0.28,48.04,0.31,1.06,,,0.3,,33.78,41.75,0.53,142.34,0.0,0.0,668.3,735.36,0.72
2024-11-19 14:00:00,27.76,49.55,9.1,13.28,14.42,12.74,7.5,0.31,49.3,0.29,1.08,,,0.27,,33.82,42.57,0.54,264.89,0.0,0.0,579.71,732.76,0.72
2024-11-19 15:00:00,28.83,51.48,9.24,13.42,14.6,13.2,7.92,0.34,45.88,0.26,1.06,,,0.24,,33.53,44.5,1.22,341.42,0.0,0.0,406.16,730.3,0.72
2024-11-19 16:00:00,27.31,48.73,9.23,13.38,14.58,13.3,7.34,0.4,42.86,0.26,1.05,,,0.24,,32.73,48.74,1.23,334.16,0.0,0.0,369.14,730.55,0.72
2024-11-19 17:00:00,28.52,50.91,9.23,13.38,14.58,13.3,7.38,0.47,39.9,0.26,1.05,,,0.24,,31.45,59.48,1.21,336.1,0.0,0.0,369.14,731.97,0.72
2024-11-19 18:00:00,28.26,50.44,9.23,13.38,14.58,13.3,6.5,0.63,29.88,0.26,1.05,,,0.24,,30.37,65.84,1.65,351.02,0.0,0.0,369.14,734.0,0.72
2024-11-19 19:00:00,28.82,51.44,9.23,13.38,14.58,13.31,8.22,0.66,26.76,0.26,1.05,,,0.24,,29.68,69.64,1.52,253.88,0.0,0.0,369.14,736.76,0.73
2024-11-19 20:00:00,31.06,55.48,9.23,13.38,14.59,13.3,10.67,0.78,24.26,0.26,1.05,,,0.24,,29.07,70.82,0.79,300.62,0.0,0.0,369.14,738.4,0.73
2024-11-19 21:00:00,29.81,53.24,9.23,13.38,14.58,13.29,9.64,0.94,23.67,0.26,1.05,,,0.24,,28.77,71.36,0.96,296.18,0.0,0.0,369.14,739.98,0.73
2024-11-19 22:00:00,31.02,55.41,9.23,13.38,14.58,13.3,9.56,0.97,18.56,0.26,1.05,,,0.24,,28.4,70.09,1.14,320.4,0.0,0.0,369.14,739.98,0.73
2024-11-19 23:00:00,30.14,53.82,9.23,13.38,14.58,13.3,10.56,0.77,24.78,0.26,1.05,,,0.24,,28.35,69.93,1.36,314.14,0.0,0.0,369.14,738.68,0.73
2024-11-20 00:00:00,29.8,53.22,9.23,13.38,14.58,13.3,5.47,0.73,18.26,0.26,1.05,,,0.24,,27.81,74.39,0.84,286.65,0.0,0.0,369.14,737.66,0.73
2024-11-20 01:00:00,30.22,53.97,9.23,13.38,14.58,13.3,,0.6,19.98,0.26,1.05,,,0.24,,26.96,78.69,1.64,336.05,0.0,0.0,369.14,736.28,0.72
2024-11-20 02:00:00,27.73,49.5,9.23,13.38,14.58,13.3,,0.56,19.83,0.26,1.05,,,0.24,,26.78,79.64,1.47,338.53,0.0,0.0,369.14,734.98,0.72
2024-11-20 03:00:00,27.68,49.41,9.23,13.38,14.58,13.3,,0.59,21.81,0.26,1.05,,,0.24,,26.7,77.82,0.92,316.68,0.0,0.0,369.14,735.02,0.72
2024-11-20 04:00:00,28.78,51.39,9.23,13.38,14.58,13.3,,0.64,18.92,0.26,1.05,,,0.24,,26.57,82.02,1.57,267.12,0.0,0.0,369.14,735.42,0.72
2024-11-20 05:00:00,30.89,55.18,9.23,13.38,14.58,13.29,,0.72,13.87,0.26,1.05,,,0.24,,26.25,85.58,1.72,338.72,0.0,0.0,369.14,737.48,0.72
2024-11-20 06:00:00,29.31,52.33,9.23,13.38,14.58,13.31,,0.72,13.46,0.26,1.05,,,0.24,,26.37,84.99,1.84,265.54,0.0,0.0,369.14,740.26,0.72
2024-11-20 07:00:00,27.76,49.54,9.23,13.38,14.58,13.3,,0.82,16.9,0.26,1.05,,,0.24,,27.89,77.75,1.11,203.75,0.0,0.0,369.14,743.31,0.72
2024-11-20 08:00:00,88.05,158.07,9.23,13.38,14.57,13.3,,0.82,28.82,0.26,1.05,,,0.24,,29.93,66.87,1.64,339.64,0.0,0.0,369.14,745.5,0.72
2024-11-20 09:00:00,118.32,212.54,9.23,13.38,14.58,13.3,0.35,0.68,38.74,0.26,1.05,,,0.24,,31.74,57.03,0.36,202.48,0.0,0.0,369.14,746.12,0.72
2024-11-20 10:00:00,28.59,51.04,8.6,12.92,13.82,13.95,0.63,0.59,44.77,0.28,1.02,,,0.26,,32.6,51.48,0.17,236.81,0.0,0.0,537.1,743.98,0.72
2024-11-20 11:00:00,28.11,50.16,8.5,12.94,13.75,14.08,0.6,0.53,45.3,0.28,1.01,,,0.26,,32.74,45.68,0.32,283.98,0.0,0.0,663.93,740.39,0.72
2024-11-20 12:00:00,27.93,49.86,8.93,13.66,14.49,14.03,,0.5,48.75,0.26,1.04,,,0.24,,32.81,47.11,0.74,286.8,0.0,0.0,716.66,736.3,0.72
2024-11-20 13:00:00,27.81,49.64,8.84,13.7,14.43,14.55,,0.5,47.84,0.28,1.1,,,0.26,,33.31,44.72,0.33,225.51,0.0,0.0,667.86,731.84,0.72
2024-11-20 14:00:00,28.8,51.41,8.35,13.01,13.66,13.97,7.34,0.53,47.96,0.28,1.07,,,0.26,,33.18,43.91,0.31,199.65,0.0,0.0,455.08,729.43,0.72
2024-11-20 15:00:00,28.53,50.93,7.94,12.46,13.04,13.36,9.54,0.55,45.33,0.27,1.03,,,0.25,,33.06,44.85,0.46,292.66,0.0,0.0,266.31,728.84,0.72
2024-11-20 16:00:00,28.3,50.52,7.24,11.37,11.89,12.7,,0.55,45.39,0.24,0.95,,,0.21,,32.04,49.71,0.31,210.9,0.0,0.0,160.24,729.11,0.72
2024-11-20 17:00:00,28.61,51.07,7.22,11.34,11.86,12.68,,0.69,39.28,0.24,0.95,,,0.21,,31.12,57.98,0.4,241.59,0.0,0.0,58.02,730.94,0.72
2024-11-20 18:00:00,29.05,51.87,7.22,11.34,11.86,12.68,,0.86,27.65,0.24,0.95,,,0.21,,30.04,64.62,1.45,345.12,0.0,0.0,3.02,733.74,0.72
2024-11-20 19:00:00,31.06,55.5,7.22,11.34,11.86,12.68,,0.95,22.69,0.24,0.95,,,0.21,,29.45,66.37,1.24,198.44,0.0,0.0,3.02,737.03,0.72
2024-11-20 20:00:00,30.88,55.17,7.22,11.34,11.86,12.68,,1.16,17.14,0.24,0.95,,,0.21,,29.1,71.48,1.28,310.92,0.0,0.0,3.02,739.39,0.72
2024-11-20 21:00:00,29.8,53.22,7.22,11.34,11.86,12.68,0.4,1.35,10.76,0.24,0.95,,,0.21,,28.7,74.7,1.03,316.84,0.0,0.0,3.02,740.18,0.72
2024-11-20 22:00:00,29.54,52.75,7.22,11.34,11.86,12.68,0.61,0.99,17.46,0.24,0.95,,,0.21,,28.27,75.11,1.3,337.62,0.0,0.0,3.02,740.0,0.72
2024-11-20 23:00:00,28.78,51.38,7.22,11.34,11.86,12.68,1.15,0.81,21.57,0.24,0.95,,,0.21,,28.15,76.5,1.28,334.57,0.0,0.0,3.02,738.79,0.72
2024-11-21 00:00:00,29.07,51.91,7.22,11.34,11.86,12.68,1.66,0.52,21.34,0.24,0.95,,,0.21,,27.77,77.65,1.33,325.02,0.0,0.0,3.02,736.7,0.72
2024-11-21 01:00:00,29.16,52.08,7.22,11.34,11.86,12.68,,0.54,22.93,0.24,0.95,,,0.21,,27.73,78.62,1.44,311.67,0.0,0.0,3.02,734.58,0.72
2024-11-21 02:00:00,29.98,53.54,7.22,11.34,11.86,12.68,,0.6,17.84,0.24,0.95,,,0.21,,27.59,81.66,1.73,340.17,0.0,0.0,3.02,733.07,0.72
2024-11-21 03:00:00,29.44,52.57,7.22,11.34,11.86,12.68,,0.63,10.76,0.24,0.95,,,0.21,,27.06,86.13,1.7,341.94,0.0,0.0,3.02,732.65,0.72
2024-11-21 04:00:00,29.83,53.27,7.22,11.34,11.86,12.68,,0.61,10.36,0.24,0.95,,,0.21,,26.97,87.96,1.27,289.17,0.0,0.0,3.02,732.9,0.72
2024-11-21 05:00:00,28.98,51.74,7.22,11.34,11.85,12.68,,0.67,14.71,0.24,0.95,,,0.21,,26.78,89.73,1.12,312.62,0.0,0.0,3.02,733.87,0.72
2024-11-21 06:00:00,29.16,52.08,7.22,11.34,11.86,12.68,,0.97,7.5,0.24,0.95,,,0.21,,26.71,90.76,0.86,258.9,0.0,0.0,3.02,737.34,0.72
2024-11-21 07:00:00,30.87,55.14,7.22,11.34,11.86,12.68,,0.97,7.5,0.24,0.95,,,0.21,,28.01,83.78,1.31,259.67,0.0,0.0,3.02,740.39,0.72
2024-11-21 08:00:00,30.89,55.18,7.22,11.34,11.86,12.68,1.03,0.94,22.38,0.24,0.95,,,0.21,,30.02,70.48,1.11,332.33,0.0,0.0,3.02,742.91,0.72
2024-11-21 09:00:00,63.17,113.29,7.22,11.34,11.86,12.68,2.53,0.64,40.47,0.24,0.95,,,0.21,,31.69,59.44,0.4,324.62,0.0,0.0,3.02,743.44,0.72
2024-11-21 10:00:00,76.1,136.55,7.22,11.34,11.86,12.68,3.14,0.52,45.3,0.24,0.95,,,0.21,,32.15,48.69,0.25,256.54,0.0,0.0,3.02,741.76,0.72
2024-11-21 11:00:00,28.68,51.2,7.22,11.34,11.86,12.68,2.98,0.42,44.92,0.24,0.95,,,0.21,,32.54,45.7,0.22,237.6,0.0,0.0,3.02,739.1,0.72
2024-11-21 12:00:00,28.67,51.19,7.2,11.44,11.89,12.56,1.72,0.39,46.52,0.24,0.95,,,0.21,,32.67,45.87,0.21,241.83,0.0,0.0,60.52,735.76,0.72
2024-11-21 13:00:00,29.11,51.98,6.91,12.46,12.2,11.44,0.79,0.38,48.25,0.28,0.94,,,0.21,,32.85,46.01,0.28,184.85,0.0,0.0,623.31,732.46,0.72
2024-11-21 14:00:00,26.59,47.45,6.91,12.46,12.2,11.44,,0.31,53.98,0.28,0.94,,,0.21,,33.03,45.4,0.48,246.79,0.0,0.0,623.31,730.49,0.72
2024-11-21 15:00:00,35.46,63.42,6.4,7.09,8.97,14.1,4.14,0.18,59.79,0.28,0.94,,,0.21,,32.74,45.97,0.41,73.49,0.0,0.0,624.77,729.6,0.72
2024-11-21 16:00:00,38.38,68.67,5.0,9.12,8.91,15.01,1.21,0.22,79.24,0.28,0.94,,,0.21,,31.98,48.81,1.01,61.36,0.0,0.0,638.0,729.7,0.72
2024-11-21 17:00:00,26.89,47.98,5.0,11.8,10.34,14.86,,0.4,40.88,0.28,0.94,,,0.21,,30.91,53.72,1.95,54.38,0.0,0.0,879.13,731.23,0.72
2024-11-21 18:00:00,25.13,44.81,3.42,9.81,9.05,14.48,,0.41,25.42,0.28,0.94,,,0.21,,29.64,62.39,5.03,43.96,0.0,0.0,427.57,735.48,0.72
2024-11-21 19:00:00,30.42,54.33,4.0,15.25,11.36,14.53,,0.58,21.49,0.28,0.94,,,0.21,,29.06,67.88,4.16,118.58,0.0,0.0,5.3,737.57,0.72
2024-11-21 20:00:00,30.91,55.21,4.0,19.34,13.53,14.24,,1.05,10.14,0.28,0.94,,,0.21,,28.56,71.71,1.42,107.28,0.0,0.0,5.6,739.84,0.72
2024-11-21 21:00:00,31.98,57.15,4.0,15.49,11.48,14.51,,0.82,11.17,0.28,0.94,,,0.21,,27.94,73.2,2.12,171.13,0.0,0.0,5.64,740.09,0.72
2024-11-21 22:00:00,32.94,58.87,4.0,11.66,9.45,14.76,,0.55,13.16,0.28,0.94,,,0.21,,27.59,75.32,1.19,262.83,0.0,0.0,5.65,740.33,0.72
2024-11-21 23:00:00,32.58,58.23,4.0,10.51,8.84,14.84,,0.39,12.02,0.28,0.94,,,0.21,,27.48,78.13,2.06,96.1,0.0,0.0,5.78,739.88,0.72
2024-11-22 00:00:00,31.52,56.31,4.04,15.86,11.72,14.46,4.54,0.44,12.97,0.28,0.94,,,0.21,,27.84,79.87,1.8,116.84,0.0,0.0,5.79,737.99,0.72
2024-11-22 01:00:00,30.87,55.14,4.06,14.64,11.08,14.56,2.96,0.37,16.12,0.28,0.94,,,0.21,,27.19,82.55,2.11,105.6,0.0,0.0,5.7,736.32,0.72
2024-11-22 02:00:00,30.55,54.56,4.02,14.67,11.07,14.56,2.04,0.39,16.58,0.28,0.94,,,0.21,,27.19,82.89,2.01,305.11,0.0,0.0,5.68,733.61,0.72
2024-11-22 03:00:00,30.02,53.62,4.12,15.81,11.76,14.46,0.91,0.43,12.43,0.28,0.94,,,0.21,,26.83,86.37,3.7,115.35,0.0,0.0,5.75,733.0,0.72
2024-11-22 04:00:00,30.2,53.94,4.15,16.28,12.02,14.44,0.86,0.4,10.46,0.28,0.94,,,0.21,,26.58,89.12,3.56,102.64,0.0,0.0,5.7,733.04,0.72
2024-11-22 05:00:00,30.3,54.11,4.22,16.67,12.3,14.38,0.74,0.46,8.99,0.28,0.94,,,0.21,,26.47,89.99,4.39,20.57,0.0,0.0,5.7,734.89,0.72
2024-11-22 06:00:00,30.75,54.93,6.6,21.66,16.88,13.81,1.02,0.87,5.98,0.28,0.94,,,0.21,,26.6,89.64,2.17,293.88,0.0,0.0,13.54,737.25,0.72
2024-11-22 07:00:00,28.9,51.6,5.91,23.58,17.34,13.76,2.68,0.91,7.14,0.28,0.94,,,0.21,,27.44,84.58,3.66,47.3,0.0,0.0,69.51,739.95,0.72
2024-11-22 08:00:00,28.78,51.39,4.27,32.33,20.66,13.32,7.24,0.7,16.12,0.28,0.94,,,0.21,,29.74,70.26,1.09,67.03,0.0,0.0,215.39,742.06,0.72
2024-11-22 09:00:00,36.9,65.98,4.0,16.24,11.88,14.46,8.86,0.44,32.64,0.28,0.94,,,0.21,,31.41,61.22,1.35,95.37,0.0,0.0,338.68,742.84,0.72
2024-11-22 10:00:00,29.72,53.09,4.0,13.76,10.56,14.62,10.18,0.25,40.6,0.28,0.94,,,0.21,,32.59,51.38,2.34,75.56,0.0,0.0,428.55,740.2,0.72
2024-11-22 11:00:00,29.8,53.22,4.0,13.12,10.22,14.65,7.76,0.21,44.74,0.28,0.94,,,0.21,,32.97,46.76,1.68,49.77,0.0,0.0,271.42,737.22,0.72
2024-11-22 12:00:00,29.42,52.53,4.0,12.86,10.09,14.66,6.56,0.18,47.51,0.28,0.94,,,0.21,,33.32,46.26,0.7,152.55,0.0,0.0,395.67,732.91,0.72
2024-11-22 13:00:00,29.22,52.18,4.0,13.38,10.36,14.64,4.4,0.22,46.7,0.28,0.94,,,0.21,,33.69,45.13,1.63,271.9,0.0,0.0,452.9,728.96,0.72
2024-11-22 14:00:00,28.88,51.56,4.0,13.7,10.54,14.62,4.19,0.22,49.37,0.28,0.94,,,0.21,,33.96,43.52,1.26,323.55,0.0,0.0,311.03,726.33,0.72
2024-11-22 15:00:00,29.8,53.2,4.0,13.63,10.5,14.62,3.56,0.28,51.7,0.28,0.94,,,0.21,,33.91,43.63,2.61,181.4,0.0,0.0,158.28,725.97,0.72
2024-11-22 16:00:00,29.16,52.07,4.0,14.99,11.22,14.53,2.28,0.36,53.73,0.28,0.94,,,0.21,,33.28,46.55,1.03,217.58,0.0,0.0,49.03,726.45,0.72
2024-11-22 17:00:00,30.88,55.16,4.0,16.01,11.76,14.46,2.08,0.55,43.32,0.28,0.94,,,0.21,,32.46,56.6,3.24,119.02,0.0,0.0,10.44,728.59,0.72
2024-11-22 18:00:00,31.12,55.6,4.01,18.96,13.34,14.26,1.32,0.62,27.93,0.28,0.94,,,0.21,,31.14,66.57,0.9,125.56,0.0,0.0,5.92,731.86,0.72
2024-11-22 19:00:00,30.89,55.17,4.0,19.2,13.46,14.23,1.5,0.63,22.86,0.28,0.94,,,0.21,,30.3,70.59,0.82,98.69,0.0,0.0,5.71,734.78,0.72
2024-11-22 20:00:00,30.63,54.71,4.05,21.27,14.6,14.08,1.68,0.81,17.4,0.28,0.94,,,0.21,,29.95,75.36,1.42,333.32,0.0,0.0,5.7,738.23,0.72
2024-11-22 21:00:00,32.09,57.35,4.18,20.45,14.27,14.14,3.44,0.77,11.0,0.28,0.94,,,0.21,,29.17,78.81,0.9,285.4,0.0,0.0,5.72,740.5,0.72
2024-11-22 22:00:00,31.37,56.05,4.05,18.89,13.33,14.26,3.33,0.55,14.17,0.28,0.94,,,0.21,,27.98,77.6,1.81,266.56,0.0,0.0,5.66,740.93,0.72
2024-11-22 23:00:00,29.07,51.9,4.0,14.98,11.21,14.54,4.02,0.4,21.47,0.28,0.94,,,0.21,,27.84,75.55,2.48,19.4,0.0,0.0,5.76,739.51,0.72
2024-11-23 00:00:00,30.59,54.64,4.06,16.12,11.86,14.45,5.96,0.49,17.22,0.28,0.94,,,0.21,,27.67,78.79,2.35,229.31,0.0,0.0,5.74,736.86,0.72
2024-11-23 01:00:00,29.78,53.19,4.11,16.34,12.02,14.42,4.36,0.63,14.98,0.28,0.94,,,0.21,,27.69,81.78,1.12,224.8,0.0,0.0,5.75,735.26,0.72
2024-11-23 02:00:00,31.53,56.33,4.12,16.03,11.87,14.44,5.32,0.67,11.54,0.28,0.94,,,0.21,,27.25,86.02,2.31,170.43,0.0,0.0,5.83,734.02,0.72
2024-11-23 03:00:00,30.25,54.03,4.21,17.48,12.71,14.33,5.38,0.56,9.54,0.28,0.94,,,0.21,,27.17,88.38,1.06,258.48,0.0,0.0,5.69,733.64,0.72
2024-11-23 04:00:00,30.6,54.66,4.12,15.36,11.51,14.48,6.5,0.52,10.42,0.28,0.94,,,0.21,,26.9,89.8,2.04,235.6,0.0,0.0,5.78,734.82,0.72
2024-11-23 05:00:00,29.9,53.41,4.79,19.7,14.37,14.13,5.43,0.66,7.42,0.28,0.94,,,0.21,,26.7,89.74,1.26,263.19,0.0,0.0,5.77,737.49,0.72
2024-11-23 06:00:00,29.88,53.36,5.2,19.27,14.47,14.11,7.19,0.7,6.99,0.28,0.94,,,0.21,,26.62,90.38,1.2,268.49,0.0,0.0,15.84,740.7,0.72
2024-11-23 07:00:00,30.08,53.72,5.4,20.05,15.06,14.03,6.48,0.83,6.23,0.28,0.94,,,0.21,,27.73,85.2,1.78,104.87,0.0,0.0,78.6,743.01,0.72
2024-11-23 08:00:00,31.2,55.73,4.42,18.24,13.28,14.26,8.45,0.72,14.1,0.28,0.94,,,0.21,,30.18,75.0,0.74,34.64,0.0,0.0,209.84,745.66,0.72
2024-11-23 09:00:00,30.82,55.04,4.01,14.44,10.93,14.57,9.91,0.52,43.8,0.28,0.94,,,0.21,,31.83,66.12,2.7,36.7,0.0,0.0,341.8,747.08,0.72
2024-11-23 10:00:00,31.28,55.87,4.0,13.3,10.32,14.63,11.77,0.47,62.42,0.28,0.94,,,0.21,,32.6,58.53,1.9,64.06,0.0,0.0,343.98,745.52,0.72
2024-11-23 11:00:00,30.43,54.34,4.0,14.15,10.77,14.57,11.51,0.44,48.42,0.28,0.94,,,0.21,,33.23,52.08,2.56,148.82,0.0,0.0,165.42,736.32,0.72
2024-11-23 12:00:00,,,,,,,,,,,,,,,,,,,,,0.0,,,
2024-11-23 13:00:00,,,,,,,,,,,,,,,,,,,,,0.0,,,
2024-11-23 14:00:00,,,,,,,,,,,,,,,,,,,,,0.0,,,
2024-11-23 15:00:00,,,,,,,,,,,,,,,,,,,,,0.0,,,
2024-11-23 16:00:00,29.52,52.72,,,,,,0.43,37.34,0.28,0.94,,,0.21,,33.05,52.04,2.08,246.14,0.0,0.0,38.24,729.78,0.72
2024-11-23 17:00:00,29.4,52.5,,,,,,0.51,25.48,0.28,0.94,,,0.21,,32.06,58.32,3.69,129.82,0.0,0.0,10.5,732.22,0.72
2024-11-23 18:00:00,28.74,51.32,,,,,,0.55,32.89,0.28,0.94,,,0.21,,31.22,61.5,1.93,261.28,0.0,0.0,5.93,735.88,0.72
2024-11-23 19:00:00,28.94,51.67,,,,,,0.7,34.46,0.28,0.94,,,0.21,,30.7,62.8,2.38,49.34,0.0,0.0,5.68,738.08,0.72
2024-11-23 20:00:00,29.57,52.8,,,,,,0.73,23.9,0.28,0.94,,,0.21,,30.1,68.04,2.04,121.42,0.0,0.0,5.98,739.85,0.72
2024-11-23 21:00:00,29.2,52.14,,,,,,0.67,18.42,0.28,0.94,,,0.21,,29.32,72.92,1.46,202.63,0.0,0.0,5.87,740.02,0.74
2024-11-23 22:00:00,31.1,55.56,,,,,,0.9,17.66,0.28,0.94,,,0.21,,28.9,71.88,1.17,257.82,0.0,0.0,5.75,739.92,0.74
2024-11-23 23:00:00,32.0,57.19,,,,,,0.54,19.23,0.28,0.94,,,0.21,,28.69,73.64,1.28,193.99,0.0,0.0,5.92,739.09,0.74
2024-11-24 00:00:00,31.14,55.62,,,,,,0.44,20.03,0.28,0.94,,,0.21,,28.2,74.53,1.85,195.14,0.0,0.0,5.78,738.0,0.74
2024-11-24 01:00:00,30.47,54.42,,,,,,0.36,25.79,0.28,0.94,,,0.21,,28.35,71.32,0.86,250.89,0.0,0.0,5.81,736.89,0.74
2024-11-24 02:00:00,29.72,53.07,,,,,,0.36,23.5,0.28,0.94,,,0.21,,28.14,73.34,1.08,203.94,0.0,0.0,5.84,734.96,0.74
2024-11-24 03:00:00,29.26,52.24,,,,,,0.34,22.43,0.28,0.94,,,0.21,,27.78,77.0,1.54,165.34,0.0,0.0,5.83,734.57,0.74
2024-11-24 04:00:00,29.25,52.22,,,,,,0.51,14.65,0.28,0.94,,,0.21,,27.48,81.72,1.44,230.33,0.0,0.0,5.84,735.32,0.74
2024-11-24 05:00:00,30.84,55.08,,,,,,0.73,8.68,0.28,0.94,,,0.21,,27.35,84.68,1.08,266.74,0.0,0.0,5.78,737.94,0.74
2024-11-24 06:00:00,30.88,55.15,,,,,,0.93,6.62,0.28,0.94,,,0.21,,27.21,83.98,0.91,236.53,0.0,0.0,14.53,740.68,0.74
2024-11-24 07:00:00,24.65,43.95,,,,,,0.29,39.49,0.28,0.94,,,0.21,,33.91,47.21,2.3,102.21,0.0,0.0,332.93,735.25,0.74
2024-11-24 08:00:00,31.28,55.87,,,,,,0.24,48.0,0.28,0.94,,,0.21,,34.13,44.9,2.84,49.58,0.0,0.0,292.35,732.37,0.74
2024-11-24 09:00:00,30.04,53.64,,,,,,0.26,46.12,0.28,0.94,,,0.21,,34.64,42.94,0.74,249.69,0.0,0.0,253.84,730.41,0.74
2024-11-24 10:00:00,30.65,54.75,,,,,,0.26,43.75,0.28,0.94,,,0.21,,33.92,45.67,2.56,273.21,0.0,0.0,97.64,730.0,0.74
2024-11-24 11:00:00,30.22,53.97,,,,,,0.59,36.89,0.28,0.94,,,0.21,,32.84,51.62,1.61,44.01,0.0,0.0,21.84,731.3,0.74
2024-11-24 12:00:00,32.06,57.29,,,,,,0.7,29.12,0.28,0.94,,,0.21,,31.53,64.29,3.18,37.16,0.0,0.0,6.1,734.98,0.74
2024-11-24 13:00:00,32.71,58.44,,,,,,0.64,30.02,0.28,0.94,,,0.21,,30.87,66.98,3.3,41.64,0.0,0.0,5.72,737.73,0.74
2024-11-24 14:00:00,31.96,57.11,,,,,,0.8,27.74,0.28,0.94,,,0.21,,30.61,66.79,3.83,38.39,0.0,0.0,5.66,739.6,0.74
2024-11-24 15:00:00,31.79,56.8,,,,,,0.88,24.62,0.28,0.94,,,0.21,,30.14,68.32,2.45,85.44,0.0,0.0,5.89,740.3,0.74
2024-11-24 16:00:00,31.8,56.82,,,,,,0.68,23.06,0.28,0.94,,,0.21,,29.45,72.26,1.42,67.24,0.0,0.0,5.83,740.89,0.74
2024-11-24 17:00:00,31.51,56.3,,,,,,0.54,21.34,0.28,0.94,,,0.21,,28.66,76.34,3.98,28.62,0.0,0.0,5.93,740.43,0.74
2024-11-24 18:00:00,32.0,57.16,,,,,,0.48,20.94,0.28,0.94,,,0.21,,28.16,78.32,3.32,45.11,0.0,0.0,5.62,738.43,0.74
2024-11-24 19:00:00,31.46,56.21,,,,,,0.48,21.45,0.28,0.94,,,0.21,,28.32,77.78,3.81,24.62,0.0,0.0,5.82,737.02,0.72
2024-11-24 20:00:00,31.54,56.36,,,,,,0.45,18.85,0.28,0.94,,,0.21,,28.09,79.11,2.76,26.06,0.0,0.0,5.76,735.04,0.72
2024-11-24 21:00:00,31.16,55.66,,,,,,0.37,22.23,0.28,0.94,,,0.21,,27.94,81.31,3.62,103.91,0.0,0.0,5.77,733.35,0.73
2024-11-24 22:00:00,31.09,55.54,,,,,,0.48,18.32,0.28,0.94,,,0.21,,27.89,81.74,2.5,171.16,0.0,0.0,5.75,732.99,0.73
2024-11-24 23:00:00,32.19,57.52,,,,,,0.56,13.1,0.28,0.94,,,0.21,,27.58,86.27,3.58,104.62,0.0,0.0,5.85,733.01,0.73
2024-11-25 00:00:00,31.71,56.66,,,,,1.69,0.72,8.34,0.28,0.94,,,0.21,,27.4,85.07,3.11,295.29,0.0,0.0,6.51,735.48,0.73
2024-11-25 01:00:00,32.04,57.24,,,,,1.12,1.13,8.31,0.28,0.94,,,0.21,,27.74,82.18,2.57,263.65,0.0,0.0,29.9,739.1,0.73
2024-11-25 02:00:00,32.01,57.2,6.36,9.04,9.67,11.6,4.0,1.46,7.82,0.28,0.94,,,0.21,,28.7,80.15,2.88,299.34,0.0,0.0,56.97,741.12,0.72
2024-11-25 03:00:00,,,,,,,,,,,,,,,,,,,,,0.0,,,
2024-11-25 04:00:00,,,,,,,,,,,,,,,,,,,,,0.0,,,
2024-11-25 05:00:00,,,,,,,,,,,,,,,,,,,,,0.0,,,
2024-11-25 06:00:00,,,,,,,,,,,,,,,,,,,,,0.0,,,
2024-11-25 07:00:00,,,,,,,,,,,,,,,,,,,,,0.0,,,
2024-11-25 08:00:00,23.1,41.15,5.58,8.84,9.2,12.36,4.58,1.32,9.03,0.28,0.94,,,0.21,,29.42,75.53,1.32,39.82,0.0,0.0,81.94,743.25,0.72
2024-11-25 09:00:00,32.04,57.24,5.58,8.84,9.2,12.36,7.11,0.86,17.56,0.28,0.94,,,0.21,,30.74,64.76,2.18,101.74,0.0,0.0,304.95,744.0,0.72
2024-11-25 10:00:00,31.03,55.43,5.58,8.84,9.2,12.36,6.4,0.55,28.4,0.28,0.94,,,0.21,,32.51,55.75,2.24,60.12,0.0,0.0,328.45,742.5,0.72
2024-11-25 11:00:00,30.26,54.04,5.58,8.84,9.2,12.36,1.84,0.48,35.74,0.28,0.94,,,0.21,,32.74,51.63,2.12,157.57,0.0,0.0,207.47,739.56,0.72
2024-11-25 12:00:00,29.2,52.14,6.03,9.39,9.86,13.02,,0.47,39.71,0.27,0.97,,,0.24,,33.26,49.66,0.86,75.62,0.0,0.0,344.83,735.9,0.72
2024-11-25 13:00:00,29.68,53.0,7.22,10.07,11.18,13.92,,0.45,39.12,0.24,0.91,,,0.24,,34.1,48.73,1.6,127.54,0.0,0.0,293.74,732.0,0.73
2024-11-25 14:00:00,28.78,51.38,7.47,10.14,11.42,14.28,,0.44,39.59,0.24,0.88,,,0.23,,33.91,49.36,0.87,132.8,0.0,0.0,216.29,729.62,0.73
2024-11-25 15:00:00,29.58,52.82,6.93,9.66,10.73,15.24,,0.44,39.85,0.24,0.88,,,0.23,,33.52,52.72,3.04,96.51,0.0,0.0,91.26,729.0,0.72
2024-11-25 16:00:00,29.77,53.16,6.94,9.66,10.73,15.24,,0.48,37.84,0.24,0.88,,,0.23,,33.24,53.93,0.9,130.38,0.0,0.0,60.82,729.81,0.72
2024-11-25 17:00:00,29.26,52.25,6.93,9.66,10.73,15.23,,0.58,33.65,0.24,0.88,,,0.23,,32.17,60.35,3.84,44.96,0.0,0.0,11.89,732.19,0.72
2024-11-25 18:00:00,29.81,53.24,6.93,9.66,10.73,15.24,,0.86,21.98,0.24,0.88,,,0.23,,31.16,67.38,3.96,21.91,0.0,0.0,5.81,735.21,0.72
2024-11-25 19:00:00,30.12,53.79,6.93,9.66,10.73,15.24,,0.94,16.07,0.24,0.88,,,0.23,,30.6,71.96,1.86,263.17,0.0,0.0,5.88,738.44,0.72
2024-11-25 20:00:00,32.58,58.21,6.93,9.66,10.73,15.24,,0.84,14.7,0.24,0.88,,,0.23,,30.06,73.66,3.28,121.23,0.0,0.0,5.76,740.24,0.72
2024-11-25 21:00:00,31.3,55.91,6.93,9.66,10.73,15.24,,0.77,16.35,0.24,0.88,,,0.23,,29.72,73.95,3.14,67.27,0.0,0.0,5.74,740.89,0.72
2024-11-25 22:00:00,31.43,56.15,6.93,9.66,10.73,15.24,,0.74,19.22,0.24,0.88,,,0.23,,29.41,75.18,2.88,80.47,0.0,0.0,5.76,740.04,0.72
2024-11-25 23:00:00,30.87,55.14,6.94,9.66,10.73,15.24,,0.72,23.23,0.24,0.88,,,0.23,,29.07,77.14,2.49,48.22,0.0,0.0,5.76,738.44,0.72
2024-11-26 00:00:00,30.14,53.83,6.93,9.66,10.73,15.24,5.09,0.49,24.93,0.24,0.88,,,0.23,,28.76,78.83,4.2,261.0,0.0,0.0,5.77,736.0,0.73
2024-11-26 01:00:00,31.42,56.13,6.93,9.66,10.73,15.24,4.46,0.52,26.32,0.24,0.88,,,0.23,,28.69,78.79,2.31,119.87,0.0,0.0,5.72,733.79,0.72
2024-11-26 02:00:00,30.94,55.27,6.93,9.66,10.73,15.24,3.78,0.53,28.04,0.24,0.88,,,0.23,,28.72,76.88,3.64,39.45,0.0,0.0,5.77,731.85,0.72
2024-11-26 03:00:00,31.92,57.04,6.93,9.66,10.73,15.24,3.64,0.51,27.69,0.24,0.88,,,0.23,,28.78,74.51,3.42,113.36,0.0,0.0,5.8,730.54,0.72
2024-11-26 04:00:00,30.84,55.09,6.93,9.66,10.73,15.24,2.56,0.51,29.33,0.24,0.88,,,0.23,,28.68,74.68,4.31,197.84,0.0,0.0,6.07,730.18,0.72
2024-11-26 05:00:00,31.44,56.18,6.93,9.66,10.73,15.24,2.37,0.6,19.46,0.24,0.88,,,0.23,,28.48,76.42,2.04,96.84,0.0,0.0,5.84,731.58,0.72
2024-11-26 06:00:00,31.16,55.68,6.93,9.66,10.73,15.24,1.93,0.65,21.72,0.24,0.88,,,0.23,,28.79,74.9,2.98,185.28,0.0,0.0,11.98,734.83,0.72
2024-11-26 07:00:00,32.12,57.4,6.94,9.66,10.73,15.23,1.78,0.64,22.33,0.24,0.88,,,0.23,,29.84,67.63,1.82,115.63,0.0,0.0,90.65,737.19,0.73
2024-11-26 08:00:00,25.04,44.66,6.94,9.66,10.73,15.24,2.53,0.66,22.99,0.24,0.88,,,0.23,,31.42,58.56,2.9,55.24,0.0,0.0,191.15,739.56,0.73
2024-11-26 09:00:00,32.63,58.32,7.34,10.82,11.68,13.25,2.88,0.55,35.22,0.26,0.93,,,0.24,,31.46,57.31,3.42,69.31,0.0,0.0,154.44,741.73,0.73
2024-11-26 10:00:00,32.67,58.39,7.95,12.12,12.88,12.96,2.76,0.48,36.98,0.26,0.98,,,0.24,,32.36,53.11,2.56,24.24,0.0,0.0,256.31,740.46,0.72
2024-11-26 11:00:00,36.72,65.68,8.13,12.44,13.19,13.27,8.52,0.36,59.86,0.25,0.99,,,0.23,,33.3,49.56,2.32,42.01,0.0,0.0,240.46,736.37,0.72
2024-11-26 12:00:00,,,,,,,,,,,,,,,,,,,,,0.0,,,
2024-11-26 13:00:00,45.06,80.69,5.21,10.56,9.84,14.43,4.38,0.24,68.68,0.25,0.99,,,0.23,,33.95,47.99,3.49,40.73,0.0,0.0,193.88,728.29,0.72
2024-11-26 14:00:00,26.78,47.78,4.0,10.26,8.7,14.87,,0.16,45.47,0.24,1.05,,,0.22,,34.11,49.88,2.94,83.14,0.0,0.0,193.7,725.42,0.72
2024-11-26 15:00:00,25.28,45.09,4.0,11.14,9.17,14.8,,0.11,36.23,0.22,1.04,,,0.2,,33.97,52.09,3.26,100.9,0.0,0.0,110.7,724.33,0.74
2024-11-26 16:00:00,28.94,51.67,4.0,12.22,9.75,14.74,,0.17,35.58,0.2,0.96,,,0.18,,33.28,54.97,3.86,90.64,0.0,0.0,39.78,725.09,0.74
2024-11-26 17:00:00,29.82,53.24,4.0,14.23,10.82,14.58,0.12,0.38,38.97,0.19,0.94,,,0.17,,32.38,60.95,4.27,75.34,0.0,0.0,8.89,727.48,0.74
2024-11-26 18:00:00,32.31,57.73,4.0,17.48,12.54,14.36,2.2,0.58,32.18,0.19,0.94,,,0.17,,31.24,68.06,3.51,39.92,0.0,0.0,5.63,730.79,0.74
2024-11-26 19:00:00,36.44,65.18,4.0,16.35,11.94,14.44,3.86,0.59,29.95,0.19,0.94,,,0.17,,30.88,68.06,5.21,55.44,0.0,0.0,5.54,734.19,0.74
2024-11-26 20:00:00,34.88,62.36,4.0,16.28,11.91,14.45,5.08,0.61,31.57,0.19,0.94,,,0.17,,30.57,68.68,4.98,64.16,0.0,0.0,5.48,736.79,0.74
2024-11-26 21:00:00,32.65,58.34,4.0,14.81,11.12,14.53,4.3,0.59,33.92,0.19,0.94,,,0.17,,30.22,70.05,4.78,50.7,0.0,0.0,5.61,738.32,0.74
2024-11-26 22:00:00,34.62,61.9,4.0,13.66,10.51,14.62,4.22,0.5,31.62,0.19,0.94,,,0.17,,30.11,71.32,5.39,52.14,0.0,0.0,5.72,738.16,0.74
2024-11-26 23:00:00,35.48,63.46,4.0,13.68,10.52,14.61,3.94,0.43,27.67,0.19,0.94,,,0.17,,29.73,72.52,5.58,50.8,0.0,0.0,5.64,736.62,0.74
2024-11-27 00:00:00,32.69,58.41,4.12,17.35,12.58,14.36,18.53,0.52,28.76,0.19,0.94,,,0.17,,29.27,73.19,4.64,62.39,0.0,0.0,5.48,733.6,0.74
2024-11-27 01:00:00,30.33,54.18,4.12,16.82,12.3,14.39,16.8,0.44,29.48,0.19,0.94,,,0.17,,28.9,72.54,5.03,40.5,0.0,0.0,5.44,730.8,0.74
2024-11-27 02:00:00,30.34,54.18,4.1,16.68,12.2,14.42,16.32,0.38,29.91,0.19,0.94,,,0.17,,28.77,68.78,4.97,31.07,0.0,0.0,5.38,728.14,0.74
2024-11-27 03:00:00,29.68,53.01,4.1,16.89,12.3,14.39,15.88,0.37,30.85,0.19,0.94,,,0.17,,28.68,67.0,4.72,33.9,0.0,0.0,5.39,726.96,0.74
2024-11-27 04:00:00,28.44,50.78,4.08,16.46,12.07,14.42,15.35,0.37,34.92,0.19,0.94,,,0.17,,28.78,65.93,4.19,43.03,0.0,0.0,5.46,728.08,0.74
2024-11-27 05:00:00,27.63,49.31,4.06,16.72,12.19,14.4,15.03,0.38,35.06,0.19,0.94,,,0.17,,28.64,67.03,4.35,30.72,0.0,0.0,5.44,729.36,0.74
2024-11-27 06:00:00,29.84,53.3,4.07,16.83,12.25,14.4,14.32,0.41,36.96,0.19,0.94,,,0.17,,28.9,65.61,3.63,58.49,0.0,0.0,16.37,732.24,0.74
2024-11-27 07:00:00,29.34,52.38,4.04,17.73,12.71,14.36,13.96,0.44,35.42,0.19,0.94,,,0.17,,29.65,62.23,3.77,36.86,0.0,0.0,81.94,734.77,0.74
2024-11-27 08:00:00,29.48,52.64,4.05,18.18,12.95,14.3,13.92,0.52,37.74,0.19,0.94,,,0.17,,30.46,54.73,3.5,50.78,0.0,0.0,149.0,737.24,0.74
2024-11-27 09:00:00,29.56,52.8,4.02,17.84,12.75,14.34,14.96,0.49,49.68,0.19,0.94,,,0.17,,32.2,46.36,3.91,65.03,0.0,0.0,383.12,737.24,0.73
2024-11-27 10:00:00,52.18,93.49,4.05,16.54,12.08,14.4,13.7,0.46,46.56,0.19,0.94,,,0.17,,32.17,47.46,2.28,114.5,0.0,0.0,295.04,734.62,0.72
2024-11-27 11:00:00,34.76,62.14,4.0,16.25,11.89,14.43,15.59,0.36,43.3,0.19,0.94,,,0.17,,33.39,44.16,1.4,103.85,0.0,0.0,187.17,731.7,0.72
2024-11-27 12:00:00,29.3,52.31,4.01,15.52,11.51,14.48,15.1,0.34,43.29,0.19,0.94,,,0.17,,33.69,42.85,0.49,168.11,0.0,0.0,279.68,728.1,0.72
2024-11-27 13:00:00,29.58,52.82,4.0,14.88,11.16,14.53,13.52,0.31,44.22,0.19,0.94,,,0.17,,34.12,41.89,1.25,109.66,0.0,0.0,449.73,723.9,0.73
2024-11-27 14:00:00,28.86,51.52,4.0,14.54,10.98,14.56,12.26,0.28,45.59,0.22,0.98,,,0.2,,34.29,39.3,0.76,124.36,0.0,0.0,313.32,722.07,0.74
2024-11-27 15:00:00,28.1,50.17,4.0,14.46,10.94,14.56,11.36,0.24,45.81,0.23,1.0,,,0.21,,34.24,39.24,0.68,73.49,0.0,0.0,182.26,721.28,0.74
2024-11-27 16:00:00,29.1,51.96,4.0,15.55,11.51,14.48,10.96,0.26,44.3,0.23,1.0,,,0.21,,33.48,39.61,0.87,183.09,0.0,0.0,60.89,722.44,0.74
2024-11-27 17:00:00,28.52,50.9,4.0,15.98,11.75,14.47,10.2,0.32,39.75,0.23,1.0,,,0.21,,32.08,44.98,0.78,231.74,0.0,0.0,10.51,724.12,0.74
2024-11-27 18:00:00,28.76,51.36,4.0,17.49,12.55,14.36,8.86,0.45,34.36,0.23,1.0,,,0.21,,30.88,49.61,0.49,104.88,0.0,0.0,5.7,726.46,0.74
2024-11-27 19:00:00,28.08,50.12,4.03,20.38,14.1,14.16,9.61,0.6,25.84,0.23,1.0,,,0.21,,30.16,53.29,1.37,331.51,0.0,0.0,5.72,729.87,0.74
2024-11-27 20:00:00,30.99,55.36,4.01,22.51,15.23,13.99,10.66,0.68,22.3,0.23,1.0,,,0.21,,29.72,52.8,0.82,163.66,0.0,0.0,5.58,732.5,0.74
2024-11-27 21:00:00,30.58,54.63,4.03,20.39,14.11,14.14,10.21,0.57,22.86,0.23,1.0,,,0.21,,29.11,56.28,1.32,332.82,0.0,0.0,5.84,733.42,0.74
2024-11-27 22:00:00,28.57,51.01,4.01,22.65,15.31,14.0,9.59,0.53,18.98,0.23,1.0,,,0.21,,28.96,56.48,1.11,187.1,0.0,0.0,5.68,732.67,0.73
2024-11-27 23:00:00,29.7,53.04,4.01,21.23,14.55,14.09,9.12,0.54,21.82,0.23,1.0,,,0.21,,28.66,60.65,1.0,301.54,0.0,0.0,5.76,730.86,0.74
2024-11-28 00:00:00,29.68,53.01,4.14,19.05,13.49,14.21,16.22,0.49,22.68,0.23,1.0,,,0.21,,28.4,62.15,1.28,310.74,0.0,0.0,5.72,728.82,0.74
2024-11-28 01:00:00,27.83,49.67,4.12,16.07,11.89,14.44,14.6,0.4,27.59,0.23,1.0,,,0.21,,28.06,64.1,1.09,183.72,0.0,0.0,5.74,727.01,0.73
2024-11-28 02:00:00,30.88,55.17,4.15,15.69,11.71,14.46,15.96,0.4,23.04,0.23,1.0,,,0.21,,27.7,69.75,0.69,187.68,0.0,0.0,5.64,726.0,0.74
2024-11-28 03:00:00,29.05,51.87,4.14,15.85,11.78,14.44,15.3,0.39,24.25,0.23,1.0,,,0.21,,27.38,67.52,1.14,328.72,0.0,0.0,5.62,725.43,0.73
2024-11-28 04:00:00,28.99,51.75,4.14,16.49,12.13,14.4,16.38,0.43,25.04,0.23,1.0,,,0.21,,27.1,67.12,0.82,325.76,0.0,0.0,5.72,725.33,0.74
2024-11-28 05:00:00,30.73,54.9,4.13,18.85,13.38,14.24,16.08,0.5,21.72,0.23,1.0,,,0.21,,26.74,67.88,0.88,259.56,0.0,0.0,5.7,726.2,0.74
2024-11-28 06:00:00,28.63,51.11,4.14,18.88,13.41,14.24,16.42,0.53,22.09,0.23,1.0,,,0.21,,26.48,69.95,0.61,205.49,0.0,0.0,11.54,729.06,0.74
2024-11-28 07:00:00,28.37,50.65,4.28,21.38,14.84,14.06,16.24,0.66,17.48,0.23,1.0,,,0.21,,27.11,68.12,1.08,184.62,0.0,0.0,56.72,732.5,0.74
2024-11-28 08:00:00,30.52,54.52,4.26,22.12,15.22,14.0,16.81,0.76,21.91,0.23,1.0,,,0.21,,29.32,56.98,0.57,245.14,0.0,0.0,227.73,735.05,0.74
2024-11-28 09:00:00,28.15,50.25,4.13,20.64,14.32,14.11,18.85,0.6,30.3,0.25,1.04,,,0.22,,30.73,50.13,1.11,317.18,0.0,0.0,361.18,735.92,0.74
2024-11-28 10:00:00,29.28,52.28,4.11,17.73,12.76,14.33,21.37,0.5,38.22,0.28,1.1,,,0.26,,31.92,46.14,0.84,177.2,0.0,0.0,408.25,735.21,0.74
2024-11-28 11:00:00,29.12,51.99,4.09,16.62,12.15,14.4,20.8,0.46,42.15,0.27,1.03,,,0.24,,32.87,40.76,0.56,283.35,0.0,0.0,124.1,731.67,0.74
2024-11-28 12:00:00,28.8,51.42,4.09,14.89,11.24,14.52,19.18,0.37,45.82,0.25,1.06,,,0.22,,32.89,34.5,0.74,324.33,0.0,0.0,294.67,727.08,0.74
2024-11-28 13:00:00,28.48,50.84,4.07,15.59,11.59,14.48,19.41,0.36,46.5,0.22,1.03,,,0.19,,32.53,37.29,1.15,245.3,0.0,0.0,480.74,722.79,0.74
2024-11-28 14:00:00,28.49,50.87,4.06,15.11,11.34,14.51,19.47,0.36,49.55,0.26,1.08,,,0.16,,32.5,39.44,0.94,324.8,0.0,0.0,237.16,720.64,0.74
2024-11-28 15:00:00,27.6,49.26,4.07,15.74,11.68,14.46,18.82,0.38,50.76,0.25,1.07,,,0.17,,31.97,41.85,1.5,325.94,0.0,0.0,126.69,719.22,0.74
2024-11-28 16:00:00,29.06,51.9,4.04,19.71,13.76,14.19,19.13,0.48,41.24,0.24,1.03,,,0.19,,31.32,44.67,1.62,329.97,0.0,0.0,47.41,721.18,0.73
2024-11-28 17:00:00,28.64,51.13,4.05,22.96,15.5,13.98,18.84,0.54,13.52,0.24,0.97,,,0.21,,30.0,50.19,2.46,186.95,0.0,0.0,9.21,723.45,0.74
2024-11-28 18:00:00,28.5,50.88,4.19,26.38,17.43,13.72,18.7,0.68,19.88,0.25,0.96,,,0.21,,29.77,53.13,3.66,46.76,0.0,0.0,5.44,724.9,0.74
2024-11-28 19:00:00,28.65,51.14,4.16,21.28,14.7,14.1,19.67,0.67,32.23,0.25,0.96,,,0.21,,29.88,53.82,1.14,324.56,0.0,0.0,5.6,727.32,0.74
2024-11-28 20:00:00,29.51,52.69,4.06,17.07,12.38,14.39,21.08,0.48,38.86,0.25,0.96,,,0.21,,30.31,50.85,0.57,108.97,0.0,0.0,5.84,729.26,0.74
2024-11-28 21:00:00,29.46,52.61,4.08,15.72,11.67,14.46,20.24,0.48,39.43,0.25,0.96,,,0.21,,30.21,51.22,0.34,207.09,0.0,0.0,6.06,730.42,0.74
2024-11-28 22:00:00,28.4,50.7,4.08,15.84,11.73,14.46,19.84,0.56,35.92,0.25,0.96,,,0.21,,29.93,53.28,0.27,159.96,0.0,0.0,6.08,729.91,0.74
2024-11-28 23:00:00,28.79,51.4,4.07,15.29,11.43,14.5,19.9,0.5,36.29,0.25,0.96,,,0.21,,29.48,55.32,1.27,312.07,0.0,0.0,6.11,727.52,0.74
2024-11-29 00:00:00,28.74,51.32,4.1,15.4,11.52,14.48,18.28,0.43,33.21,0.25,0.96,,,0.21,,29.08,57.49,1.27,300.79,0.0,0.0,6.19,725.48,0.74
2024-11-29 01:00:00,28.74,51.31,4.08,15.17,11.38,14.51,16.62,0.4,34.06,0.25,0.96,,,0.21,,29.21,55.53,0.8,282.27,0.0,0.0,5.96,723.97,0.74
2024-11-29 02:00:00,28.53,50.92,4.08,14.04,10.78,14.58,15.48,0.35,40.28,0.25,0.96,,,0.21,,29.3,54.76,0.65,287.06,0.0,0.0,6.1,722.08,0.74
2024-11-29 03:00:00,28.89,51.58,4.05,14.37,10.93,14.57,15.42,0.37,39.19,0.25,0.96,,,0.21,,28.88,57.62,1.07,322.75,0.0,0.0,6.23,721.92,0.74
2024-11-29 04:00:00,28.6,51.05,4.08,14.84,11.21,14.53,14.41,0.42,32.65,0.25,0.96,,,0.21,,28.5,61.73,0.84,298.84,0.0,0.0,6.14,722.42,0.74
2024-11-29 05:00:00,28.83,51.47,4.09,16.62,12.16,14.4,14.69,0.5,28.55,0.25,0.96,,,0.21,,28.42,62.78,1.58,319.82,0.0,0.0,6.08,723.52,0.74
2024-11-29 06:00:00,28.84,51.5,4.12,16.76,12.26,14.39,13.88,0.57,30.59,0.25,0.96,,,0.21,,28.43,62.32,0.78,321.59,0.0,0.0,10.39,726.94,0.74
2024-11-29 07:00:00,28.87,51.54,4.12,19.19,13.55,14.22,13.44,0.66,29.23,0.25,0.96,,,0.21,,28.71,60.95,1.18,340.5,0.0,0.0,38.87,729.21,0.74
2024-11-29 08:00:00,29.29,52.31,4.09,18.45,13.13,14.3,13.95,0.64,30.78,0.25,0.96,,,0.21,,29.29,60.1,0.34,236.55,0.0,0.0,89.94,732.31,0.74
2024-11-29 09:00:00,28.99,51.76,4.03,19.98,13.9,14.18,15.23,0.66,17.46,0.28,0.99,,,0.24,,30.21,59.68,1.25,330.45,0.0,0.0,152.22,732.95,0.74
2024-11-29 10:00:00,28.86,51.53,4.25,24.4,16.43,13.86,17.58,0.72,7.28,0.26,0.99,,,0.23,,31.3,58.26,3.26,3.32,0.0,0.0,280.23,730.82,0.74
2024-11-29 11:00:00,28.66,51.18,4.86,29.67,19.73,13.43,25.13,0.7,5.77,0.25,0.98,,,0.22,,31.12,59.44,3.41,45.49,0.0,0.0,140.42,727.52,0.74
2024-11-29 12:00:00,27.38,48.87,5.4,35.53,23.28,12.97,35.27,0.69,6.1,0.25,0.99,,,0.22,,31.84,58.29,3.68,38.15,0.0,0.0,207.14,724.07,0.74
2024-11-29 13:00:00,26.74,47.7,6.45,41.71,27.43,12.45,44.58,0.7,6.14,0.27,1.05,,,0.25,,32.32,57.11,3.53,45.9,0.0,0.0,148.48,721.27,0.74
2024-11-29 14:00:00,26.6,47.46,5.0,33.52,21.89,13.18,50.74,0.52,19.94,0.27,1.05,,,0.25,,32.1,59.1,3.91,39.19,0.0,0.0,98.67,719.45,0.74
2024-11-29 15:00:00,26.79,47.81,4.43,24.63,16.7,13.83,54.81,0.52,27.55,0.25,1.07,,,0.23,,31.52,61.24,4.3,35.57,0.0,0.0,64.11,719.12,0.74
2024-11-29 16:00:00,28.87,51.55,4.3,29.14,18.99,13.51,52.4,0.6,13.8,0.24,1.08,,,0.22,,31.05,63.79,4.03,43.71,0.0,0.0,38.35,720.25,0.74
2024-11-29 17:00:00,28.62,51.1,4.95,36.07,23.21,12.96,45.31,0.59,6.24,0.24,1.08,,,0.22,,30.5,65.94,4.14,41.1,0.0,0.0,8.24,722.02,0.74
2024-11-29 18:00:00,28.41,50.72,5.25,35.52,23.15,12.99,45.75,0.61,10.4,0.24,1.08,,,0.22,,30.17,66.33,4.76,55.97,0.0,0.0,5.31,724.09,0.74
2024-11-29 19:00:00,27.91,49.82,4.43,25.71,17.27,13.74,50.43,0.78,17.81,0.24,1.08,,,0.22,,29.58,69.54,1.75,195.77,0.0,0.0,5.36,725.18,0.74
2024-11-29 20:00:00,28.92,51.62,4.27,22.12,15.23,14.01,49.74,0.82,17.95,0.24,1.08,,,0.22,,29.19,72.39,0.27,223.51,0.0,0.0,5.32,728.02,0.74
2024-11-29 21:00:00,29.24,52.22,4.2,20.73,14.43,14.12,42.44,0.88,16.74,0.24,1.08,,,0.22,,28.68,74.11,0.73,256.8,0.0,0.0,5.7,729.0,0.74
2024-11-29 22:00:00,29.87,53.34,4.15,18.46,13.18,14.28,36.62,0.82,18.0,0.24,1.08,,,0.22,,28.59,75.79,0.44,274.8,0.0,0.0,5.6,728.48,0.74
2024-11-29 23:00:00,29.84,53.28,4.1,18.01,12.9,14.32,34.13,0.62,17.17,0.24,1.08,,,0.22,,28.72,77.52,0.84,297.2,0.0,0.0,5.7,725.81,0.74
2024-11-30 00:00:00,28.67,51.18,4.2,15.12,11.45,14.5,20.05,0.34,18.84,0.24,1.08,,,0.22,,28.82,77.32,0.97,287.54,0.0,0.0,5.82,723.23,0.74
2024-11-30 01:00:00,28.42,50.73,4.23,15.49,11.67,14.47,16.57,0.36,14.88,0.24,1.08,,,0.22,,28.39,79.64,0.98,270.39,0.0,0.0,5.84,721.43,0.74
2024-11-30 02:00:00,28.44,50.76,4.24,14.48,11.14,14.53,13.9,0.39,16.93,0.24,1.08,,,0.22,,28.54,77.83,0.78,300.25,0.0,0.0,5.82,719.16,0.74
2024-11-30 03:00:00,28.13,50.21,4.14,13.84,10.72,14.6,13.47,0.35,20.54,0.24,1.08,,,0.22,,28.72,75.51,0.28,261.36,0.0,0.0,5.86,717.63,0.74
2024-11-30 04:00:00,27.28,48.69,4.17,13.82,10.74,14.59,12.43,0.39,21.48,0.24,1.08,,,0.22,,28.44,76.34,0.42,206.62,0.0,0.0,5.93,718.23,0.74
2024-11-30 05:00:00,28.13,50.22,4.14,14.15,10.89,14.57,11.49,0.41,21.41,0.24,1.08,,,0.22,,28.14,78.03,0.68,171.78,0.0,0.0,5.77,718.92,0.74
2024-11-30 06:00:00,28.0,49.98,4.16,14.61,11.15,14.54,10.67,0.43,19.79,0.24,1.08,,,0.22,,28.43,78.47,0.26,166.67,0.0,0.0,10.36,721.44,0.74
2024-11-30 07:00:00,27.28,48.69,4.16,15.04,11.38,14.51,9.87,0.44,17.05,0.24,1.08,,,0.22,,28.91,77.62,0.51,255.78,0.0,0.0,26.85,724.73,0.74
2024-11-30 08:00:00,27.71,49.46,4.17,14.8,11.26,14.53,9.86,0.43,16.68,0.24,1.08,,,0.22,,29.36,76.96,0.49,126.49,0.0,0.0,62.28,726.81,0.74
2024-11-30 09:00:00,26.79,47.8,4.18,14.56,11.13,14.54,9.66,0.4,15.98,0.24,1.08,,,0.22,,29.77,75.28,0.41,99.63,0.0,0.0,95.84,726.85,0.74
2024-11-30 10:00:00,26.68,47.6,4.14,14.2,10.92,14.57,9.19,0.37,17.76,0.24,1.08,,,0.22,,29.96,75.39,0.54,134.35,0.0,0.0,111.37,724.89,0.74
2024-11-30 11:00:00,26.56,47.4,4.15,13.74,10.68,14.6,8.37,0.32,19.44,0.24,1.08,,,0.22,,30.05,76.84,0.98,68.18,0.0,0.0,103.68,721.82,0.73
2024-11-30 12:00:00,26.44,47.16,4.14,13.96,10.78,14.59,8.12,0.32,19.27,0.24,1.08,,,0.22,,29.88,79.6,0.59,57.11,0.0,0.0,106.55,718.47,0.73
2024-11-30 13:00:00,26.33,46.98,4.14,13.57,10.58,14.61,7.34,0.3,20.28,0.24,1.06,,,0.22,,30.51,76.28,0.46,50.55,0.0,0.0,129.96,714.52,0.74
2024-11-30 14:00:00,26.36,47.02,4.13,13.61,10.59,14.6,7.58,0.27,20.19,0.25,1.02,,,0.24,,30.78,73.78,0.28,42.81,0.0,0.0,119.62,712.26,0.74
2024-11-30 15:00:00,26.34,47.0,4.15,13.68,10.65,14.6,6.78,0.27,20.96,0.25,1.02,,,0.24,,30.32,75.47,0.3,26.12,0.0,0.0,49.59,712.58,0.74
2024-11-30 16:00:00,25.97,46.33,4.16,14.24,10.94,14.56,6.92,0.38,18.31,0.25,1.02,,,0.24,,28.7,89.39,0.11,165.52,0.16,0.16,18.26,714.69,0.74
2024-11-30 17:00:00,25.52,45.5,4.24,14.49,11.14,14.53,6.18,0.38,13.34,0.24,1.0,,,0.23,,27.88,97.48,0.43,218.61,0.26,0.26,6.9,716.55,0.74
2024-11-30 18:00:00,25.25,45.02,4.35,15.06,11.54,14.49,6.22,0.41,9.72,0.23,0.96,,,0.21,,27.84,96.19,0.27,188.68,0.04,0.04,6.14,716.68,0.74
2024-11-30 19:00:00,25.25,45.02,4.25,14.42,11.12,14.54,5.97,0.4,10.98,0.23,0.96,,,0.21,,28.14,91.49,0.66,59.85,0.0,0.0,6.77,720.54,0.74
2024-11-30 20:00:00,25.78,45.98,4.27,14.45,11.15,14.53,5.3,0.43,10.08,0.23,0.96,,,0.21,,28.22,91.34,0.36,141.16,0.0,0.0,6.59,723.0,0.74
2024-11-30 21:00:00,26.25,46.82,4.34,15.49,11.76,14.46,5.34,0.48,9.02,0.23,0.96,,,0.21,,28.26,90.09,0.42,117.77,0.0,0.0,6.49,723.84,0.74
2024-11-30 22:00:00,26.15,46.66,4.24,14.41,11.11,14.54,4.69,0.43,11.91,0.23,0.96,,,0.21,,28.39,87.78,0.28,272.54,0.0,0.0,6.34,722.52,0.74
2024-11-30 23:00:00,25.94,46.26,4.16,13.73,10.68,14.58,4.99,0.38,13.8,0.23,0.96,,,0.21,,28.26,87.77,0.3,41.62,0.0,0.0,6.26,719.44,0.74
2024-12-01 00:00:00,25.68,45.8,4.12,12.96,10.23,14.63,24.14,0.16,17.21,0.23,0.96,,,0.21,,28.29,86.54,0.84,48.95,0.0,0.0,6.24,715.97,0.74
2024-12-01 01:00:00,26.04,46.45,4.08,12.93,10.18,14.66,23.85,0.16,16.73,0.23,0.96,,,0.21,,28.35,85.65,0.59,40.33,0.0,0.0,6.14,714.48,0.74
2024-12-01 02:00:00,25.76,45.95,4.12,13.12,10.32,14.65,23.2,0.18,16.01,0.23,0.96,,,0.21,,28.38,85.47,0.52,69.39,0.0,0.0,6.24,713.38,0.74
2024-12-01 03:00:00,25.46,45.41,4.12,13.26,10.4,14.63,22.45,0.17,13.34,0.23,0.96,,,0.21,,28.22,86.73,0.31,135.64,0.0,0.0,6.05,713.97,0.74
2024-12-01 04:00:00,25.36,45.22,4.16,13.43,10.51,14.61,22.28,0.21,11.76,0.23,0.96,,,0.21,,28.1,87.72,0.28,50.17,0.0,0.0,6.03,715.2,0.74
2024-12-01 05:00:00,25.35,45.2,4.19,13.62,10.65,14.6,21.66,0.21,10.51,0.23,0.96,,,0.21,,28.03,88.42,0.1,170.44,0.0,0.0,5.87,717.29,0.74
2024-12-01 06:00:00,25.66,45.76,4.22,14.05,10.89,14.58,22.01,0.24,10.53,0.23,0.96,,,0.21,,28.12,87.82,0.13,148.51,0.0,0.0,14.53,719.41,0.74
2024-12-01 07:00:00,25.56,45.58,4.22,14.19,10.97,14.56,21.38,0.26,11.48,0.23,0.96,,,0.21,,28.5,85.73,0.17,173.48,0.0,0.0,35.66,721.97,0.74
2024-12-01 08:00:00,26.44,47.18,4.22,14.74,11.26,14.52,22.14,0.32,12.18,0.23,0.96,,,0.21,,28.92,83.98,0.31,85.66,0.0,0.0,78.77,724.04,0.74
2024-12-01 09:00:00,25.94,46.28,4.23,14.68,11.24,14.53,21.82,0.33,14.05,0.23,0.96,,,0.21,,29.33,82.87,0.18,111.88,0.0,0.0,131.28,725.45,0.73
2024-12-01 10:00:00,26.69,47.63,4.17,14.44,11.07,14.55,22.8,0.32,16.64,0.23,0.96,,,0.21,,30.12,79.77,0.48,119.67,0.0,0.0,261.95,724.1,0.73
2024-12-01 11:00:00,26.44,47.17,4.15,13.9,10.76,14.59,22.58,0.27,20.93,0.23,0.96,,,0.21,,30.54,77.09,0.65,131.58,0.0,0.0,149.37,720.59,0.73
2024-12-01 12:00:00,26.07,46.5,4.14,14.14,10.88,14.56,23.09,0.27,21.32,0.23,0.96,,,0.21,,30.46,77.9,0.37,136.97,0.0,0.0,73.81,717.38,0.74
2024-12-01 13:00:00,25.67,45.78,4.17,14.28,10.98,14.57,23.01,0.29,22.98,0.23,0.96,,,0.21,,30.73,77.31,0.34,134.35,0.0,0.0,107.62,714.24,0.73
2024-12-01 14:00:00,26.16,46.66,4.13,14.12,10.86,14.56,23.01,0.37,23.26,0.23,0.96,,,0.21,,31.0,75.5,0.82,136.04,0.0,0.0,147.64,711.61,0.73
2024-12-01 15:00:00,25.76,45.96,4.16,14.57,11.12,14.54,23.39,0.42,22.71,0.23,0.96,,,0.21,,30.6,77.39,0.31,138.51,0.0,0.0,89.02,710.69,0.73
2024-12-01 16:00:00,25.8,46.01,4.17,14.42,11.05,14.54,23.3,0.45,20.86,0.23,0.96,,,0.21,,30.06,79.94,0.18,129.17,0.0,0.0,36.75,711.15,0.73
2024-12-01 17:00:00,26.36,47.04,4.19,14.96,11.36,14.51,23.48,0.5,20.25,0.23,0.96,,,0.21,,29.42,83.78,0.22,132.23,0.0,0.0,7.59,713.7,0.73
2024-12-01 18:00:00,26.09,46.54,4.21,15.07,11.43,14.5,23.57,0.54,17.88,0.23,0.96,,,0.21,,29.02,84.84,0.23,134.77,0.0,0.0,5.94,715.56,0.73
2024-12-01 19:00:00,26.05,46.46,4.24,15.68,11.78,14.45,23.88,0.5,15.34,0.23,0.96,,,0.21,,28.67,88.38,0.18,166.07,0.0,0.0,5.54,718.02,0.73
2024-12-01 20:00:00,25.78,45.99,4.26,15.15,11.52,14.48,23.38,0.44,14.57,0.23,0.96,,,0.21,,28.6,86.9,0.09,95.45,0.0,0.0,5.91,719.2,0.73
2024-12-01 21:00:00,26.18,46.7,4.22,14.44,11.11,14.56,24.1,0.4,15.44,0.23,0.96,,,0.21,,28.38,87.5,0.19,147.58,0.0,0.0,5.87,720.21,0.73
2024-12-01 22:00:00,26.04,46.46,4.24,13.82,10.78,14.58,23.84,0.37,15.46,0.23,0.96,,,0.21,,28.24,88.61,0.25,179.66,0.0,0.0,6.08,721.3,0.74
2024-12-01 23:00:00,26.33,46.98,4.22,13.7,10.72,14.6,23.5,0.36,13.11,0.23,0.96,,,0.21,,28.0,90.47,0.23,154.72,0.0,0.0,5.83,720.0,0.74
2024-12-02 00:00:00,26.12,46.58,4.02,13.43,10.4,14.62,21.27,0.22,13.63,0.23,0.96,,,0.21,,27.84,90.44,0.13,227.72,0.0,0.0,5.95,718.5,0.73
2024-12-02 01:00:00,25.69,45.83,4.0,12.9,10.11,14.67,20.14,0.17,14.78,0.23,0.96,,,0.21,,27.8,89.95,0.1,199.06,0.0,0.0,5.77,716.06,0.73
2024-12-02 02:00:00,25.54,45.54,4.0,12.84,10.07,14.68,19.93,0.18,15.86,0.23,0.96,,,0.21,,27.74,89.45,0.15,173.66,0.0,0.0,5.78,714.84,0.73
2024-12-02 03:00:00,25.23,44.98,4.01,12.84,10.08,14.67,18.9,0.17,15.04,0.23,0.96,,,0.21,,27.72,89.43,0.14,89.84,0.0,0.0,5.76,714.42,0.73
2024-12-02 04:00:00,25.42,45.32,4.0,13.07,10.2,14.65,19.07,0.2,14.46,0.23,0.96,,,0.21,,27.54,90.48,0.16,134.46,0.0,0.0,5.71,714.98,0.73
2024-12-02 05:00:00,25.44,45.37,4.01,13.27,10.31,14.62,18.09,0.2,14.43,0.23,0.96,,,0.21,,27.54,90.34,0.28,125.24,0.0,0.0,5.75,716.47,0.73
2024-12-02 06:00:00,25.99,46.36,4.01,13.75,10.57,14.61,18.55,0.27,13.74,0.23,0.96,,,0.21,,27.57,90.28,0.23,113.67,0.0,0.0,16.84,719.47,0.73
2024-12-02 07:00:00,26.08,46.52,4.08,14.63,11.09,14.56,18.54,0.35,12.74,0.23,0.96,,,0.21,,28.03,88.63,0.24,137.41,0.0,0.0,33.03,723.06,0.73
2024-12-02 08:00:00,25.84,46.1,4.04,14.82,11.16,14.54,19.51,0.38,13.0,0.23,0.96,,,0.21,,28.37,87.98,0.26,135.18,0.0,0.0,44.29,726.47,0.74
2024-12-02 09:00:00,25.57,45.62,4.04,14.72,11.1,14.53,19.38,0.38,18.39,0.23,0.96,,,0.21,,28.8,85.82,0.4,163.86,0.0,0.0,61.68,728.32,0.74
2024-12-02 10:00:00,40.56,72.6,4.0,14.55,10.98,14.54,20.03,0.34,17.68,0.23,0.96,,,0.21,,29.16,84.55,0.35,152.99,0.0,0.0,80.94,727.87,0.74
2024-12-02 11:00:00,27.96,49.92,4.0,16.96,12.27,14.38,20.49,0.34,11.24,0.23,0.96,,,0.21,,29.67,82.48,0.3,160.1,0.0,0.0,120.53,725.96,0.74
2024-12-02 12:00:00,27.05,48.25,4.16,20.85,14.46,14.12,20.9,0.38,6.29,0.23,0.96,,,0.21,,30.62,77.92,1.47,128.56,0.0,0.0,174.01,722.32,0.74
2024-12-02 13:00:00,24.88,44.36,4.25,21.72,15.0,14.05,22.2,0.38,13.11,0.23,0.96,,,0.21,,31.0,75.6,2.46,113.61,0.0,0.0,229.56,719.1,0.74
2024-12-02 14:00:00,24.63,43.92,4.0,17.5,12.56,14.36,23.53,0.34,23.84,0.23,0.96,,,0.21,,30.84,75.8,2.61,122.2,0.0,0.0,111.04,717.65,0.74
2024-12-02 15:00:00,26.66,47.57,4.0,16.67,12.11,14.4,25.1,0.38,24.98,0.23,0.96,,,0.21,,30.72,76.66,1.09,137.63,0.0,0.0,75.86,717.23,0.74
2024-12-02 16:00:00,26.74,47.7,4.0,16.34,11.94,14.43,24.36,0.42,23.96,0.23,0.96,,,0.21,,30.46,77.66,0.27,141.19,0.0,0.0,42.72,718.06,0.74
2024-12-02 17:00:00,27.85,49.72,4.0,17.82,12.72,14.34,24.21,0.51,21.84,0.23,0.96,,,0.21,,30.01,80.84,0.47,139.55,0.0,0.0,10.0,720.03,0.74
2024-12-02 18:00:00,25.65,45.75,4.01,19.89,13.83,14.17,24.17,0.69,16.86,0.23,0.96,,,0.21,,29.55,84.64,0.2,132.19,0.0,0.0,5.71,722.38,0.74
2024-12-02 19:00:00,27.9,49.8,4.0,19.02,13.37,14.25,25.33,0.75,15.86,0.23,0.96,,,0.21,,29.16,86.5,0.22,157.78,0.0,0.0,5.63,725.86,0.74
2024-12-02 20:00:00,27.83,49.68,4.01,18.13,12.89,14.3,25.59,0.72,13.68,0.23,0.96,,,0.21,,28.84,88.63,0.16,175.66,0.0,0.0,5.77,727.73,0.74
2024-12-02 21:00:00,28.76,51.34,4.0,16.6,12.07,14.41,26.2,0.62,13.55,0.23,0.96,,,0.21,,28.58,89.73,0.5,119.3,0.0,0.0,5.65,728.46,0.74
2024-12-02 22:00:00,26.08,46.53,4.0,15.59,11.54,14.48,25.28,0.47,12.8,0.23,0.96,,,0.21,,28.5,88.82,0.3,154.41,0.0,0.0,6.0,729.96,0.74
2024-12-02 23:00:00,25.51,45.5,4.0,15.61,11.54,14.48,25.08,0.35,10.54,0.23,0.96,,,0.21,,28.4,89.55,0.21,151.38,0.0,0.0,5.88,728.32,0.74
2024-12-03 00:00:00,25.44,45.38,4.14,14.46,11.06,14.57,22.68,0.18,12.59,0.23,0.96,,,0.21,,28.2,89.96,0.15,147.5,0.0,0.0,6.04,726.57,0.74
2024-12-03 01:00:00,25.29,45.1,4.12,13.56,10.56,14.61,22.06,0.14,13.17,0.23,0.96,,,0.21,,28.21,90.24,0.15,224.43,0.0,0.0,5.9,726.0,0.74
2024-12-03 02:00:00,26.06,46.5,4.1,13.46,10.49,14.62,21.61,0.15,13.32,0.23,0.96,,,0.21,,28.14,90.6,0.12,157.16,0.0,0.0,6.01,725.33,0.74
2024-12-03 03:00:00,25.94,46.28,4.12,13.22,10.38,14.64,20.33,0.15,13.41,0.23,0.96,,,0.21,,28.1,90.32,0.19,195.57,0.0,0.0,6.05,725.87,0.74
2024-12-03 04:00:00,26.32,46.94,4.12,13.38,10.46,14.63,20.12,0.17,13.14,0.23,0.96,,,0.21,,27.86,91.7,0.14,199.98,0.0,0.0,5.9,726.16,0.74
2024-12-03 05:00:00,25.37,45.24,4.16,13.59,10.6,14.59,19.46,0.2,12.57,0.23,0.96,,,0.21,,27.62,92.46,0.22,218.5,0.0,0.0,5.78,727.28,0.74
2024-12-03 06:00:00,26.02,46.42,4.15,14.33,10.99,14.56,18.93,0.28,12.04,0.23,0.96,,,0.21,,27.52,92.65,0.16,284.36,0.0,0.0,10.64,729.55,0.74
2024-12-03 07:00:00,27.09,48.34,4.2,15.42,11.6,14.48,18.74,0.37,12.48,0.23,0.96,,,0.21,,27.94,89.77,0.3,211.88,0.0,0.0,50.36,733.3,0.74
2024-12-03 08:00:00,26.91,48.02,4.17,15.61,11.68,14.46,19.49,0.38,14.52,0.23,0.96,,,0.21,,28.63,85.98,0.25,178.9,0.0,0.0,85.32,736.54,0.74
2024-12-03 09:00:00,136.25,244.83,4.12,15.1,11.38,14.5,20.08,0.36,20.68,0.23,0.96,,,0.21,,29.14,83.19,0.24,200.41,0.0,0.0,99.1,737.96,0.74
2024-12-03 10:00:00,47.42,84.94,4.08,14.66,11.1,14.54,20.74,0.37,22.9,0.23,0.96,,,0.21,,29.56,80.94,0.31,178.43,0.0,0.0,99.74,737.48,0.74
2024-12-03 11:00:00,26.64,47.53,4.07,14.39,10.96,14.56,21.51,0.36,27.76,0.23,0.96,,,0.21,,30.33,77.77,0.3,168.49,0.0,0.0,235.37,735.62,0.74
2024-12-03 12:00:00,31.42,56.12,4.04,14.14,10.8,14.58,21.41,0.34,32.17,0.23,0.96,,,0.21,,31.05,74.48,0.23,217.02,0.0,0.0,224.08,731.89,0.74
2024-12-03 13:00:00,26.18,46.71,4.04,14.3,10.88,14.57,21.17,0.38,35.72,0.23,0.96,,,0.21,,31.62,70.94,0.41,161.08,0.0,0.0,356.8,728.83,0.74
2024-12-03 14:00:00,28.63,51.12,4.05,14.19,10.83,14.57,20.92,0.45,35.85,0.23,0.96,,,0.21,,31.43,71.45,0.29,159.93,0.0,0.0,135.89,728.02,0.74
2024-12-03 15:00:00,26.15,46.65,4.04,14.75,11.12,14.53,21.22,0.48,36.95,0.23,0.96,,,0.21,,30.98,74.43,0.58,156.66,0.0,0.0,55.12,727.84,0.74
2024-12-03 16:00:00,28.24,50.4,4.07,15.39,11.48,14.49,20.94,0.52,35.49,0.23,0.96,,,0.21,,30.98,75.12,0.23,183.64,0.0,0.0,45.27,727.16,0.74
2024-12-03 17:00:00,28.22,50.36,4.09,16.82,12.26,14.37,17.46,0.59,31.58,0.26,0.89,,,0.24,,30.61,76.59,0.82,134.61,0.0,0.0,7.63,728.4,0.74
2024-12-03 18:00:00,27.42,48.93,4.21,20.42,14.27,14.12,16.62,0.84,21.41,0.26,0.88,,,0.22,,30.1,80.94,0.26,99.67,0.0,0.0,2.82,729.67,0.74
2024-12-03 19:00:00,37.29,66.71,4.21,20.73,14.44,14.11,17.64,0.92,16.62,0.26,0.88,,,0.22,,29.58,87.2,0.63,151.42,0.0,0.0,2.92,732.43,0.74
2024-12-03 20:00:00,26.02,46.42,4.23,18.04,13.02,14.31,18.78,0.82,17.52,0.26,0.88,,,0.22,,29.29,89.13,0.2,164.84,0.0,0.0,2.82,734.79,0.74
2024-12-03 21:00:00,29.32,52.36,4.19,17.02,12.45,14.36,20.1,0.71,13.87,0.26,0.88,,,0.22,,28.9,91.74,0.15,127.6,0.0,0.0,2.67,736.66,0.74
2024-12-03 22:00:00,27.43,48.94,4.19,16.03,11.92,14.46,20.18,0.6,15.02,0.26,0.88,,,0.22,,28.48,89.85,0.4,225.56,0.0,0.0,2.74,736.93,0.74
2024-12-03 23:00:00,28.44,50.77,4.14,14.75,11.2,14.52,20.09,0.41,16.52,0.26,0.88,,,0.22,,28.14,90.08,0.15,180.56,0.0,0.0,2.72,735.08,0.74
2024-12-04 00:00:00,25.96,46.31,4.08,14.32,10.92,14.56,16.2,0.4,16.68,0.26,0.88,,,0.22,,27.76,92.5,1.1,295.91,0.0,0.0,2.75,733.32,0.74
2024-12-04 01:00:00,27.04,48.25,4.11,14.12,10.85,14.57,14.88,0.4,15.28,0.26,0.88,,,0.22,,27.66,93.08,1.35,300.22,0.0,0.0,2.74,731.48,0.74
2024-12-04 02:00:00,26.96,48.1,4.11,13.85,10.7,14.6,14.39,0.41,14.44,0.26,0.88,,,0.22,,27.59,93.86,0.92,197.44,0.0,0.0,2.76,729.84,0.74
2024-12-04 03:00:00,28.12,50.19,4.13,13.71,10.64,14.6,13.1,0.44,13.98,0.26,0.88,,,0.22,,27.82,92.55,0.25,236.76,0.0,0.0,2.76,729.0,0.74
2024-12-04 04:00:00,28.15,50.25,4.12,14.16,10.87,14.57,13.23,0.48,12.58,0.26,0.88,,,0.22,,27.72,92.97,0.26,117.06,0.0,0.0,2.81,728.98,0.74
2024-12-04 05:00:00,27.09,48.34,4.23,15.13,11.48,14.48,12.89,0.55,9.99,0.26,0.88,,,0.22,,27.6,93.04,0.73,249.87,0.0,0.0,2.77,730.09,0.74
2024-12-04 06:00:00,45.94,82.28,4.28,15.86,11.9,14.43,12.9,0.66,9.26,0.26,0.88,,,0.22,,27.66,91.72,0.19,200.23,0.0,0.0,8.03,733.3,0.74
2024-12-04 07:00:00,27.17,48.49,4.34,16.7,12.41,14.37,13.7,0.86,9.6,0.26,0.88,,,0.22,,28.46,87.18,0.32,212.12,0.0,0.0,67.28,736.33,0.74
2024-12-04 08:00:00,36.71,65.66,4.17,15.94,11.86,14.43,16.06,0.67,15.6,0.26,0.88,,,0.22,,29.78,80.32,0.2,164.22,0.0,0.0,178.38,739.26,0.74
2024-12-04 09:00:00,26.26,46.85,4.09,15.46,11.54,14.47,18.41,0.62,22.72,0.26,0.88,,,0.22,,30.49,77.22,0.23,176.46,0.0,0.0,217.36,740.29,0.74
2024-12-04 10:00:00,30.52,54.53,4.06,14.52,11.01,14.56,19.98,0.64,28.15,0.26,0.89,,,0.22,,30.83,75.88,0.34,142.88,0.0,0.0,182.62,739.18,0.74
2024-12-04 11:00:00,28.4,50.69,4.04,14.62,11.06,14.55,21.07,0.59,27.43,0.28,0.95,,,0.25,,31.85,71.22,0.3,112.92,0.0,0.0,177.22,736.1,0.74
2024-12-04 12:00:00,28.94,51.67,4.05,14.38,10.94,14.57,20.88,0.54,27.79,0.28,0.95,,,0.25,,32.4,67.43,0.92,107.36,0.0,0.0,190.74,732.04,0.74
2024-12-04 13:00:00,27.17,48.48,4.04,14.63,11.06,14.54,19.34,0.48,28.76,0.28,0.95,,,0.25,,32.7,65.89,0.26,218.76,0.0,0.0,259.78,728.43,0.74
2024-12-04 14:00:00,26.42,47.15,4.04,14.6,11.04,14.55,17.89,0.48,29.96,0.28,0.95,,,0.25,,32.68,65.66,0.26,215.09,0.0,0.0,180.08,726.61,0.74
2024-12-04 15:00:00,25.6,45.66,4.04,15.27,11.4,14.5,17.62,0.54,29.65,0.28,0.95,,,0.25,,32.6,66.19,0.25,136.55,0.0,0.0,108.39,725.63,0.74
2024-12-04 16:00:00,29.38,52.46,4.05,15.46,11.52,14.5,17.08,0.56,31.52,0.28,0.95,,,0.25,,32.4,67.42,0.46,154.86,0.0,0.0,66.39,725.65,0.73
2024-12-04 17:00:00,28.56,51.0,4.05,16.95,12.3,14.39,17.57,0.64,33.03,0.28,0.95,,,0.25,,31.38,73.78,0.62,157.04,0.0,0.0,5.78,728.15,0.73
2024-12-04 18:00:00,28.69,51.23,4.18,20.86,14.49,14.11,18.27,1.08,19.92,0.28,0.95,,,0.25,,30.38,81.99,0.71,154.78,0.0,0.0,2.81,731.47,0.72
2024-12-04 19:00:00,33.71,60.26,4.22,20.33,14.24,14.14,18.82,1.13,14.77,0.28,0.95,,,0.25,,29.95,83.85,0.74,97.42,0.0,0.0,2.64,734.52,0.72
2024-12-04 20:00:00,33.14,59.24,4.22,19.65,13.87,14.19,20.95,1.08,13.4,0.28,0.95,,,0.25,,29.5,86.6,0.6,117.75,0.0,0.0,2.62,736.24,0.72
2024-12-04 21:00:00,31.55,56.36,4.18,18.3,13.12,14.27,22.33,0.9,13.29,0.28,0.95,,,0.25,,29.3,88.58,0.57,126.02,0.0,0.0,2.52,737.2,0.72
2024-12-04 22:00:00,30.8,55.0,4.14,19.13,13.54,14.22,22.78,0.84,15.55,0.28,0.95,,,0.25,,29.0,88.62,0.79,120.4,0.0,0.0,2.6,737.94,0.72
2024-12-04 23:00:00,30.03,53.64,4.11,16.55,12.14,14.4,22.38,0.76,19.91,0.28,0.95,,,0.25,,28.77,87.55,0.28,96.52,0.0,0.0,2.64,737.03,0.72
2024-12-05 00:00:00,28.4,50.68,4.08,15.76,11.69,14.49,13.49,0.34,22.92,0.28,0.95,,,0.25,,28.52,87.02,0.24,175.52,0.0,0.0,2.68,735.58,0.72
2024-12-05 01:00:00,30.06,53.69,4.1,14.78,11.19,14.52,10.34,0.33,23.35,0.28,0.95,,,0.25,,28.19,88.98,0.82,342.47,0.0,0.0,2.72,733.55,0.72
2024-12-05 02:00:00,28.3,50.51,4.08,14.19,10.86,14.58,10.16,0.2,21.8,0.28,0.95,,,0.25,,27.86,89.46,0.12,102.46,0.0,0.0,2.69,732.34,0.72
2024-12-05 03:00:00,29.98,53.54,4.09,13.66,10.58,14.6,8.23,0.15,23.32,0.28,0.95,,,0.25,,27.67,89.44,0.3,194.9,0.0,0.0,2.74,731.39,0.74
2024-12-05 04:00:00,29.6,52.85,4.07,13.58,10.52,14.61,7.55,0.17,23.05,0.28,0.95,,,0.25,,27.47,90.5,0.65,191.21,0.0,0.0,2.72,731.59,0.74
2024-12-05 05:00:00,27.36,48.84,4.09,13.73,10.62,14.6,6.47,0.21,25.04,0.28,0.95,,,0.25,,27.36,90.65,0.76,172.56,0.0,0.0,2.65,733.47,0.74
2024-12-05 06:00:00,28.37,50.64,4.1,14.37,10.96,14.56,6.08,0.33,24.67,0.28,0.95,,,0.25,,27.49,87.26,0.47,277.16,0.0,0.0,10.71,735.64,0.74
2024-12-05 07:00:00,30.6,54.65,4.1,15.46,11.56,14.48,5.76,0.44,22.96,0.28,0.95,,,0.25,,28.41,81.84,0.46,257.61,0.0,0.0,77.19,738.91,0.74
2024-12-05 08:00:00,31.48,56.24,4.1,15.47,11.56,14.48,6.62,0.43,27.92,0.28,0.95,,,0.25,,30.52,73.24,0.22,132.22,0.0,0.0,224.0,741.28,0.74
2024-12-05 09:00:00,30.63,54.71,4.04,15.14,11.34,14.51,8.02,0.38,35.01,0.27,0.91,,,0.24,,31.31,69.83,0.37,186.57,0.0,0.0,303.54,742.92,0.74
2024-12-05 10:00:00,30.74,54.92,4.04,14.37,10.92,14.57,7.84,0.26,36.23,0.26,0.88,,,0.22,,32.19,63.47,0.29,166.8,0.0,0.0,356.8,740.52,0.74
2024-12-05 11:00:00,29.84,53.29,4.02,14.24,10.83,14.57,8.29,0.22,32.03,0.28,1.0,,,0.26,,32.46,57.97,1.1,138.2,0.0,0.0,153.28,738.31,0.74
2024-12-05 12:00:00,28.99,51.77,4.05,13.98,10.72,14.58,7.6,0.22,31.29,0.26,0.98,,,0.25,,32.66,57.4,0.38,172.02,0.0,0.0,215.8,734.24,0.73
2024-12-05 13:00:00,27.65,49.36,4.03,14.3,10.87,14.56,8.0,0.21,32.14,0.26,0.78,,,0.22,,33.46,55.85,0.62,99.06,0.0,0.0,455.19,730.34,0.73
2024-12-05 14:00:00,27.54,49.16,4.04,14.47,10.97,14.55,7.68,0.24,36.14,0.26,0.77,,,0.2,,33.1,59.46,0.69,134.39,0.0,0.0,208.96,727.62,0.73
2024-12-05 15:00:00,29.19,52.64,4.03,14.84,11.16,14.53,7.79,0.25,35.1,0.24,0.85,,,0.19,,33.22,58.05,0.42,99.92,0.0,0.0,209.27,726.66,0.74
2024-12-05 16:00:00,32.54,60.14,4.06,15.65,11.62,14.48,7.61,0.26,31.12,0.24,0.85,,,0.19,,32.18,61.88,0.52,155.62,0.0,0.0,14.02,727.18,0.74
2024-12-05 17:00:00,31.52,58.1,4.1,17.82,12.8,14.33,7.9,0.37,27.24,0.24,0.86,,,0.19,,31.54,66.91,0.33,155.4,0.0,0.0,4.47,729.26,0.74
2024-12-05 18:00:00,33.64,62.35,4.14,18.98,13.46,14.23,8.42,0.47,22.94,0.2,0.89,,,0.17,,30.73,72.58,0.66,152.65,0.0,0.0,2.77,732.44,0.73
2024-12-05 19:00:00,34.2,63.47,4.14,18.39,13.14,14.27,9.17,0.55,21.02,0.2,0.89,,,0.17,,30.22,77.59,0.25,163.38,0.0,0.0,2.76,735.35,0.74
2024-12-05 20:00:00,35.93,66.93,4.12,18.22,13.04,14.3,10.38,0.56,22.17,0.2,0.89,,,0.17,,29.83,78.24,1.6,154.03,0.0,0.0,2.74,737.62,0.74
2024-12-05 21:00:00,35.73,66.52,4.14,17.3,12.55,14.34,11.04,0.49,23.05,0.2,0.89,,,0.17,,29.56,76.91,1.16,197.5,0.0,0.0,2.68,738.63,0.74
2024-12-05 22:00:00,35.72,66.51,4.14,17.44,12.64,14.34,11.94,0.48,19.8,0.2,0.89,,,0.17,,28.91,82.93,1.18,335.73,0.0,0.0,2.68,738.92,0.74
2024-12-05 23:00:00,34.96,65.0,4.19,16.07,11.94,14.42,11.16,0.46,18.71,0.2,0.89,,,0.17,,28.64,84.9,1.51,344.27,0.0,0.0,2.68,737.41,0.74
2024-12-06 00:00:00,34.18,63.43,4.04,16.04,11.82,14.48,13.88,0.42,17.45,0.2,0.89,,,0.17,,28.22,87.61,1.44,333.92,0.0,0.0,2.68,735.89,0.74
2024-12-06 01:00:00,35.91,66.9,4.06,15.91,11.76,14.46,11.93,0.42,16.4,0.2,0.89,,,0.17,,28.01,89.0,1.06,256.63,0.0,0.0,2.62,734.02,0.74
2024-12-06 02:00:00,36.89,68.85,4.04,14.7,11.1,14.52,10.96,0.3,14.6,0.2,0.89,,,0.17,,27.63,91.48,1.01,285.03,0.0,0.0,2.6,732.78,0.74
2024-12-06 03:00:00,33.65,62.37,4.04,13.75,10.59,14.62,9.88,0.24,17.67,0.2,0.89,,,0.17,,27.58,90.94,0.27,146.62,0.0,0.0,2.69,731.36,0.74
2024-12-06 04:00:00,34.52,64.1,4.02,13.21,10.28,14.64,9.46,0.22,19.57,0.2,0.89,,,0.17,,27.47,93.62,0.66,207.33,0.0,0.0,2.62,731.82,0.74
2024-12-06 05:00:00,33.89,62.84,4.01,13.56,10.47,14.62,8.81,0.28,19.77,0.2,0.89,,,0.17,,27.46,95.42,0.81,328.32,0.0,0.0,2.72,733.35,0.74
2024-12-06 06:00:00,34.28,63.61,4.04,14.14,10.8,14.57,8.32,0.35,16.88,0.2,0.89,,,0.17,,27.6,95.46,0.68,317.91,0.0,0.0,8.41,736.57,0.74
2024-12-06 07:00:00,35.42,65.9,4.04,15.2,11.36,14.5,8.57,0.44,16.77,0.2,0.89,,,0.17,,28.29,91.94,0.74,271.79,0.0,0.0,68.59,739.35,0.74
2024-12-06 08:00:00,35.78,66.62,4.03,14.61,11.04,14.54,8.34,0.39,22.16,0.2,0.89,,,0.17,,30.03,80.28,0.26,208.33,0.0,0.0,218.18,741.71,0.74
2024-12-06 09:00:00,36.14,67.36,4.0,14.25,10.82,14.56,9.68,0.38,28.47,0.2,0.89,,,0.17,,31.34,69.95,0.21,214.54,0.0,0.0,353.56,742.62,0.74
2024-12-06 10:00:00,36.08,67.25,4.01,14.13,10.77,14.57,10.15,0.4,30.27,0.23,0.91,,,0.19,,32.03,61.38,0.16,202.36,0.0,0.0,366.5,739.96,0.74
2024-12-06 11:00:00,33.7,62.48,4.0,15.63,11.56,14.48,11.9,0.36,28.92,0.27,0.93,,,0.22,,32.28,60.14,1.11,223.73,0.0,0.0,141.76,736.83,0.74
2024-12-06 12:00:00,34.26,63.61,4.03,16.29,11.93,14.42,11.53,0.36,32.16,0.24,0.83,,,0.21,,32.86,55.58,0.79,278.02,0.0,0.0,185.24,732.84,0.74
2024-12-06 13:00:00,33.75,62.58,4.0,15.05,11.25,14.52,12.02,0.3,48.49,0.22,0.81,,,0.19,,33.47,53.7,1.37,187.71,0.0,0.0,337.98,729.44,0.74
2024-12-06 14:00:00,33.17,61.43,4.0,14.34,10.88,14.56,12.46,0.25,46.4,0.21,0.82,,,0.18,,33.64,52.15,0.35,188.75,0.0,0.0,248.19,726.97,0.74
2024-12-06 15:00:00,34.12,63.3,4.01,15.3,11.39,14.5,13.06,0.38,46.0,0.21,0.82,,,0.18,,33.52,54.78,0.24,216.4,0.0,0.0,144.59,725.79,0.74
2024-12-06 16:00:00,36.42,67.9,4.04,17.94,12.82,14.32,14.06,0.73,33.22,0.21,0.82,,,0.18,,32.36,62.0,0.2,220.24,0.0,0.0,37.05,726.06,0.74
2024-12-06 17:00:00,39.53,74.11,4.07,17.17,12.43,14.36,14.71,0.6,22.37,0.21,0.84,,,0.18,,31.53,66.32,0.25,159.51,0.0,0.0,6.99,727.3,0.74
2024-12-06 18:00:00,38.23,71.52,4.46,22.85,15.77,13.93,18.84,1.08,15.0,0.19,0.96,,,0.16,,30.79,73.8,0.25,163.94,0.0,0.0,2.74,729.22,0.74
2024-12-06 19:00:00,41.99,79.06,4.2,19.45,13.76,14.2,19.82,1.2,13.08,0.19,0.96,,,0.16,,30.08,78.14,0.32,154.02,0.0,0.0,2.74,731.98,0.74
2024-12-06 20:00:00,40.38,75.82,4.16,18.38,13.16,14.27,22.32,0.92,12.84,0.19,0.96,,,0.16,,29.48,84.14,0.2,165.3,0.0,0.0,2.57,734.65,0.74
2024-12-06 21:00:00,38.66,72.39,4.19,17.53,12.72,14.33,23.4,0.76,11.58,0.19,0.96,,,0.16,,28.97,88.3,0.6,244.28,0.0,0.0,2.58,736.01,0.74
2024-12-06 22:00:00,35.36,65.8,4.22,17.76,12.87,14.3,23.91,0.56,9.12,0.19,0.96,,,0.16,,28.38,92.14,1.51,345.06,0.0,0.0,2.42,735.45,0.74
2024-12-06 23:00:00,35.22,65.52,4.26,16.73,12.35,14.37,22.6,0.5,8.55,0.19,0.96,,,0.16,,28.14,93.55,1.53,287.6,0.0,0.0,2.48,733.66,0.74
2024-12-07 00:00:00,35.12,65.32,4.28,14.76,11.33,14.51,16.61,0.3,9.28,0.19,0.96,,,0.16,,28.08,94.76,0.93,341.01,0.0,0.0,2.38,731.75,0.74
2024-12-07 01:00:00,34.3,63.66,4.28,15.08,11.49,14.48,14.6,0.28,10.2,0.19,0.96,,,0.16,,27.98,95.74,1.72,339.1,0.0,0.0,2.66,729.85,0.74
2024-12-07 02:00:00,33.21,61.49,4.26,14.69,11.28,14.52,12.86,0.25,9.7,0.19,0.96,,,0.16,,27.97,96.71,1.11,260.74,0.0,0.0,2.59,728.68,0.74
2024-12-07 03:00:00,32.08,59.24,4.23,14.24,11.0,14.54,11.62,0.2,12.14,0.19,0.96,,,0.16,,28.02,96.18,0.89,271.49,0.0,0.0,2.68,728.04,0.74
2024-12-07 04:00:00,30.26,55.6,4.32,14.02,10.96,14.56,10.18,0.12,9.83,0.19,0.96,,,0.16,,27.9,96.66,0.92,275.72,0.0,0.0,2.72,729.15,0.74
2024-12-07 05:00:00,30.4,55.88,4.36,14.29,11.14,14.53,9.88,0.17,8.44,0.19,0.96,,,0.16,,27.66,97.99,1.14,328.8,0.0,0.0,2.69,730.74,0.74
2024-12-07 06:00:00,30.97,57.02,4.44,14.78,11.47,14.5,8.59,0.34,7.63,0.19,0.96,,,0.16,,27.72,97.76,0.66,333.1,0.0,0.0,11.28,732.76,0.74
2024-12-07 07:00:00,30.62,56.3,4.68,16.58,12.62,14.36,8.77,0.35,7.47,0.19,0.96,,,0.16,,28.29,95.31,0.62,238.94,0.0,0.0,71.12,735.26,0.74
2024-12-07 08:00:00,31.52,58.12,4.65,17.55,13.11,14.28,9.33,0.36,8.79,0.19,0.96,,,0.16,,29.5,87.78,0.3,264.02,0.0,0.0,128.11,737.36,0.74
2024-12-07 09:00:00,34.74,64.56,4.23,15.85,11.86,14.43,10.98,0.38,17.41,0.19,0.96,,,0.16,,30.24,79.61,0.22,164.7,0.0,0.0,223.35,739.19,0.74
2024-12-07 10:00:00,32.48,60.04,4.16,14.28,10.98,14.54,10.99,0.34,23.35,0.19,0.96,,,0.16,,31.12,72.31,0.2,169.19,0.0,0.0,249.38,737.92,0.74
2024-12-07 11:00:00,33.46,61.98,4.12,14.26,10.93,14.56,12.17,0.3,31.27,0.19,0.96,,,0.16,,31.73,68.74,0.52,234.57,0.0,0.0,173.78,735.46,0.74
2024-12-07 12:00:00,32.6,60.29,4.11,15.19,11.41,14.5,11.96,0.32,37.73,0.19,0.96,,,0.16,,32.02,66.06,0.51,273.81,0.0,0.0,145.76,731.7,0.74
2024-12-07 13:00:00,33.32,61.7,4.13,14.56,11.1,14.55,11.79,0.27,29.98,0.19,0.96,,,0.16,,32.43,63.11,0.44,245.21,0.0,0.0,242.78,727.55,0.74
2024-12-07 14:00:00,31.37,57.81,4.13,15.89,11.8,14.45,11.28,0.28,25.96,0.19,0.96,,,0.16,,33.42,57.51,0.52,244.92,0.0,0.0,266.51,725.56,0.74
2024-12-07 15:00:00,30.98,57.05,4.14,16.35,12.05,14.4,10.62,0.31,27.85,0.19,0.96,,,0.16,,33.17,59.14,0.46,224.37,0.0,0.0,136.42,725.25,0.74
2024-12-07 16:00:00,32.02,59.12,4.13,16.38,12.06,14.41,11.03,0.35,30.84,0.19,0.96,,,0.16,,32.06,67.5,0.28,160.18,0.0,0.0,46.53,726.6,0.74
2024-12-07 17:00:00,32.46,60.0,4.2,16.27,12.07,14.41,10.78,0.32,20.69,0.19,0.96,,,0.16,,30.79,77.04,0.24,170.9,0.0,0.0,6.43,728.46,0.74
2024-12-07 18:00:00,32.46,59.98,4.24,16.66,12.3,14.4,11.45,0.32,15.0,0.19,0.96,,,0.16,,29.79,80.84,0.24,161.68,0.0,0.0,3.16,730.92,0.73
2024-12-07 19:00:00,32.08,59.24,4.23,16.2,12.04,14.42,11.19,0.31,14.13,0.19,0.96,,,0.16,,29.43,81.79,0.2,173.2,0.0,0.0,2.86,733.34,0.72
2024-12-07 20:00:00,31.35,57.77,4.22,16.14,12.01,14.42,11.55,0.37,13.82,0.19,0.96,,,0.16,,29.17,82.92,0.25,162.78,0.0,0.0,2.79,736.04,0.72
2024-12-07 21:00:00,32.14,59.35,4.23,16.19,12.04,14.43,11.39,0.38,13.5,0.19,0.96,,,0.16,,29.06,83.22,0.22,194.07,0.0,0.0,2.79,736.96,0.72
2024-12-07 22:00:00,31.18,57.44,4.25,16.18,12.05,14.41,11.29,0.35,12.46,0.19,0.96,,,0.16,,28.69,85.84,0.21,175.12,0.0,0.0,2.63,735.57,0.72
2024-12-07 23:00:00,31.48,58.04,4.31,16.13,12.07,14.42,11.21,0.38,11.65,0.19,0.96,,,0.16,,28.22,89.38,0.65,327.84,0.0,0.0,2.63,733.68,0.72
2024-12-08 00:00:00,31.83,58.74,5.15,17.21,13.34,14.24,16.5,0.31,7.58,0.19,0.96,,,0.16,,27.59,92.74,1.52,342.4,0.0,0.0,2.66,732.42,0.72
2024-12-08 01:00:00,33.14,61.35,4.64,16.37,12.48,14.36,15.6,0.3,7.7,0.19,0.96,,,0.16,,27.24,95.01,1.33,295.37,0.0,0.0,2.42,730.14,0.72
2024-12-08 02:00:00,32.37,59.82,4.28,14.12,10.98,14.55,14.01,0.25,8.89,0.19,0.96,,,0.16,,27.34,94.48,0.92,279.07,0.0,0.0,2.5,729.0,0.73
2024-12-08 03:00:00,31.67,58.4,4.26,14.26,11.04,14.55,13.25,0.13,8.91,0.19,0.96,,,0.16,,27.04,96.33,0.86,285.26,0.0,0.0,2.5,728.99,0.73
2024-12-08 04:00:00,31.69,58.44,4.24,13.24,10.48,14.62,11.63,0.11,9.24,0.19,0.96,,,0.16,,26.96,96.44,1.22,231.86,0.0,0.0,2.69,729.1,0.72
2024-12-08 05:00:00,31.11,57.28,4.24,13.32,10.53,14.62,11.34,0.12,8.64,0.19,0.96,,,0.16,,26.64,98.07,0.9,241.33,0.0,0.0,2.54,730.78,0.72
2024-12-08 06:00:00,30.38,55.83,4.27,13.52,10.66,14.6,10.23,0.18,8.99,0.19,0.96,,,0.16,,26.87,97.64,0.74,180.62,0.0,0.0,8.33,733.94,0.72
2024-12-08 07:00:00,30.76,56.59,4.27,14.0,10.92,14.56,10.2,0.22,9.2,0.19,0.96,,,0.16,,27.94,92.67,0.84,319.26,0.0,0.0,88.38,737.33,0.72
2024-12-08 08:00:00,31.65,58.38,4.23,13.68,10.71,14.59,10.34,0.21,12.73,0.19,0.96,,,0.16,,29.46,85.48,0.16,213.54,0.0,0.0,212.04,739.78,0.72
2024-12-08 09:00:00,32.88,60.84,4.15,13.57,10.59,14.6,10.9,0.18,15.95,0.19,0.96,,,0.16,,30.26,78.31,0.27,177.41,0.0,0.0,268.87,739.99,0.72
2024-12-08 10:00:00,32.98,61.02,4.12,13.64,10.6,14.6,11.44,0.2,28.27,0.19,0.96,,,0.16,,31.0,67.97,0.27,190.63,0.0,0.0,270.33,739.84,0.73
2024-12-08 11:00:00,32.79,60.66,4.12,13.79,10.68,14.59,11.42,0.26,23.95,0.19,0.96,,,0.16,,31.6,62.97,0.24,210.17,0.0,0.0,207.07,736.69,0.73
2024-12-08 12:00:00,30.92,56.9,4.17,14.87,11.29,14.53,11.8,0.3,21.76,0.19,0.96,,,0.16,,31.94,59.89,0.35,223.79,0.0,0.0,164.3,733.77,0.73
2024-12-08 13:00:00,30.72,56.52,4.18,15.22,11.48,14.5,11.67,0.32,23.27,0.19,0.96,,,0.16,,31.9,57.52,0.46,228.74,0.0,0.0,128.22,730.17,0.73
2024-12-08 14:00:00,30.46,55.97,4.15,16.16,11.96,14.44,12.1,0.37,24.8,0.19,0.96,,,0.16,,32.0,55.43,0.48,234.82,0.0,0.0,103.24,728.38,0.73
2024-12-08 15:00:00,31.65,58.36,4.19,16.35,12.09,14.4,12.14,0.39,23.92,0.19,0.96,,,0.16,,31.47,62.42,0.76,239.5,0.0,0.0,62.09,727.95,0.73
2024-12-08 16:00:00,31.92,58.93,4.24,18.06,13.04,14.3,12.77,0.42,18.93,0.19,0.96,,,0.16,,31.11,62.2,0.67,233.18,0.0,0.0,39.36,728.38,0.73
2024-12-08 17:00:00,33.22,61.51,4.26,18.63,13.36,14.24,12.79,0.61,19.1,0.19,0.96,,,0.16,,30.53,65.18,0.66,234.21,0.0,0.0,6.88,729.95,0.73
2024-12-08 18:00:00,35.79,66.65,4.34,20.57,14.46,14.11,13.42,0.81,14.73,0.19,0.96,,,0.16,,30.11,70.53,0.72,233.98,0.0,0.0,2.76,731.88,0.72
2024-12-08 19:00:00,37.14,69.34,4.67,22.02,15.5,13.98,14.12,1.06,10.9,0.19,0.96,,,0.16,,29.8,72.82,0.55,232.69,0.0,0.0,2.76,732.98,0.73
2024-12-08 20:00:00,40.36,75.79,4.39,18.84,13.58,14.22,15.2,0.88,11.32,0.19,0.96,,,0.16,,29.38,77.63,0.35,209.98,0.0,0.0,2.64,733.0,0.73
2024-12-08 21:00:00,40.24,75.55,4.37,17.84,13.04,14.29,15.98,0.82,10.92,0.19,0.96,,,0.16,,29.0,82.2,0.2,188.3,0.0,0.0,2.68,733.47,0.73
2024-12-08 22:00:00,41.11,77.28,4.48,17.7,13.05,14.3,16.8,0.84,8.48,0.19,0.96,,,0.16,,28.46,86.11,0.69,269.91,0.0,0.0,2.73,732.77,0.73
2024-12-08 23:00:00,40.8,76.67,4.89,18.02,13.56,14.22,17.64,0.96,7.14,0.19,0.96,,,0.16,,27.59,90.86,1.63,333.66,0.0,0.0,2.58,731.83,0.72
2024-12-09 00:00:00,41.92,78.9,4.78,16.72,12.77,14.28,10.48,0.71,6.18,0.19,0.96,,,0.16,,27.5,91.42,0.44,235.06,0.0,0.0,2.46,731.22,0.72
2024-12-09 01:00:00,43.26,81.59,4.44,15.38,11.78,14.45,9.87,0.47,6.48,0.19,0.96,,,0.16,,27.2,94.18,0.26,69.11,0.0,0.0,2.57,729.62,0.72
2024-12-09 02:00:00,41.44,77.95,4.36,14.14,11.06,14.54,8.97,0.36,5.8,0.19,0.96,,,0.16,,26.88,95.42,1.66,261.65,0.0,0.0,2.66,728.95,0.73
2024-12-09 03:00:00,39.35,73.78,4.36,13.98,10.97,14.56,8.73,0.27,5.92,0.19,0.96,,,0.16,,26.78,96.4,1.65,235.86,0.0,0.0,2.62,729.03,0.73
2024-12-09 04:00:00,38.7,72.48,4.18,13.12,10.36,14.63,7.64,0.16,7.51,0.19,0.96,,,0.16,,26.92,97.24,0.78,275.06,0.0,0.0,2.63,729.92,0.73
2024-12-09 05:00:00,37.8,70.68,4.11,13.04,10.28,14.65,7.14,0.13,8.0,0.19,0.96,,,0.16,,26.93,97.36,0.99,207.32,0.0,0.0,2.66,730.75,0.73
2024-12-09 06:00:00,34.14,63.34,4.2,13.65,10.67,14.6,5.94,0.22,7.28,0.19,0.96,,,0.16,,26.88,98.58,1.63,232.08,0.0,0.0,10.28,733.33,0.73
2024-12-09 07:00:00,35.7,66.48,4.22,14.2,10.98,14.56,5.39,0.25,7.72,0.19,0.96,,,0.16,,27.74,94.85,0.28,202.0,0.0,0.0,68.56,736.33,0.73
2024-12-09 08:00:00,33.27,61.6,4.18,14.7,11.22,14.52,5.97,0.27,11.02,0.19,0.96,,,0.16,,29.36,87.38,0.24,253.8,0.0,0.0,167.95,739.9,0.73
2024-12-09 09:00:00,33.18,61.43,4.0,13.47,10.41,14.63,6.46,0.14,20.29,0.26,1.07,,,0.22,,30.28,80.12,0.21,185.21,0.0,0.0,237.18,740.32,0.73
2024-12-09 10:00:00,34.7,64.46,4.0,13.51,10.43,14.62,6.78,0.15,20.1,0.23,1.04,,,0.21,,31.53,71.25,0.24,249.92,0.0,0.0,270.94,739.55,0.73
2024-12-09 11:00:00,35.28,65.62,4.0,13.28,10.31,14.64,6.27,0.22,22.92,0.23,0.98,,,0.21,,32.0,64.88,0.16,269.39,0.0,0.0,202.14,737.05,0.73
2024-12-09 12:00:00,33.63,62.33,4.0,13.82,10.6,14.6,6.38,0.19,25.79,0.24,0.9,,,0.18,,32.64,60.27,0.22,240.41,0.0,0.0,210.88,733.89,0.73
2024-12-09 13:00:00,33.73,62.52,4.0,13.67,10.52,14.61,5.38,0.18,27.78,0.23,0.85,,,0.16,,32.82,59.74,0.42,309.35,0.0,0.0,319.13,729.91,0.73
2024-12-09 14:00:00,31.48,58.04,4.0,13.99,10.68,14.6,5.16,0.17,28.73,0.21,0.81,,,0.15,,33.12,58.36,0.41,251.07,0.0,0.0,215.38,727.71,0.73
2024-12-09 15:00:00,32.04,59.15,4.0,14.16,10.77,14.58,4.86,0.2,28.94,0.21,0.81,,,0.15,,32.48,61.5,0.74,344.07,0.0,0.0,82.74,726.91,0.73
2024-12-09 16:00:00,34.05,63.16,4.0,14.85,11.14,14.54,5.0,0.27,27.24,0.21,0.81,,,0.15,,32.04,65.09,0.23,216.88,0.0,0.0,35.69,727.18,0.72
2024-12-09 17:00:00,33.98,63.02,4.0,15.82,11.66,14.46,4.43,0.34,25.47,0.22,0.81,,,0.16,,31.32,68.51,0.2,176.03,0.0,0.0,7.59,728.34,0.72
2024-12-09 18:00:00,34.48,64.03,4.11,18.81,13.33,14.24,5.37,0.6,16.99,0.23,0.81,,,0.17,,30.44,73.38,1.4,336.87,0.0,0.0,2.7,729.88,0.72
2024-12-09 19:00:00,35.65,66.37,4.25,21.49,14.88,14.05,6.72,0.64,10.24,0.23,0.81,,,0.17,,29.73,78.28,1.8,348.46,0.0,0.0,2.57,732.14,0.72
2024-12-09 20:00:00,35.24,65.55,4.24,20.19,14.18,14.13,8.37,0.74,9.44,0.23,0.81,,,0.17,,29.31,80.22,1.77,347.92,0.0,0.0,2.58,733.62,0.72
2024-12-09 21:00:00,35.99,67.06,4.5,19.77,14.17,14.14,8.59,0.64,8.05,0.23,0.81,,,0.17,,28.72,84.69,1.33,234.59,0.0,0.0,2.64,734.74,0.72
2024-12-09 22:00:00,37.22,69.52,4.28,17.28,12.66,14.34,8.19,0.58,8.57,0.23,0.81,,,0.17,,28.26,84.53,1.14,325.96,0.0,0.0,2.63,734.82,0.72
2024-12-09 23:00:00,36.34,67.77,4.21,16.72,12.31,14.39,8.13,0.41,8.55,0.23,0.81,,,0.17,,28.01,86.27,1.21,313.58,0.0,0.0,2.65,733.58,0.72
2024-12-10 00:00:00,35.96,66.98,4.39,15.77,11.96,14.41,13.84,0.36,7.33,0.23,0.81,,,0.17,,27.56,87.76,1.72,347.42,0.0,0.0,2.69,732.98,0.72
2024-12-10 01:00:00,37.08,69.22,4.23,14.34,11.06,14.54,13.04,0.33,9.48,0.23,0.81,,,0.17,,27.36,88.94,1.36,237.06,0.0,0.0,2.62,731.05,0.72
2024-12-10 02:00:00,34.68,64.44,4.23,14.08,10.92,14.57,12.24,0.38,9.62,0.23,0.81,,,0.17,,27.27,90.86,0.75,212.74,0.0,0.0,2.69,728.99,0.72
2024-12-10 03:00:00,39.12,73.3,4.36,15.33,11.69,14.47,12.1,0.45,6.84,0.23,0.81,,,0.17,,27.14,92.97,1.2,280.03,0.0,0.0,2.7,728.38,0.72
2024-12-10 04:00:00,38.25,71.57,4.4,15.3,11.71,14.46,11.84,0.47,6.82,0.23,0.81,,,0.17,,27.13,93.04,1.84,352.66,0.0,0.0,2.66,729.2,0.72
2024-12-10 05:00:00,40.02,75.1,4.63,14.85,11.65,14.47,12.21,0.39,5.24,0.23,0.81,,,0.17,,26.66,95.17,1.59,342.3,0.0,0.0,2.72,731.22,0.72
2024-12-10 06:00:00,38.47,72.01,5.21,15.44,12.44,14.37,11.39,0.48,5.38,0.23,0.81,,,0.17,,26.76,94.5,1.31,316.64,0.0,0.0,7.13,734.23,0.72
2024-12-10 07:00:00,38.28,71.61,6.74,17.33,14.69,14.07,12.28,0.69,4.75,0.23,0.81,,,0.17,,27.48,89.25,0.18,117.86,0.0,0.0,61.73,737.4,0.72
2024-12-10 08:00:00,36.92,68.92,5.12,17.06,13.23,14.28,12.26,0.53,8.27,0.23,0.81,,,0.17,,30.14,78.35,1.16,322.38,0.0,0.0,203.57,739.25,0.72
2024-12-10 09:00:00,36.18,67.43,4.21,14.56,11.16,14.53,15.53,0.33,15.88,0.25,0.85,,,0.2,,32.25,68.34,0.4,296.53,0.0,0.0,349.38,739.26,0.72
2024-12-10 10:00:00,36.34,67.74,4.12,13.58,10.56,14.61,17.12,0.19,18.05,0.25,0.85,,,0.22,,32.95,64.68,0.61,303.78,0.0,0.0,337.15,738.26,0.72
2024-12-10 11:00:00,35.46,65.99,4.12,13.18,10.35,14.64,15.13,0.14,21.42,0.26,0.88,,,0.24,,32.69,62.24,0.73,321.38,0.0,0.0,151.41,735.34,0.72
2024-12-10 12:00:00,33.0,61.08,4.1,13.83,10.68,14.6,14.9,0.23,22.89,0.26,0.91,,,0.23,,33.3,60.57,0.48,297.82,0.0,0.0,160.13,731.33,0.72
2024-12-10 13:00:00,33.33,61.74,4.1,13.89,10.71,14.59,13.69,0.26,26.23,0.22,0.88,,,0.18,,33.54,55.46,0.64,304.14,0.0,0.0,372.85,727.29,0.72
2024-12-10 14:00:00,32.21,59.48,4.06,13.9,10.69,14.6,13.51,0.24,28.11,0.22,0.87,,,0.18,,33.56,51.89,1.02,317.92,0.0,0.0,248.62,724.53,0.72
2024-12-10 15:00:00,31.99,59.06,4.1,14.69,11.14,14.54,12.8,0.24,28.84,0.24,0.9,,,0.16,,33.64,50.69,1.13,329.27,0.0,0.0,196.94,723.76,0.73
2024-12-10 16:00:00,31.02,57.1,4.09,15.26,11.44,14.49,12.22,0.3,28.03,0.25,0.91,,,0.16,,33.02,53.3,0.8,274.97,0.0,0.0,63.23,724.78,0.72
2024-12-10 17:00:00,34.26,63.57,4.18,16.67,12.26,14.39,13.02,0.74,20.59,0.22,0.87,,,0.2,,31.54,60.33,0.6,281.14,0.0,0.0,7.04,727.72,0.72
2024-12-10 18:00:00,36.08,67.24,4.16,17.1,12.48,14.36,13.5,0.68,21.16,0.24,0.82,,,0.16,,31.02,59.96,0.61,169.18,0.0,0.0,2.58,731.47,0.72
2024-12-10 19:00:00,37.01,69.1,4.18,18.69,13.33,14.25,15.08,0.78,18.71,0.24,0.81,,,0.16,,30.04,66.0,1.42,335.0,0.0,0.0,2.61,734.96,0.72
2024-12-10 20:00:00,37.62,70.32,4.18,19.7,13.88,14.17,16.98,0.85,22.16,0.24,0.81,,,0.16,,29.72,67.6,0.3,216.16,0.0,0.0,2.42,738.1,0.72
2024-12-10 21:00:00,39.37,73.81,4.28,19.51,13.85,14.19,19.62,0.78,16.18,0.24,0.81,,,0.16,,29.04,72.22,1.1,294.52,0.0,0.0,2.66,739.68,0.72
2024-12-10 22:00:00,37.75,70.58,4.28,18.74,13.45,14.21,22.32,0.69,12.06,0.24,0.81,,,0.16,,28.25,76.56,0.94,289.0,0.0,0.0,2.58,739.64,0.72
2024-12-10 23:00:00,35.71,66.48,4.2,17.1,12.5,14.36,22.61,0.47,13.32,0.24,0.81,,,0.16,,27.79,74.89,0.94,259.16,0.0,0.0,2.62,738.96,0.72
2024-12-11 00:00:00,35.65,66.36,4.03,14.4,10.93,14.57,14.81,0.33,19.05,0.24,0.81,,,0.16,,27.69,76.97,1.08,319.65,0.0,0.0,2.69,737.99,0.72
2024-12-11 01:00:00,35.47,66.01,4.0,13.91,10.65,14.6,12.62,0.32,21.52,0.24,0.81,,,0.16,,27.56,83.02,1.01,284.31,0.0,0.0,2.71,736.77,0.72
2024-12-11 02:00:00,34.44,63.96,4.02,13.8,10.61,14.6,10.91,0.33,20.62,0.24,0.81,,,0.16,,27.52,85.72,0.99,281.76,0.0,0.0,2.74,734.82,0.74
2024-12-11 03:00:00,35.21,65.48,4.04,14.1,10.78,14.58,9.82,0.34,17.53,0.24,0.81,,,0.16,,27.29,86.05,0.94,273.34,0.0,0.0,2.75,733.4,0.74
2024-12-11 04:00:00,34.82,64.71,4.06,14.64,11.08,14.54,9.44,0.34,16.22,0.24,0.81,,,0.16,,27.16,90.72,0.89,281.34,0.0,0.0,2.68,734.45,0.74
2024-12-11 05:00:00,35.33,65.73,4.05,14.28,10.88,14.57,8.93,0.38,15.51,0.24,0.81,,,0.16,,27.08,94.19,1.2,293.75,0.0,0.0,2.69,735.82,0.74
2024-12-11 06:00:00,35.23,65.53,4.22,16.94,12.44,14.35,8.02,0.45,11.42,0.24,0.81,,,0.16,,26.81,93.82,0.99,272.04,0.0,0.0,5.6,737.75,0.74
2024-12-11 07:00:00,34.6,64.26,4.18,16.79,12.32,14.38,7.13,0.46,13.09,0.24,0.81,,,0.16,,27.16,79.17,1.22,320.74,0.0,0.0,33.53,740.53,0.74
2024-12-11 08:00:00,34.66,64.38,4.08,16.96,12.34,14.37,7.25,0.44,16.14,0.24,0.81,,,0.16,,28.42,68.28,0.93,311.98,0.0,0.0,121.35,743.64,0.74
2024-12-11 09:00:00,33.99,63.05,4.04,14.95,11.23,14.54,8.03,0.38,25.74,0.26,0.89,,,0.18,,29.5,61.81,1.14,315.39,0.0,0.0,128.38,745.31,0.74
2024-12-11 10:00:00,37.39,64.23,4.0,14.48,10.94,14.55,7.94,0.37,34.48,0.26,0.95,,,0.18,,30.66,64.92,0.49,275.38,0.0,0.0,225.59,744.72,0.74
2024-12-11 11:00:00,38.93,65.22,4.0,13.87,10.62,14.6,8.17,0.38,34.33,0.27,0.99,,,0.21,,30.85,65.23,0.22,260.64,0.0,0.0,160.9,742.22,0.72
2024-12-11 12:00:00,39.47,66.3,4.0,13.72,10.54,14.61,7.32,0.38,33.89,0.25,0.93,,,0.2,,31.36,62.91,0.25,298.65,0.0,0.0,172.17,738.24,0.72
2024-12-11 13:00:00,40.0,67.36,4.0,13.55,10.46,14.63,7.02,0.35,35.91,0.23,0.86,,,0.2,,31.34,63.7,0.55,303.73,0.0,0.0,173.64,734.32,0.72
2024-12-11 14:00:00,39.45,66.28,4.0,13.72,10.54,14.61,6.86,0.46,37.03,0.27,0.94,,,0.18,,31.52,63.88,0.82,320.78,0.0,0.0,124.9,730.75,0.72
2024-12-11 15:00:00,40.36,68.1,4.0,13.96,10.67,14.59,6.74,0.48,37.28,0.28,0.96,,,0.18,,31.26,65.26,0.45,214.11,0.0,0.0,90.6,729.08,0.72
2024-12-11 16:00:00,39.59,66.55,4.0,14.29,10.85,14.58,6.06,0.48,34.75,0.28,0.96,,,0.18,,30.83,68.57,0.66,320.86,0.0,0.0,33.82,729.91,0.72
2024-12-11 17:00:00,40.16,67.69,4.0,15.71,11.6,14.47,6.14,0.56,29.64,0.28,0.96,,,0.18,,30.18,72.7,0.18,212.15,0.0,0.0,6.94,730.71,0.72
2024-12-11 18:00:00,40.96,69.28,4.04,18.49,13.11,14.27,5.46,0.68,20.98,0.28,0.96,,,0.18,,29.68,75.76,1.05,173.47,0.0,0.0,2.76,732.49,0.72
2024-12-11 19:00:00,41.16,69.7,4.02,18.02,12.84,14.33,5.91,0.67,20.2,0.28,0.96,,,0.18,,29.21,76.5,0.57,257.84,0.0,0.0,2.78,734.42,0.72
2024-12-11 20:00:00,43.41,74.19,4.01,16.34,11.95,14.43,6.53,0.61,22.31,0.28,0.96,,,0.18,,28.96,76.65,0.46,211.19,0.0,0.0,2.74,736.2,0.72
2024-12-11 21:00:00,42.94,73.26,4.04,17.73,12.7,14.34,7.71,0.66,16.78,0.28,0.96,,,0.18,,28.58,80.16,0.61,178.84,0.0,0.0,2.7,737.44,0.72
2024-12-11 22:00:00,41.73,70.82,4.06,16.53,12.08,14.41,7.42,0.66,20.57,0.28,0.96,,,0.18,,28.83,80.04,0.47,271.6,0.0,0.0,2.79,737.35,0.72
2024-12-11 23:00:00,42.33,72.02,4.0,14.13,10.76,14.59,7.74,0.55,30.65,0.28,0.96,,,0.18,,28.69,80.74,0.9,299.15,0.0,0.0,2.91,737.0,0.72
2024-12-12 00:00:00,43.12,73.6,4.0,13.61,10.49,14.6,14.98,0.48,28.89,0.28,0.96,,,0.18,,28.21,84.28,0.47,290.36,0.0,0.0,2.86,735.99,0.72
2024-12-12 01:00:00,42.38,72.14,4.0,12.96,10.14,14.67,12.81,0.43,29.12,0.28,0.96,,,0.18,,27.78,86.84,0.45,288.22,0.0,0.0,2.8,733.97,0.72
2024-12-12 02:00:00,41.92,71.22,4.0,12.9,10.11,14.66,12.46,0.44,30.1,0.28,0.96,,,0.18,,27.51,86.6,0.43,144.34,0.0,0.0,2.74,731.4,0.72
2024-12-12 03:00:00,42.92,73.2,4.0,12.51,9.9,14.7,11.74,0.41,31.78,0.28,0.96,,,0.18,,27.34,86.07,0.88,322.28,0.0,0.0,2.74,729.67,0.72
2024-12-12 04:00:00,40.77,68.9,4.0,12.49,9.89,14.7,10.44,0.41,31.32,0.28,0.96,,,0.18,,27.02,87.44,1.17,342.61,0.0,0.0,2.76,729.67,0.72
2024-12-12 05:00:00,40.86,69.08,4.0,12.41,9.85,14.7,9.54,0.44,31.62,0.28,0.96,,,0.18,,26.94,86.78,0.85,323.2,0.0,0.0,2.76,730.84,0.72
2024-12-12 06:00:00,41.74,70.86,4.0,12.78,10.04,14.67,9.09,0.47,31.17,0.28,0.96,,,0.18,,27.02,85.65,0.75,319.66,0.0,0.0,9.79,733.71,0.72
2024-12-12 07:00:00,41.33,70.04,4.0,13.39,10.36,14.62,8.9,0.54,29.97,0.28,0.96,,,0.18,,27.8,81.28,0.58,311.0,0.0,0.0,67.09,736.99,0.72
2024-12-12 08:00:00,63.86,115.08,4.0,13.45,10.4,14.62,9.96,0.54,33.64,0.28,0.96,,,0.18,,29.02,74.78,0.48,317.91,0.0,0.0,156.57,739.74,0.72
2024-12-12 09:00:00,41.68,70.72,4.0,13.4,10.37,14.64,11.88,0.54,45.38,0.28,0.96,,,0.18,,30.16,68.9,0.28,304.25,0.0,0.0,269.78,741.01,0.72
2024-12-12 10:00:00,49.47,86.3,4.0,13.25,10.29,14.64,12.64,0.48,41.78,0.28,0.96,,,0.18,,30.88,65.58,0.58,311.35,0.0,0.0,278.39,740.69,0.72
2024-12-12 11:00:00,40.44,68.24,4.0,13.3,10.31,14.64,13.0,0.47,44.18,0.28,0.96,,,0.18,,31.54,61.26,0.18,230.26,0.0,0.0,229.14,738.82,0.72
2024-12-12 12:00:00,43.27,73.91,4.0,13.2,10.27,14.65,12.81,0.55,46.55,0.28,0.96,,,0.18,,31.49,60.95,0.56,304.57,0.0,0.0,148.24,735.63,0.72
2024-12-12 13:00:00,42.52,72.4,4.0,13.54,10.45,14.63,12.37,0.56,45.63,0.28,0.96,,,0.18,,31.32,61.42,0.9,305.81,0.0,0.0,101.52,732.6,0.72
2024-12-12 14:00:00,38.56,64.49,4.0,13.74,10.55,14.61,11.97,0.56,45.18,0.28,0.96,,,0.18,,31.31,61.87,1.04,324.54,0.0,0.0,83.74,730.65,0.72
2024-12-12 15:00:00,41.83,71.03,4.0,14.31,10.86,14.58,11.64,0.55,42.9,0.28,0.96,,,0.18,,31.11,62.6,0.84,314.49,0.0,0.0,60.36,729.32,0.72
2024-12-12 16:00:00,43.42,74.21,4.0,14.17,10.78,14.58,11.2,0.59,45.33,0.28,0.96,,,0.18,,30.86,64.57,0.38,242.7,0.0,0.0,35.51,729.44,0.72
2024-12-12 17:00:00,38.13,63.63,4.0,16.6,12.08,14.42,11.24,0.78,40.04,0.28,0.96,,,0.18,,29.94,70.0,0.86,260.32,0.0,0.0,6.84,731.23,0.72
2024-12-12 18:00:00,50.21,87.79,4.02,19.62,13.7,14.22,11.7,1.28,26.63,0.28,0.96,,,0.18,,29.3,74.47,1.65,347.27,0.0,0.0,2.76,733.18,0.72
2024-12-12 19:00:00,56.7,100.78,4.01,19.99,13.89,14.18,16.4,1.16,21.1,0.28,0.96,,,0.18,,29.06,76.24,0.43,292.32,0.0,0.0,2.67,736.12,0.72
2024-12-12 20:00:00,50.1,87.59,4.04,19.4,13.6,14.21,21.19,1.08,20.92,0.28,0.96,,,0.18,,28.82,77.48,0.33,230.67,0.0,0.0,2.72,737.72,0.72
2024-12-12 21:00:00,48.5,84.36,4.14,20.69,14.36,14.12,21.54,1.09,14.01,0.28,0.96,,,0.18,,28.47,81.7,0.75,278.27,0.0,0.0,2.65,739.63,0.72
2024-12-12 22:00:00,45.96,79.3,4.03,17.24,12.43,14.36,21.78,0.86,20.2,0.28,0.96,,,0.18,,28.37,83.1,0.14,202.97,0.0,0.0,2.77,739.75,0.72
2024-12-12 23:00:00,46.1,79.57,4.0,14.91,11.18,14.53,21.72,0.75,25.69,0.28,0.96,,,0.18,,28.14,85.21,0.3,241.2,0.0,0.0,2.74,738.58,0.72
2024-12-13 00:00:00,46.3,79.97,4.05,13.69,10.56,14.62,8.91,0.69,29.61,0.28,0.96,,,0.18,,27.72,88.22,1.03,307.71,0.0,0.0,2.82,737.98,0.72
2024-12-13 01:00:00,50.44,88.26,4.05,12.68,10.03,14.68,6.07,0.62,33.76,0.28,0.96,,,0.18,,27.5,89.12,1.1,298.62,0.0,0.0,2.74,736.29,0.72
2024-12-13 02:00:00,45.21,77.81,4.04,12.58,9.97,14.7,5.43,0.6,35.73,0.28,0.96,,,0.18,,27.42,88.73,0.57,270.65,0.0,0.0,2.62,732.97,0.72
2024-12-13 03:00:00,45.12,77.62,4.05,12.42,9.9,14.7,3.73,0.61,34.83,0.28,0.96,,,0.18,,27.17,89.03,0.33,165.61,0.0,0.0,2.75,732.36,0.72
2024-12-13 04:00:00,41.58,70.54,4.02,12.54,9.94,14.69,2.86,0.62,32.02,0.28,0.96,,,0.18,,26.82,89.22,0.96,323.73,0.0,0.0,2.72,733.2,0.72
2024-12-13 05:00:00,44.22,75.82,4.05,12.49,9.93,14.69,1.29,0.62,33.47,0.28,0.96,,,0.18,,26.6,88.41,0.6,286.24,0.0,0.0,2.74,734.91,0.72
2024-12-13 06:00:00,49.57,86.5,4.03,12.8,10.08,14.67,0.09,0.64,34.36,0.28,0.96,,,0.18,,26.51,86.59,0.42,288.3,0.0,0.0,6.95,737.4,0.72
2024-12-13 07:00:00,44.94,77.26,4.05,13.71,10.58,14.61,,0.73,31.74,0.28,0.96,,,0.18,,27.27,85.21,1.6,343.94,0.0,0.0,31.99,740.98,0.72
2024-12-13 08:00:00,45.02,77.41,4.04,13.88,10.66,14.59,0.11,0.75,33.1,0.28,0.96,,,0.18,,28.28,81.37,0.85,334.84,0.0,0.0,58.04,744.09,0.72
2024-12-13 09:00:00,46.66,80.69,4.02,14.26,10.85,14.57,1.25,0.78,40.42,0.28,0.96,,,0.18,,29.51,75.63,0.35,299.86,0.0,0.0,172.14,746.86,0.72
2024-12-13 10:00:00,44.81,76.99,4.02,13.27,10.32,14.64,1.5,0.7,49.89,0.28,0.96,,,0.18,,30.54,70.37,0.21,235.76,0.0,0.0,226.7,745.59,0.72
2024-12-13 11:00:00,47.96,83.29,4.01,13.28,10.32,14.63,3.28,0.69,48.58,0.28,0.96,,,0.18,,31.28,67.3,0.39,218.07,0.0,0.0,203.78,742.62,0.72
2024-12-13 12:00:00,48.59,84.54,4.01,13.15,10.25,14.65,3.44,0.63,49.28,0.28,0.96,,,0.18,,31.57,63.62,0.14,245.46,0.0,0.0,189.06,738.56,0.72
2024-12-13 13:00:00,46.09,79.56,4.01,13.12,10.23,14.66,3.2,0.65,53.54,0.28,0.96,,,0.18,,32.4,59.71,0.2,260.01,0.0,0.0,295.64,734.84,0.72
2024-12-13 14:00:00,45.22,77.81,4.02,12.98,10.16,14.66,1.82,0.66,56.49,0.28,0.96,,,0.18,,32.92,57.6,0.36,274.68,0.0,0.0,187.44,732.21,0.72
2024-12-13 15:00:00,44.01,75.39,4.0,13.47,10.41,14.62,1.84,0.63,54.31,0.28,0.96,,,0.18,,32.9,57.62,0.53,207.35,0.0,0.0,125.01,730.34,0.72
2024-12-13 16:00:00,44.63,76.62,4.04,14.34,10.9,14.56,0.56,0.74,51.44,0.28,0.96,,,0.18,,32.36,60.1,0.19,177.5,0.0,0.0,46.63,730.84,0.72
2024-12-13 17:00:00,44.16,75.68,4.07,15.24,11.41,14.5,0.56,0.76,43.52,0.28,0.96,,,0.18,,31.2,62.24,0.82,294.07,0.0,0.0,8.36,732.54,0.72
2024-12-13 18:00:00,42.47,72.32,4.08,18.63,13.22,14.26,0.63,0.78,29.87,0.28,0.96,,,0.18,,29.91,69.52,1.15,298.86,0.0,0.0,2.71,735.76,0.72
2024-12-13 19:00:00,43.75,74.88,4.11,20.54,14.26,14.13,1.27,1.04,22.26,0.28,0.96,,,0.18,,29.43,72.71,1.44,348.41,0.0,0.0,2.62,739.28,0.72
2024-12-13 20:00:00,46.88,81.14,4.11,20.45,14.22,14.14,2.04,1.02,20.01,0.28,0.96,,,0.18,,28.88,77.47,1.26,336.5,0.0,0.0,2.6,742.28,0.72
2024-12-13 21:00:00,48.06,83.48,4.11,18.76,13.31,14.26,2.92,0.98,20.92,0.28,0.96,,,0.18,,28.62,80.86,1.87,354.39,0.0,0.0,2.7,743.95,0.72
2024-12-13 22:00:00,48.5,84.37,4.1,18.73,13.29,14.26,2.4,1.03,19.18,0.28,0.96,,,0.18,,28.31,83.47,0.68,220.97,0.0,0.0,2.66,743.98,0.72
2024-12-13 23:00:00,48.33,84.03,4.07,14.42,10.97,14.57,2.07,0.76,27.35,0.28,0.96,,,0.18,,27.92,83.07,0.34,308.58,0.0,0.0,2.71,742.86,0.72
2024-12-14 00:00:00,47.83,83.02,4.05,13.3,10.36,14.63,13.14,0.4,31.96,0.28,0.96,,,0.18,,27.68,82.3,0.72,290.76,0.0,0.0,2.65,741.36,0.72
2024-12-14 01:00:00,45.32,78.0,4.07,12.64,10.02,14.67,11.12,0.41,36.49,0.28,0.96,,,0.18,,27.47,84.93,0.48,202.3,0.0,0.0,2.6,739.82,0.72
2024-12-14 02:00:00,45.98,79.33,4.03,12.52,9.92,14.68,11.65,0.37,38.51,0.28,0.96,,,0.18,,27.34,86.86,0.57,246.63,0.0,0.0,2.61,738.18,0.72
2024-12-14 03:00:00,45.13,77.62,4.06,12.38,9.87,14.68,10.29,0.36,39.41,0.28,0.96,,,0.18,,27.06,88.66,1.23,333.63,0.0,0.0,2.73,737.58,0.72
2024-12-14 04:00:00,47.17,81.7,4.03,12.36,9.85,14.7,10.88,0.36,39.15,0.28,0.96,,,0.18,,26.86,89.69,1.24,337.87,0.0,0.0,2.59,739.73,0.72
2024-12-14 05:00:00,44.96,77.29,4.03,12.96,10.16,14.65,9.27,0.39,37.34,0.28,0.96,,,0.18,,26.75,89.8,1.78,345.64,0.0,0.0,2.67,742.35,0.72
2024-12-14 06:00:00,42.1,71.58,4.05,14.56,11.03,14.54,9.46,0.47,32.97,0.28,0.96,,,0.18,,26.68,89.56,1.3,296.11,0.0,0.0,7.4,744.49,0.72
2024-12-14 07:00:00,46.12,79.62,4.06,16.04,11.83,14.44,8.44,0.57,27.19,0.28,0.96,,,0.18,,27.28,82.83,1.08,214.5,0.0,0.0,59.19,747.22,0.72
2024-12-14 08:00:00,39.75,66.87,4.05,14.76,11.14,14.54,10.15,0.5,37.94,0.28,0.96,,,0.18,,29.32,71.13,0.26,234.28,0.0,0.0,178.66,748.77,0.72
2024-12-14 09:00:00,43.22,73.81,4.01,13.89,10.64,14.6,11.71,0.42,50.69,0.28,0.96,,,0.18,,30.9,65.48,0.19,281.24,0.0,0.0,301.96,749.95,0.72
2024-12-14 10:00:00,43.85,75.07,4.02,13.03,10.19,14.66,13.07,0.36,56.25,0.28,0.96,,,0.18,,31.87,60.15,0.34,272.35,0.0,0.0,310.62,748.88,0.72
2024-12-14 11:00:00,42.37,72.11,4.02,13.08,10.22,14.65,13.44,0.3,56.3,0.28,0.96,,,0.18,,32.12,55.2,0.17,273.69,0.0,0.0,167.57,746.33,0.72
2024-12-14 12:00:00,41.71,70.79,4.04,13.22,10.31,14.65,12.75,0.28,57.86,0.28,0.96,,,0.18,,30.75,53.13,0.67,312.21,0.0,0.0,170.71,742.84,0.72
2024-12-14 13:00:00,40.78,68.93,4.0,12.88,10.1,14.67,12.6,0.27,59.34,0.28,0.96,,,0.18,,31.06,51.79,0.22,200.79,0.0,0.0,367.59,739.32,0.72
2024-12-14 14:00:00,40.26,67.9,4.03,13.28,10.33,14.64,11.86,0.27,59.95,0.28,0.96,,,0.18,,31.22,50.58,0.64,281.22,0.0,0.0,216.79,736.49,0.72
2024-12-14 15:00:00,41.9,71.16,4.01,13.18,10.26,14.64,11.23,0.25,59.44,0.28,0.96,,,0.18,,31.06,50.66,0.42,225.98,0.0,0.0,152.13,734.91,0.72
2024-12-14 16:00:00,43.12,73.61,4.01,13.53,10.45,14.62,10.57,0.3,58.38,0.28,0.96,,,0.18,,30.53,55.5,0.2,191.22,0.0,0.0,62.62,735.57,0.72
2024-12-14 17:00:00,40.55,68.47,4.08,16.14,11.89,14.43,10.32,0.58,50.92,0.28,0.96,,,0.18,,29.36,60.06,0.76,255.62,0.0,0.0,8.07,737.51,0.72
2024-12-14 18:00:00,40.65,68.66,4.09,18.37,13.09,14.29,10.58,0.59,37.49,0.28,0.96,,,0.18,,28.08,67.2,1.8,348.87,0.0,0.0,2.66,740.57,0.72
2024-12-14 19:00:00,44.54,76.45,4.14,21.08,14.57,14.09,12.22,0.79,26.0,0.28,0.96,,,0.18,,27.5,71.19,1.67,342.16,0.0,0.0,2.65,743.44,0.72
2024-12-14 20:00:00,47.91,83.19,4.1,21.68,14.86,14.05,14.34,0.92,21.88,0.28,0.96,,,0.18,,26.86,76.28,1.17,291.33,0.0,0.0,2.59,746.36,0.72
2024-12-14 21:00:00,48.13,83.64,4.11,18.37,13.11,14.27,15.19,0.84,23.45,0.28,0.96,,,0.18,,26.44,79.05,1.61,340.48,0.0,0.0,2.73,747.68,0.72
2024-12-14 22:00:00,49.04,85.44,4.06,16.96,12.32,14.38,14.72,0.71,24.73,0.28,0.96,,,0.18,,26.0,82.87,1.17,186.31,0.0,0.0,2.6,748.0,0.72
2024-12-14 23:00:00,46.34,80.04,4.07,14.37,10.94,14.56,14.04,0.53,31.16,0.28,0.96,,,0.18,,25.59,80.53,1.5,338.84,0.0,0.0,2.75,747.58,0.72
2024-12-15 00:00:00,46.16,79.68,4.12,13.82,10.7,14.59,13.94,0.44,32.25,0.28,0.96,,,0.18,,25.24,81.96,1.3,291.89,0.0,0.0,2.52,745.67,0.72
2024-12-15 01:00:00,44.74,76.84,4.17,12.99,10.29,14.65,11.41,0.39,39.28,0.28,0.96,,,0.18,,25.14,82.9,1.25,279.52,0.0,0.0,2.73,743.94,0.72
2024-12-15 02:00:00,44.29,75.96,4.12,12.5,9.99,14.68,11.86,0.36,42.12,0.28,0.96,,,0.18,,24.89,85.34,1.76,344.66,0.0,0.0,2.62,741.38,0.72
2024-12-15 03:00:00,43.94,75.26,4.14,13.09,10.32,14.64,10.46,0.41,31.52,0.28,0.96,,,0.18,,24.6,87.94,1.69,337.07,0.0,0.0,2.72,740.24,0.72
2024-12-15 04:00:00,40.76,68.9,4.16,13.52,10.58,14.61,10.42,0.42,22.35,0.28,0.96,,,0.18,,24.24,90.24,1.85,353.4,0.0,0.0,2.74,740.97,0.72
2024-12-15 05:00:00,44.68,76.73,4.16,13.88,10.76,14.57,9.76,0.44,24.1,0.28,0.96,,,0.18,,24.18,89.13,1.08,294.95,0.0,0.0,2.54,742.95,0.72
2024-12-15 06:00:00,39.44,66.24,4.21,18.02,13.0,14.28,11.78,0.61,14.37,0.28,0.96,,,0.18,,24.11,90.06,0.93,286.1,0.0,0.0,7.18,746.35,0.72
2024-12-15 07:00:00,38.38,64.12,4.37,19.54,13.94,14.18,12.86,0.7,7.52,0.28,0.96,,,0.18,,24.63,86.36,1.02,258.48,0.0,0.0,56.12,749.81,0.72
2024-12-15 08:00:00,39.37,66.11,4.46,22.06,15.36,14.0,13.57,0.9,20.48,0.28,0.96,,,0.18,,27.04,74.33,0.88,277.3,0.0,0.0,168.36,752.9,0.72
2024-12-15 09:00:00,43.72,74.81,4.17,16.46,12.14,14.41,15.92,0.56,44.13,0.28,0.96,,,0.18,,29.06,63.44,0.52,248.07,0.0,0.0,313.96,754.27,0.72
2024-12-15 10:00:00,43.33,74.03,4.15,13.96,10.79,14.58,16.57,0.48,54.5,0.28,0.96,,,0.18,,29.93,56.59,0.32,259.95,0.0,0.0,322.83,752.67,0.72
2024-12-15 11:00:00,44.34,76.06,4.12,13.88,10.72,14.6,16.71,0.46,58.99,0.28,0.96,,,0.18,,30.25,53.14,0.61,272.3,0.0,0.0,163.45,750.3,0.72
2024-12-15 12:00:00,44.11,75.58,4.12,14.62,11.12,14.54,16.07,0.47,63.77,0.28,0.96,,,0.18,,30.76,49.36,0.94,312.21,0.0,0.0,161.56,746.49,0.72
2024-12-15 13:00:00,43.45,74.27,4.11,13.93,10.74,14.58,15.08,0.41,67.28,0.28,0.96,,,0.18,,31.44,47.28,0.9,316.4,0.0,0.0,390.76,742.23,0.72
2024-12-15 14:00:00,43.18,73.71,4.12,13.75,10.65,14.59,14.43,0.4,68.46,0.28,0.96,,,0.18,,31.9,45.83,0.64,297.97,0.0,0.0,240.16,739.54,0.72
2024-12-15 15:00:00,47.06,81.48,4.11,13.23,10.37,14.63,13.41,0.35,71.05,0.28,0.96,,,0.18,,31.84,45.2,0.31,262.13,0.0,0.0,161.39,737.85,0.72
2024-12-15 16:00:00,45.13,77.64,4.13,13.56,10.57,14.6,13.3,0.4,61.92,0.28,0.96,,,0.18,,30.2,54.39,0.2,166.14,0.0,0.0,69.44,737.94,0.72
2024-12-15 17:00:00,44.84,77.04,4.18,14.57,11.14,14.53,12.23,0.52,59.02,0.28,0.96,,,0.18,,28.73,63.51,0.42,243.88,0.0,0.0,8.02,739.3,0.72
2024-12-15 18:00:00,44.88,77.11,4.16,17.31,12.58,14.34,12.48,0.75,42.75,0.28,0.96,,,0.18,,27.4,70.46,1.66,342.96,0.0,0.0,2.68,740.94,0.72
2024-12-15 19:00:00,46.82,81.01,4.2,17.87,12.91,14.3,13.1,0.93,35.01,0.28,0.96,,,0.18,,26.8,74.13,1.73,343.37,0.0,0.0,2.66,743.89,0.72
2024-12-15 20:00:00,47.63,82.62,4.23,21.75,15.0,14.03,13.65,1.13,24.7,0.28,0.96,,,0.18,,26.54,75.72,1.31,328.56,0.0,0.0,2.54,745.93,0.72
2024-12-15 21:00:00,49.84,87.04,4.2,18.08,13.03,14.28,14.18,0.98,24.4,0.28,0.96,,,0.18,,25.66,80.0,1.45,338.36,0.0,0.0,2.82,746.99,0.72
2024-12-15 22:00:00,52.09,91.55,4.14,14.89,11.28,14.52,15.02,0.64,32.12,0.28,0.96,,,0.18,,25.2,81.24,1.21,230.38,0.0,0.0,2.53,746.96,0.72
2024-12-15 23:00:00,45.53,78.44,4.16,14.19,10.92,14.56,14.27,0.68,32.38,0.28,0.96,,,0.18,,24.74,82.1,1.63,343.45,0.0,0.0,2.74,744.88,0.72
2024-12-16 00:00:00,47.09,81.55,4.05,13.14,10.28,14.65,11.47,0.66,31.33,0.28,0.96,,,0.18,,24.39,84.06,0.97,248.98,0.0,0.0,2.59,743.94,0.72
2024-12-16 01:00:00,47.64,82.66,4.07,13.59,10.53,14.61,7.83,0.64,29.54,0.28,0.96,,,0.18,,24.2,84.12,1.66,343.89,0.0,0.0,2.62,743.0,0.72
2024-12-16 02:00:00,47.86,83.1,4.04,12.8,10.08,14.67,8.18,0.52,35.59,0.28,0.96,,,0.18,,24.29,79.98,1.72,349.48,0.0,0.0,2.52,741.16,0.72
2024-12-16 03:00:00,45.8,78.98,4.0,12.32,9.8,14.71,7.59,0.51,37.89,0.28,0.96,,,0.18,,23.9,83.71,1.75,344.71,0.0,0.0,2.73,740.1,0.72
2024-12-16 04:00:00,42.16,71.68,4.08,13.55,10.52,14.61,6.8,0.6,22.0,0.28,0.96,,,0.18,,23.48,89.76,1.61,333.25,0.0,0.0,2.73,740.14,0.72
2024-12-16 05:00:00,45.21,77.78,4.03,13.62,10.52,14.6,6.59,0.62,21.26,0.28,0.96,,,0.18,,23.18,89.16,1.36,293.37,0.0,0.0,2.65,741.24,0.72
2024-12-16 06:00:00,45.24,77.84,4.08,14.23,10.88,14.57,7.3,0.68,27.33,0.28,0.96,,,0.18,,23.09,90.14,1.3,308.24,0.0,0.0,9.48,743.4,0.72
2024-12-16 07:00:00,44.33,76.04,4.39,21.07,14.77,14.07,9.29,1.0,13.32,0.28,0.96,,,0.18,,24.46,83.2,0.89,294.02,0.0,0.0,70.58,746.02,0.72
2024-12-16 08:00:00,39.08,65.54,4.07,17.27,12.48,14.36,9.37,0.91,33.36,0.28,0.96,,,0.18,,26.54,69.38,0.46,264.2,0.0,0.0,199.56,748.14,0.72
2024-12-16 09:00:00,43.14,73.65,4.0,13.74,10.56,14.6,14.98,0.6,69.13,0.28,0.96,,,0.18,,27.96,61.46,0.51,307.85,0.0,0.0,350.76,748.88,0.72
2024-12-16 10:00:00,44.99,77.35,4.01,12.94,10.14,14.66,14.0,0.53,54.94,0.28,0.96,,,0.18,,29.26,54.27,0.31,287.77,0.0,0.0,354.22,747.51,0.72
2024-12-16 11:00:00,42.45,72.26,4.0,12.25,9.76,14.71,12.6,0.44,57.67,0.28,0.96,,,0.18,,29.3,51.56,0.25,278.24,0.0,0.0,132.0,744.04,0.72
2024-12-16 12:00:00,42.09,71.56,4.0,12.13,9.7,14.72,10.76,0.42,59.7,0.28,0.96,,,0.18,,29.86,49.57,0.32,263.92,0.0,0.0,136.21,739.82,0.72
2024-12-16 13:00:00,42.07,71.52,4.0,12.18,9.72,14.72,10.47,0.38,61.08,0.28,0.96,,,0.18,,30.66,46.68,0.33,264.86,0.0,0.0,425.0,736.62,0.72
2024-12-16 14:00:00,41.56,70.48,4.0,12.63,9.97,14.68,9.98,0.43,63.33,0.28,0.96,,,0.18,,30.82,46.26,0.13,175.98,0.0,0.0,239.3,734.15,0.72
2024-12-16 15:00:00,41.5,70.37,4.0,12.58,9.94,14.69,8.97,0.41,63.83,0.28,0.96,,,0.18,,30.59,50.74,0.17,241.5,0.0,0.0,159.27,733.2,0.72
2024-12-16 16:00:00,41.34,70.05,4.0,13.01,10.17,14.66,8.5,0.45,61.23,0.28,0.96,,,0.18,,29.99,52.44,0.18,151.92,0.0,0.0,61.04,733.81,0.72
2024-12-16 17:00:00,41.26,69.88,4.06,14.8,11.17,14.54,7.46,0.54,53.3,0.28,0.96,,,0.18,,28.75,57.11,0.89,300.64,0.0,0.0,8.46,735.96,0.73
2024-12-16 18:00:00,41.58,70.54,4.04,19.16,13.47,14.24,8.44,0.72,35.11,0.28,0.96,,,0.18,,27.43,65.09,1.27,254.42,0.0,0.0,2.66,737.94,0.73
2024-12-16 19:00:00,42.09,71.56,4.08,19.37,13.61,14.22,8.64,0.86,33.67,0.28,0.96,,,0.18,,26.66,69.11,1.2,289.81,0.0,0.0,2.7,740.26,0.72
2024-12-16 20:00:00,47.83,83.02,4.04,18.82,13.29,14.26,9.05,0.82,33.52,0.28,0.96,,,0.18,,26.26,71.84,0.64,275.98,0.0,0.0,2.53,741.92,0.72
2024-12-16 21:00:00,47.39,82.14,4.15,20.64,14.34,14.11,9.2,0.94,24.2,0.28,0.96,,,0.18,,25.55,75.19,1.13,297.69,0.0,0.0,2.81,743.76,0.72
2024-12-16 22:00:00,46.07,79.52,4.05,15.76,11.67,14.46,9.56,0.78,29.95,0.28,0.96,,,0.18,,25.0,76.62,1.54,329.21,0.0,0.0,2.72,743.04,0.72
2024-12-16 23:00:00,48.18,83.72,4.04,15.97,11.77,14.45,9.04,0.77,29.26,0.28,0.96,,,0.18,,24.99,77.86,1.36,326.02,0.0,0.0,2.64,741.45,0.72
2024-12-17 00:00:00,46.58,80.54,4.09,14.37,10.96,14.55,10.33,0.57,27.13,0.28,0.96,,,0.18,,24.46,81.96,1.33,322.38,0.0,0.0,2.74,739.72,0.72
2024-12-17 01:00:00,46.56,80.5,4.06,13.76,10.61,14.59,9.07,0.5,22.47,0.28,0.96,,,0.18,,24.07,86.88,1.63,332.18,0.0,0.0,2.5,737.48,0.72
2024-12-17 02:00:00,42.44,72.26,4.12,13.8,10.68,14.6,9.64,0.5,16.7,0.28,0.96,,,0.18,,23.8,89.95,1.4,314.09,0.0,0.0,2.67,735.54,0.72
2024-12-17 03:00:00,42.38,72.12,4.08,14.13,10.83,14.59,9.54,0.5,22.48,0.28,0.96,,,0.18,,23.55,86.27,1.05,271.36,0.0,0.0,2.61,733.73,0.72
2024-12-17 04:00:00,43.44,74.25,4.09,13.15,10.32,14.64,9.87,0.44,31.09,0.28,0.96,,,0.18,,23.36,83.85,1.0,278.92,0.0,0.0,2.75,733.73,0.72
2024-12-17 05:00:00,41.8,70.98,4.1,14.37,10.97,14.55,10.2,0.54,24.88,0.28,0.96,,,0.18,,23.5,83.91,1.04,283.84,0.0,0.0,2.63,735.28,0.72
2024-12-17 06:00:00,42.58,72.53,4.24,16.2,12.06,14.4,8.95,0.66,15.45,0.28,0.96,,,0.18,,23.16,86.32,1.08,293.99,0.0,0.0,9.54,737.7,0.72
2024-12-17 07:00:00,44.51,76.4,4.98,19.43,14.38,14.11,9.84,0.82,9.32,0.28,0.96,,,0.18,,23.72,84.1,0.77,245.0,0.0,0.0,45.59,739.51,0.72
2024-12-17 08:00:00,43.98,75.32,4.17,20.21,14.13,14.13,10.6,0.88,21.69,0.28,0.96,,,0.18,,25.6,71.24,0.78,289.31,0.0,0.0,86.69,742.23,0.72
2024-12-17 09:00:00,42.8,72.96,4.07,17.04,12.37,14.38,12.02,0.75,36.43,0.25,0.92,,,0.21,,26.88,59.35,1.09,316.88,0.0,0.0,162.48,743.52,0.72
2024-12-17 10:00:00,42.66,72.7,4.05,16.11,11.86,14.45,12.24,0.56,42.88,0.25,0.9,,,0.2,,28.47,54.11,1.25,312.91,0.0,0.0,320.36,741.09,0.72
2024-12-17 11:00:00,42.53,72.42,4.04,15.04,11.28,14.52,12.81,0.5,45.3,0.27,0.88,,,0.17,,28.88,54.32,1.32,321.36,0.0,0.0,159.04,737.93,0.72
2024-12-17 12:00:00,41.98,71.33,4.02,14.9,11.19,14.52,10.98,0.5,44.53,0.27,0.88,,,0.17,,29.11,54.53,1.33,322.26,0.0,0.0,87.1,734.48,0.72
2024-12-17 13:00:00,41.64,70.66,4.05,14.59,11.04,14.54,10.75,0.48,42.98,0.27,0.88,,,0.17,,29.2,54.55,1.06,318.2,0.0,0.0,65.76,732.24,0.72
2024-12-17 14:00:00,41.76,70.9,4.02,14.19,10.81,14.57,9.25,0.43,42.15,0.24,0.85,,,0.16,,29.31,53.9,1.12,323.99,0.0,0.0,55.2,730.12,0.72
2024-12-17 15:00:00,41.02,69.41,4.05,13.95,10.7,14.59,8.38,0.42,39.24,0.22,0.82,,,0.14,,29.08,57.14,0.7,252.23,0.0,0.0,35.68,730.0,0.72
2024-12-17 16:00:00,40.16,67.69,4.03,14.21,10.82,14.58,7.79,0.4,30.04,0.22,0.82,,,0.14,,28.89,61.91,1.12,320.29,0.0,0.0,22.8,730.0,0.72
2024-12-17 17:00:00,40.15,67.68,4.07,16.08,11.86,14.45,7.49,0.5,24.5,0.22,0.82,,,0.14,,28.38,64.89,1.19,298.28,0.0,0.0,5.1,730.81,0.72
2024-12-17 18:00:00,40.65,68.66,4.08,16.34,12.0,14.41,7.9,0.66,20.01,0.22,0.82,,,0.14,,28.08,67.76,0.13,152.77,0.0,0.0,3.01,733.22,0.72
2024-12-17 19:00:00,41.35,70.07,4.16,17.95,12.92,14.3,7.44,0.88,16.1,0.22,0.82,,,0.14,,27.49,72.55,0.31,238.76,0.0,0.0,3.47,735.94,0.72
2024-12-17 20:00:00,43.35,74.06,4.12,14.98,11.3,14.51,9.12,0.74,20.18,0.22,0.82,,,0.14,,26.96,77.23,0.43,223.32,0.0,0.0,3.06,737.17,0.72
2024-12-17 21:00:00,43.53,74.42,4.08,14.69,11.12,14.54,9.6,0.66,18.39,0.22,0.82,,,0.14,,26.7,80.66,0.48,338.17,0.0,0.0,3.0,738.0,0.72
2024-12-17 22:00:00,43.5,74.36,4.09,13.62,10.56,14.62,10.55,0.53,20.27,0.22,0.82,,,0.14,,26.58,83.43,0.23,246.18,0.0,0.0,3.04,738.01,0.72
2024-12-17 23:00:00,42.74,72.85,4.08,13.06,10.26,14.64,9.56,0.45,19.54,0.22,0.82,,,0.14,,26.39,85.48,0.96,318.73,0.0,0.0,3.02,737.55,0.72
2024-12-18 00:00:00,40.51,68.38,4.13,12.9,10.2,14.65,15.49,0.43,20.96,0.22,0.82,,,0.14,,26.55,84.16,0.25,182.06,0.0,0.0,3.09,735.99,0.72
2024-12-18 01:00:00,42.43,72.23,4.12,13.4,10.48,14.62,14.19,0.46,17.92,0.22,0.82,,,0.14,,26.44,85.18,0.52,332.21,0.0,0.0,3.12,733.84,0.72
2024-12-18 02:00:00,39.18,65.72,4.13,12.98,10.25,14.65,13.83,0.46,19.91,0.22,0.82,,,0.14,,26.47,83.0,1.56,328.12,0.0,0.0,3.12,731.22,0.72
2024-12-18 03:00:00,40.07,67.52,4.1,12.88,10.17,14.66,13.63,0.45,21.34,0.22,0.82,,,0.14,,26.46,82.6,1.26,305.4,0.0,0.0,3.0,729.25,0.72
2024-12-18 04:00:00,36.85,61.08,4.11,12.92,10.21,14.65,12.42,0.48,19.03,0.22,0.82,,,0.14,,26.54,81.45,1.23,298.68,0.0,0.0,3.13,729.0,0.72
2024-12-18 05:00:00,41.53,70.42,4.24,15.17,11.51,14.48,13.26,0.56,13.64,0.22,0.82,,,0.14,,26.49,82.26,0.96,250.72,0.0,0.0,3.1,730.06,0.72
2024-12-18 06:00:00,39.23,65.83,4.21,15.54,11.68,14.46,12.61,0.65,16.06,0.22,0.82,,,0.14,,26.54,80.5,1.36,317.7,0.0,0.0,3.92,733.4,0.72
2024-12-18 07:00:00,39.39,66.16,4.24,16.57,12.26,14.4,13.9,0.74,15.78,0.22,0.82,,,0.14,,26.82,77.61,1.27,320.94,0.0,0.0,14.08,736.22,0.72
2024-12-18 08:00:00,44.34,76.07,4.41,19.36,13.87,14.18,13.72,0.94,13.86,0.22,0.82,,,0.14,,27.47,72.48,1.23,307.81,0.0,0.0,57.79,738.44,0.72
2024-12-18 09:00:00,43.43,74.23,4.23,18.84,13.45,14.22,16.59,0.86,23.1,0.26,0.88,,,0.18,,28.18,66.83,1.4,326.19,0.0,0.0,87.79,739.18,0.72
2024-12-18 10:00:00,43.35,74.08,4.11,15.79,11.74,14.45,16.08,0.67,27.12,0.27,0.89,,,0.19,,29.33,58.96,0.99,311.22,0.0,0.0,108.96,737.39,0.72
2024-12-18 11:00:00,42.49,72.33,4.11,15.6,11.63,14.47,16.83,0.61,30.25,0.27,0.89,,,0.19,,29.07,57.32,1.42,325.02,0.0,0.0,101.17,733.38,0.72
2024-12-18 12:00:00,40.75,68.86,4.08,15.34,11.46,14.5,15.96,0.51,36.77,0.27,0.89,,,0.19,,29.54,54.53,1.46,327.38,0.0,0.0,115.75,729.1,0.72
2024-12-18 13:00:00,40.2,67.78,4.08,15.25,11.43,14.49,16.16,0.49,40.29,0.27,0.89,,,0.19,,30.44,56.15,1.02,308.91,0.0,0.0,161.94,726.37,0.72
2024-12-18 14:00:00,41.31,69.99,4.03,13.63,10.52,14.61,16.23,0.44,43.56,0.27,0.89,,,0.19,,30.82,57.84,0.47,299.86,0.0,0.0,86.25,724.35,0.72
2024-12-18 15:00:00,39.39,66.15,4.07,12.84,10.13,14.67,15.27,0.42,42.02,0.27,0.89,,,0.19,,30.67,58.55,0.9,309.7,0.0,0.0,68.81,723.5,0.72
2024-12-18 16:00:00,39.12,65.6,4.04,12.97,10.18,14.66,14.47,0.43,35.24,0.27,0.89,,,0.19,,30.27,60.11,0.37,246.23,0.0,0.0,21.14,724.48,0.72
2024-12-18 17:00:00,38.88,65.12,4.17,15.52,11.64,14.47,15.05,1.1,24.94,0.27,0.89,,,0.19,,29.8,58.41,0.61,212.94,0.0,0.0,6.77,725.82,0.72
2024-12-18 18:00:00,64.71,116.8,4.23,16.38,12.14,14.4,16.17,1.62,17.21,0.27,0.89,,,0.19,,29.41,60.65,0.54,197.09,0.0,0.0,3.12,728.04,0.72
2024-12-18 19:00:00,52.25,91.86,4.26,18.82,13.47,14.22,18.17,1.58,12.49,0.27,0.89,,,0.19,,28.94,66.64,0.89,285.97,0.0,0.0,3.12,730.96,0.72
2024-12-18 20:00:00,50.79,88.95,4.19,16.36,12.1,14.41,20.58,1.19,15.54,0.27,0.89,,,0.19,,28.64,66.93,0.52,291.27,0.0,0.0,3.03,732.7,0.72
2024-12-18 21:00:00,40.47,68.3,4.11,14.02,10.79,14.57,23.24,0.77,21.1,0.27,0.89,,,0.19,,28.01,71.12,0.22,208.99,0.0,0.0,3.16,733.62,0.72
2024-12-18 22:00:00,40.49,68.35,4.12,12.8,10.15,14.66,22.85,0.57,21.18,0.27,0.89,,,0.19,,27.97,74.85,0.25,192.76,0.0,0.0,3.05,733.39,0.72
2024-12-18 23:00:00,36.06,59.49,4.1,12.91,10.19,14.67,22.53,0.44,19.62,0.27,0.89,,,0.19,,27.65,78.0,0.26,199.42,0.0,0.0,3.06,732.46,0.72
2024-12-19 00:00:00,36.76,60.9,4.0,11.66,9.44,14.74,16.42,0.37,21.93,0.27,0.89,,,0.19,,27.79,79.78,0.17,231.32,0.0,0.0,3.02,730.93,0.72
2024-12-19 01:00:00,36.8,60.97,4.0,11.4,9.3,14.77,15.9,0.36,21.55,0.27,0.89,,,0.19,,27.56,83.16,0.42,294.04,0.0,0.0,2.9,729.14,0.72
2024-12-19 02:00:00,32.2,51.77,4.0,11.44,9.33,14.76,13.87,0.39,20.32,0.27,0.89,,,0.19,,27.44,84.88,0.76,313.93,0.0,0.0,2.94,727.72,0.72
2024-12-19 03:00:00,34.86,57.09,4.0,11.0,9.09,14.79,12.31,0.36,22.22,0.27,0.89,,,0.19,,27.74,81.6,0.39,275.66,0.0,0.0,2.9,726.4,0.72
2024-12-19 04:00:00,31.58,50.52,4.0,10.99,9.09,14.8,11.14,0.32,22.3,0.27,0.89,,,0.19,,27.78,80.9,0.49,308.69,0.0,0.0,3.04,727.62,0.72
2024-12-19 05:00:00,33.99,55.34,4.0,10.93,9.06,14.8,10.04,0.32,23.3,0.27,0.89,,,0.19,,27.84,80.59,0.42,315.51,0.0,0.0,3.06,728.9,0.72
2024-12-19 06:00:00,33.38,54.13,4.0,11.24,9.22,14.78,9.29,0.37,22.58,0.27,0.89,,,0.19,,27.79,81.17,0.56,300.9,0.0,0.0,5.33,731.12,0.72
2024-12-19 07:00:00,31.43,50.23,4.0,12.13,9.7,14.72,8.32,0.42,19.6,0.27,0.89,,,0.19,,28.11,79.5,0.63,315.22,0.0,0.0,45.89,733.6,0.72
2024-12-19 08:00:00,30.92,49.19,4.0,12.1,9.68,14.7,8.6,0.46,19.96,0.27,0.89,,,0.19,,28.91,75.47,0.34,305.2,0.0,0.0,90.45,736.34,0.72
2024-12-19 09:00:00,30.74,48.84,4.0,11.8,9.52,14.73,8.98,0.44,25.02,0.25,0.86,,,0.17,,29.7,71.77,0.54,333.97,0.0,0.0,230.98,737.06,0.72
2024-12-19 10:00:00,33.48,54.32,4.0,11.14,9.17,14.78,9.77,0.35,32.19,0.23,0.84,,,0.16,,30.61,68.68,0.14,237.9,0.0,0.0,278.88,736.7,0.72
2024-12-19 11:00:00,35.4,58.18,4.0,11.2,9.2,14.77,9.82,0.31,34.19,0.23,0.84,,,0.16,,31.24,66.21,0.26,287.18,0.0,0.0,170.51,732.96,0.74
2024-12-19 12:00:00,35.42,58.23,4.0,11.67,9.45,14.75,9.73,0.42,27.94,0.23,0.84,,,0.16,,31.09,66.2,0.19,207.83,0.0,0.0,123.83,729.42,0.74
2024-12-19 13:00:00,32.65,52.67,4.0,12.09,9.67,14.72,9.69,0.51,35.64,0.23,0.84,,,0.16,,29.96,73.52,0.44,308.59,0.0,0.0,66.82,727.53,0.73
2024-12-19 14:00:00,35.75,58.88,4.0,11.81,9.53,14.74,10.09,0.46,32.86,0.23,0.84,,,0.16,,30.18,71.76,0.21,293.32,0.0,0.0,79.07,724.49,0.72
2024-12-19 15:00:00,33.2,53.78,4.0,12.56,9.92,14.7,9.57,0.49,27.67,0.23,0.84,,,0.16,,29.78,74.64,0.22,235.27,0.0,0.0,36.59,723.31,0.72
2024-12-19 16:00:00,33.3,53.96,4.0,12.7,10.0,14.68,9.41,0.49,25.04,0.23,0.84,,,0.16,,28.86,81.93,0.9,337.36,0.0,0.0,15.83,723.31,0.72
2024-12-19 17:00:00,33.86,55.08,4.0,12.77,10.04,14.67,9.63,0.52,23.76,0.23,0.84,,,0.16,,28.6,83.58,0.95,303.29,0.0,0.0,7.49,723.65,0.72
2024-12-19 18:00:00,33.39,54.15,4.0,13.25,10.3,14.64,9.62,0.63,20.55,0.23,0.84,,,0.16,,28.59,82.5,0.51,306.62,0.0,0.0,2.76,726.14,0.72
2024-12-19 19:00:00,35.48,58.32,4.0,13.76,10.56,14.61,9.59,0.72,18.78,0.23,0.84,,,0.16,,28.62,81.66,0.47,285.88,0.0,0.0,2.85,728.29,0.72
2024-12-19 20:00:00,35.26,57.89,4.0,13.37,10.36,14.64,9.7,0.74,18.39,0.23,0.84,,,0.16,,28.68,82.12,0.33,232.98,0.0,0.0,2.84,730.65,0.72
2024-12-19 21:00:00,35.75,58.87,4.0,13.02,10.17,14.66,10.98,0.73,18.23,0.23,0.84,,,0.16,,27.9,89.4,0.43,251.92,0.0,0.0,3.16,731.94,0.72
2024-12-19 22:00:00,36.17,59.71,4.01,12.81,10.07,14.67,10.85,0.68,14.45,0.23,0.84,,,0.16,,27.68,89.34,0.5,288.18,0.0,0.0,3.24,730.58,0.72
2024-12-19 23:00:00,37.83,63.03,4.0,12.45,9.87,14.7,11.23,0.55,15.16,0.23,0.84,,,0.16,,27.69,87.86,0.57,274.74,0.0,0.0,2.88,729.4,0.72
2024-12-20 00:00:00,36.68,60.73,4.0,11.84,9.54,14.73,15.51,0.32,19.44,0.23,0.84,,,0.16,,27.58,85.27,0.6,250.18,0.0,0.0,2.84,727.38,0.72
2024-12-20 01:00:00,35.15,57.67,4.0,11.22,9.22,14.79,14.82,0.28,21.34,0.23,0.84,,,0.16,,27.36,85.47,0.4,235.35,0.0,0.0,2.76,726.14,0.72
2024-12-20 02:00:00,35.38,58.14,4.0,11.18,9.2,14.78,14.6,0.28,21.72,0.23,0.84,,,0.16,,27.23,85.74,0.32,137.45,0.0,0.0,2.82,725.18,0.72
2024-12-20 03:00:00,34.89,57.16,4.0,11.07,9.13,14.79,13.38,0.29,21.54,0.23,0.84,,,0.16,,27.33,85.04,0.2,195.18,0.0,0.0,2.86,723.55,0.72
2024-12-20 04:00:00,34.9,57.17,4.0,11.04,9.12,14.79,13.34,0.31,22.31,0.23,0.84,,,0.16,,27.24,85.45,0.22,289.36,0.0,0.0,2.93,723.76,0.72
2024-12-20 05:00:00,34.74,56.86,4.0,10.96,9.07,14.8,12.42,0.3,23.48,0.23,0.84,,,0.16,,27.4,83.75,0.53,256.57,0.0,0.0,2.93,725.32,0.72
2024-12-20 06:00:00,35.3,57.98,4.0,11.07,9.13,14.79,12.12,0.32,23.36,0.23,0.84,,,0.16,,27.47,84.35,0.77,305.82,0.0,0.0,4.08,728.12,0.72
2024-12-20 07:00:00,34.37,56.11,4.06,13.11,10.26,14.66,11.58,0.45,16.46,0.23,0.84,,,0.16,,27.63,84.97,1.16,308.74,0.0,0.0,15.92,731.51,0.72
2024-12-20 08:00:00,34.45,56.27,4.01,13.14,10.24,14.66,11.72,0.42,14.45,0.23,0.84,,,0.16,,27.61,87.45,1.2,320.74,0.0,0.0,26.35,734.83,0.72
2024-12-20 09:00:00,33.96,55.28,4.06,13.31,10.38,14.63,12.51,0.46,12.46,0.24,0.86,,,0.17,,27.49,91.0,1.34,321.69,0.0,0.0,42.96,735.94,0.72
2024-12-20 10:00:00,33.86,55.1,4.08,13.56,10.52,14.6,13.2,0.47,11.95,0.26,0.89,,,0.19,,27.95,88.96,1.13,319.59,0.0,0.0,94.86,734.53,0.72
2024-12-20 11:00:00,32.92,53.22,4.0,12.11,9.69,14.72,12.73,0.39,17.34,0.26,0.89,,,0.19,,29.08,80.14,1.1,317.98,0.0,0.0,132.29,731.3,0.72
2024-12-20 12:00:00,33.5,54.36,4.0,11.26,9.23,14.78,13.55,0.33,20.2,0.26,0.89,,,0.19,,29.55,77.69,0.18,216.02,0.0,0.0,117.31,727.36,0.72
2024-12-20 13:00:00,33.03,53.44,4.0,11.42,9.32,14.76,14.3,0.33,20.14,0.26,0.89,,,0.19,,28.66,87.58,0.7,283.2,0.0,0.0,107.37,723.93,0.72
2024-12-20 14:00:00,33.46,54.27,4.0,11.27,9.24,14.78,15.0,0.43,17.27,0.26,0.89,,,0.19,,28.73,89.05,0.89,323.08,0.0,0.0,120.5,721.52,0.72
2024-12-20 15:00:00,32.81,52.99,4.0,11.61,9.42,14.75,15.04,0.36,18.38,0.26,0.89,,,0.19,,28.7,89.9,0.31,258.79,0.0,0.0,98.85,721.25,0.72
2024-12-20 16:00:00,32.48,52.33,4.0,11.89,9.57,14.73,13.99,0.42,19.19,0.26,0.89,,,0.19,,28.72,88.82,0.12,137.19,0.0,0.0,112.35,721.15,0.72
2024-12-20 17:00:00,32.96,53.29,4.0,12.11,9.69,14.73,14.24,0.55,18.37,0.26,0.89,,,0.19,,28.06,89.7,0.22,213.68,0.0,0.0,13.78,722.22,0.72
2024-12-20 18:00:00,34.2,55.76,4.04,12.41,9.88,14.7,13.9,0.59,13.88,0.26,0.89,,,0.19,,27.7,91.5,0.55,243.55,0.0,0.0,2.92,723.92,0.72
2024-12-20 19:00:00,34.16,55.68,4.28,13.47,10.64,14.59,15.76,0.5,9.58,0.26,0.89,,,0.19,,27.36,93.63,0.72,271.56,0.0,0.0,2.77,726.44,0.72
2024-12-20 20:00:00,33.8,54.97,4.58,14.85,11.62,14.47,16.62,0.67,6.6,0.26,0.89,,,0.19,,27.44,92.9,0.52,257.38,0.0,0.0,2.96,728.08,0.72
2024-12-20 21:00:00,34.67,56.71,4.26,14.03,10.92,14.56,16.78,0.68,7.02,0.26,0.89,,,0.19,,27.3,93.74,0.21,187.01,0.0,0.0,2.75,730.04,0.72
2024-12-20 22:00:00,33.53,54.43,4.79,14.35,11.52,14.48,16.97,0.57,5.31,0.26,0.89,,,0.19,,26.92,96.31,0.71,246.34,0.0,0.0,2.82,730.08,0.72
2024-12-20 23:00:00,33.79,54.96,4.43,13.12,10.57,14.62,17.24,0.46,5.5,0.26,0.89,,,0.19,,26.8,96.77,1.1,311.88,0.0,0.0,2.77,728.94,0.72
2024-12-21 00:00:00,34.09,55.55,4.34,12.3,10.06,14.67,15.81,0.42,6.76,0.26,0.89,,,0.19,,26.77,96.87,1.41,319.3,0.0,0.0,2.86,727.76,0.72
2024-12-21 01:00:00,33.71,54.79,4.27,11.72,9.7,14.72,14.06,0.36,7.97,0.26,0.89,,,0.19,,27.04,93.56,0.27,233.31,0.0,0.0,3.1,726.05,0.72
2024-12-21 02:00:00,34.41,56.19,4.25,11.86,9.76,14.7,13.85,0.32,8.62,0.26,0.89,,,0.19,,26.75,93.84,0.5,248.43,0.0,0.0,3.1,723.66,0.72
2024-12-21 03:00:00,33.47,54.31,4.27,11.52,9.59,14.74,12.66,0.32,7.52,0.26,0.89,,,0.19,,26.35,95.74,1.06,293.39,0.0,0.0,2.78,722.51,0.72
2024-12-21 04:00:00,33.17,53.71,4.31,11.63,9.69,14.72,12.5,0.36,6.59,0.26,0.89,,,0.19,,26.06,97.86,0.91,247.32,0.0,0.0,2.76,724.21,0.72
2024-12-21 05:00:00,32.98,53.34,4.97,12.62,10.75,14.58,11.5,0.47,4.94,0.26,0.89,,,0.19,,26.01,97.29,1.28,300.8,0.0,0.0,2.79,725.84,0.72
2024-12-21 06:00:00,33.32,54.02,5.04,13.05,11.03,14.54,11.34,0.61,4.57,0.26,0.89,,,0.19,,25.93,97.57,0.82,232.32,0.0,0.0,6.76,729.25,0.72
2024-12-21 07:00:00,33.35,54.08,5.84,13.78,12.08,14.42,12.33,0.72,4.8,0.26,0.89,,,0.19,,26.62,94.69,1.01,266.8,0.0,0.0,47.88,732.54,0.72
2024-12-21 08:00:00,35.43,58.21,6.88,15.47,13.82,14.19,15.35,0.68,5.3,0.26,0.89,,,0.19,,28.73,83.05,0.66,279.4,0.0,0.0,241.08,734.08,0.72
2024-12-21 09:00:00,34.95,57.26,4.42,13.09,10.55,14.61,17.34,0.49,10.44,0.26,0.89,,,0.19,,29.65,77.05,0.46,275.73,0.0,0.0,225.14,734.81,0.72
2024-12-21 10:00:00,33.68,54.74,4.13,11.3,9.36,14.77,16.84,0.35,15.52,0.26,0.89,,,0.19,,30.06,74.59,0.46,331.3,0.0,0.0,216.97,733.6,0.72
2024-12-21 11:00:00,33.46,54.29,4.21,11.63,9.6,14.73,15.04,0.35,17.28,0.26,0.89,,,0.19,,30.75,70.48,0.82,319.86,0.0,0.0,149.14,730.66,0.72
2024-12-21 12:00:00,32.7,52.78,4.18,12.34,9.95,14.69,14.14,0.42,19.85,0.26,0.89,,,0.19,,31.38,65.78,0.92,314.88,0.0,0.0,143.49,726.3,0.72
2024-12-21 13:00:00,34.9,57.17,4.12,11.81,9.62,14.73,14.04,0.43,26.65,0.26,0.89,,,0.19,,32.13,61.48,0.96,315.52,0.0,0.0,334.5,722.6,0.72
2024-12-21 14:00:00,33.8,54.98,4.14,11.62,9.54,14.73,13.61,0.41,29.44,0.26,0.89,,,0.19,,32.72,58.44,1.13,320.59,0.0,0.0,267.83,720.67,0.72
2024-12-21 15:00:00,32.67,52.73,4.12,11.98,9.71,14.72,13.56,0.42,30.76,0.26,0.89,,,0.19,,32.68,59.73,1.03,289.97,0.0,0.0,149.68,720.04,0.72
2024-12-21 16:00:00,32.68,52.73,4.19,12.12,9.84,14.69,12.73,0.44,28.48,0.26,0.89,,,0.19,,31.61,67.74,0.22,170.44,0.0,0.0,41.45,721.44,0.72
2024-12-21 17:00:00,32.0,51.37,4.2,12.64,10.13,14.66,13.38,0.47,26.2,0.26,0.89,,,0.19,,30.79,72.62,0.43,160.48,0.0,0.0,12.14,724.37,0.72
2024-12-21 18:00:00,33.13,53.64,4.28,13.85,10.84,14.58,13.57,0.68,20.89,0.26,0.89,,,0.19,,29.91,77.81,0.42,151.76,0.0,0.0,2.75,727.64,0.72
2024-12-21 19:00:00,34.05,55.47,4.31,14.2,11.06,14.55,14.46,0.82,16.8,0.26,0.89,,,0.19,,29.08,83.46,1.18,149.73,0.0,0.0,2.77,731.28,0.72
2024-12-21 20:00:00,34.91,57.19,4.25,13.34,10.54,14.6,16.39,0.72,18.16,0.26,0.89,,,0.19,,28.44,87.56,0.19,166.86,0.0,0.0,2.76,734.82,0.72
2024-12-21 21:00:00,34.43,56.22,4.23,13.07,10.38,14.63,17.48,0.66,16.67,0.26,0.89,,,0.19,,28.27,88.06,0.2,167.89,0.0,0.0,2.86,736.82,0.72
2024-12-21 22:00:00,34.78,56.94,4.23,12.33,9.99,14.67,17.85,0.62,16.18,0.26,0.89,,,0.19,,27.94,86.58,0.22,199.6,0.0,0.0,2.79,737.0,0.72
2024-12-21 23:00:00,35.15,57.66,4.22,11.8,9.7,14.72,17.05,0.58,14.29,0.26,0.89,,,0.19,,27.57,87.72,0.32,211.14,0.0,0.0,2.62,736.48,0.72
2024-12-22 00:00:00,33.92,55.2,4.33,12.16,9.98,14.66,17.23,0.29,10.68,0.26,0.89,,,0.19,,27.3,88.81,0.19,191.76,0.0,0.0,2.84,734.82,0.72
2024-12-22 01:00:00,33.82,55.01,4.25,11.68,9.66,14.71,15.45,0.17,11.52,0.26,0.89,,,0.19,,27.34,87.45,0.16,208.34,0.0,0.0,2.9,733.29,0.72
2024-12-22 02:00:00,33.53,54.43,4.18,11.46,9.49,14.73,15.09,0.16,11.8,0.26,0.89,,,0.19,,27.22,88.02,0.33,255.9,0.0,0.0,2.97,732.12,0.72
2024-12-22 03:00:00,34.0,55.37,4.23,11.36,9.47,14.74,13.64,0.17,10.41,0.26,0.89,,,0.19,,27.1,88.68,0.4,249.43,0.0,0.0,3.0,730.5,0.72
2024-12-22 04:00:00,33.07,53.51,4.22,11.7,9.64,14.73,13.32,0.19,9.21,0.26,0.89,,,0.19,,26.8,89.26,0.67,311.82,0.0,0.0,2.92,730.61,0.72
2024-12-22 05:00:00,32.86,53.09,4.26,11.66,9.66,14.73,12.18,0.24,7.94,0.26,0.89,,,0.19,,26.28,92.65,1.49,335.02,0.0,0.0,2.76,732.63,0.72
2024-12-22 06:00:00,32.95,53.27,4.38,12.0,9.94,14.68,11.92,0.27,5.88,0.26,0.89,,,0.19,,25.99,95.13,1.61,335.39,0.0,0.0,6.27,734.87,0.72
2024-12-22 07:00:00,32.34,52.06,4.51,12.14,10.12,14.65,10.38,0.3,5.65,0.26,0.89,,,0.19,,26.46,91.58,0.37,305.08,0.0,0.0,17.72,738.21,0.72
2024-12-22 08:00:00,31.93,51.23,4.55,12.78,10.49,14.61,10.75,0.27,5.97,0.26,0.89,,,0.19,,27.15,86.56,0.13,302.18,0.0,0.0,57.81,740.7,0.72
2024-12-22 09:00:00,32.3,51.96,4.24,11.91,9.78,14.7,10.27,0.3,9.62,0.26,0.89,,,0.19,,27.92,83.44,0.11,181.68,0.0,0.0,127.68,742.3,0.72
2024-12-22 10:00:00,34.3,55.98,4.26,11.44,9.54,14.74,10.99,0.27,12.84,0.26,0.89,,,0.19,,29.11,77.47,0.16,183.2,0.0,0.0,298.82,741.73,0.72
2024-12-22 11:00:00,33.38,54.12,5.53,20.83,15.57,13.96,14.0,1.19,20.85,0.26,0.89,,,0.19,,29.61,73.96,0.38,257.12,0.0,0.0,174.55,739.83,0.72
2024-12-22 12:00:00,82.97,153.31,4.22,11.82,9.72,14.7,13.68,0.71,18.28,0.26,0.89,,,0.19,,30.34,66.09,0.18,275.48,0.0,0.0,145.6,734.44,0.72
2024-12-22 13:00:00,44.04,75.45,4.16,11.4,9.44,14.76,18.06,0.5,23.24,0.26,0.89,,,0.19,,31.25,60.47,0.42,266.19,0.0,0.0,419.62,730.44,0.72
2024-12-22 14:00:00,36.07,59.52,4.16,11.4,9.44,14.76,18.2,0.44,28.0,0.26,0.89,,,0.19,,31.79,57.13,0.69,282.49,0.0,0.0,269.1,727.82,0.72
2024-12-22 15:00:00,37.54,62.45,4.12,11.06,9.23,14.78,17.97,0.34,38.68,0.26,0.89,,,0.19,,31.32,61.95,0.22,165.29,0.0,0.0,179.3,726.46,0.72
2024-12-22 16:00:00,35.7,58.78,4.18,11.33,9.42,14.76,17.79,0.4,33.22,0.26,0.89,,,0.19,,30.93,63.17,0.17,197.74,0.0,0.0,83.98,726.22,0.72
2024-12-22 17:00:00,31.32,50.01,4.19,11.81,9.68,14.72,17.99,0.42,23.98,0.26,0.89,,,0.19,,29.92,67.52,0.19,171.08,0.0,0.0,9.86,727.9,0.72
2024-12-22 18:00:00,35.44,58.24,4.3,14.2,11.05,14.53,17.89,0.63,17.52,0.26,0.89,,,0.19,,29.03,72.8,0.73,238.87,0.0,0.0,2.7,730.15,0.73
2024-12-22 19:00:00,39.66,66.68,4.32,14.34,11.13,14.53,18.33,0.73,13.3,0.26,0.89,,,0.19,,28.38,78.13,1.19,343.44,0.0,0.0,2.49,733.41,0.74
2024-12-22 20:00:00,37.9,63.16,4.26,14.43,11.14,14.53,19.35,0.78,12.31,0.26,0.89,,,0.19,,27.95,80.1,1.08,341.81,0.0,0.0,2.55,736.05,0.73
2024-12-22 21:00:00,36.46,60.29,4.28,14.04,10.94,14.56,19.23,0.78,11.52,0.26,0.89,,,0.19,,27.73,80.1,1.37,325.25,0.0,0.0,2.64,737.7,0.73
2024-12-22 22:00:00,37.0,61.37,4.28,13.62,10.71,14.59,19.81,0.59,10.69,0.26,0.89,,,0.19,,27.14,86.36,1.4,334.4,0.0,0.0,2.74,738.08,0.72
2024-12-22 23:00:00,39.56,66.5,4.28,13.25,10.52,14.6,19.97,0.46,9.5,0.26,0.89,,,0.19,,26.73,89.41,1.11,293.33,0.0,0.0,2.7,736.76,0.72
2024-12-23 00:00:00,37.9,63.16,4.12,12.12,9.79,14.7,14.06,0.36,11.96,0.26,0.89,,,0.19,,26.55,92.51,1.54,262.58,0.0,0.0,2.62,734.82,0.72
2024-12-23 01:00:00,37.32,62.0,4.1,11.02,9.18,14.78,11.81,0.27,13.67,0.26,0.89,,,0.19,,26.43,91.48,0.27,188.88,0.0,0.0,2.66,733.84,0.72
2024-12-23 02:00:00,36.57,60.52,4.06,10.61,8.94,14.82,11.21,0.2,12.66,0.26,0.89,,,0.19,,26.28,90.48,0.19,186.36,0.0,0.0,2.61,732.72,0.72
2024-12-23 03:00:00,32.38,52.13,4.08,10.44,8.86,14.82,8.62,0.18,12.54,0.26,0.89,,,0.19,,25.89,92.27,1.3,289.23,0.0,0.0,2.72,732.01,0.74
2024-12-23 04:00:00,32.09,51.54,4.07,10.42,8.84,14.82,8.12,0.17,11.65,0.26,0.89,,,0.19,,25.93,92.2,0.63,333.67,0.0,0.0,2.51,732.77,0.73
2024-12-23 05:00:00,33.41,54.19,4.08,10.86,9.08,14.79,6.87,0.24,10.77,0.26,0.89,,,0.19,,25.6,93.81,1.07,328.19,0.0,0.0,2.68,734.58,0.72
2024-12-23 06:00:00,31.67,50.7,4.13,11.51,9.47,14.74,6.16,0.36,8.62,0.26,0.89,,,0.19,,25.66,92.92,0.38,238.84,0.0,0.0,7.08,736.74,0.72
2024-12-23 07:00:00,36.6,60.57,4.18,12.27,9.92,14.69,6.89,0.48,8.14,0.26,0.89,,,0.19,,26.63,85.64,0.81,290.04,0.0,0.0,67.3,738.77,0.72
2024-12-23 08:00:00,33.62,54.6,4.16,11.95,9.73,14.72,7.56,0.39,12.0,0.26,0.89,,,0.19,,29.2,70.67,0.57,317.6,0.0,0.0,233.42,740.74,0.72
2024-12-23 09:00:00,33.91,55.2,4.06,11.41,9.37,14.75,8.56,0.32,17.34,0.22,0.84,,,0.17,,30.63,62.55,0.66,274.37,0.0,0.0,395.8,741.29,0.72
2024-12-23 10:00:00,33.02,53.4,4.05,11.05,9.16,14.78,9.02,0.27,22.02,0.21,0.83,,,0.17,,31.53,57.36,0.24,246.34,0.0,0.0,392.9,740.46,0.72
2024-12-23 11:00:00,33.27,53.92,4.02,10.78,9.0,14.8,9.28,0.25,28.52,0.21,0.83,,,0.17,,31.78,54.07,0.34,254.64,0.0,0.0,101.13,737.37,0.73
2024-12-23 12:00:00,33.73,54.83,4.05,10.74,9.0,14.81,8.54,0.24,33.44,0.21,0.83,,,0.17,,32.61,44.23,0.69,310.88,0.0,0.0,96.62,732.94,0.72
2024-12-23 13:00:00,34.94,57.24,4.05,10.63,8.94,14.82,8.34,0.32,36.45,0.21,0.83,,,0.17,,33.32,41.34,0.47,276.65,0.0,0.0,426.46,729.15,0.72
2024-12-23 14:00:00,33.23,53.83,4.06,10.92,9.1,14.8,8.07,0.4,36.78,0.21,0.83,,,0.17,,32.24,54.28,0.16,144.69,0.0,0.0,141.76,727.1,0.72
2024-12-23 15:00:00,33.64,54.67,4.06,11.18,9.23,14.76,8.21,0.42,34.11,0.21,0.83,,,0.17,,31.62,59.61,0.25,171.44,0.0,0.0,89.86,726.98,0.72
2024-12-23 16:00:00,36.36,60.1,4.08,11.43,9.39,14.76,7.95,0.41,32.1,0.21,0.83,,,0.17,,30.58,62.82,0.24,167.35,0.0,0.0,40.71,727.78,0.72
2024-12-23 17:00:00,36.92,61.22,4.1,11.5,9.44,14.75,8.03,0.44,30.1,0.22,0.81,,,0.16,,29.9,66.39,0.17,190.35,0.0,0.0,8.42,728.88,0.72
2024-12-23 18:00:00,37.17,61.71,4.09,12.49,9.96,14.68,8.26,0.56,25.17,0.24,0.78,,,0.16,,29.33,71.82,0.24,210.63,0.0,0.0,2.94,731.18,0.72
2024-12-23 19:00:00,34.8,56.98,4.12,12.66,10.08,14.66,7.99,0.66,20.3,0.24,0.78,,,0.16,,28.92,72.51,0.15,234.97,0.0,0.0,2.88,733.5,0.72
2024-12-23 20:00:00,35.24,57.85,4.08,12.18,9.8,14.7,8.94,0.52,19.69,0.24,0.78,,,0.16,,28.7,75.19,0.33,257.06,0.0,0.0,2.88,735.72,0.72
2024-12-23 21:00:00,35.32,58.02,4.11,11.49,9.44,14.75,9.63,0.39,20.72,0.24,0.78,,,0.16,,28.51,76.15,0.32,248.18,0.0,0.0,3.02,737.14,0.72
2024-12-23 22:00:00,35.45,58.28,4.07,11.44,9.39,14.75,10.55,0.31,20.76,0.24,0.78,,,0.16,,27.94,82.91,0.31,234.36,0.0,0.0,3.01,737.34,0.72
2024-12-23 23:00:00,33.79,54.96,4.08,10.64,8.97,14.8,9.64,0.24,22.99,0.24,0.78,,,0.16,,27.69,84.75,0.25,204.98,0.0,0.0,3.0,736.19,0.72
2024-12-24 00:00:00,34.5,56.36,4.11,10.43,8.88,14.82,17.69,0.21,21.9,0.24,0.78,,,0.16,,27.58,84.82,0.24,243.96,0.0,0.0,2.9,734.81,0.72
2024-12-24 01:00:00,33.36,54.1,4.14,10.06,8.71,14.84,16.31,0.23,26.36,0.24,0.78,,,0.16,,27.26,83.06,0.19,184.12,0.0,0.0,3.16,733.01,0.72
2024-12-24 02:00:00,32.62,52.6,4.12,9.9,8.61,14.86,15.9,0.22,25.38,0.24,0.78,,,0.16,,26.26,91.77,0.28,258.54,0.0,0.0,3.19,731.9,0.72
2024-12-24 03:00:00,33.26,53.87,4.12,9.92,8.62,14.86,15.03,0.23,21.63,0.24,0.78,,,0.16,,26.14,92.12,0.46,273.28,0.0,0.0,3.54,730.95,0.72
2024-12-24 04:00:00,32.75,52.87,4.12,9.9,8.62,14.86,14.22,0.22,21.44,0.24,0.78,,,0.16,,26.08,91.56,0.23,221.38,0.0,0.0,2.98,731.54,0.72
2024-12-24 05:00:00,32.66,52.68,4.11,10.12,8.71,14.85,12.66,0.23,19.08,0.24,0.78,,,0.16,,25.87,91.19,0.23,161.07,0.0,0.0,2.95,733.03,0.72
2024-12-24 06:00:00,32.48,52.33,4.13,10.16,8.76,14.83,12.78,0.26,20.62,0.24,0.78,,,0.16,,26.06,85.72,0.75,284.1,0.0,0.0,3.76,734.66,0.72
2024-12-24 07:00:00,33.39,54.15,4.1,10.81,9.08,14.79,11.72,0.36,19.01,0.24,0.78,,,0.16,,26.36,83.44,0.46,322.46,0.0,0.0,16.68,737.25,0.72
2024-12-24 08:00:00,32.72,52.83,4.13,11.12,9.26,14.76,12.03,0.45,19.28,0.24,0.78,,,0.16,,26.98,79.24,0.67,288.86,0.0,0.0,48.07,738.76,0.72
2024-12-24 09:00:00,33.37,54.1,4.12,12.14,9.8,14.71,13.12,0.46,17.2,0.26,0.82,,,0.18,,27.83,73.42,0.66,292.26,0.0,0.0,63.72,739.83,0.72
2024-12-24 10:00:00,32.78,52.93,4.13,11.2,9.3,14.76,14.14,0.4,22.71,0.27,0.85,,,0.2,,28.35,70.66,0.25,246.47,0.0,0.0,83.05,739.4,0.72
2024-12-24 11:00:00,34.84,57.04,4.11,11.08,9.22,14.78,14.5,0.37,20.49,0.29,0.89,,,0.22,,27.17,84.5,0.5,251.56,0.0,0.0,98.67,737.54,0.72
2024-12-24 12:00:00,34.27,55.92,4.12,10.72,9.04,14.8,14.35,0.35,22.2,0.29,0.89,,,0.22,,27.21,85.85,0.91,322.88,0.0,0.0,86.45,734.17,0.72
2024-12-24 13:00:00,33.09,53.55,4.09,10.2,8.75,14.84,14.3,0.27,23.57,0.29,0.89,,,0.22,,26.78,90.28,0.73,315.88,0.0,0.0,68.78,731.8,0.72
2024-12-24 14:00:00,32.71,52.79,4.09,10.29,8.79,14.82,14.31,0.29,20.95,0.29,0.89,,,0.22,,26.14,96.37,0.86,317.36,0.29,0.29,30.41,730.3,0.72
2024-12-24 15:00:00,32.07,51.5,4.12,10.22,8.78,14.84,12.64,0.32,18.58,0.29,0.89,,,0.22,,26.08,95.31,1.2,313.31,0.11,0.11,21.31,729.76,0.72
2024-12-24 16:00:00,34.01,55.39,4.1,10.61,8.97,14.82,11.6,0.33,18.47,0.29,0.89,,,0.22,,25.72,94.32,1.06,311.16,0.0,0.0,10.15,730.28,0.72
2024-12-24 17:00:00,33.19,53.76,4.11,10.56,8.96,14.81,12.12,0.33,19.54,0.29,0.89,,,0.22,,25.6,94.16,0.81,303.56,0.0,0.0,4.02,732.29,0.72
2024-12-24 18:00:00,33.9,55.18,4.08,10.73,9.02,14.8,12.44,0.34,17.62,0.29,0.89,,,0.22,,25.7,94.14,0.5,243.88,0.0,0.0,3.02,734.45,0.72
2024-12-24 19:00:00,33.12,53.62,4.12,10.84,9.11,14.79,11.87,0.38,16.15,0.29,0.89,,,0.22,,26.03,92.32,0.92,318.52,0.0,0.0,3.79,737.49,0.72
2024-12-24 20:00:00,33.26,53.9,4.09,10.6,8.95,14.81,12.15,0.36,16.38,0.29,0.89,,,0.22,,25.99,93.26,0.96,329.34,0.0,0.0,3.09,739.68,0.72
2024-12-24 21:00:00,32.91,53.18,4.14,10.62,9.01,14.8,11.04,0.38,16.16,0.29,0.89,,,0.22,,25.67,97.35,1.22,306.18,0.0,0.0,2.95,741.15,0.72
2024-12-24 22:00:00,36.23,59.84,4.12,10.87,9.12,14.77,11.26,0.38,13.78,0.29,0.89,,,0.22,,25.78,96.23,1.0,314.98,0.0,0.0,3.35,740.57,0.72
2024-12-24 23:00:00,34.33,56.03,4.09,10.32,8.81,14.83,10.51,0.35,15.85,0.29,0.89,,,0.22,,25.84,94.04,1.19,334.93,0.0,0.0,3.61,739.26,0.72
2024-12-25 00:00:00,32.76,52.89,4.11,10.08,8.7,14.84,18.06,0.24,16.2,0.29,0.89,,,0.22,,25.88,93.87,1.17,324.11,0.0,0.0,3.14,737.9,0.72
2024-12-25 01:00:00,32.39,52.16,4.11,10.24,8.78,14.83,16.86,0.25,15.42,0.29,0.89,,,0.22,,25.74,94.7,0.87,270.1,0.0,0.0,3.02,737.0,0.72
2024-12-25 02:00:00,32.77,52.91,4.13,10.07,8.7,14.86,17.38,0.24,13.5,0.29,0.89,,,0.22,,25.7,95.12,0.76,292.74,0.0,0.0,3.4,735.27,0.72
2024-12-25 03:00:00,33.98,55.32,4.11,9.98,8.64,14.85,16.78,0.24,16.7,0.29,0.89,,,0.22,,25.95,92.28,0.66,281.94,0.0,0.0,3.29,734.01,0.72
2024-12-25 04:00:00,33.08,53.53,4.13,9.85,8.59,14.85,17.71,0.23,18.13,0.29,0.89,,,0.22,,26.0,91.18,0.79,308.01,0.0,0.0,3.43,734.94,0.72
2024-12-25 05:00:00,33.94,55.24,4.09,9.9,8.59,14.86,17.96,0.23,17.23,0.29,0.89,,,0.22,,25.99,91.05,0.5,281.43,0.0,0.0,3.37,736.58,0.72
2024-12-25 06:00:00,33.04,53.45,4.13,10.01,8.68,14.85,16.81,0.27,16.88,0.29,0.89,,,0.22,,25.88,91.97,0.53,330.2,0.0,0.0,4.29,738.23,0.72
2024-12-25 07:00:00,33.21,53.8,4.1,10.16,8.73,14.85,16.8,0.3,16.63,0.29,0.89,,,0.22,,25.94,91.89,0.53,278.14,0.0,0.0,13.9,740.86,0.72
2024-12-25 08:00:00,32.4,52.17,4.13,10.39,8.88,14.82,16.61,0.36,16.92,0.29,0.89,,,0.22,,26.29,90.34,0.38,300.73,0.0,0.0,28.43,744.54,0.72
2024-12-25 09:00:00,33.45,54.26,4.14,10.7,9.04,14.8,17.25,0.43,17.76,0.26,0.88,,,0.2,,26.96,86.87,0.29,309.32,0.0,0.0,79.22,746.0,0.72
2024-12-25 10:00:00,34.61,56.58,4.12,10.56,8.96,14.82,17.86,0.44,24.42,0.24,0.87,,,0.19,,27.54,84.66,0.22,248.95,0.0,0.0,107.61,745.14,0.72
2024-12-25 11:00:00,33.86,55.09,4.1,10.44,8.88,14.82,19.62,0.38,32.14,0.24,0.87,,,0.19,,28.36,80.99,0.45,309.33,0.0,0.0,117.58,743.68,0.72
2024-12-25 12:00:00,36.03,59.43,4.11,10.45,8.89,14.82,21.4,0.4,28.83,0.24,0.87,,,0.19,,28.46,80.78,0.74,298.31,0.0,0.0,80.07,740.21,0.72
2024-12-25 13:00:00,35.48,58.33,4.12,10.34,8.84,14.82,21.86,0.39,27.5,0.24,0.87,,,0.19,,28.52,82.07,0.35,295.18,0.0,0.0,134.5,737.32,0.72
2024-12-25 14:00:00,37.53,62.42,4.12,10.15,8.74,14.84,22.48,0.35,32.06,0.24,0.87,,,0.19,,28.83,79.82,0.28,210.35,0.0,0.0,89.7,734.88,0.72
2024-12-25 15:00:00,35.2,57.76,4.16,10.28,8.84,14.82,22.1,0.38,28.19,0.24,0.87,,,0.19,,28.32,84.08,0.19,187.63,0.0,0.0,41.75,734.45,0.72
2024-12-25 16:00:00,33.44,54.27,4.14,10.69,9.05,14.81,22.49,0.4,25.7,0.24,0.87,,,0.19,,27.76,90.01,0.67,290.88,0.0,0.0,20.83,735.82,0.72
2024-12-25 17:00:00,34.58,56.54,4.16,10.7,9.07,14.8,23.0,0.37,23.55,0.24,0.87,,,0.19,,27.51,92.71,0.98,238.92,0.0,0.0,4.78,737.64,0.72
2024-12-25 18:00:00,33.37,54.11,4.14,10.77,9.09,14.79,23.42,0.36,19.79,0.24,0.87,,,0.19,,27.54,90.15,0.4,303.88,0.0,0.0,2.97,740.8,0.72
2024-12-25 19:00:00,35.74,58.86,4.17,10.88,9.17,14.79,22.36,0.38,17.92,0.24,0.87,,,0.19,,27.52,89.28,0.7,323.95,0.0,0.0,3.11,744.18,0.72
2024-12-25 20:00:00,35.28,57.95,4.15,10.5,8.96,14.81,22.27,0.34,16.39,0.24,0.87,,,0.19,,27.47,88.89,1.19,348.87,0.0,0.0,2.93,746.12,0.72
2024-12-25 21:00:00,33.86,55.08,4.15,10.32,8.85,14.82,21.82,0.33,16.86,0.24,0.87,,,0.19,,27.37,87.89,0.42,319.76,0.0,0.0,2.99,748.0,0.72
2024-12-25 22:00:00,33.08,53.53,4.16,10.28,8.84,14.82,21.51,0.32,15.44,0.24,0.87,,,0.19,,27.16,88.99,0.2,241.5,0.0,0.0,2.87,747.91,0.72
2024-12-25 23:00:00,32.39,52.14,4.14,10.43,8.91,14.82,21.26,0.33,12.78,0.24,0.87,,,0.19,,27.04,90.62,0.25,201.3,0.0,0.0,2.95,747.28,0.72
2024-12-26 00:00:00,32.52,52.41,4.11,10.25,8.79,14.82,17.82,0.24,11.79,0.24,0.87,,,0.19,,27.03,88.69,0.62,294.76,0.0,0.0,2.92,745.36,0.72
2024-12-26 01:00:00,33.85,55.07,4.07,9.95,8.6,14.85,17.06,0.22,16.0,0.24,0.87,,,0.19,,27.05,84.55,0.31,213.12,0.0,0.0,2.77,744.11,0.72
2024-12-26 02:00:00,33.16,53.68,4.08,9.8,8.52,14.86,16.58,0.21,18.92,0.24,0.87,,,0.19,,27.15,83.38,0.29,265.95,0.0,0.0,3.16,742.56,0.72
2024-12-26 03:00:00,32.27,51.91,4.06,9.86,8.53,14.87,16.55,0.2,18.95,0.24,0.87,,,0.19,,27.01,83.82,0.36,239.58,0.0,0.0,3.13,741.22,0.72
2024-12-26 04:00:00,31.76,50.9,4.08,9.86,8.55,14.86,16.64,0.22,19.7,0.24,0.87,,,0.19,,27.01,84.28,0.45,304.83,0.0,0.0,3.16,743.08,0.72
2024-12-26 05:00:00,32.03,51.44,4.05,9.93,8.57,14.86,17.07,0.22,17.82,0.24,0.87,,,0.19,,27.0,84.7,0.42,263.84,0.0,0.0,2.98,744.42,0.72
2024-12-26 06:00:00,31.62,50.6,4.08,10.01,8.63,14.85,15.51,0.24,17.73,0.24,0.87,,,0.19,,26.92,85.64,0.61,319.69,0.0,0.0,5.14,747.34,0.72
2024-12-26 07:00:00,33.37,54.11,4.08,10.39,8.83,14.83,15.62,0.31,16.37,0.24,0.87,,,0.19,,27.23,84.08,0.53,317.41,0.0,0.0,35.72,750.54,0.72
2024-12-26 08:00:00,32.57,52.5,4.08,10.37,8.83,14.84,15.24,0.36,18.26,0.24,0.87,,,0.19,,28.22,79.91,0.3,326.27,0.0,0.0,117.17,754.11,0.72
2024-12-26 09:00:00,32.33,52.04,4.08,10.33,8.8,14.84,16.8,0.36,19.88,0.24,0.92,,,0.18,,28.96,77.16,0.34,313.48,0.0,0.0,215.78,755.15,0.72
2024-12-26 10:00:00,32.89,53.16,4.07,10.23,8.74,14.85,17.69,0.31,20.8,0.25,0.94,,,0.16,,29.66,74.68,0.18,240.01,0.0,0.0,188.4,754.82,0.72
2024-12-26 11:00:00,32.94,53.25,4.08,10.22,8.74,14.85,18.0,0.29,24.2,0.26,0.91,,,0.15,,29.96,73.85,0.24,185.89,0.0,0.0,156.99,752.65,0.72
2024-12-26 12:00:00,33.46,54.29,4.07,10.26,8.76,14.84,18.25,0.29,27.47,0.26,0.91,,,0.15,,30.74,70.88,0.18,187.16,0.0,0.0,221.74,749.43,0.72
2024-12-26 13:00:00,34.1,55.56,4.08,10.17,8.71,14.85,18.44,0.26,30.85,0.26,0.91,,,0.15,,31.04,68.79,0.17,187.89,0.0,0.0,282.68,745.97,0.72
2024-12-26 14:00:00,33.76,54.91,4.07,10.24,8.75,14.83,19.02,0.34,31.09,0.26,0.91,,,0.15,,30.99,69.12,0.23,167.41,0.0,0.0,198.02,743.2,0.72
2024-12-26 15:00:00,32.98,53.34,4.1,10.21,8.76,14.84,18.87,0.39,31.54,0.26,0.91,,,0.15,,30.87,69.84,0.18,173.47,0.0,0.0,123.68,741.88,0.72
2024-12-26 16:00:00,33.41,54.19,4.11,10.47,8.9,14.82,19.22,0.4,28.79,0.26,0.91,,,0.15,,30.83,70.92,0.38,152.26,0.0,0.0,116.5,742.72,0.72
2024-12-26 17:00:00,33.97,55.3,4.12,10.88,9.12,14.8,20.75,0.49,27.66,0.26,0.91,,,0.15,,29.84,76.8,0.25,161.11,0.0,0.0,10.58,743.89,0.72
2024-12-26 18:00:00,33.85,55.08,4.13,11.33,9.38,14.76,20.81,0.6,21.51,0.26,0.91,,,0.15,,29.2,81.49,0.92,90.61,0.0,0.0,2.7,746.09,0.72
2024-12-26 19:00:00,34.86,57.09,4.14,11.74,9.61,14.73,21.3,0.7,18.08,0.26,0.91,,,0.15,,28.74,83.96,0.4,255.73,0.0,0.0,2.69,748.26,0.72
2024-12-26 20:00:00,35.53,58.42,4.14,11.75,9.61,14.73,22.19,0.74,15.6,0.26,0.91,,,0.15,,28.45,85.56,0.3,253.38,0.0,0.0,2.67,750.82,0.72
2024-12-26 21:00:00,35.42,58.2,4.13,11.43,9.43,14.76,23.48,0.56,14.77,0.26,0.91,,,0.15,,28.15,87.3,0.23,229.64,0.0,0.0,2.82,752.32,0.72
2024-12-26 22:00:00,36.45,60.26,4.12,10.57,8.97,14.82,23.83,0.36,17.45,0.26,0.91,,,0.15,,27.99,87.24,0.41,284.22,0.0,0.0,2.79,752.2,0.72
2024-12-26 23:00:00,35.71,58.79,4.09,10.15,8.72,14.84,23.75,0.3,20.52,0.26,0.91,,,0.15,,27.72,87.99,0.24,258.52,0.0,0.0,2.87,751.04,0.72
2024-12-27 00:00:00,35.39,58.16,4.09,9.79,8.52,14.86,17.13,0.28,22.61,0.26,0.91,,,0.15,,27.43,89.95,0.22,258.0,0.0,0.0,2.77,749.88,0.72
2024-12-27 01:00:00,34.51,56.38,4.07,9.91,8.57,14.86,16.6,0.32,21.1,0.26,0.91,,,0.15,,27.25,90.71,0.23,218.6,0.0,0.0,2.72,748.8,0.72
2024-12-27 02:00:00,34.78,56.94,4.09,10.02,8.64,14.84,15.31,0.35,19.07,0.26,0.91,,,0.15,,26.94,91.89,0.28,244.29,0.0,0.0,2.75,747.03,0.72
2024-12-27 03:00:00,36.0,59.39,4.06,10.1,8.66,14.85,15.69,0.34,19.29,0.26,0.91,,,0.15,,26.79,89.88,0.3,245.23,0.0,0.0,2.66,746.24,0.72
2024-12-27 04:00:00,35.03,57.43,4.09,10.38,8.84,14.83,15.2,0.38,18.58,0.26,0.91,,,0.15,,26.54,87.94,0.45,213.68,0.0,0.0,2.78,746.48,0.72
2024-12-27 05:00:00,35.12,57.61,4.09,10.72,9.02,14.8,14.66,0.39,15.06,0.26,0.91,,,0.15,,26.36,86.26,0.22,254.81,0.0,0.0,2.68,748.21,0.72
2024-12-27 06:00:00,37.49,62.35,4.06,10.94,9.11,14.78,13.95,0.43,15.5,0.26,0.91,,,0.15,,26.26,86.11,0.18,223.67,0.0,0.0,6.11,751.44,0.72
2024-12-27 07:00:00,37.41,62.18,4.09,11.4,9.38,14.76,14.31,0.52,15.32,0.26,0.91,,,0.15,,26.99,82.34,0.42,273.55,0.0,0.0,56.14,755.1,0.72
2024-12-27 08:00:00,38.14,63.66,4.07,11.28,9.3,14.77,15.66,0.57,19.97,0.26,0.91,,,0.15,,28.42,77.48,0.25,250.46,0.0,0.0,188.57,758.98,0.72
2024-12-27 09:00:00,36.27,59.9,4.07,10.78,9.04,14.82,16.76,0.55,35.25,0.24,0.86,,,0.18,,29.72,71.22,0.16,208.11,0.0,0.0,337.18,760.36,0.72
2024-12-27 10:00:00,39.03,65.42,4.03,10.63,8.92,14.82,18.3,0.55,41.26,0.23,0.84,,,0.19,,30.92,59.41,0.18,188.44,0.0,0.0,363.5,759.18,0.72
2024-12-27 11:00:00,40.56,68.5,4.06,10.1,8.66,14.84,18.36,0.46,47.09,0.25,0.82,,,0.18,,31.29,52.05,0.16,171.04,0.0,0.0,117.71,756.23,0.72
2024-12-27 12:00:00,39.05,65.48,4.06,10.0,8.6,14.86,18.72,0.48,43.14,0.27,0.78,,,0.16,,31.68,51.23,0.26,166.47,0.0,0.0,110.65,752.75,0.72
2024-12-27 13:00:00,38.86,65.1,4.08,10.17,8.72,14.84,18.16,0.5,44.49,0.27,0.78,,,0.16,,32.16,51.74,0.19,183.11,0.0,0.0,454.12,748.67,0.72
2024-12-27 14:00:00,38.19,63.75,4.06,10.07,8.66,14.86,18.37,0.49,45.95,0.27,0.78,,,0.16,,32.18,51.97,0.2,167.19,0.0,0.0,289.58,746.23,0.72
2024-12-27 15:00:00,38.18,63.73,4.08,10.07,8.67,14.85,18.06,0.54,47.02,0.27,0.78,,,0.16,,32.02,53.37,0.1,202.09,0.0,0.0,182.28,745.09,0.72
2024-12-27 16:00:00,38.26,63.88,4.08,10.39,8.84,14.82,17.91,0.59,47.6,0.27,0.78,,,0.16,,31.68,56.03,0.18,213.8,0.0,0.0,83.45,745.5,0.72
2024-12-27 17:00:00,37.91,63.18,4.11,11.4,9.4,14.76,18.2,0.74,45.5,0.27,0.78,,,0.16,,30.65,60.3,0.29,295.26,0.0,0.0,9.96,747.29,0.72
2024-12-27 18:00:00,38.21,63.8,4.16,13.0,10.29,14.63,18.23,0.98,31.43,0.27,0.78,,,0.16,,29.74,62.95,0.48,227.79,0.0,0.0,2.78,749.18,0.72
2024-12-27 19:00:00,40.42,68.2,4.22,13.86,10.8,14.58,19.31,1.02,19.19,0.27,0.78,,,0.16,,28.62,70.51,1.8,348.27,0.0,0.0,2.72,751.18,0.72
2024-12-27 20:00:00,41.75,70.87,4.21,14.07,10.9,14.56,20.52,0.9,14.86,0.27,0.78,,,0.16,,27.98,75.22,1.38,326.56,0.0,0.0,2.63,752.71,0.72
2024-12-27 21:00:00,43.0,73.38,4.12,12.66,10.07,14.67,22.46,0.73,17.24,0.27,0.78,,,0.16,,27.41,76.86,0.8,259.13,0.0,0.0,2.74,754.19,0.72
2024-12-27 22:00:00,43.2,73.76,4.16,12.89,10.23,14.65,21.84,0.73,16.53,0.27,0.78,,,0.16,,27.02,78.85,1.5,333.6,0.0,0.0,2.71,754.1,0.72
2024-12-27 23:00:00,42.04,71.43,4.1,12.89,10.19,14.66,22.09,0.7,19.33,0.27,0.78,,,0.16,,26.54,81.69,1.67,339.48,0.0,0.0,2.67,752.55,0.72
2024-12-28 00:00:00,42.11,71.59,4.0,11.03,9.11,14.8,13.29,0.51,26.66,0.27,0.78,,,0.16,,26.25,83.58,1.63,336.08,0.0,0.0,2.74,750.82,0.72
2024-12-28 01:00:00,44.54,76.44,4.0,11.16,9.19,14.77,12.66,0.5,22.34,0.27,0.78,,,0.16,,25.97,87.28,1.51,326.07,0.0,0.0,2.76,749.24,0.72
2024-12-28 02:00:00,42.39,72.16,4.0,10.43,8.79,14.83,11.5,0.48,27.36,0.27,0.78,,,0.16,,25.82,86.73,1.65,333.0,0.0,0.0,2.75,748.17,0.72
2024-12-28 03:00:00,39.67,66.72,4.0,10.11,8.62,14.86,11.78,0.44,29.05,0.27,0.78,,,0.16,,25.81,87.33,1.23,348.52,0.0,0.0,2.66,746.7,0.72
2024-12-28 04:00:00,42.84,73.05,4.0,10.0,8.57,14.85,10.24,0.42,32.28,0.27,0.78,,,0.16,,25.86,89.59,1.2,338.78,0.0,0.0,2.75,747.1,0.72
2024-12-28 05:00:00,40.78,68.93,4.0,9.9,8.51,14.87,10.45,0.4,36.4,0.27,0.78,,,0.16,,26.03,89.73,0.28,204.56,0.0,0.0,2.74,748.42,0.72
2024-12-28 06:00:00,45.36,78.1,4.0,10.07,8.6,14.86,10.78,0.49,33.02,0.27,0.78,,,0.16,,26.02,87.0,0.28,256.12,0.0,0.0,5.9,751.26,0.72
2024-12-28 07:00:00,41.19,69.75,4.0,10.92,9.05,14.79,9.57,0.68,29.31,0.27,0.78,,,0.16,,26.55,79.7,0.26,239.44,0.0,0.0,49.44,754.5,0.72
2024-12-28 08:00:00,46.34,80.05,4.0,11.56,9.4,14.75,10.22,0.74,30.1,0.27,0.78,,,0.16,,28.2,71.06,0.44,272.36,0.0,0.0,162.07,757.2,0.72
2024-12-28 09:00:00,44.48,76.32,4.0,10.94,9.06,14.79,13.31,0.59,40.23,0.27,0.78,,,0.16,,29.43,70.32,0.14,208.02,0.0,0.0,300.42,757.99,0.72
2024-12-28 10:00:00,42.5,72.39,4.0,10.43,8.8,14.83,15.7,0.52,38.37,0.27,0.78,,,0.16,,30.61,67.0,0.14,240.26,0.0,0.0,364.41,756.86,0.72
2024-12-28 11:00:00,42.07,71.51,4.0,10.03,8.58,14.86,14.9,0.48,44.74,0.27,0.78,,,0.16,,30.98,65.28,0.14,215.52,0.0,0.0,177.0,753.1,0.72
2024-12-28 12:00:00,40.62,68.61,4.0,9.83,8.48,14.86,14.4,0.39,41.62,0.27,0.78,,,0.16,,31.4,61.41,0.16,205.27,0.0,0.0,157.18,749.16,0.72
2024-12-28 13:00:00,37.09,61.55,4.0,9.77,8.44,14.88,13.74,0.36,39.66,0.27,0.78,,,0.16,,31.64,60.09,0.16,219.17,0.0,0.0,366.92,745.39,0.72
2024-12-28 14:00:00,35.37,58.1,4.0,9.72,8.41,14.9,13.1,0.33,38.7,0.27,0.78,,,0.16,,31.87,58.24,0.15,186.3,0.0,0.0,303.06,741.5,0.72
2024-12-28 15:00:00,35.16,57.69,4.0,9.75,8.43,14.88,12.8,0.32,40.23,0.27,0.78,,,0.16,,31.4,60.48,0.2,179.77,0.0,0.0,183.8,740.0,0.72
2024-12-28 16:00:00,36.38,60.14,4.0,10.01,8.57,14.87,12.24,0.36,43.05,0.27,0.78,,,0.16,,31.04,62.14,0.16,192.4,0.0,0.0,65.04,741.26,0.72
2024-12-28 17:00:00,35.66,58.68,4.0,10.96,9.07,14.79,12.1,0.5,41.12,0.27,0.78,,,0.16,,30.24,67.15,1.0,160.52,0.0,0.0,11.31,743.21,0.72
2024-12-28 18:00:00,37.49,62.36,4.0,12.5,9.9,14.7,12.0,0.71,31.32,0.27,0.78,,,0.16,,29.56,71.5,1.25,240.26,0.0,0.0,2.71,744.71,0.72
2024-12-28 19:00:00,38.48,64.31,4.0,13.72,10.54,14.6,13.51,0.87,21.69,0.27,0.78,,,0.16,,28.72,78.0,1.36,342.45,0.0,0.0,2.64,747.37,0.72
2024-12-28 20:00:00,39.82,67.01,4.07,13.64,10.56,14.6,14.53,0.86,16.29,0.27,0.78,,,0.16,,28.03,83.16,1.68,344.46,0.0,0.0,2.7,750.05,0.72
2024-12-28 21:00:00,41.14,69.65,4.0,12.51,9.9,14.69,15.96,0.61,16.42,0.27,0.78,,,0.16,,27.65,86.09,1.63,336.36,0.0,0.0,2.56,751.94,0.72
2024-12-28 22:00:00,42.64,72.63,4.01,12.11,9.69,14.72,15.32,0.55,14.4,0.27,0.78,,,0.16,,27.32,88.88,1.56,340.33,0.0,0.0,2.68,752.39,0.72
2024-12-28 23:00:00,42.58,72.54,4.0,10.84,9.02,14.82,15.08,0.44,13.65,0.27,0.78,,,0.16,,26.99,90.16,0.56,245.22,0.0,0.0,2.55,751.66,0.72
2024-12-29 00:00:00,39.93,67.22,4.0,10.43,8.8,14.84,15.93,0.33,15.41,0.27,0.78,,,0.16,,26.62,90.52,1.34,298.46,0.0,0.0,2.74,750.99,0.72
2024-12-29 01:00:00,38.63,64.62,4.0,10.18,8.66,14.84,14.68,0.27,15.53,0.27,0.78,,,0.16,,26.37,91.8,0.55,293.42,0.0,0.0,2.64,749.12,0.72
2024-12-29 02:00:00,37.54,62.45,4.01,10.05,8.59,14.87,12.78,0.29,17.72,0.27,0.78,,,0.16,,26.19,91.95,0.78,280.83,0.0,0.0,2.61,747.48,0.72
2024-12-29 03:00:00,36.14,59.66,4.0,9.88,8.5,14.88,12.18,0.3,19.84,0.27,0.78,,,0.16,,26.13,90.6,0.13,158.88,,0.0,2.66,746.22,0.72
2024-12-29 04:00:00,38.84,65.04,4.0,9.91,8.52,14.86,10.88,0.28,18.84,0.27,0.78,,,0.16,,25.7,92.72,1.57,340.99,,0.0,2.66,746.02,0.72
2024-12-29 05:00:00,36.29,59.94,4.02,10.46,8.82,14.82,11.14,0.36,14.9,0.27,0.78,,,0.16,,25.58,93.72,1.26,327.32,,0.0,2.66,747.61,0.72
2024-12-29 06:00:00,36.92,61.21,4.04,11.1,9.18,14.77,11.28,0.52,11.98,0.27,0.78,,,0.16,,25.38,95.21,1.18,334.36,,0.0,5.96,749.64,0.72
2024-12-29 07:00:00,37.46,62.28,4.04,11.54,9.42,14.75,11.16,0.52,14.09,0.27,0.78,,,0.16,,26.32,87.14,1.11,293.0,,0.0,57.9,752.91,0.72
2024-12-29 08:00:00,38.79,64.95,4.0,11.03,9.11,14.79,12.78,0.48,23.03,0.27,0.78,,,0.16,,28.62,72.98,0.39,197.0,,0.0,197.61,756.2,0.72
2024-12-29 09:00:00,37.82,63.0,4.0,10.46,8.8,14.83,13.64,0.48,35.44,0.27,0.78,,,0.16,,29.98,69.78,0.23,229.33,,0.0,347.8,757.25,0.72
2024-12-29 10:00:00,37.96,63.28,4.0,10.06,8.59,14.87,14.52,0.44,42.6,0.27,0.78,,,0.16,,30.91,62.73,0.2,267.59,,0.0,390.42,754.98,0.72
2024-12-29 11:00:00,38.53,64.42,4.0,9.9,8.51,14.87,15.54,0.38,62.81,0.27,0.78,,,0.16,,31.19,55.06,0.11,249.15,,0.0,133.21,752.69,0.72
2024-12-29 12:00:00,42.02,71.4,4.0,9.83,8.47,14.88,15.64,0.47,68.45,0.27,0.78,,,0.16,,31.73,51.74,0.44,276.16,,0.0,122.92,748.31,0.72
2024-12-29 13:00:00,40.16,67.69,4.0,9.96,8.54,14.86,14.75,0.45,46.67,0.27,0.78,,,0.16,,32.59,48.94,0.4,321.28,,0.0,462.86,743.76,0.72
2024-12-29 14:00:00,38.88,65.13,4.0,9.9,8.51,14.86,14.39,0.42,46.24,0.27,0.78,,,0.16,,32.96,48.83,0.24,243.55,,0.0,293.92,740.32,0.72
2024-12-29 15:00:00,37.7,62.77,4.0,10.11,8.62,14.85,14.32,0.43,47.9,0.27,0.78,,,0.16,,32.5,51.05,0.21,199.59,,0.0,225.37,739.16,0.72
2024-12-29 16:00:00,36.92,61.19,4.02,10.18,8.67,14.84,14.03,0.44,48.67,0.27,0.78,,,0.16,,32.01,54.91,0.13,166.94,,0.0,119.84,739.18,0.72
2024-12-29 17:00:00,37.91,63.18,4.03,10.9,9.07,14.78,14.78,0.52,46.38,0.27,0.78,,,0.16,,30.83,62.59,0.16,161.85,,0.0,11.95,740.44,0.72
2024-12-29 18:00:00,37.47,62.3,4.1,12.02,9.71,14.71,14.9,0.72,36.76,0.27,0.78,,,0.16,,29.6,69.58,1.2,336.8,,0.0,2.72,742.89,0.72
2024-12-29 19:00:00,37.56,62.48,4.03,12.29,9.81,14.7,15.7,0.8,28.68,0.27,0.78,,,0.16,,28.66,76.12,1.15,340.06,,0.0,2.44,746.03,0.72
2024-12-29 20:00:00,40.88,69.11,4.05,13.06,10.24,14.64,16.4,0.94,24.46,0.27,0.78,,,0.16,,28.27,76.47,1.78,348.79,,0.0,2.56,749.31,0.72
2024-12-29 21:00:00,42.31,71.98,4.04,12.76,10.06,14.66,16.96,0.82,21.66,0.27,0.78,,,0.16,,27.6,82.13,1.74,345.81,,0.0,2.69,751.16,0.72
2024-12-29 22:00:00,42.3,71.96,4.02,11.54,9.4,14.75,17.25,0.64,22.84,0.27,0.78,,,0.16,,27.08,83.55,1.66,344.51,,0.0,2.58,751.47,0.72
2024-12-29 23:00:00,42.79,72.94,4.0,10.86,9.02,14.8,17.06,0.5,25.49,0.27,0.78,,,0.16,,26.79,84.82,1.77,346.91,,0.0,2.63,750.17,0.72
2024-12-30 00:00:00,39.16,65.69,4.07,10.38,8.83,14.83,15.31,0.43,23.36,0.27,0.78,,,0.16,,26.26,86.99,1.56,331.66,,0.0,2.65,748.44,0.72
2024-12-30 01:00:00,40.7,68.78,4.1,10.36,8.84,14.83,12.74,0.42,18.86,0.27,0.78,,,0.16,,26.01,85.91,1.5,338.13,,0.0,2.59,746.97,0.72
2024-12-30 02:00:00,39.92,67.22,4.08,10.03,8.65,14.85,11.46,0.4,22.36,0.27,0.78,,,0.16,,25.96,81.92,1.31,315.44,,0.0,2.62,745.02,0.72
2024-12-30 03:00:00,37.92,63.22,4.16,10.18,8.8,14.83,11.52,0.45,22.33,0.27,0.78,,,0.16,,25.82,84.13,1.02,274.35,,0.0,2.75,744.0,0.72
2024-12-30 04:00:00,40.52,68.42,4.13,10.37,8.87,14.82,11.34,0.53,19.54,0.27,0.78,,,0.16,,25.73,84.76,1.23,311.26,,0.0,2.72,744.0,0.72
2024-12-30 05:00:00,38.31,64.0,4.16,10.6,9.01,14.81,11.24,0.56,13.61,0.27,0.78,,,0.16,,25.4,89.13,1.7,338.32,,0.0,2.8,744.62,0.72
2024-12-30 06:00:00,41.44,70.26,4.12,10.91,9.14,14.79,12.43,0.58,13.36,0.27,0.78,,,0.16,,25.12,84.17,1.66,335.94,,0.0,6.12,746.82,0.72
2024-12-30 07:00:00,40.64,68.65,4.23,13.32,10.51,14.61,12.27,0.82,10.51,0.27,0.78,,,0.16,,26.02,80.84,1.54,332.44,,0.0,54.02,749.8,0.72
2024-12-30 08:00:00,40.95,69.26,4.47,14.87,11.54,14.48,14.56,0.99,9.85,0.27,0.78,,,0.16,,28.46,72.06,0.63,235.38,,0.0,187.78,753.24,0.72
2024-12-30 09:00:00,41.57,70.53,4.14,12.66,10.09,14.66,16.51,0.81,38.68,0.22,0.84,,,0.14,,30.3,59.63,0.21,229.12,,0.0,339.42,755.07,0.72
2024-12-30 10:00:00,43.71,74.79,4.05,10.64,8.94,14.8,19.45,0.56,43.8,0.23,0.88,,,0.17,,31.1,58.89,0.16,194.54,,0.0,389.24,754.0,0.72
2024-12-30 11:00:00,42.96,73.27,4.04,10.37,8.79,14.83,20.6,0.48,47.94,0.25,0.9,,,0.19,,31.66,58.28,0.28,320.32,,0.0,134.14,750.47,0.72
2024-12-30 12:00:00,40.47,68.3,4.06,10.18,8.71,14.84,18.99,0.42,50.88,0.24,0.94,,,0.16,,32.32,55.7,0.2,227.16,,0.0,138.27,746.38,0.72
2024-12-30 13:00:00,40.07,67.51,4.05,10.27,8.75,14.83,17.64,0.46,50.44,0.23,0.96,,,0.14,,33.18,53.38,0.22,207.94,,0.0,398.24,742.73,0.72
2024-12-30 14:00:00,39.2,65.76,4.09,10.24,8.76,14.83,16.58,0.53,49.83,0.24,0.92,,,0.16,,33.25,50.86,0.14,195.94,,0.0,270.68,740.01,0.72
2024-12-30 15:00:00,38.5,64.38,4.09,10.74,9.04,14.8,16.45,0.61,41.68,0.25,0.91,,,0.17,,32.92,49.79,0.2,167.51,,0.0,171.63,739.96,0.72
2024-12-30 16:00:00,38.3,63.97,4.12,10.32,8.83,14.82,15.8,0.56,38.5,0.25,0.91,,,0.17,,32.46,51.19,0.16,179.34,,0.0,84.26,740.54,0.72
2024-12-30 17:00:00,38.38,64.13,4.12,10.93,9.16,14.79,16.15,0.61,35.87,0.25,0.91,,,0.17,,31.32,58.03,0.5,253.05,,0.0,16.42,742.68,0.72
2024-12-30 18:00:00,38.91,65.2,4.2,12.41,10.0,14.68,16.14,0.82,30.79,0.25,0.91,,,0.17,,30.05,65.98,1.82,355.32,,0.0,2.76,745.25,0.72
2024-12-30 19:00:00,38.8,64.97,4.18,14.3,10.99,14.54,17.28,1.12,25.43,0.25,0.91,,,0.17,,29.59,68.03,0.66,214.12,,0.0,2.52,748.1,0.72
2024-12-30 20:00:00,40.94,69.24,4.22,13.98,10.86,14.57,19.6,1.22,25.0,0.25,0.91,,,0.17,,29.16,74.62,0.5,256.86,,0.0,2.71,750.68,0.72
2024-12-30 21:00:00,43.44,74.25,4.22,12.68,10.18,14.64,21.88,0.94,20.93,0.25,0.91,,,0.17,,28.32,82.85,1.33,332.6,,0.0,2.69,752.46,0.72
2024-12-30 22:00:00,44.72,76.81,4.14,11.5,9.47,14.75,22.52,0.77,23.11,0.25,0.91,,,0.17,,28.05,86.77,0.59,286.27,,0.0,2.57,753.36,0.72
2024-12-30 23:00:00,42.76,72.88,4.12,10.76,9.06,14.8,21.18,0.64,23.38,0.25,0.91,,,0.17,,27.58,89.23,0.51,249.2,,0.0,2.72,751.8,0.72
2024-12-31 00:00:00,42.31,71.99,4.01,10.57,8.88,14.8,12.14,0.61,21.04,0.25,0.91,,,0.17,,27.17,92.28,0.88,358.67,,0.0,2.55,750.68,0.72
2024-12-31 01:00:00,41.39,70.16,4.03,10.2,8.7,14.84,9.4,0.56,21.36,0.25,0.91,,,0.17,,27.03,94.28,0.28,271.33,,0.0,2.51,749.0,0.72
2024-12-31 02:00:00,41.63,70.64,4.01,9.86,8.49,14.86,8.93,0.51,22.08,0.25,0.91,,,0.17,,26.68,92.47,0.74,280.24,,0.0,2.67,746.92,0.72
2024-12-31 03:00:00,41.17,69.7,4.02,9.76,8.45,14.88,7.43,0.52,23.47,0.25,0.91,,,0.17,,26.63,91.15,0.29,224.37,,0.0,2.7,745.84,0.72
2024-12-31 04:00:00,43.04,73.46,4.0,9.95,8.55,14.86,5.82,0.54,23.08,0.25,0.91,,,0.17,,26.67,91.02,0.35,189.89,,0.0,2.56,746.75,0.72
2024-12-31 05:00:00,38.62,64.6,4.01,9.98,8.56,14.86,4.71,0.57,24.9,0.25,0.91,,,0.17,,26.84,91.92,0.48,282.89,,0.0,2.91,748.9,0.72
2024-12-31 06:00:00,40.4,68.18,4.0,10.18,8.67,14.84,4.56,0.61,24.4,0.25,0.91,,,0.17,,26.68,94.54,0.73,320.39,,0.0,5.04,751.02,0.72
2024-12-31 07:00:00,39.72,66.82,4.02,10.99,9.1,14.79,3.68,0.81,21.54,0.25,0.91,,,0.17,,27.06,94.15,0.45,176.12,,0.0,40.86,754.06,0.72
2024-12-31 08:00:00,40.13,67.63,4.01,10.53,8.85,14.83,5.02,0.69,26.84,0.25,0.91,,,0.17,,28.37,87.48,0.44,299.4,,0.0,138.44,756.42,0.72
2024-12-31 09:00:00,38.41,64.2,4.0,10.13,8.64,14.85,6.31,0.66,37.38,0.22,0.85,,,0.15,,29.8,77.93,0.64,244.16,,0.0,269.9,757.42,0.72
2024-12-31 10:00:00,41.22,69.82,4.0,10.04,8.59,14.86,6.63,0.61,44.16,0.21,0.84,,,0.14,,30.66,70.9,0.1,217.7,,0.0,345.92,756.12,0.72
2024-12-31 11:00:00,42.18,71.72,4.0,9.81,8.46,14.88,7.2,0.56,47.42,0.21,0.84,,,0.14,,31.06,66.23,0.24,192.89,,0.0,191.13,753.14,0.72
2024-12-31 12:00:00,41.54,70.44,4.0,9.96,8.55,14.86,6.88,0.54,51.29,0.21,0.84,,,0.14,,31.65,63.7,0.18,170.33,,0.0,204.68,749.05,0.72
2024-12-31 13:00:00,40.9,69.18,4.0,10.07,8.6,14.85,7.36,0.61,52.92,0.21,0.84,,,0.14,,32.78,59.47,0.28,238.68,,0.0,383.87,744.31,0.72
2024-12-31 14:00:00,41.28,69.93,4.02,10.08,8.62,14.85,6.96,0.66,54.17,0.21,0.84,,,0.14,,32.92,57.78,0.19,244.02,,0.0,203.0,740.74,0.72
2024-12-31 15:00:00,41.01,69.39,4.02,10.24,8.7,14.84,7.23,0.65,51.8,0.21,0.84,,,0.14,,32.77,58.63,0.13,212.31,,0.0,143.22,738.62,0.72
2024-12-31 16:00:00,40.81,68.98,4.04,10.38,8.8,14.83,7.34,0.65,51.12,0.21,0.84,,,0.14,,32.18,62.59,0.2,173.12,,0.0,62.22,738.66,0.72
2024-12-31 17:00:00,39.46,66.28,4.07,10.89,9.09,14.78,7.79,0.69,46.65,0.21,0.84,,,0.14,,31.18,68.68,0.3,160.52,,0.0,11.02,739.9,0.72
2024-12-31 18:00:00,41.14,69.64,4.11,11.85,9.64,14.72,8.49,0.82,39.3,0.21,0.84,,,0.14,,30.25,74.62,0.74,220.88,,0.0,2.68,741.82,0.72
2024-12-31 19:00:00,40.98,69.34,4.1,12.76,10.11,14.66,9.26,0.99,29.18,0.21,0.84,,,0.14,,29.57,80.64,1.53,335.96,,0.0,2.61,744.44,0.72
2024-12-31 20:00:00,43.32,73.99,4.07,12.11,9.74,14.7,11.07,0.98,27.54,0.21,0.84,,,0.14,,29.31,83.25,0.89,237.41,,0.0,2.45,747.29,0.72
2024-12-31 21:00:00,43.3,73.97,4.14,12.48,9.99,14.68,10.85,1.18,19.81,0.21,0.84,,,0.14,,28.73,84.73,1.64,346.55,,0.0,2.64,749.64,0.72
2024-12-31 22:00:00,43.36,74.09,4.05,11.73,9.52,14.75,10.63,0.94,19.06,0.21,0.84,,,0.14,,28.04,89.51,1.51,330.91,,0.0,2.59,749.19,0.72
2024-12-31 23:00:00,44.17,75.72,4.07,11.32,9.32,14.77,11.16,0.93,18.92,0.21,0.84,,,0.14,,27.96,90.3,1.68,338.75,,0.0,2.58,748.45,0.72
