Timestamp,PM2.5 (µg/m³),PM10 (µg/m³),NO (µg/m³),NO2 (µg/m³),NOx (ppb),NH3 (µg/m³),SO2 (µg/m³),CO (mg/m³),Ozone (µg/m³),Benzene (µg/m³),Toluene (µg/m³),Xylene (µg/m³),O Xylene (µg/m³),Eth-Benzene (µg/m³),MP-Xylene (µg/m³),AT (°C),RH (%),WS (m/s),WD (deg),RF (mm),TOT-RF (mm),SR (W/mt2),BP (mmHg),VWS (m/s)
2023-01-01 00:00:00,,,,,,,,,,,,,,,,,,,,,0.0,,,
2023-01-01 01:00:00,,,,,,,,,,,,,,,,,,,,,0.0,,,
2023-01-01 02:00:00,,,,,,,,,,,,,,,,,,,,,0.0,,,
2023-01-01 03:00:00,,,,,,,,,,,,,,,,,,,,,0.0,,,
2023-01-01 04:00:00,,,,,,,,,,,,,,,,,,,,,0.0,,,
2023-01-01 05:00:00,,,,,,,,,,,,,,,,,,,,,0.0,,,
2023-01-01 06:00:00,,,,,,,,,,,,,,,,,,,,,0.0,,,
2023-01-01 07:00:00,,,,,,,,,,,,,,,,,,,,,0.0,,,
2023-01-01 08:00:00,,,,,,,,,,,,,,,,,,,,,0.0,,,
2023-01-01 09:00:00,,,,,,,,,,,,,,,,,,,,,0.0,,,
2023-01-01 10:00:00,,,,,,,,,,,,,,,,,,,,,0.0,,,
2023-01-01 11:00:00,,,,,,,,,,,,,,,,,,,,,0.0,,,
2023-01-01 12:00:00,,,,,,,,,,,,,,,,,,,,,0.0,,,
2023-01-01 13:00:00,,,,,,,,,,,,,,,,,,,,,0.0,,,
2023-01-01 14:00:00,,,,,,,,,,,,,,,,,,,,,0.0,,,
2023-01-01 15:00:00,,,,,,,,,,,,,,,,,,,,,0.0,,,
2023-01-01 16:00:00,,,,,,,,,,,,,,,,,,,,,0.0,,,
2023-01-01 17:00:00,,,,,,,,,,,,,,,,,,,,,0.0,,,
2023-01-01 18:00:00,,,,,,,,,,,,,,,,,,,,,0.0,,,
2023-01-01 19:00:00,,,,,,,,,,,,,,,,,,,,,0.0,,,
2023-01-01 20:00:00,,,,,,,,,,,,,,,,,,,,,0.0,,,
2023-01-01 21:00:00,,,,,,,,,,,,,,,,,,,,,0.0,,,
2023-01-01 22:00:00,,,,,,,,,,,,,,,,,,,,,0.0,,,
2023-01-01 23:00:00,,,,,,,,,,,,,,,,,,,,,0.0,,,
2023-01-02 00:00:00,,,,,,,,,,,,,,,,,,,,,0.0,,,
2023-01-02 01:00:00,,,,,,,,,,,,,,,,,,,,,0.0,,,
2023-01-02 02:00:00,,,,,,,,,,,,,,,,,,,,,0.0,,,
2023-01-02 03:00:00,,,,,,,,,,,,,,,,,,,,,0.0,,,
2023-01-02 04:00:00,,,,,,,,,,,,,,,,,,,,,0.0,,,
2023-01-02 05:00:00,,,,,,,,,,,,,,,,,,,,,0.0,,,
2023-01-02 06:00:00,,,,,,,,,,,,,,,,,,,,,0.0,,,
2023-01-02 07:00:00,,,,,,,,,,,,,,,,,,,,,0.0,,,
2023-01-02 08:00:00,,,,,,,,,,,,,,,,,,,,,0.0,,,
2023-01-02 09:00:00,,,,,,,,,,,,,,,,,,,,,0.0,,,
2023-01-02 10:00:00,22.0,37.5,0.67,1.03,0.93,0.38,1.43,0.26,1.07,0.03,,,,0.055,0.065,25.92,45.3,0.355,150.145,0.0,0.0,66.27,997.16,
2023-01-02 11:00:00,18.2075,29.23,0.67,1.03,0.93,0.38,1.43,0.2325,1.07,0.03,,,,0.05,0.06,26.4325,45.2025,0.4625,122.0325,0.0,0.0,212.27,996.285,
2023-01-02 12:00:00,6.4775,25.335,0.67,1.03,0.93,0.38,1.43,0.235,1.07,0.03,,,,0.045,0.055,26.785,44.5325,0.5,116.195,0.0,0.0,217.8125,995.2375,
2023-01-02 13:00:00,7.706666666666666,13.5,0.67,1.03,0.93,0.38,1.43,0.2275,1.07,0.03,,,,0.0425,0.05,25.955,45.5875,0.7375,128.63,0.0,0.0,193.96,994.5875,
2023-01-02 14:00:00,11.515,22.1675,0.67,1.03,0.93,0.38,1.43,0.23,1.07,0.03,,,,0.045,0.052500000000000005,26.689999999999998,44.9475,0.39,135.095,0.0,0.0,147.5025,994.1125,
2023-01-02 15:00:00,13.6525,23.8125,0.67,1.03,0.93,0.38,1.43,0.27,1.07,0.03,,,,0.052500000000000005,0.0625,24.6125,50.839999999999996,0.3875,190.7025,0.0,0.0,68.96,993.96,
2023-01-02 16:00:00,14.195,22.5,0.67,1.03,0.93,0.38,1.43,0.37250000000000005,1.07,0.042499999999999996,,,,0.07250000000000001,0.08499999999999999,20.02,67.0275,0.25,207.985,0.0,0.0,7.876666666666666,994.275,
2023-01-02 17:00:00,16.965,27.5625,0.67,1.03,0.93,0.38,1.43,0.3625,1.07,0.0425,,,,0.07500000000000001,0.0875,17.285,77.2975,0.31,164.275,0.0,0.0,,994.9925000000001,
2023-01-02 18:00:00,18.833333333333332,30.75333333333333,0.67,1.03,0.93,0.38000000000000006,1.43,0.52,1.07,0.06333333333333334,,,,0.10666666666666667,0.12666666666666668,15.96,81.24000000000001,0.51,226.11666666666667,0.0,0.0,,995.7966666666667,
2023-01-02 19:00:00,,,,,,,,,,,,,,,,,,,,,0.0,,,
2023-01-02 20:00:00,,,,,,,,,,,,,,,,,,,,,0.0,,,
2023-01-02 21:00:00,,,,,,,,,,,,,,,,,,,,,0.0,,,
2023-01-02 22:00:00,,,,,,,,,,,,,,,,,,,,,0.0,,,
2023-01-02 23:00:00,,,,,,,,,,,,,,,,,,,,,0.0,,,
2023-01-03 00:00:00,,,,,,,,,,,,,,,,,,,,,0.0,,,
2023-01-03 01:00:00,,,,,,,,,,,,,,,,,,,,,0.0,,,
2023-01-03 02:00:00,,,,,,,,,,,,,,,,,,,,,0.0,,,
2023-01-03 03:00:00,,,,,,,,,,,,,,,,,,,,,0.0,,,
2023-01-03 04:00:00,,,,,,,,,,,,,,,,,,,,,0.0,,,
2023-01-03 05:00:00,,,,,,,,,,,,,,,,,,,,,0.0,,,
2023-01-03 06:00:00,,,,,,,,,,,,,,,,,,,,,0.0,,,
2023-01-03 07:00:00,,,,,,,,,,,,,,,,,,,,,0.0,,,
2023-01-03 08:00:00,,,,,,,,,,,,,,,,,,,,,0.0,,,
2023-01-03 09:00:00,,,,,,,,,,,,,,,,,,,,,0.0,,,
2023-01-03 10:00:00,20.64,32.199999999999996,0.67,1.03,0.93,0.38000000000000006,1.43,0.31666666666666665,1.07,0.03666666666666667,,,,0.06666666666666667,0.07666666666666667,24.736666666666668,49.473333333333336,0.5566666666666666,115.13666666666666,0.0,0.0,63.28666666666667,997.2333333333332,
2023-01-03 11:00:00,24.78,40.4525,0.67,1.03,0.93,0.38,1.43,0.23249999999999998,1.07,0.03,,,,0.045,0.055,25.8125,44.545,0.5774999999999999,113.9425,0.0,0.0,216.5,996.025,
2023-01-03 12:00:00,21.125,36.14,0.67,1.03,0.93,0.38,1.43,0.215,1.07,0.03,,,,0.04,0.05,26.715,42.7825,0.4975,141.2225,0.0,0.0,226.755,994.5675,
2023-01-03 13:00:00,11.342500000000001,22.8325,0.67,1.03,0.93,0.38,1.43,0.2225,1.07,0.03,,,,0.04,0.05,27.335,41.12,0.65,128.3275,0.0,0.0,191.1375,993.5025,
2023-01-03 14:00:00,12.175,20.485,0.67,1.03,0.93,0.38,1.43,0.225,1.07,0.03,,,,0.045,0.055,27.8575,40.8225,0.4175,165.695,0.0,0.0,149.255,992.8525,
2023-01-03 15:00:00,15.085,23.3325,0.67,1.03,0.93,0.38,1.43,0.2425,1.07,0.03,,,,0.05,0.06,26.305,45.94,0.355,183.7625,0.0,0.0,84.06,992.7125,
2023-01-03 16:00:00,16.375,26.625,0.67,1.03,0.93,0.38,1.43,0.29000000000000004,1.07,0.035,,,,0.055,0.0675,20.7125,63.21,0.20500000000000002,226.975,0.0,0.0,7.1866666666666665,992.8825,
2023-01-03 17:00:00,17.5,30.0,0.67,1.03,0.93,0.38,1.43,0.37,1.07,0.04,,,,0.08,0.09,18.0,73.27,0.25,157.28,0.0,0.0,,993.15,
2023-01-03 18:00:00,,,,,,,,,,,,,,,,,,,,,0.0,,,
2023-01-03 19:00:00,,,,,,,,,,,,,,,,,,,,,0.0,,,
2023-01-03 20:00:00,,,,,,,,,,,,,,,,,,,,,0.0,,,
2023-01-03 21:00:00,,,,,,,,,,,,,,,,,,,,,0.0,,,
2023-01-03 22:00:00,,,,,,,,,,,,,,,,,,,,,0.0,,,
2023-01-03 23:00:00,,,,,,,,,,,,,,,,,,,,,0.0,,,
2023-01-04 00:00:00,,,,,,,,,,,,,,,,,,,,,0.0,,,
2023-01-04 01:00:00,,,,,,,,,,,,,,,,,,,,,0.0,,,
2023-01-04 02:00:00,,,,,,,,,,,,,,,,,,,,,0.0,,,
2023-01-04 03:00:00,,,,,,,,,,,,,,,,,,,,,0.0,,,
2023-01-04 04:00:00,,,,,,,,,,,,,,,,,,,,,0.0,,,
2023-01-04 05:00:00,,,,,,,,,,,,,,,,,,,,,0.0,,,
2023-01-04 06:00:00,,,,,,,,,,,,,,,,,,,,,0.0,,,
2023-01-04 07:00:00,,,,,,,,,,,,,,,,,,,,,0.0,,,
2023-01-04 08:00:00,,,,,,,,,,,,,,,,,,,,,0.0,,,
2023-01-04 09:00:00,,,,,,,,,,,,,,,,,,,,,0.0,,,
2023-01-04 10:00:00,21.19,42.375,0.67,1.03,0.93,0.38,1.43,0.245,1.07,0.03,,,,0.045,0.055,24.725,46.364999999999995,0.435,101.31,0.0,0.0,57.525,997.065,
2023-01-04 11:00:00,102.13250000000001,190.64,0.67,1.03,0.93,0.38,1.43,0.23249999999999998,1.07,0.03,,,,0.0475,0.057499999999999996,25.805,46.025,0.5625,102.815,0.0,0.0,230.14,996.0825,
2023-01-04 12:00:00,88.095,151.2175,0.67,1.03,0.93,0.38,1.43,0.2225,1.07,0.03,,,,0.0425,0.05,26.855,42.69,0.5575,94.47749999999999,0.0,0.0,225.005,994.9425,
2023-01-04 13:00:00,21.9375,35.155,0.67,1.03,0.93,0.38,1.43,0.2175,1.07,0.03,,,,0.04,0.05,27.82,39.585,0.4425,152.70999999999998,0.0,0.0,183.735,993.965,
2023-01-04 14:00:00,13.5275,22.3525,0.67,1.03,0.93,0.38,1.43,0.22,1.07,0.03,,,,0.04,0.05,27.6625,39.6625,0.45,159.375,0.0,0.0,155.47,993.2325,
2023-01-04 15:00:00,11.3175,18.3325,0.67,1.03,0.93,0.38,1.43,0.2425,1.07,0.03,,,,0.0475,0.057499999999999996,26.145,45.205,0.375,169.2425,0.0,0.0,76.9525,992.9625,
2023-01-04 16:00:00,10.9875,19.78,0.67,1.03,0.93,0.38,1.43,0.265,1.07,0.03,,,,0.052500000000000005,0.0625,20.1275,63.474999999999994,0.33999999999999997,183.005,0.0,0.0,5.6933333333333325,992.905,
2023-01-04 17:00:00,14.59,24.825,0.67,1.03,0.93,0.38,1.43,0.4175,1.07,0.0475,,,,0.0825,0.0975,16.705,76.8425,0.2175,143.81,0.0,0.0,,993.2425000000001,
2023-01-04 18:00:00,25.5325,39.845,0.67,1.03,0.93,0.38,1.43,0.635,1.07,0.0775,,,,0.125,0.1525,15.4575,81.17750000000001,0.355,204.655,0.0,0.0,,993.8824999999999,
2023-01-04 19:00:00,28.2425,49.405,0.67,1.03,0.93,0.38,1.43,0.7425,1.07,0.09,,,,0.1475,0.18,14.07,86.2775,0.25,250.315,0.0,0.0,,994.3775,
2023-01-04 20:00:00,35.802499999999995,58.595,0.67,1.03,0.93,0.38,1.43,0.755,1.07,0.0925,,,,0.1525,0.18,13.215,88.7225,0.3275,171.91000000000003,0.0,0.0,,994.7075,
2023-01-04 21:00:00,38.4475,65.3325,0.67,1.03,0.93,0.38,1.43,0.9924999999999999,1.07,0.1175,,,,0.1975,0.2375,12.32,91.3375,0.19,258.155,0.0,0.0,,994.825,
2023-01-04 22:00:00,41.332499999999996,72.7025,0.67,1.03,0.93,0.38,1.43,1.0350000000000001,1.07,0.1225,,,,0.2075,0.2475,12.25,91.33,0.345,246.1725,0.0,0.0,,994.87,
2023-01-04 23:00:00,39.95666666666667,77.5,0.67,1.03,0.93,0.38000000000000006,1.43,0.9166666666666666,1.07,0.11,,,,0.18333333333333335,0.21666666666666667,11.81,91.64333333333333,0.3033333333333333,196.07333333333335,0.0,0.0,,994.9733333333334,
2023-01-05 00:00:00,36.17333333333334,58.826666666666675,0.67,1.03,0.93,0.38000000000000006,1.43,0.6766666666666667,1.07,0.08333333333333333,,,,0.14250000000000002,0.1725,11.33,92.0225,0.4075,157.03,0.0,0.0,,995.05,
2023-01-05 01:00:00,26.455000000000002,46.167500000000004,0.67,1.03,0.93,0.38,1.43,0.5575,1.07,0.07,,,,0.115,0.1325,10.9825,92.075,0.265,214.7375,0.0,0.0,,994.985,
2023-01-05 02:00:00,17.645,34.167500000000004,0.67,1.03,0.93,0.38,1.43,0.44,1.07,0.052500000000000005,,,,0.09,0.10250000000000001,10.62,92.95750000000001,0.35,196.25,0.0,0.0,,994.8925,
2023-01-05 03:00:00,14.8,27.28,0.67,1.03,0.93,0.38,1.43,0.3675,1.07,0.0425,,,,0.07250000000000001,0.09,10.2475,93.595,0.31,164.5775,0.0,0.0,,995.02,
2023-01-05 04:00:00,13.25,20.89,0.67,1.03,0.93,0.38,1.43,0.345,1.07,0.04,,,,0.07,0.0825,9.8675,94.4275,0.3325,175.0425,0.0,0.0,,995.285,
2023-01-05 05:00:00,15.040000000000001,26.25,0.67,1.03,0.93,0.38,1.43,0.295,1.07,0.035,,,,0.06,0.07,9.7775,94.5125,0.3425,176.965,0.0,0.0,0.14,995.99,
2023-01-05 06:00:00,14.6625,26.72,0.67,1.03,0.93,0.38,1.43,0.335,1.07,0.04,,,,0.07,0.08,9.9475,95.405,0.2425,164.135,0.0,0.0,64.1225,996.88,
2023-01-05 07:00:00,16.2275,27.5,0.67,1.03,0.93,0.38,1.43,0.4075,1.07,0.05,,,,0.08499999999999999,0.1,14.615,81.3575,0.35750000000000004,155.1525,0.0,0.0,208.08749999999998,998.1175000000001,
2023-01-05 08:00:00,21.4375,35.2975,0.67,1.03,0.93,0.38,1.43,0.43,1.07,0.05,,,,0.09,0.1,19.7075,63.16,0.41500000000000004,105.0275,0.0,0.0,241.9525,999.165,
2023-01-05 09:00:00,19.555,33.832499999999996,0.67,1.03,0.93,0.38,1.43,0.36,1.07,0.0425,,,,0.07,0.085,24.0275,48.84,0.44,132.0625,0.0,0.0,106.8925,999.2,
2023-01-05 10:00:00,15.682500000000001,25.1675,0.67,1.03,0.93,0.38,1.43,0.29000000000000004,1.07,0.035,,,,0.057499999999999996,0.0675,25.4225,46.0625,0.49250000000000005,163.9025,0.0,0.0,43.3825,998.425,
2023-01-05 11:00:00,15.875,26.015,0.67,1.03,0.93,0.38,1.43,0.245,1.07,0.03,,,,0.0475,0.057499999999999996,27.122500000000002,40.9525,0.46499999999999997,117.525,0.0,0.0,240.045,997.03,
2023-01-05 12:00:00,11.905000000000001,21.235,0.67,1.03,0.93,0.38,1.43,0.215,1.07,0.03,,,,0.04,0.05,28.145,39.4725,0.5125,153.1975,0.0,0.0,227.08,995.45,
2023-01-05 13:00:00,11.745,19.405,0.67,1.03,0.93,0.38,1.43,0.2175,1.07,0.03,,,,0.04,0.05,29.1825,38.7825,0.485,148.4225,0.0,0.0,193.58,994.4675,
2023-01-05 14:00:00,13.24,24.7975,0.67,1.03,0.93,0.38,1.43,0.2275,1.07,0.03,,,,0.04,0.05,29.29,38.115,0.35,134.0325,0.0,0.0,152.475,993.89,
2023-01-05 15:00:00,14.605,24.7025,0.67,1.03,0.93,0.38,1.43,0.23,1.07,0.03,,,,0.0425,0.052500000000000005,27.1425,43.9225,0.39,178.1275,0.0,0.0,85.52,993.46,
2023-01-05 16:00:00,11.407499999999999,21.6775,0.67,1.03,0.93,0.38,1.43,0.265,1.07,0.0325,,,,0.052500000000000005,0.0675,20.585,60.71,0.255,162.6475,0.0,0.0,5.386666666666667,993.4875,
2023-01-05 17:00:00,15.2,25.125,0.67,1.03,0.93,0.38,1.43,0.3775,1.07,0.045,,,,0.075,0.0925,16.8325,73.77000000000001,0.1875,189.375,0.0,0.0,,993.8525,
2023-01-05 18:00:00,16.11,34.22,0.67,1.03,0.93,0.38,1.43,0.7275,1.07,0.085,,,,0.145,0.175,15.5075,77.2375,0.38,218.73999999999998,0.0,0.0,,994.4925,
2023-01-05 19:00:00,37.035,55.0775,0.67,1.03,0.93,0.38,1.43,0.8975,1.07,0.1075,,,,0.1775,0.2125,13.8625,83.72,0.23,205.45999999999998,0.0,0.0,,994.875,
2023-01-05 20:00:00,47.2175,80.0625,0.67,1.03,0.93,0.38,1.43,1.225,1.07,0.15,,,,0.2475,0.295,12.9225,88.4,0.25,211.035,0.0,0.0,,995.415,
2023-01-05 21:00:00,53.2775,88.1675,0.67,1.03,0.93,0.38,1.43,1.25,1.07,0.1525,,,,0.25,0.3025,12.467500000000001,89.5125,0.3375,195.055,0.0,0.0,,995.9075,
2023-01-05 22:00:00,50.394999999999996,92.345,0.67,1.03,0.93,0.38,1.43,1.17,1.07,0.14,,,,0.23249999999999998,0.2825,11.9975,89.9075,0.295,212.9325,0.0,0.0,,995.89,
2023-01-05 23:00:00,52.666666666666664,77.87333333333333,0.67,1.03,0.93,0.38000000000000006,1.43,1.0366666666666668,1.07,0.12666666666666668,,,,0.20666666666666667,0.24666666666666667,11.393333333333333,91.80333333333333,0.2866666666666667,175.89333333333335,0.0,0.0,,995.5366666666667,
2023-01-06 00:00:00,31.656666666666666,55.873333333333335,0.67,1.03,0.93,0.38000000000000006,1.43,0.7133333333333333,1.07,0.08666666666666667,,,,0.14500000000000002,0.17500000000000002,10.940000000000001,92.4725,0.395,157.295,0.0,0.0,,995.4175,
2023-01-06 01:00:00,25.575,43.78,0.67,1.03,0.93,0.38,1.43,0.5625,1.07,0.07,,,,0.1125,0.1325,10.4225,93.1225,0.275,172.2175,0.0,0.0,,995.2025,
2023-01-06 02:00:00,19.1825,34.78,0.67,1.03,0.93,0.38,1.43,0.45,1.07,0.055,,,,0.09,0.1075,9.95,94.0625,0.1975,166.8675,0.0,0.0,,994.9525,
2023-01-06 03:00:00,17.1525,27.14,0.67,1.03,0.93,0.38,1.43,0.3825,1.07,0.045,,,,0.07500000000000001,0.0925,9.59,94.7175,0.27,206.99,0.0,0.0,,994.7725,
2023-01-06 04:00:00,16.47,25.5,0.67,1.03,0.93,0.38,1.43,0.33999999999999997,1.07,0.04,,,,0.065,0.0775,9.4075,94.9825,0.31,165.775,0.0,0.0,,994.9925,
2023-01-06 05:00:00,15.200000000000001,24.7025,0.67,1.03,0.93,0.38,1.43,0.32,1.07,0.04,,,,0.065,0.07500000000000001,9.14,95.0825,0.355,218.08499999999998,0.0,0.0,0.15,995.55,
2023-01-06 06:00:00,15.55,24.61,0.67,1.03,0.93,0.38,1.43,0.3775,1.07,0.045,,,,0.07500000000000001,0.0875,9.5175,95.2925,0.3175,156.9025,0.0,0.0,76.1875,996.265,
2023-01-06 07:00:00,18.02,29.857499999999998,0.67,1.03,0.93,0.38,1.43,0.425,1.07,0.05,,,,0.0875,0.1,13.682500000000001,79.52,0.5,195.035,0.0,0.0,227.0025,996.975,
2023-01-06 08:00:00,19.66,33.8475,0.67,1.03,0.93,0.38,1.43,0.375,1.07,0.04,,,,0.07,0.09,18.752499999999998,63.165,0.545,151.11,0.0,0.0,251.2725,997.7725,
2023-01-06 09:00:00,14.950000000000001,26.53,0.67,1.03,0.93,0.38,1.43,0.3675,1.07,0.04,,,,0.0675,0.0875,23.7775,49.432500000000005,0.4475,96.26499999999999,0.0,0.0,103.86,997.9200000000001,
2023-01-06 10:00:00,15.84,26.485,0.67,1.03,0.93,0.38,1.43,0.2975,1.07,0.0325,,,,0.0625,0.07,26.2425,42.067499999999995,0.46499999999999997,92.9625,0.0,0.0,39.11,997.0475,
2023-01-06 11:00:00,15.8125,23.955,0.67,1.03,0.93,0.38,1.43,0.255,1.07,0.03,,,,0.055,0.065,27.485,39.6725,0.47750000000000004,135.5925,0.0,0.0,217.105,995.6325,
2023-01-06 12:00:00,12.8225,24.33,0.67,1.03,0.93,0.38,1.43,0.21,1.07,0.025,,,,0.04,0.05,28.439999999999998,34.6625,0.5225,124.68,0.0,0.0,224.565,994.2475000000001,
2023-01-06 13:00:00,15.39,24.28,0.67,1.03,0.93,0.38,1.43,0.195,1.07,0.02,,,,0.04,0.045,28.9075,33.6625,0.5475,118.3225,0.0,0.0,211.8925,993.3375,
2023-01-06 14:00:00,11.61,20.1675,0.67,1.03,0.93,0.38,1.43,0.2025,1.07,0.02,,,,0.04,0.05,29.380000000000003,34.1725,0.46499999999999997,109.18,0.0,0.0,166.995,992.7425000000001,
2023-01-06 15:00:00,12.0775,18.655,0.67,1.03,0.93,0.38,1.43,0.2225,1.07,0.03,,,,0.04,0.05,28.5275,38.3275,0.3375,193.54250000000002,0.0,0.0,86.485,992.4675,
2023-01-06 16:00:00,12.6025,21.655,0.67,1.03,0.93,0.38,1.43,0.3375,1.07,0.0425,,,,0.0675,0.0825,21.1875,57.807500000000005,0.225,182.565,0.0,0.0,5.526666666666667,992.5625,
2023-01-06 17:00:00,13.0475,23.86,0.67,1.03,0.93,0.38,1.43,0.455,1.07,0.055,,,,0.095,0.11,17.009999999999998,72.655,0.20750000000000002,192.485,0.0,0.0,,993.33,
2023-01-06 18:00:00,15.344999999999999,28.8275,0.67,1.03,0.93,0.38,1.43,0.785,1.07,0.095,,,,0.1575,0.19,15.379999999999999,77.8675,0.4675,244.165,0.0,0.0,,994.11,
2023-01-06 19:00:00,34.0925,52.265,0.67,1.03,0.93,0.38,1.43,1.065,1.07,0.1275,,,,0.2125,0.255,14.745000000000001,80.69,0.48250000000000004,209.45,0.0,0.0,,994.6475,
2023-01-06 20:00:00,42.400000000000006,76.9225,0.67,1.03,0.93,0.38,1.43,1.0150000000000001,1.07,0.12,,,,0.20500000000000002,0.24,13.325,84.5325,0.3475,157.24,0.0,0.0,,995.095,
2023-01-06 21:00:00,43.3425,73.5475,0.67,1.03,0.93,0.38,1.43,1.155,1.07,0.14,,,,0.2325,0.2775,12.217500000000001,88.83,0.28500000000000003,196.2975,0.0,0.0,,995.4325,
2023-01-06 22:00:00,45.4375,70.265,0.67,1.03,0.93,0.38,1.43,1.0325,1.07,0.125,,,,0.20500000000000002,0.2475,12.27,85.315,0.5375,237.43,0.0,0.0,,995.325,
2023-01-06 23:00:00,39.48,69.05666666666667,0.67,1.03,0.93,0.38000000000000006,1.43,0.8766666666666666,1.07,0.10666666666666667,,,,0.17666666666666667,0.21,11.563333333333333,86.33999999999999,0.36999999999999994,224.06000000000003,0.0,0.0,,995.11,
2023-01-07 00:00:00,31.293333333333333,48.75,0.67,1.03,0.93,0.38000000000000006,1.43,0.6333333333333333,1.07,0.07333333333333333,,,,0.13,0.1575,10.735,88.72749999999999,0.3775,199.4975,0.0,0.0,,994.9575,
2023-01-07 01:00:00,23.75,36.5625,0.67,1.03,0.93,0.38,1.43,0.495,1.07,0.06,,,,0.0975,0.12,11.02,85.0625,0.5449999999999999,210.7125,0.0,0.0,,994.5825,
2023-01-07 02:00:00,13.85,25.0775,0.67,1.03,0.93,0.38,1.43,0.4,1.07,0.0475,,,,0.08,0.0975,10.4975,86.6125,0.365,184.7225,0.0,0.0,,994.305,
2023-01-07 03:00:00,11.9225,20.2225,0.67,1.03,0.93,0.38,1.43,0.3175,1.07,0.035,,,,0.065,0.0775,9.8925,89.045,0.35,132.5375,0.0,0.0,,993.7574999999999,
2023-01-07 04:00:00,11.02,16.53,0.67,1.03,0.93,0.38,1.43,0.28,1.07,0.03,,,,0.06,0.07,9.4625,90.545,0.36,159.70749999999998,0.0,0.0,,993.8025,
2023-01-07 05:00:00,7.875,12.9375,0.67,1.03,0.93,0.38,1.43,0.265,1.07,0.03,,,,0.052500000000000005,0.0625,8.925,92.2625,0.275,150.39,0.0,0.0,0.05,994.27,
2023-01-07 06:00:00,11.7075,19.2175,0.67,1.03,0.93,0.38,1.43,0.32,1.07,0.0375,,,,0.0675,0.08,9.7025,91.21000000000001,0.4425,198.1875,0.0,0.0,74.9475,994.925,
2023-01-07 07:00:00,17.945,28.6875,0.67,1.03,0.93,0.38,1.43,0.38,1.07,0.045,,,,0.07250000000000001,0.09,13.9125,74.24000000000001,0.6,187.005,0.0,0.0,196.935,995.8824999999999,
2023-01-07 08:00:00,20.4175,30.515,0.67,1.03,0.93,0.38,1.43,0.3425,1.07,0.04,,,,0.0675,0.08,18.3675,59.9425,0.8049999999999999,165.70999999999998,0.0,0.0,247.52499999999998,996.315,
2023-01-07 09:00:00,16.9925,29.8325,0.67,1.03,0.93,0.38,1.43,0.3125,1.07,0.0375,,,,0.06,0.07,24.052500000000002,45.615,0.415,152.8125,0.0,0.0,108.41,996.065,
2023-01-07 10:00:00,14.535,24.4825,0.67,1.03,0.93,0.38,1.43,0.255,1.07,0.03,,,,0.052500000000000005,0.06,27.15,37.76,0.44,113.10499999999999,0.0,0.0,35.07,995.1675,
2023-01-07 11:00:00,12.2975,20.1675,0.67,1.03,0.93,0.38,1.43,0.23249999999999998,1.07,0.03,,,,0.045,0.055,28.725,34.54,0.4575,129.8975,0.0,0.0,224.435,993.885,
2023-01-07 12:00:00,14.11,21.1675,0.67,1.03,0.93,0.38,1.43,0.2075,1.07,0.025,,,,0.04,0.05,30.075,30.4725,0.5175,127.5275,0.0,0.0,226.8075,992.485,
2023-01-07 13:00:00,11.07,18.4225,0.67,1.03,0.93,0.38,1.43,0.195,1.07,0.02,,,,0.04,0.045,31.1725,29.435,0.4425,102.95,0.0,0.0,192.155,991.26,
2023-01-07 14:00:00,10.5325,16.265,0.67,1.03,0.93,0.38,1.43,0.1975,1.07,0.02,,,,0.04,0.045,31.645,29.3675,0.3225,153.5225,0.0,0.0,159.415,990.4225,
2023-01-07 15:00:00,10.3,17.4375,0.67,1.03,0.93,0.38,1.43,0.2075,1.07,0.0275,,,,0.04,0.0475,29.4325,36.73,0.28250000000000003,219.08749999999998,0.0,0.0,89.1875,990.0375,
2023-01-07 16:00:00,17.752499999999998,28.8325,0.67,1.03,0.93,0.38,1.43,0.27749999999999997,1.07,0.035,,,,0.055,0.0675,21.3275,56.5025,0.2825,136.405,0.0,0.0,5.8500000000000005,990.015,
2023-01-07 17:00:00,25.6575,47.625,0.67,1.03,0.93,0.38,1.43,0.4425,1.07,0.052500000000000005,,,,0.09,0.1075,17.502499999999998,68.64,0.24000000000000002,165.01,0.0,0.0,,990.5825,
2023-01-07 18:00:00,36.0,53.625,0.67,1.03,0.93,0.38,1.43,0.76,1.07,0.09,,,,0.1525,0.1825,15.66,75.435,0.24,195.245,0.0,0.0,,991.2025,
2023-01-07 19:00:00,44.457499999999996,69.255,0.67,1.03,0.93,0.38,1.43,1.1075,1.07,0.13,,,,0.2225,0.265,14.535,81.2,0.3275,176.92000000000002,0.0,0.0,,991.85,
2023-01-07 20:00:00,59.1175,94.265,0.67,1.03,0.93,0.38,1.43,1.3,1.07,0.1575,,,,0.26,0.31,14.0375,82.7,0.40249999999999997,230.73250000000002,0.0,0.0,,992.4549999999999,
2023-01-07 21:00:00,59.56,97.875,0.67,1.03,0.93,0.38,1.43,1.3074999999999999,1.07,0.1575,,,,0.2625,0.3125,12.8625,86.635,0.26749999999999996,139.885,0.0,0.0,,992.6775,
2023-01-07 22:00:00,55.485,102.5,0.67,1.03,0.93,0.38,1.43,1.2925,1.07,0.155,,,,0.2575,0.31,12.4175,87.475,0.33,199.40249999999997,0.0,0.0,,992.685,
2023-01-07 23:00:00,59.833333333333336,97.5,0.67,1.03,0.93,0.38000000000000006,1.43,1.0733333333333335,1.07,0.12666666666666668,,,,0.21333333333333335,0.25666666666666665,11.713333333333333,89.77666666666666,0.47,128.72666666666666,0.0,0.0,,992.6133333333333,
2023-01-08 00:00:00,33.04,65.87666666666667,0.67,1.03,0.93,0.38000000000000006,1.43,0.8466666666666667,1.07,0.09999999999999999,,,,0.1775,0.21000000000000002,11.2025,90.8225,0.31,172.5675,0.0,0.0,,992.3625,
2023-01-08 01:00:00,37.9375,56.86,0.67,1.03,0.93,0.38,1.43,0.6699999999999999,1.07,0.08,,,,0.1325,0.1625,10.8325,91.5875,0.37,177.37,0.0,0.0,,992.13,
2023-01-08 02:00:00,23.02,41.53,0.67,1.03,0.93,0.38,1.43,0.4925,1.07,0.057499999999999996,,,,0.1,0.1175,10.74,90.545,0.3625,170.2125,0.0,0.0,,991.9425,
2023-01-08 03:00:00,17.37,28.595,0.67,1.03,0.93,0.38,1.43,0.43,1.07,0.05,,,,0.0875,0.10250000000000001,10.175,92.1275,0.2975,143.3475,0.0,0.0,,991.7275,
2023-01-08 04:00:00,14.465,26.1675,0.67,1.03,0.93,0.38,1.43,0.38,1.07,0.045,,,,0.07500000000000001,0.09,10.0125,92.63,0.49250000000000005,198.10000000000002,0.0,0.0,,992.01,
2023-01-08 05:00:00,13.9025,28.875,0.67,1.03,0.93,0.38,1.43,0.345,1.07,0.04,,,,0.07,0.08,9.695,92.6725,0.38,148.3875,0.0,0.0,0.1,992.7125,
2023-01-08 06:00:00,19.7225,31.3025,0.67,1.03,0.93,0.38,1.43,0.3925,1.07,0.0475,,,,0.08,0.095,10.1775,92.48,0.3525,156.2975,0.0,0.0,71.415,993.6899999999999,
2023-01-08 07:00:00,21.5875,35.345,0.67,1.03,0.93,0.38,1.43,0.46,1.07,0.057499999999999996,,,,0.0925,0.11,14.2575,77.8175,0.4875,132.98499999999999,0.0,0.0,209.31,994.7525,
2023-01-08 08:00:00,19.0225,33.0625,0.67,1.03,0.93,0.38,1.43,0.445,1.07,0.05,,,,0.09,0.10250000000000001,19.7375,61.637499999999996,0.395,157.0425,0.0,0.0,247.08,995.645,
2023-01-08 09:00:00,18.72,30.845,0.67,1.03,0.93,0.38,1.43,0.3975,1.07,0.0475,,,,0.0825,0.095,24.362499999999997,48.565,0.4175,113.9075,0.0,0.0,97.8925,995.825,
2023-01-08 10:00:00,15.817499999999999,28.6,0.67,1.03,0.93,0.38,1.43,0.33999999999999997,1.07,0.04,,,,0.0675,0.0775,27.2,41.4875,0.45,117.525,0.0,0.0,40.335,995.1525,
2023-01-08 11:00:00,15.4525,25.22,0.67,1.03,0.93,0.38,1.43,0.2975,1.07,0.035,,,,0.06,0.07,28.88,39.2375,0.4425,95.9025,0.0,0.0,212.655,993.985,
2023-01-08 12:00:00,10.4375,17.985,0.67,1.03,0.93,0.38,1.43,0.2575,1.07,0.03,,,,0.055,0.065,29.68,36.2675,0.5175000000000001,135.655,0.0,0.0,220.3,992.8475000000001,
2023-01-08 13:00:00,12.7175,19.4525,0.67,1.03,0.93,0.38,1.43,0.2375,1.07,0.03,,,,0.05,0.06,30.2325,34.8875,0.51,150.06,0.0,0.0,190.8875,992.1,
2023-01-08 14:00:00,14.59,25.595,0.67,1.03,0.93,0.38,1.43,0.225,1.07,0.03,,,,0.0425,0.052500000000000005,30.439999999999998,34.0375,0.42500000000000004,126.8275,0.0,0.0,154.5325,991.64,
2023-01-08 15:00:00,14.932500000000001,27.0,0.67,1.03,0.93,0.38,1.43,0.2375,1.07,0.03,,,,0.05,0.06,28.9175,38.5425,0.26,230.1875,0.0,0.0,76.85249999999999,991.3225,
2023-01-08 16:00:00,17.0075,28.6875,0.67,1.03,0.93,0.38,1.43,0.3925,1.07,0.045,,,,0.08,0.095,21.9375,56.025,0.21500000000000002,228.1625,0.0,0.0,6.28,991.5174999999999,
2023-01-08 17:00:00,23.045,35.832499999999996,0.67,1.03,0.93,0.38,1.43,0.5599999999999999,1.07,0.0675,,,,0.11,0.13,17.8125,69.9375,0.2625,195.91,0.0,0.0,,992.1975,
2023-01-08 18:00:00,23.525,43.4525,0.67,1.03,0.93,0.38,1.43,0.8225,1.07,0.1,,,,0.16999999999999998,0.20500000000000002,15.875,78.14,0.2075,182.3,0.0,0.0,,992.845,
2023-01-08 19:00:00,36.1275,58.0,0.67,1.03,0.93,0.38,1.43,0.9949999999999999,1.07,0.12,,,,0.2,0.24,14.657499999999999,82.9175,0.325,215.98,0.0,0.0,,993.595,
2023-01-08 20:00:00,44.26,79.125,0.67,1.03,0.93,0.38,1.43,1.21,1.07,0.14250000000000002,,,,0.2425,0.29000000000000004,13.75,86.27,0.2,230.39499999999998,0.0,0.0,,994.0625,
2023-01-08 21:00:00,53.0525,93.8325,0.67,1.03,0.93,0.38,1.43,1.36,1.07,0.165,,,,0.2675,0.3275,13.2625,88.6325,0.44,215.8,0.0,0.0,,994.4925000000001,
2023-01-08 22:00:00,53.2825,91.5475,0.67,1.03,0.93,0.38,1.43,1.1275,1.07,0.135,,,,0.225,0.2675,13.025,88.59,0.40249999999999997,230.3075,0.0,0.0,,994.49,
2023-01-08 23:00:00,52.5,77.43666666666667,0.67,1.03,0.93,0.38000000000000006,1.43,0.94,1.07,0.11333333333333333,,,,0.19000000000000003,0.2233333333333333,12.543333333333331,89.76666666666667,0.4033333333333333,211.4333333333333,0.0,0.0,,994.32,
2023-01-09 00:00:00,32.73,58.55666666666667,0.67,1.03,0.93,0.38000000000000006,1.43,0.7400000000000001,1.07,0.09000000000000001,,,,0.15,0.18,12.4125,89.02250000000001,0.445,222.0775,0.0,0.0,,994.1725,
2023-01-09 01:00:00,32.5,52.22,0.67,1.03,0.93,0.38,1.43,0.5325,1.07,0.0625,,,,0.1075,0.125,12.4475,87.49,0.65,228.325,0.0,0.0,,993.9675,
2023-01-09 02:00:00,23.5425,37.8475,0.67,1.03,0.93,0.38,1.43,0.415,1.07,0.05,,,,0.0825,0.0975,11.74,89.345,0.28250000000000003,170.9475,0.0,0.0,,993.575,
2023-01-09 03:00:00,13.0275,23.4375,0.67,1.03,0.93,0.38,1.43,0.3775,1.07,0.0425,,,,0.07250000000000001,0.0875,10.9375,92.2475,0.22,141.06,0.0,0.0,,993.39,
2023-01-09 04:00:00,11.7275,19.125,0.67,1.03,0.93,0.38,1.43,0.3275,1.07,0.04,,,,0.0675,0.0775,10.4925,93.4575,0.1925,176.6175,0.0,0.0,,993.8050000000001,
2023-01-09 05:00:00,12.9275,23.75,0.67,1.03,0.93,0.38,1.43,0.35,1.07,0.04,,,,0.07,0.0825,10.2,94.2125,0.3125,143.08249999999998,0.0,0.0,0.07,994.4575,
2023-01-09 06:00:00,20.25,28.5,0.67,1.03,0.93,0.38,1.43,0.43,1.07,0.052500000000000005,,,,0.0875,0.10250000000000001,10.85,93.6425,0.4375,172.3025,0.0,0.0,74.3575,995.315,
2023-01-09 07:00:00,21.765,38.0625,0.67,1.03,0.93,0.38,1.43,0.5025,1.07,0.06,,,,0.0975,0.12,15.665000000000001,77.8475,0.33,190.275,0.0,0.0,202.48000000000002,996.16,
2023-01-09 08:00:00,22.835,40.3125,0.67,1.03,0.93,0.38,1.43,0.4425,1.07,0.05,,,,0.09,0.10500000000000001,21.135,59.9525,0.38,166.52,0.0,0.0,227.12,997.065,
2023-01-09 09:00:00,18.810000000000002,30.185000000000002,0.67,1.03,0.93,0.38,1.43,0.4,1.07,0.0475,,,,0.08,0.095,24.61,49.265,0.4425,125.4075,0.0,0.0,100.22,997.135,
2023-01-09 10:00:00,19.4025,31.1675,0.67,1.03,0.93,0.38,1.43,0.315,1.07,0.0375,,,,0.0625,0.07250000000000001,25.6625,44.525,0.5875,140.6575,0.0,0.0,38.5725,996.22,
2023-01-09 11:00:00,18.2625,29.5,0.67,1.03,0.93,0.38,1.43,0.23,1.07,0.03,,,,0.045,0.055,27.965,39.4475,0.48250000000000004,125.1125,0.0,0.0,216.9275,994.885,
2023-01-09 12:00:00,14.9075,25.5,0.67,1.03,0.93,0.38,1.43,0.25,1.07,0.03,,,,0.05,0.06,28.7425,38.7275,0.5025,164.14,0.0,0.0,230.0075,993.73,
2023-01-09 13:00:00,14.8875,23.8325,0.67,1.03,0.93,0.38,1.43,0.255,1.07,0.03,,,,0.05,0.06,29.6575,38.0275,0.55,148.20499999999998,0.0,0.0,193.535,992.9075,
2023-01-09 14:00:00,23.72,41.015,0.67,1.03,0.93,0.38,1.43,0.26,1.07,0.03,,,,0.05,0.06,29.6375,38.9825,0.52,145.7025,0.0,0.0,155.02,992.4350000000001,
2023-01-09 15:00:00,24.6125,40.0,0.67,1.03,0.93,0.38,1.43,0.2525,1.07,0.03,,,,0.05,0.06,28.1125,43.2725,0.365,163.64,0.0,0.0,89.72500000000001,992.2675,
2023-01-09 16:00:00,14.5625,23.2975,0.67,1.03,0.93,0.38,1.43,0.305,1.07,0.0325,,,,0.0625,0.07500000000000001,22.0625,59.315,0.275,184.9,0.0,0.0,6.446666666666666,992.475,
2023-01-09 17:00:00,16.1225,30.322499999999998,0.67,1.03,0.93,0.38,1.43,0.495,1.07,0.057499999999999996,,,,0.1,0.12,18.15,73.445,0.1925,232.9925,0.0,0.0,,993.1375,
2023-01-09 18:00:00,21.5275,38.14,0.67,1.03,0.93,0.38,1.43,0.6,1.07,0.07,,,,0.12000000000000001,0.14750000000000002,16.2275,80.5675,0.2225,202.6575,0.0,0.0,,993.9025,
2023-01-09 19:00:00,35.01,57.28,0.67,1.03,0.93,0.38,1.43,1.0075,1.07,0.12,,,,0.1975,0.24,14.9625,85.2825,0.23249999999999998,197.19,0.0,0.0,,994.3475000000001,
2023-01-09 20:00:00,51.7225,82.0,0.67,1.03,0.93,0.38,1.43,1.3725,1.07,0.165,,,,0.275,0.33,14.065,88.4325,0.24,241.87,0.0,0.0,,994.65,
2023-01-09 21:00:00,58.065,107.72,0.67,1.03,0.93,0.38,1.43,1.4125,1.07,0.1675,,,,0.2875,0.3425,13.98,89.065,0.54,187.89499999999998,0.0,0.0,,995.01,
2023-01-09 22:00:00,65.215,107.53,0.67,1.03,0.93,0.38,1.43,1.2675,1.07,0.1525,,,,0.2525,0.3025,12.975,90.855,0.325,202.94,0.0,0.0,,994.76,
2023-01-09 23:00:00,60.10999999999999,94.93666666666667,0.67,1.03,0.93,0.38000000000000006,1.43,1.1066666666666667,1.07,0.13333333333333333,,,,0.22,0.26666666666666666,12.65,91.71,0.2866666666666667,192.51333333333332,0.0,0.0,,994.41,
2023-01-10 00:00:00,40.81333333333333,73.54666666666667,0.67,1.03,0.93,0.38000000000000006,1.43,0.8033333333333333,1.07,0.09333333333333334,,,,0.165,0.2,12.2275,91.89,0.23500000000000001,204.2125,0.0,0.0,,993.9875,
2023-01-10 01:00:00,38.1875,63.9375,0.67,1.03,0.93,0.38,1.43,0.6025,1.07,0.07,,,,0.1225,0.14250000000000002,12.1775,90.045,0.4725,225.4325,0.0,0.0,,993.5775,
2023-01-10 02:00:00,23.5625,41.155,0.67,1.03,0.93,0.38,1.43,0.4325,1.07,0.05,,,,0.09,0.10250000000000001,11.805,89.85249999999999,0.44,273.4025,0.0,0.0,,993.1075000000001,
2023-01-10 03:00:00,15.395,24.4225,0.67,1.03,0.93,0.38,1.43,0.3325,1.07,0.04,,,,0.0675,0.08,11.33,90.8525,0.2925,221.9525,0.0,0.0,,992.8825,
2023-01-10 04:00:00,13.2675,21.7975,0.67,1.03,0.93,0.38,1.43,0.3125,1.07,0.04,,,,0.0625,0.07,10.55,92.8575,0.21500000000000002,120.64500000000001,0.0,0.0,,992.9225,
2023-01-10 05:00:00,13.7175,21.845,0.67,1.03,0.93,0.38,1.43,0.29500000000000004,1.07,0.035,,,,0.0625,0.07250000000000001,10.02,93.925,0.195,153.35999999999999,0.0,0.0,0.08,993.365,
2023-01-10 06:00:00,17.2375,26.625,0.67,1.03,0.93,0.38,1.43,0.3425,1.07,0.04,,,,0.07,0.0825,10.5,94.86,0.235,181.735,0.0,0.0,72.4925,994.2125,
2023-01-10 07:00:00,16.5375,28.2775,0.67,1.03,0.93,0.38,1.43,0.4125,1.07,0.0475,,,,0.0825,0.0975,15.645,77.9525,0.3375,143.0725,0.0,0.0,205.4625,995.01,
2023-01-10 08:00:00,18.485,29.97,0.67,1.03,0.93,0.38,1.43,0.4225,1.07,0.05,,,,0.0875,0.1,21.265,58.6425,0.33,168.5725,0.0,0.0,242.01,995.6825,
2023-01-10 09:00:00,17.6975,27.25,0.67,1.03,0.93,0.38,1.43,0.3625,1.07,0.0425,,,,0.07250000000000001,0.0875,24.2025,48.2,0.3825,142.64249999999998,0.0,0.0,113.03750000000001,995.6375,
2023-01-10 10:00:00,10.754999999999999,20.6675,0.67,1.03,0.93,0.38,1.43,0.3175,1.07,0.0375,,,,0.065,0.07500000000000001,26.4825,43.9225,0.53,136.3175,0.0,0.0,36.777499999999996,994.6625,
2023-01-10 11:00:00,15.184999999999999,24.75,0.67,1.03,0.93,0.38,1.43,0.25,1.07,0.03,,,,0.0475,0.057499999999999996,27.7575,41.394999999999996,0.5800000000000001,108.47749999999999,0.0,0.0,227.36,993.095,
2023-01-10 12:00:00,18.810000000000002,28.125,0.67,1.03,0.93,0.38,1.43,0.2,1.07,0.02,,,,0.04,0.05,28.86,40.5,0.56,137.5375,0.0,0.0,222.3325,991.6825,
2023-01-10 13:00:00,15.0,26.8125,0.67,1.03,0.93,0.38,1.43,0.21,1.07,0.03,,,,0.04,0.05,29.2875,39.495,0.5375,126.385,0.0,0.0,199.2625,990.7625,
2023-01-10 14:00:00,12.7675,23.1675,0.67,1.03,0.93,0.38,1.43,0.2175,1.07,0.03,,,,0.04,0.052500000000000005,29.9575,38.3675,0.4425,139.3175,0.0,0.0,153.95,990.08,
2023-01-10 15:00:00,12.2675,19.5,0.67,1.03,0.93,0.38,1.43,0.24,1.07,0.03,,,,0.05,0.06,28.205,43.332499999999996,0.3325,165.76749999999998,0.0,0.0,90.8125,989.715,
2023-01-10 16:00:00,14.34,22.8225,0.67,1.03,0.93,0.38,1.43,0.28,1.07,0.0325,,,,0.0575,0.0675,21.7675,60.38,0.2425,205.265,0.0,0.0,6.293333333333333,989.7025,
2023-01-10 17:00:00,17.41,29.345,0.67,1.03,0.93,0.38,1.43,0.4025,1.07,0.0475,,,,0.085,0.0975,18.009999999999998,73.7525,0.195,223.1725,0.0,0.0,,990.1324999999999,
2023-01-10 18:00:00,22.07,39.667500000000004,0.67,1.03,0.93,0.38,1.43,0.7375,1.07,0.0875,,,,0.15000000000000002,0.1775,16.34,81.2875,0.2925,203.9675,0.0,0.0,,990.6725,
2023-01-10 19:00:00,40.75,71.4375,0.67,1.03,0.93,0.38,1.43,0.96,1.07,0.1125,,,,0.19,0.2275,15.7075,82.96,0.43,203.5575,0.0,0.0,,991.3775,
2023-01-10 20:00:00,44.0625,70.4525,0.67,1.03,0.93,0.38,1.43,1.03,1.07,0.1225,,,,0.20750000000000002,0.245,14.4475,86.8725,0.23,239.7425,0.0,0.0,,991.7425000000001,
2023-01-10 21:00:00,53.465,83.6675,0.67,1.03,0.93,0.38,1.43,1.2825,1.07,0.1525,,,,0.2525,0.3075,14.067499999999999,88.785,0.7150000000000001,189.89249999999998,0.0,0.0,,992.0425,
2023-01-10 22:00:00,55.480000000000004,94.545,0.67,1.03,0.93,0.38,1.43,1.1375,1.07,0.135,,,,0.225,0.2725,13.3425,90.155,0.3,185.14499999999998,0.0,0.0,,991.8725,
2023-01-10 23:00:00,50.81666666666666,79.94,0.67,1.03,0.93,0.38000000000000006,1.43,1.0133333333333334,1.07,0.12333333333333334,,,,0.20333333333333334,0.24,13.003333333333332,91.06666666666666,0.3766666666666667,228.33,0.0,0.0,,991.68,
2023-01-11 00:00:00,36.71,56.18666666666667,0.67,1.03,0.93,0.38000000000000006,1.43,0.7933333333333333,1.07,0.09666666666666668,,,,0.16,0.195,12.42,91.61749999999999,0.3075,206.16,0.0,0.0,,991.3275,
2023-01-11 01:00:00,31.7175,48.7025,0.67,1.03,0.93,0.38,1.43,0.6425,1.07,0.0775,,,,0.1275,0.15250000000000002,12.040000000000001,92.675,0.4475,195.6025,0.0,0.0,,990.8475,
2023-01-11 02:00:00,21.8675,35.765,0.67,1.03,0.93,0.38,1.43,0.445,1.07,0.052500000000000005,,,,0.0925,0.10500000000000001,12.13,90.465,0.595,202.9425,0.0,0.0,,990.5725,
2023-01-11 03:00:00,14.919999999999998,24.345,0.67,1.03,0.93,0.38,1.43,0.3825,1.07,0.0475,,,,0.07500000000000001,0.0925,11.1425,93.3125,0.37,215.6025,0.0,0.0,,990.3149999999999,
2023-01-11 04:00:00,12.775,23.39,0.67,1.03,0.93,0.38,1.43,0.33,1.07,0.04,,,,0.0675,0.0775,10.9025,93.9575,0.37,185.4075,0.0,0.0,,990.5725,
2023-01-11 05:00:00,15.055,24.7025,0.67,1.03,0.93,0.38,1.43,0.2975,1.07,0.035,,,,0.06,0.07250000000000001,10.8425,93.3,0.42000000000000004,163.5975,0.0,0.0,0.04,990.97,
2023-01-11 06:00:00,15.535,25.5,0.67,1.03,0.93,0.38,1.43,0.3,1.07,0.035,,,,0.0625,0.07,11.525,91.035,0.5349999999999999,182.8025,0.0,0.0,62.9075,991.5775,
2023-01-11 07:00:00,12.4025,23.625,0.67,1.03,0.93,0.38,1.43,0.3025,1.07,0.035,,,,0.06,0.07250000000000001,15.1975,77.7325,0.5625,208.0625,0.0,0.0,180.815,992.265,
2023-01-11 08:00:00,13.895,22.125,0.67,1.03,0.93,0.38,1.43,0.36,1.07,0.04,,,,0.07,0.0825,20.36,63.4925,0.615,191.5075,0.0,0.0,220.5325,993.03,
2023-01-11 09:00:00,15.82,26.86,0.67,1.03,0.93,0.38,1.43,0.3475,1.07,0.04,,,,0.07,0.08,24.384999999999998,51.385,0.42000000000000004,144.81,0.0,0.0,112.83,993.1675,
2023-01-11 10:00:00,20.905,32.2975,0.67,1.03,0.93,0.38,1.43,0.3325,1.07,0.04,,,,0.0675,0.0775,26.905,45.125,0.535,117.78,0.0,0.0,44.339999999999996,992.205,
2023-01-11 11:00:00,17.5,28.22,0.67,1.03,0.93,0.38,1.43,0.28500000000000003,1.07,0.035,,,,0.057499999999999996,0.0675,27.965,43.025,0.76,143.22,0.0,0.0,205.60999999999999,990.9225,
2023-01-11 12:00:00,14.6175,23.2975,0.67,1.03,0.93,0.38,1.43,0.255,1.07,0.03,,,,0.052500000000000005,0.0625,26.91,41.71,1.0175,155.3625,0.0,0.0,208.625,989.6949999999999,
2023-01-11 13:00:00,13.5575,24.6675,0.67,1.03,0.93,0.38,1.43,0.255,1.07,0.03,,,,0.05,0.06,28.1975,38.405,0.8175,165.2925,0.0,0.0,192.27,988.7625,
2023-01-11 14:00:00,14.64,27.1875,0.67,1.03,0.93,0.38,1.43,0.2525,1.07,0.03,,,,0.05,0.06,28.0225,39.94,0.73,144.4975,0.0,0.0,156.1975,988.035,
2023-01-11 15:00:00,13.5175,25.22,0.67,1.03,0.93,0.38,1.43,0.2675,1.07,0.03,,,,0.055,0.065,27.432499999999997,44.46,0.5225000000000001,249.4725,0.0,0.0,87.79,987.86,
2023-01-11 16:00:00,12.2925,19.5,0.67,1.03,0.93,0.38,1.43,0.325,1.07,0.0375,,,,0.0625,0.0775,21.7325,59.1175,0.2475,192.66,0.0,0.0,5.3725000000000005,988.015,
2023-01-11 17:00:00,14.625,23.9525,0.67,1.03,0.93,0.38,1.43,0.5425,1.07,0.065,,,,0.10500000000000001,0.13,18.1625,71.7425,0.26,200.9875,0.0,0.0,,988.5225,
2023-01-11 18:00:00,20.814999999999998,32.295,0.67,1.03,0.93,0.38,1.43,0.61,1.07,0.07250000000000001,,,,0.12000000000000001,0.14500000000000002,16.5275,77.9075,0.1925,214.9075,0.0,0.0,,989.2275,
2023-01-11 19:00:00,31.1475,47.72,0.67,1.03,0.93,0.38,1.43,0.8975,1.07,0.11,,,,0.1775,0.2125,15.3625,82.145,0.335,202.275,0.0,0.0,,989.77,
2023-01-11 20:00:00,40.3975,64.2175,0.67,1.03,0.93,0.38,1.43,0.9875,1.07,0.115,,,,0.1975,0.23750000000000002,14.2,86.02250000000001,0.20500000000000002,223.7675,0.0,0.0,,990.1125,
2023-01-11 21:00:00,43.32,78.375,0.67,1.03,0.93,0.38,1.43,1.1125,1.07,0.1325,,,,0.22,0.2625,13.3675,88.91499999999999,0.21,200.0175,0.0,0.0,,990.39,
2023-01-11 22:00:00,49.525,81.8325,0.67,1.03,0.93,0.38,1.43,1.1575,1.07,0.14,,,,0.23,0.2775,12.9975,90.36250000000001,0.3425,199.36,0.0,0.0,,990.415,
2023-01-11 23:00:00,45.21,73.43666666666667,0.67,1.03,0.93,0.38000000000000006,1.43,0.9866666666666667,1.07,0.11666666666666665,,,,0.19666666666666668,0.24,12.589999999999998,90.88333333333333,0.24666666666666667,222.4766666666667,0.0,0.0,,990.2633333333333,
2023-01-12 00:00:00,30.906666666666666,58.78666666666667,0.67,1.03,0.93,0.38000000000000006,1.43,0.7333333333333334,1.07,0.09000000000000001,,,,0.15,0.1825,12.135,91.9,0.31,213.89249999999998,0.0,0.0,,989.88,
2023-01-12 01:00:00,29.52,52.125,0.67,1.03,0.93,0.38,1.43,0.635,1.07,0.07500000000000001,,,,0.125,0.1525,11.7525,92.73,0.245,204.5075,0.0,0.0,,989.275,
2023-01-12 02:00:00,26.3125,40.595,0.67,1.03,0.93,0.38,1.43,0.55,1.07,0.0675,,,,0.11,0.1325,11.7025,93.23,0.3925,159.3,0.0,0.0,,988.8625,
2023-01-12 03:00:00,21.575,32.9525,0.67,1.03,0.93,0.38,1.43,0.425,1.07,0.052500000000000005,,,,0.0875,0.1,11.5625,92.64500000000001,0.275,151.1925,0.0,0.0,,988.535,
2023-01-12 04:00:00,16.25,29.72,0.67,1.03,0.93,0.38,1.43,0.3975,1.07,0.0475,,,,0.0775,0.095,11.2075,93.9275,0.3075,207.675,0.0,0.0,,988.4075,
2023-01-12 05:00:00,17.825,30.28,0.67,1.03,0.93,0.38,1.43,0.3875,1.07,0.045,,,,0.07500000000000001,0.0925,11.145,93.765,0.4325,167.4425,0.0,0.0,,988.85,
2023-01-12 06:00:00,18.965,33.4225,0.67,1.03,0.93,0.38,1.43,0.40249999999999997,1.07,0.045,,,,0.0825,0.095,11.415,93.565,0.3875,116.11749999999999,0.0,0.0,52.9,989.3924999999999,
2023-01-12 07:00:00,24.04,38.14,0.67,1.03,0.93,0.38,1.43,0.495,1.07,0.057499999999999996,,,,0.1,0.12,14.81,82.175,0.5825,173.64,0.0,0.0,181.285,990.355,
2023-01-12 08:00:00,23.2325,40.97,0.67,1.03,0.93,0.38,1.43,0.435,1.07,0.05,,,,0.09,0.10500000000000001,19.509999999999998,67.7975,0.5325,153.0725,0.0,0.0,213.945,991.2175,
2023-01-12 09:00:00,21.12,35.667500000000004,0.67,1.03,0.93,0.38,1.43,0.4475,1.07,0.05,,,,0.09,0.1075,24.677500000000002,54.55,0.28500000000000003,108.02749999999999,0.0,0.0,113.0875,991.0475,
2023-01-12 10:00:00,18.56,28.42,0.67,1.03,0.93,0.38,1.43,0.365,1.07,0.0425,,,,0.07250000000000001,0.085,26.825,44.7175,0.48749999999999993,141.1375,0.0,0.0,51.5625,990.1475,
2023-01-12 11:00:00,14.7825,24.515,0.67,1.03,0.93,0.38,1.43,0.315,1.07,0.04,,,,0.065,0.07500000000000001,27.935000000000002,44.0225,0.5475,134.8975,0.0,0.0,210.42000000000002,988.8775,
2023-01-12 12:00:00,12.8575,20.485,0.67,1.03,0.93,0.38,1.43,0.2875,1.07,0.0325,,,,0.057499999999999996,0.0675,28.372500000000002,43.675,0.785,153.965,0.0,0.0,227.14,987.685,
2023-01-12 13:00:00,15.675,25.875,0.67,1.03,0.93,0.38,1.43,0.27,1.07,0.03,,,,0.05,0.06,28.035,42.667500000000004,0.695,128.8475,0.0,0.0,192.9225,986.7375,
2023-01-12 14:00:00,16.6475,29.3325,0.67,1.03,0.93,0.38,1.43,0.26,1.07,0.03,,,,0.05,0.06,28.1325,41.56,0.565,110.8,0.0,0.0,143.3825,986.26,
2023-01-12 15:00:00,15.3725,24.345,0.67,1.03,0.93,0.38,1.43,0.28,1.07,0.0325,,,,0.052500000000000005,0.0625,25.92,46.8725,0.3825,124.7375,0.0,0.0,73.4675,986.12,
2023-01-12 16:00:00,14.1725,20.485,0.67,1.03,0.93,0.38,1.43,0.2675,1.07,0.03,,,,0.05500000000000001,0.065,21.7925,59.1725,0.275,187.24,0.0,0.0,8.863333333333333,986.2950000000001,
2023-01-12 17:00:00,18.060000000000002,28.875,0.67,1.03,0.93,0.38,1.43,0.395,1.07,0.045,,,,0.0825,0.0975,18.5625,71.3825,0.3175,247.39499999999998,0.0,0.0,,986.8050000000001,
2023-01-12 18:00:00,22.1625,40.22,0.67,1.03,0.93,0.38,1.43,0.6675,1.07,0.08,,,,0.1375,0.1625,17.4875,76.725,0.2425,211.86,0.0,0.0,,987.35,
2023-01-12 19:00:00,34.832499999999996,54.7225,0.67,1.03,0.93,0.38,1.43,0.9375,1.07,0.1125,,,,0.19,0.2275,16.71,80.5875,0.29000000000000004,221.6,0.0,0.0,,987.985,
2023-01-12 20:00:00,47.1525,75.095,0.67,1.03,0.93,0.38,1.43,1.0150000000000001,1.07,0.1225,,,,0.2025,0.2425,15.805,84.6125,0.6074999999999999,161.285,0.0,0.0,,988.5275,
2023-01-12 21:00:00,47.345,81.0,0.67,1.03,0.93,0.38,1.43,0.99,1.07,0.1175,,,,0.1975,0.2375,15.71,84.2925,0.39249999999999996,220.2775,0.0,0.0,,988.975,
2023-01-12 22:00:00,45.8175,75.3225,0.67,1.03,0.93,0.38,1.43,1.005,1.07,0.12,,,,0.2025,0.24,15.2775,85.64,0.3925,227.32,0.0,0.0,,988.9549999999999,
2023-01-12 23:00:00,34.97,72.75,0.67,1.03,0.93,0.38000000000000006,1.43,0.7966666666666667,1.07,0.09666666666666668,,,,0.16,0.19333333333333333,15.37,84.98,0.91,255.66333333333333,0.0,0.0,,988.79,
2023-01-13 00:00:00,34.08,52.623333333333335,0.67,1.03,0.93,0.38000000000000006,1.43,0.6466666666666666,1.07,0.07666666666666667,,,,0.1325,0.1575,15.852500000000001,83.125,0.25,144.66750000000002,0.0,0.0,,988.6825,
2023-01-13 01:00:00,25.2925,45.5625,0.67,1.03,0.93,0.38,1.43,0.54,1.07,0.065,,,,0.1075,0.13,15.975,83.285,0.395,198.7625,0.0,0.0,,988.475,
2023-01-13 02:00:00,22.2075,39.0,0.67,1.03,0.93,0.38,1.43,0.51,1.07,0.06,,,,0.10250000000000001,0.125,15.64,85.65,0.39,204.8175,0.0,0.0,,988.1,
2023-01-13 03:00:00,18.6325,33.0625,0.67,1.03,0.93,0.38,1.43,0.4125,1.07,0.0475,,,,0.08499999999999999,0.1,15.095,90.14750000000001,0.48,183.5175,0.007500000000000001,0.007500000000000001,,988.21,
2023-01-13 04:00:00,14.785,28.22,0.67,1.03,0.93,0.38,1.43,0.36,1.07,0.04,,,,0.07,0.08499999999999999,14.7325,93.31,0.38749999999999996,194.7875,0.0,0.0,,988.5575,
2023-01-13 05:00:00,14.845,25.9225,0.67,1.03,0.93,0.38,1.43,0.325,1.07,0.04,,,,0.0675,0.0775,14.6225,94.3075,0.2775,233.3275,0.0,0.0,,989.185,
2023-01-13 06:00:00,13.655,21.5175,0.67,1.03,0.93,0.38,1.43,0.3375,1.07,0.04,,,,0.0675,0.08,14.8475,94.67,0.485,212.37,0.0,0.0,11.355,990.0775,
2023-01-13 07:00:00,12.545,21.1425,0.67,1.03,0.93,0.38,1.43,0.3825,1.07,0.0425,,,,0.07250000000000001,0.09,15.7175,92.2175,0.6425,205.155,0.0,0.0,103.03,991.0525,
2023-01-13 08:00:00,12.8,21.7975,0.67,1.03,0.93,0.38,1.43,0.3525,1.07,0.04,,,,0.07,0.0825,19.67,79.8075,0.3025,214.72500000000002,0.0,0.0,174.555,991.7975,
2023-01-13 09:00:00,12.8275,21.7025,0.67,1.03,0.93,0.38,1.43,0.305,1.07,0.04,,,,0.06,0.07,22.765,60.97,0.2975,166.555,0.0,0.0,129.5475,991.88,
2023-01-13 10:00:00,9.6975,19.3125,0.67,1.03,0.93,0.38,1.43,0.2775,1.07,0.0325,,,,0.055,0.0675,23.9325,55.4175,0.47250000000000003,151.5025,0.0,0.0,109.03999999999999,991.245,
2023-01-13 11:00:00,9.0725,15.0775,0.67,1.03,0.93,0.38,1.43,0.255,1.07,0.03,,,,0.05,0.06,25.509999999999998,51.972500000000004,0.4975,130.1325,0.0,0.0,209.27,990.315,
2023-01-13 12:00:00,10.6675,16.875,0.67,1.03,0.93,0.38,1.43,0.24,1.07,0.03,,,,0.05,0.06,25.37,50.125,0.51,159.9775,0.0,0.0,137.775,989.1925,
2023-01-13 13:00:00,9.5775,17.8125,0.67,1.03,0.93,0.38,1.43,0.2475,1.07,0.03,,,,0.05,0.06,22.5975,55.3275,0.49749999999999994,137.065,0.0,0.0,30.8225,988.3775,
2023-01-13 14:00:00,12.575000000000001,20.6525,0.67,1.03,0.93,0.38,1.43,0.2525,1.07,0.03,,,,0.05,0.06,19.5475,72.72749999999999,0.64,171.8075,0.0,0.0,11.6425,988.2775,
2023-01-13 15:00:00,11.95,20.4375,0.67,1.03,0.93,0.38,1.43,0.2575,1.07,0.03,,,,0.055,0.065,18.2925,78.6225,0.44,145.485,0.0,0.0,2.3674999999999997,988.5675,
2023-01-13 16:00:00,10.8875,18.89,0.67,1.03,0.93,0.38,1.43,0.27749999999999997,1.07,0.035,,,,0.055,0.065,18.5225,73.7125,0.4725,146.67000000000002,0.0,0.0,1.4249999999999998,989.0,
2023-01-13 17:00:00,12.9575,22.6875,0.67,1.03,0.93,0.38,1.43,0.3875,1.07,0.0425,,,,0.07500000000000001,0.095,17.6075,80.22749999999999,0.3275,121.08500000000001,0.0,0.0,,989.3275,
2023-01-13 18:00:00,16.505,26.39,0.67,1.03,0.93,0.38,1.43,0.4475,1.07,0.052500000000000005,,,,0.09,0.10250000000000001,16.8125,84.64,0.25,145.155,0.0,0.0,,989.96,
2023-01-13 19:00:00,18.177500000000002,35.25,0.67,1.03,0.93,0.38,1.43,0.4475,1.07,0.052500000000000005,,,,0.0925,0.11,16.165,87.9325,0.2625,135.89,0.0,0.0,,990.41,
2023-01-13 20:00:00,23.2425,36.09,0.67,1.03,0.93,0.38,1.43,0.48,1.07,0.0575,,,,0.0975,0.115,15.8475,89.41499999999999,0.28250000000000003,172.7225,0.0,0.0,,990.5450000000001,
2023-01-13 21:00:00,23.275,35.78,0.67,1.03,0.93,0.38,1.43,0.6325,1.07,0.07500000000000001,,,,0.13,0.15250000000000002,15.8,89.675,0.395,203.315,0.0,0.0,,990.675,
2023-01-13 22:00:00,23.485,38.567499999999995,0.67,1.03,0.93,0.38,1.43,0.7275,1.07,0.085,,,,0.14500000000000002,0.17750000000000002,15.85,89.39,0.71,196.7025,0.0,0.0,,990.515,
2023-01-13 23:00:00,25.703333333333333,39.93666666666667,0.67,1.03,0.93,0.38000000000000006,1.43,0.6999999999999998,1.07,0.08,,,,0.14,0.17,15.683333333333332,89.63666666666666,0.44333333333333336,183.16666666666666,0.0,0.0,,989.94,
2023-01-14 00:00:00,23.626666666666665,40.94,0.67,1.03,0.93,0.38000000000000006,1.43,0.65,1.07,0.07666666666666667,,,,0.1275,0.1575,15.115,91.785,0.2875,205.51999999999998,0.0,0.0,,989.405,
2023-01-14 01:00:00,29.095,43.595,0.67,1.03,0.93,0.38,1.43,0.575,1.07,0.07,,,,0.1125,0.135,15.35,90.635,0.5225,182.23,0.0,0.0,,989.1225,
2023-01-14 02:00:00,26.1825,40.4475,0.67,1.03,0.93,0.38,1.43,0.47250000000000003,1.07,0.055,,,,0.0975,0.115,15.16,91.125,0.785,181.315,0.0025,0.0025,,988.93,
2023-01-14 03:00:00,20.2325,33.375,0.67,1.03,0.93,0.38,1.43,0.35,1.07,0.04,,,,0.07,0.08,15.1,91.3475,0.515,185.155,0.0,0.0,,988.9,
2023-01-14 04:00:00,16.299999999999997,26.0,0.67,1.03,0.93,0.38,1.43,0.3125,1.07,0.0375,,,,0.065,0.07250000000000001,14.6225,93.715,0.1975,193.2775,0.0,0.0,,989.0475,
2023-01-14 05:00:00,9.1775,16.405,0.67,1.03,0.93,0.38,1.43,0.27,1.07,0.03,,,,0.052500000000000005,0.0625,13.865,94.7375,0.15500000000000003,273.505,0.0,0.0,,989.665,
2023-01-14 06:00:00,9.7075,16.0775,0.67,1.03,0.93,0.38,1.43,0.265,1.07,0.03,,,,0.055,0.0625,13.6825,95.4225,0.355,226.32,0.0,0.0,17.145000000000003,990.2974999999999,
2023-01-14 07:00:00,12.28,18.89,0.67,1.03,0.93,0.38,1.43,0.3075,1.07,0.035,,,,0.06,0.07250000000000001,14.695,95.72,0.315,197.225,0.0,0.0,60.067499999999995,990.9475,
2023-01-14 08:00:00,13.845,20.6725,0.67,1.03,0.93,0.38,1.43,0.34750000000000003,1.07,0.04,,,,0.07,0.0825,16.6325,88.51,0.42,177.20000000000002,0.0,0.0,121.03999999999999,991.6925,
2023-01-14 09:00:00,15.125,24.0475,0.67,1.03,0.93,0.38,1.43,0.3375,1.07,0.04,,,,0.07,0.08,20.95,73.4975,0.2525,157.3725,0.0,0.0,163.905,991.8075,
2023-01-14 10:00:00,10.785,16.7925,0.67,1.03,0.93,0.38,1.43,0.3175,1.07,0.04,,,,0.0675,0.0775,22.025,63.845,0.41000000000000003,123.61500000000001,0.0,0.0,125.2225,991.2175,
2023-01-14 11:00:00,11.33,19.6675,0.67,1.03,0.93,0.38,1.43,0.28250000000000003,1.07,0.03,,,,0.057499999999999996,0.07,22.11,61.955,0.37,148.8425,0.0,0.0,158.255,990.26,
2023-01-14 12:00:00,16.9375,26.155,0.67,1.03,0.93,0.38,1.43,0.2675,1.07,0.03,,,,0.052500000000000005,0.0625,22.1825,63.215,0.675,104.0,0.0,0.0,170.9475,989.1475,
2023-01-14 13:00:00,13.614999999999998,23.015,0.67,1.03,0.93,0.38,1.43,0.255,1.07,0.03,,,,0.05,0.06,20.39,67.4375,0.47750000000000004,189.045,0.0,0.0,66.9025,988.5375,
2023-01-14 14:00:00,12.0025,19.2975,0.67,1.03,0.93,0.38,1.43,0.2725,1.07,0.03,,,,0.055,0.0625,19.1025,71.1,0.4875,107.035,0.0,0.0,21.6475,988.1675,
2023-01-14 15:00:00,12.22,18.89,0.67,1.03,0.93,0.38,1.43,0.3425,1.07,0.04,,,,0.0675,0.0775,18.509999999999998,76.1575,0.3875,107.2675,0.0,0.0,8.9475,988.0425,
2023-01-14 16:00:00,16.82,26.095,0.67,1.03,0.93,0.38,1.43,0.4325,1.07,0.05,,,,0.09,0.10250000000000001,17.755,80.565,0.3675,106.32,0.0,0.0,0.515,988.4075,
2023-01-14 17:00:00,21.625,34.5,0.67,1.03,0.93,0.38,1.43,0.465,1.07,0.06,,,,0.095,0.11,17.25,82.2225,0.4875,107.38,0.0,0.0,,989.0875,
2023-01-14 18:00:00,19.5325,34.5,0.67,1.03,0.93,0.38,1.43,0.51,1.07,0.06,,,,0.1,0.1225,16.8625,82.4925,0.33999999999999997,133.91,0.0,0.0,,989.8525,
2023-01-14 19:00:00,21.1725,32.625,0.67,1.03,0.93,0.38,1.43,0.5875,1.07,0.07,,,,0.115,0.14,16.5475,80.48,0.29500000000000004,115.0625,0.0,0.0,,990.43,
2023-01-14 20:00:00,24.9125,39.4825,0.67,1.03,0.93,0.38,1.43,0.745,1.07,0.09,,,,0.15000000000000002,0.18,15.98,84.3425,0.225,141.04749999999999,0.0,0.0,,990.5550000000001,
2023-01-14 21:00:00,35.125,55.1725,0.67,1.03,0.93,0.38,1.43,0.755,1.07,0.09,,,,0.1525,0.1825,15.4275,87.42,0.1725,190.735,0.0,0.0,,990.4775,
2023-01-14 22:00:00,35.915,61.0,0.67,1.03,0.93,0.38,1.43,0.7775,1.07,0.095,,,,0.155,0.1875,15.24,88.89750000000001,0.43500000000000005,236.61249999999998,0.0,0.0,,990.31,
2023-01-14 23:00:00,29.343333333333334,50.69,0.67,1.03,0.93,0.38000000000000006,1.43,0.7133333333333333,1.07,0.09000000000000001,,,,0.14,0.17,15.313333333333333,88.36,0.3433333333333333,160.11333333333332,0.0,0.0,,990.0833333333334,
2023-01-15 00:00:00,25.876666666666665,48.75,0.67,1.03,0.93,0.38000000000000006,1.43,0.6166666666666667,1.07,0.07,,,,0.1225,0.1475,14.995000000000001,89.7475,0.335,213.075,0.0,0.0,,989.73,
2023-01-15 01:00:00,25.535,45.565,0.67,1.03,0.93,0.38,1.43,0.5475,1.07,0.065,,,,0.1075,0.13,14.807500000000001,91.315,0.3675,174.87,0.0,0.0,,989.15,
2023-01-15 02:00:00,23.3725,42.61,0.67,1.03,0.93,0.38,1.43,0.46499999999999997,1.07,0.057499999999999996,,,,0.095,0.1075,14.6075,92.6725,0.39999999999999997,219.125,0.0,0.0,,988.8774999999999,
2023-01-15 03:00:00,20.7825,34.595,0.67,1.03,0.93,0.38,1.43,0.4375,1.07,0.05,,,,0.09,0.10500000000000001,14.545,93.235,0.46499999999999997,180.835,0.0,0.0,,988.6324999999999,
2023-01-15 04:00:00,19.005,33.8425,0.67,1.03,0.93,0.38,1.43,0.4125,1.07,0.0475,,,,0.0825,0.0975,14.42,93.7,0.2325,176.89249999999998,0.0,0.0,,988.7725,
2023-01-15 05:00:00,20.875,35.25,0.67,1.03,0.93,0.38,1.43,0.375,1.07,0.04,,,,0.07,0.09,14.272499999999999,94.52250000000001,0.37,260.575,0.0,0.0,,989.4725,
2023-01-15 06:00:00,20.064999999999998,34.5,0.67,1.03,0.93,0.38,1.43,0.3775,1.07,0.0425,,,,0.07,0.09,14.3975,94.8575,0.20500000000000002,162.60500000000002,0.0,0.0,1.6533333333333333,990.45,
2023-01-15 07:00:00,20.1475,34.5,0.67,1.03,0.93,0.38,1.43,0.4225,1.07,0.052500000000000005,,,,0.0875,0.1,14.6525,94.7975,0.225,189.5075,0.0,0.0,10.935,991.2725,
2023-01-15 08:00:00,23.0075,39.45,0.67,1.03,0.93,0.38,1.43,0.505,1.07,0.06,,,,0.10500000000000001,0.12,15.1625,94.42750000000001,0.1825,198.23000000000002,0.0,0.0,27.13,991.9475,
2023-01-15 09:00:00,27.7925,45.25,0.67,1.03,0.93,0.38,1.43,0.6025,1.07,0.07250000000000001,,,,0.1175,0.14250000000000002,16.32,90.1275,0.2825,222.7725,0.0,0.0,70.80499999999999,992.0975,
2023-01-15 10:00:00,28.75,51.5625,0.67,1.03,0.93,0.38,1.43,0.52,1.07,0.0625,,,,0.10500000000000001,0.1225,18.7925,76.395,0.2725,146.875,0.0,0.0,121.0975,991.3375,
2023-01-15 11:00:00,33.35,55.0775,0.67,1.03,0.93,0.38,1.43,0.455,1.07,0.055,,,,0.0925,0.1075,21.4175,66.5525,0.48,99.1,0.0,0.0,202.375,990.085,
2023-01-15 12:00:00,32.4675,51.075,0.67,1.03,0.93,0.38,1.43,0.41500000000000004,1.07,0.05,,,,0.08499999999999999,0.0975,23.6,55.1025,0.475,141.8475,0.0,0.0,189.985,988.8325,
2023-01-15 13:00:00,26.8925,45.0,0.67,1.03,0.93,0.38,1.43,0.3575,1.07,0.04,,,,0.07,0.08499999999999999,23.5325,52.31,0.5125,135.85,0.0,0.0,147.2175,988.0375,
2023-01-15 14:00:00,25.5,41.015,0.67,1.03,0.93,0.38,1.43,0.335,1.07,0.04,,,,0.07,0.08,22.94,52.32,0.43,157.735,0.0,0.0,94.66499999999999,987.7375,
2023-01-15 15:00:00,21.2825,34.754999999999995,0.67,1.03,0.93,0.38,1.43,0.345,1.07,0.04,,,,0.07,0.08,20.919999999999998,59.620000000000005,0.32,131.2625,0.0,0.0,40.4725,987.71,
2023-01-15 16:00:00,19.625,33.655,0.67,1.03,0.93,0.38,1.43,0.3475,1.07,0.04,,,,0.07,0.08,18.990000000000002,69.7875,0.29000000000000004,207.255,0.0,0.0,8.76,987.825,
2023-01-15 17:00:00,22.8875,35.5,0.67,1.03,0.93,0.38,1.43,0.4125,1.07,0.0475,,,,0.0825,0.0975,16.44,79.85249999999999,0.2,235.5675,0.0,0.0,,988.4725,
2023-01-15 18:00:00,25.3,40.2625,0.67,1.03,0.93,0.38,1.43,0.475,1.07,0.0575,,,,0.095,0.115,14.6125,88.3725,0.27499999999999997,155.49,0.0,0.0,,989.115,
2023-01-15 19:00:00,30.325000000000003,51.75,0.67,1.03,0.93,0.38,1.43,0.72,1.07,0.08750000000000001,,,,0.14250000000000002,0.175,14.1375,91.2975,0.235,190.825,0.0,0.0,,989.615,
2023-01-15 20:00:00,38.182500000000005,61.082499999999996,0.67,1.03,0.93,0.38,1.43,1.01,1.07,0.1225,,,,0.2025,0.245,14.435,91.2925,0.215,225.38,0.0,0.0,,990.06,
2023-01-15 21:00:00,48.7175,80.765,0.67,1.03,0.93,0.38,1.43,0.9725,1.07,0.11499999999999999,,,,0.1925,0.23249999999999998,14.5975,90.045,0.16999999999999998,238.42999999999998,0.0,0.0,,990.3499999999999,
2023-01-15 22:00:00,47.97,82.125,0.67,1.03,0.93,0.38,1.43,1.0425,1.07,0.1275,,,,0.2075,0.2525,14.3725,90.8625,0.4375,212.56,0.0,0.0,,990.4975,
2023-01-15 23:00:00,52.5,78.75,0.67,1.03,0.93,0.38000000000000006,1.43,1.03,1.07,0.12333333333333334,,,,0.20666666666666667,0.25,14.193333333333333,91.64,0.5233333333333333,193.15333333333334,0.0,0.0,,990.2566666666667,
2023-01-16 00:00:00,47.25666666666667,76.94333333333333,0.67,1.03,0.93,0.38000000000000006,1.43,0.8533333333333334,1.07,0.10333333333333333,,,,0.175,0.21250000000000002,14.29,91.1725,0.61,187.74,0.0,0.0,,989.8050000000001,
2023-01-16 01:00:00,40.4325,71.6675,0.67,1.03,0.93,0.38,1.43,0.8075,1.07,0.0975,,,,0.1625,0.1975,14.255,91.2625,0.26,266.4325,0.0,0.0,,989.4325,
2023-01-16 02:00:00,34.625,63.095,0.67,1.03,0.93,0.38,1.43,0.6799999999999999,1.07,0.0825,,,,0.135,0.1625,14.2525,91.1725,0.18,198.2725,0.0,0.0,,989.1375,
2023-01-16 03:00:00,32.975,54.3125,0.67,1.03,0.93,0.38,1.43,0.59,1.07,0.07,,,,0.1175,0.14250000000000002,14.1075,92.1525,0.20249999999999999,215.9125,0.0,0.0,,989.11,
2023-01-16 04:00:00,33.125,54.845,0.67,1.03,0.93,0.38,1.43,0.5225,1.07,0.0625,,,,0.10250000000000001,0.125,14.2425,92.3775,0.20750000000000002,225.0075,0.0,0.0,,989.5450000000001,
2023-01-16 05:00:00,28.375,46.5925,0.67,1.03,0.93,0.38,1.43,0.475,1.07,0.06,,,,0.0975,0.1125,14.1675,92.725,0.19,197.64249999999998,0.0,0.0,,990.3675000000001,
2023-01-16 06:00:00,23.555,41.2025,0.67,1.03,0.93,0.38,1.43,0.435,1.07,0.05,,,,0.09,0.10500000000000001,14.0525,93.3375,0.2475,171.45499999999998,0.0,0.0,2.39,991.2175,
2023-01-16 07:00:00,25.252499999999998,42.89,0.67,1.03,0.93,0.38,1.43,0.5025,1.07,0.06,,,,0.10250000000000001,0.11750000000000001,14.46,93.30250000000001,0.1675,221.23000000000002,0.0,0.0,12.837499999999999,992.345,
2023-01-16 08:00:00,28.405,50.0625,0.67,1.03,0.93,0.38,1.43,0.6225,1.07,0.07250000000000001,,,,0.1225,0.15,14.965,91.175,0.41,211.2125,0.0,0.0,12.9925,993.4375,
2023-01-16 09:00:00,29.752499999999998,50.49,0.67,1.03,0.93,0.38,1.43,0.5875,1.07,0.07,,,,0.11499999999999999,0.14,15.935,87.51,0.2175,198.6825,0.0,0.0,40.58,993.84,
2023-01-16 10:00:00,33.957499999999996,54.215,0.67,1.03,0.93,0.38,1.43,0.6325,1.07,0.07500000000000001,,,,0.1275,0.1525,18.3625,78.455,0.285,153.76500000000001,0.0,0.0,98.3775,993.1575,
2023-01-16 11:00:00,45.785000000000004,76.125,0.67,1.03,0.93,0.38,1.43,0.6325000000000001,1.07,0.0775,,,,0.1275,0.15,21.072499999999998,66.7475,0.365,135.25,0.0,0.0,128.9325,992.1075000000001,
2023-01-16 12:00:00,53.1725,90.88,0.67,1.03,0.93,0.38,1.43,0.47250000000000003,1.07,0.055,,,,0.095,0.115,21.31,62.635000000000005,0.4075,127.045,0.0,0.0,123.975,991.0975,
2023-01-16 13:00:00,46.925,82.11,0.67,1.03,0.93,0.38,1.43,0.3975,1.07,0.0475,,,,0.08,0.0925,20.235,62.72,0.31,164.2525,0.0,0.0,33.155,990.1925,
2023-01-16 14:00:00,37.4075,67.03,0.67,1.03,0.93,0.38,1.43,0.4225,1.07,0.05,,,,0.0875,0.1,18.752499999999998,72.465,0.255,186.07999999999998,0.0,0.0,13.36,989.8375,
2023-01-16 15:00:00,37.9075,60.47,0.67,1.03,0.93,0.38,1.43,0.43,1.07,0.05,,,,0.09,0.10250000000000001,18.2225,76.82,0.1875,203.2575,0.0,0.0,11.51,989.77,
2023-01-16 16:00:00,34.57,50.0625,0.67,1.03,0.93,0.38,1.43,0.4525,1.07,0.052500000000000005,,,,0.0925,0.1125,16.990000000000002,80.8225,0.2,203.3675,0.0,0.0,2.3266666666666667,989.9475,
2023-01-16 17:00:00,27.0025,51.1875,0.67,1.03,0.93,0.38,1.43,0.5125,1.07,0.06,,,,0.10250000000000001,0.12,15.645,86.77250000000001,0.2425,107.61,0.0,0.0,,990.3875,
2023-01-16 18:00:00,30.835,53.2025,0.67,1.03,0.93,0.38,1.43,0.61,1.07,0.07250000000000001,,,,0.12,0.145,14.852500000000001,89.6275,0.19,144.3675,0.0,0.0,,990.9375,
2023-01-16 19:00:00,42.292500000000004,61.0325,0.67,1.03,0.93,0.38,1.43,0.6950000000000001,1.07,0.0825,,,,0.14,0.17,14.120000000000001,91.745,0.1825,183.5175,0.0,0.0,,991.5,
2023-01-16 20:00:00,39.97,68.53,0.67,1.03,0.93,0.38,1.43,0.78,1.07,0.0925,,,,0.1575,0.19,13.9275,92.4575,0.2275,137.79250000000002,0.0,0.0,,992.0325,
2023-01-16 21:00:00,42.765,65.9075,0.67,1.03,0.93,0.38,1.43,0.8674999999999999,1.07,0.10250000000000001,,,,0.17500000000000002,0.20500000000000002,14.084999999999999,91.2375,0.20249999999999999,204.7775,0.0,0.0,,992.025,
2023-01-16 22:00:00,39.0375,68.6725,0.67,1.03,0.93,0.38,1.43,0.9275,1.07,0.11,,,,0.1825,0.2225,14.125,90.525,0.4,222.285,0.0,0.0,,991.8025,
2023-01-16 23:00:00,42.623333333333335,79.55666666666667,0.67,1.03,0.93,0.38000000000000006,1.43,0.9333333333333332,1.07,0.11,,,,0.18666666666666668,0.22333333333333336,13.953333333333333,91.53333333333332,0.5166666666666667,225.54666666666665,0.0,0.0,,991.6033333333334,
2023-01-17 00:00:00,45.74666666666667,68.5,0.67,1.03,0.93,0.38000000000000006,1.43,0.73,1.07,0.09000000000000001,,,,0.1525,0.1825,13.64,92.18,0.2625,261.725,0.0,0.0,,991.235,
2023-01-17 01:00:00,36.165,66.375,0.67,1.03,0.93,0.38,1.43,0.71,1.07,0.08499999999999999,,,,0.14,0.17,13.8775,91.9975,0.135,219.0025,0.0,0.0,,990.8625,
2023-01-17 02:00:00,36.7825,58.405,0.67,1.03,0.93,0.38,1.43,0.6975,1.07,0.08499999999999999,,,,0.14,0.17,13.7375,92.7125,0.23249999999999998,189.91,0.0,0.0,,990.54,
2023-01-17 03:00:00,33.375,51.6575,0.67,1.03,0.93,0.38,1.43,0.6425000000000001,1.07,0.0775,,,,0.1275,0.155,13.2425,93.8325,0.2875,217.52249999999998,0.0,0.0,,990.31,
2023-01-17 04:00:00,33.625,54.0,0.67,1.03,0.93,0.38,1.43,0.61,1.07,0.07,,,,0.12,0.1475,13.4,94.6525,0.355,168.76,0.0,0.0,,990.735,
2023-01-17 05:00:00,33.1625,52.6875,0.67,1.03,0.93,0.38,1.43,0.555,1.07,0.0675,,,,0.1125,0.1325,13.495,93.92,0.315,221.6375,0.0,0.0,,991.3725,
2023-01-17 06:00:00,33.0475,54.095,0.67,1.03,0.93,0.38,1.43,0.5225,1.07,0.06,,,,0.10250000000000001,0.125,13.5525,93.8575,0.29,183.4025,0.0,0.0,3.3,992.205,
2023-01-17 07:00:00,29.0325,52.03,0.67,1.03,0.93,0.38,1.43,0.5825,1.07,0.07,,,,0.11499999999999999,0.1375,13.9775,93.4,0.20500000000000002,200.8875,0.0,0.0,22.8075,993.3,
2023-01-17 08:00:00,33.3475,56.91,0.67,1.03,0.93,0.38,1.43,0.5825,1.07,0.07,,,,0.11499999999999999,0.14,15.7575,86.92999999999999,0.385,191.505,0.0,0.0,85.06,994.1075000000001,
2023-01-17 09:00:00,31.61,52.0775,0.67,1.03,0.93,0.38,1.43,0.47,1.07,0.055,,,,0.0925,0.1125,17.925,73.465,0.4075,145.95,0.0,0.0,104.58500000000001,994.0675,
2023-01-17 10:00:00,31.935,52.595,0.67,1.03,0.93,0.38,1.43,0.4375,1.07,0.052500000000000005,,,,0.0925,0.10500000000000001,19.8375,66.4175,0.405,164.02,0.0,0.0,106.1425,993.3725,
2023-01-17 11:00:00,30.705,60.375,0.67,1.03,0.93,0.38,1.43,0.3625,1.07,0.04,,,,0.07,0.0875,22.78,55.7325,0.525,170.92,0.0,0.0,201.125,991.98,
2023-01-17 12:00:00,29.67,66.0,0.67,1.03,0.2325,0.38,1.43,0.0975,1.07,0.0125,,,,0.07,0.09,22.56,55.99,1.3,150.53,0.0,0.0,214.05,991.02,
2023-01-17 13:00:00,,,,,0.0,,,0.0,,0.0,,,,,,,,,,0.0,0.0,,,
2023-01-17 14:00:00,17.54,52.25,0.62,0.9450000000000001,0.8525,0.34750000000000003,1.3225,0.32,0.98,0.035,,,,0.065,0.08,22.415,52.34,0.4975,137.89499999999998,0.0,0.0,103.08,948.1925,
2023-01-17 15:00:00,14.815000000000001,33.0,0.67,1.03,0.93,0.38,1.43,0.4025,1.07,0.05,,,,0.0825,0.095,21.675,58.4525,0.3625,133.96,0.0,0.0,45.7925,989.56,
2023-01-17 16:00:00,29.72,48.7025,0.67,1.03,0.93,0.38,1.43,0.6074999999999999,1.07,0.07250000000000001,,,,0.11750000000000001,0.14250000000000002,18.6175,71.8075,0.3,191.73250000000002,0.0,0.0,7.125,989.7975,
2023-01-17 17:00:00,40.0625,61.5,0.67,1.03,0.93,0.38,1.43,1.185,1.07,0.14250000000000002,,,,0.24,0.2875,16.085,80.89,0.25,133.9125,0.0,0.0,,990.415,
2023-01-17 18:00:00,50.0875,96.8325,0.67,1.03,0.93,0.38,1.43,1.4275,1.07,0.17250000000000001,,,,0.28500000000000003,0.3425,14.5825,87.055,0.2025,192.6325,0.0,0.0,,991.1575,
2023-01-17 19:00:00,62.22,106.4575,0.67,1.03,0.93,0.38,1.43,1.3325,1.07,0.1575,,,,0.265,0.32,14.4525,88.9825,0.32,176.9275,0.0,0.0,,992.03,
2023-01-17 20:00:00,67.84,107.6725,0.67,1.03,0.93,0.38,1.43,1.27,1.07,0.1525,,,,0.2525,0.3025,14.809999999999999,88.5825,0.6125,194.16500000000002,0.0,0.0,,992.56,
2023-01-17 21:00:00,60.8925,109.78,0.67,1.03,0.93,0.38,1.43,1.145,1.07,0.1375,,,,0.22749999999999998,0.275,15.08,88.0025,0.44,227.1975,0.0,0.0,,992.6475,
2023-01-17 22:00:00,70.1675,104.6125,0.67,1.03,0.93,0.38,1.43,1.1,1.07,0.13,,,,0.22,0.2675,14.8675,89.12,0.4775,215.295,0.0,0.0,,992.695,
2023-01-17 23:00:00,62.93333333333334,98.8,0.67,1.03,0.93,0.38000000000000006,1.43,1.0266666666666666,1.07,0.12,,,,0.20666666666666667,0.24666666666666667,14.706666666666665,89.43,0.22999999999999998,199.96333333333334,0.0,0.0,,992.38,
2023-01-18 00:00:00,59.5,95.25,0.67,1.03,0.93,0.38000000000000006,1.43,0.88,1.07,0.10333333333333333,,,,0.1775,0.2175,14.775,89.4,0.3125,230.8975,0.0,0.0,,992.21,
2023-01-18 01:00:00,52.542500000000004,85.45,0.67,1.03,0.93,0.38,1.43,0.8425,1.07,0.10250000000000001,,,,0.1675,0.2,14.735,89.975,0.1775,215.1975,0.0,0.0,,991.865,
2023-01-18 02:00:00,48.96,84.4375,0.67,1.03,0.93,0.38,1.43,0.7225,1.07,0.0875,,,,0.14250000000000002,0.175,14.02,91.52,0.27999999999999997,225.7025,0.0,0.0,,991.5174999999999,
2023-01-18 03:00:00,43.41,74.475,0.67,1.03,0.93,0.38,1.43,0.635,1.07,0.0775,,,,0.1275,0.1575,13.155,94.02,0.3675,224.2225,0.0,0.0,,991.535,
2023-01-18 04:00:00,43.2425,72.4375,0.67,1.03,0.93,0.38,1.43,0.5775,1.07,0.07,,,,0.11499999999999999,0.1375,12.5825,95.025,0.34,180.8225,0.0,0.0,,991.9725,
2023-01-18 05:00:00,45.125,67.025,0.67,1.03,0.93,0.38,1.43,0.5,1.07,0.06,,,,0.1,0.11499999999999999,12.02,95.4075,0.3425,191.89499999999998,0.0,0.0,,992.69,
2023-01-18 06:00:00,33.1425,62.625,0.67,1.03,0.93,0.38,1.43,0.485,1.07,0.06,,,,0.1,0.11499999999999999,11.935,95.82,0.435,200.74,0.0,0.0,11.3125,993.8675000000001,
2023-01-18 07:00:00,40.545,64.715,0.67,1.03,0.93,0.38,1.43,0.5075000000000001,1.07,0.06,,,,0.1,0.12,12.8675,94.7925,0.355,204.02,0.0,0.0,81.55499999999999,994.91,
2023-01-18 08:00:00,42.15,66.31,0.67,1.03,0.93,0.38,1.43,0.515,1.07,0.0625,,,,0.10250000000000001,0.125,16.4875,82.85499999999999,0.5075000000000001,181.95,0.0,0.0,188.4075,995.9175,
2023-01-18 09:00:00,43.135,68.7,0.67,1.03,0.93,0.38,1.43,0.4875,1.07,0.06,,,,0.0975,0.11499999999999999,21.675,63.22,0.375,168.705,0.0,0.0,142.285,996.355,
2023-01-18 10:00:00,35.885000000000005,57.5725,0.67,1.03,0.93,0.38,1.43,0.4375,1.07,0.05,,,,0.09,0.10250000000000001,22.58,58.555,0.46249999999999997,134.565,0.0,0.0,111.785,995.95,
2023-01-18 11:00:00,31.42,57.335,0.67,1.03,0.93,0.38,1.43,0.415,1.07,0.05,,,,0.08499999999999999,0.1,22.509999999999998,58.980000000000004,0.385,112.8,0.0,0.0,165.845,995.125,
2023-01-18 12:00:00,,,,,,,,,,,,,,,,,,,,,0.0,,,
2023-01-18 13:00:00,,,,,,,,,,,,,,,,,,,,,0.0,,,
2023-01-18 14:00:00,,,,,,,,,,,,,,,,,,,,,0.0,,,
2023-01-18 15:00:00,,,,,,,,,,,,,,,,,,,,,0.0,,,
2023-01-18 16:00:00,,,,,,,,,,,,,,,,,,,,,0.0,,,
2023-01-18 17:00:00,,,,,,,,,,,,,,,,,,,,,0.0,,,
2023-01-18 18:00:00,,,,,,,,,,,,,,,,,,,,,0.0,,,
2023-01-18 19:00:00,,,,,,,,,,,,,,,,,,,,,0.0,,,
2023-01-18 20:00:00,,,,,,,,,,,,,,,,,,,,,0.0,,,
2023-01-18 21:00:00,,,,,,,,,,,,,,,,,,,,,0.0,,,
2023-01-18 22:00:00,,,,,,,,,,,,,,,,,,,,,0.0,,,
2023-01-18 23:00:00,,,,,,,,,,,,,,,,,,,,,0.0,,,
2023-01-19 00:00:00,,,,,,,,,,,,,,,,,,,,,0.0,,,
2023-01-19 01:00:00,,,,,,,,,,,,,,,,,,,,,0.0,,,
2023-01-19 02:00:00,,,,,,,,,,,,,,,,,,,,,0.0,,,
2023-01-19 03:00:00,,,,,,,,,,,,,,,,,,,,,0.0,,,
2023-01-19 04:00:00,,,,,,,,,,,,,,,,,,,,,0.0,,,
2023-01-19 05:00:00,,,,,,,,,,,,,,,,,,,,,0.0,,,
2023-01-19 06:00:00,,,,,,,,,,,,,,,,,,,,,0.0,,,
2023-01-19 07:00:00,,,,,,,,,,,,,,,,,,,,,0.0,,,
2023-01-19 08:00:00,,,,,,,,,,,,,,,,,,,,,0.0,,,
2023-01-19 09:00:00,,,,,,,,,,,,,,,,,,,,,0.0,,,
2023-01-19 10:00:00,10.19,30.0,1.1166666666666665,1.03,0.93,0.42,1.7633333333333334,0.26666666666666666,1.2133333333333334,0.03333333333333333,,,,0.04,0.04666666666666667,23.44666666666667,45.1,0.5866666666666667,141.87333333333333,0.0,0.0,75.17666666666666,995.4766666666666,
2023-01-19 11:00:00,16.03,36.126666666666665,0.67,1.03,0.93,0.38,1.43,0.315,1.07,0.04,,,,0.065,0.07500000000000001,24.4625,44.5575,0.53,163.92000000000002,0.0,0.0,204.74,994.245,
2023-01-19 12:00:00,25.265,40.707499999999996,0.67,1.03,0.93,0.38,1.43,0.315,1.07,0.04,,,,0.06,0.07,25.490000000000002,42.555,0.4675,142.285,0.0,0.0,205.54000000000002,992.98,
2023-01-19 13:00:00,25.294999999999998,45.845,0.67,1.03,0.93,0.38,1.43,0.345,1.07,0.04,,,,0.07,0.08,25.705,42.5,0.5875,133.8425,0.0,0.0,180.285,991.88,
2023-01-19 14:00:00,27.2325,50.2975,0.67,1.03,0.93,0.38,1.43,0.3525,1.07,0.04,,,,0.07,0.08499999999999999,25.655,42.7475,0.48,150.8175,0.0,0.0,141.5025,991.2275,
2023-01-19 15:00:00,20.845,41.86,0.67,1.03,0.93,0.38,1.43,0.3525,1.07,0.04,,,,0.07,0.0825,24.335,47.4225,0.2925,157.7725,0.0,0.0,84.5975,990.965,
2023-01-19 16:00:00,21.5775,38.917500000000004,0.67,1.03,0.93,0.38,1.43,0.3775,1.07,0.0425,,,,0.07500000000000001,0.0875,20.630000000000003,59.41,0.24250000000000002,189.355,0.0,0.0,10.955,991.16,
2023-01-19 17:00:00,23.785,40.6875,0.67,1.03,0.93,0.38,1.43,0.44999999999999996,1.07,0.055,,,,0.0925,0.10500000000000001,17.995,69.89500000000001,0.2175,181.725,0.0,0.0,,991.8225,
2023-01-19 18:00:00,23.8825,43.5,0.67,1.03,0.93,0.38,1.43,0.55,1.07,0.065,,,,0.11,0.1325,16.5075,75.84,0.305,231.81,0.0,0.0,,992.4625,
2023-01-19 19:00:00,31.07,48.8925,0.67,1.03,0.93,0.38,1.43,0.7075,1.07,0.08499999999999999,,,,0.14,0.17,15.25,80.5675,0.125,215.3625,0.0,0.0,,992.8125,
2023-01-19 20:00:00,42.19,72.9375,0.67,1.03,0.93,0.38,1.43,0.985,1.07,0.1175,,,,0.1975,0.2375,13.975,84.2525,0.45999999999999996,231.1125,0.0,0.0,,993.3375,
2023-01-19 21:00:00,44.435,85.405,0.67,1.03,0.93,0.38,1.43,0.935,1.07,0.115,,,,0.185,0.2225,13.365,84.4025,0.4025,197.28,0.0,0.0,,993.655,
2023-01-19 22:00:00,39.7275,81.375,0.67,1.03,0.93,0.38,1.43,0.9625,1.07,0.11499999999999999,,,,0.1925,0.22999999999999998,12.5525,88.4025,0.28500000000000003,207.60500000000002,0.0,0.0,,993.665,
2023-01-19 23:00:00,46.833333333333336,84.0,0.67,1.03,0.93,0.38000000000000006,1.43,0.9266666666666667,1.07,0.11333333333333333,,,,0.18666666666666668,0.22,12.219999999999999,88.33999999999999,0.53,242.70666666666668,0.0,0.0,,993.3299999999999,
2023-01-20 00:00:00,39.56666666666667,67.41666666666667,0.67,1.03,0.93,0.38000000000000006,1.43,0.6966666666666667,1.07,0.08333333333333333,,,,0.14250000000000002,0.175,11.6025,88.7875,0.655,245.985,0.0,0.0,,993.1825,
2023-01-20 01:00:00,41.875,68.3125,0.67,1.03,0.93,0.38,1.43,0.6,1.07,0.07250000000000001,,,,0.1175,0.14750000000000002,11.805,86.475,0.3975,218.46,0.0,0.0,,992.8399999999999,
2023-01-20 02:00:00,29.057499999999997,54.975,0.67,1.03,0.93,0.38,1.43,0.5,1.07,0.06,,,,0.10250000000000001,0.1175,11.817499999999999,86.805,0.4275,268.065,0.0,0.0,,992.345,
2023-01-20 03:00:00,25.8775,44.3125,0.67,1.03,0.93,0.38,1.43,0.4225,1.07,0.05,,,,0.0875,0.10250000000000001,11.8225,87.16,0.3425,120.5775,0.0,0.0,,992.0825,
2023-01-20 04:00:00,21.6575,37.6875,0.67,1.03,0.93,0.38,1.43,0.3925,1.07,0.0425,,,,0.07500000000000001,0.095,11.6175,89.685,0.22749999999999998,201.805,0.0,0.0,,992.1825,
2023-01-20 05:00:00,23.0825,39.625,0.67,1.03,0.93,0.38,1.43,0.385,1.07,0.045,,,,0.0775,0.09,11.16,91.005,0.2475,215.7425,0.0,0.0,,992.7850000000001,
2023-01-20 06:00:00,21.5925,36.0625,0.67,1.03,0.93,0.38,1.43,0.38,1.07,0.045,,,,0.07500000000000001,0.09,10.455,93.44,0.23,234.155,0.0,0.0,36.415,993.61,
2023-01-20 07:00:00,22.84,42.525,0.67,1.03,0.93,0.38,1.43,0.435,1.07,0.052500000000000005,,,,0.09,0.10500000000000001,13.3725,83.43,0.45,212.25,0.0,0.0,146.935,994.7375,
2023-01-20 08:00:00,25.1025,47.375,0.67,1.03,0.93,0.38,1.43,0.395,1.07,0.05,,,,0.08,0.1,17.365000000000002,67.7025,0.5974999999999999,187.54749999999999,0.0,0.0,213.225,995.615,
2023-01-20 09:00:00,24.62,40.5,0.67,1.03,0.93,0.38,1.43,0.395,1.07,0.0475,,,,0.0775,0.0975,23.03,51.3,0.40750000000000003,130.0325,0.0,0.0,131.52,995.805,
2023-01-20 10:00:00,21.8725,36.515,0.67,1.03,0.93,0.38,1.43,0.35,1.07,0.04,,,,0.07,0.08499999999999999,25.134999999999998,43.4075,0.405,139.1225,0.0,0.0,63.39999999999999,994.9975,
2023-01-20 11:00:00,20.1075,30.939999999999998,0.67,1.03,0.93,0.38,1.43,0.3375,1.07,0.04,,,,0.07,0.08,25.975,43.862500000000004,0.4975,144.6425,0.0,0.0,203.6425,993.88,
2023-01-20 12:00:00,20.502499999999998,32.72,0.67,1.03,0.93,0.38,1.43,0.305,1.07,0.04,,,,0.06,0.07,25.9025,42.4775,0.6475,139.39249999999998,0.0,0.0,212.285,992.5525,
2023-01-20 13:00:00,16.4075,28.9225,0.67,1.03,0.93,0.38,1.43,0.3025,1.07,0.035,,,,0.06,0.07,26.2075,41.16,0.7175,136.9675,0.0,0.0,176.535,991.6524999999999,
2023-01-20 14:00:00,21.165,37.8125,0.67,1.03,0.93,0.38,1.43,0.3125,1.07,0.04,,,,0.0625,0.07,27.075,38.26,0.405,170.1175,0.0,0.0,142.0975,991.1175000000001,
2023-01-20 15:00:00,28.9075,45.845,0.67,1.03,0.93,0.38,1.43,0.3075,1.07,0.04,,,,0.06,0.07,26.38,42.292500000000004,0.3175,200.0675,0.0,0.0,88.505,990.87,
2023-01-20 16:00:00,26.28,40.5925,0.67,1.03,0.93,0.38,1.43,0.3725,1.07,0.045,,,,0.07250000000000001,0.0875,20.63,57.3725,0.245,193.47750000000002,0.0,0.0,9.7875,990.865,
2023-01-20 17:00:00,26.405,41.0625,0.67,1.03,0.93,0.38,1.43,0.4,1.07,0.0475,,,,0.08,0.0925,16.7625,69.85499999999999,0.29000000000000004,132.04500000000002,0.0,0.0,,991.195,
2023-01-20 18:00:00,27.0625,48.7975,0.67,1.03,0.93,0.38,1.43,0.56,1.07,0.065,,,,0.1125,0.1325,15.092500000000001,76.85249999999999,0.3425,164.4675,0.0,0.0,,991.8475,
2023-01-20 19:00:00,32.3425,51.705,0.67,1.03,0.93,0.38,1.43,0.805,1.07,0.095,,,,0.16,0.1975,13.93,81.67,0.39,225.015,0.0,0.0,,992.4225,
2023-01-20 20:00:00,43.57,71.25,0.67,1.03,0.93,0.38,1.43,0.97,1.07,0.11499999999999999,,,,0.1925,0.23,13.425,84.1125,0.265,236.29500000000002,0.0,0.0,,992.7175,
2023-01-20 21:00:00,44.67,84.0,0.67,1.03,0.93,0.38,1.43,0.9725,1.07,0.11499999999999999,,,,0.195,0.235,12.445,87.55250000000001,0.265,212.9275,0.0,0.0,,992.84,
2023-01-20 22:00:00,46.3125,79.875,0.67,1.03,0.93,0.38,1.43,0.9299999999999999,1.07,0.1125,,,,0.1875,0.2225,11.94,89.045,0.3375,184.4325,0.0,0.0,,992.7475,
2023-01-20 23:00:00,45.0,76.5,0.67,1.03,0.93,0.38000000000000006,1.43,0.7833333333333333,1.07,0.09333333333333334,,,,0.15666666666666665,0.19000000000000003,11.993333333333334,87.08333333333333,0.5299999999999999,270.43,0.0,0.0,,992.4933333333333,
2023-01-21 00:00:00,38.38,61.873333333333335,0.67,1.03,0.93,0.38000000000000006,1.43,0.6533333333333333,1.07,0.08,,,,0.1325,0.16,11.0825,89.165,0.30000000000000004,181.45499999999998,0.0,0.0,,992.115,
2023-01-21 01:00:00,32.87,56.25,0.67,1.03,0.93,0.38,1.43,0.55,1.07,0.065,,,,0.11,0.1325,10.845,89.2075,0.5700000000000001,225.0825,0.0,0.0,,991.8824999999999,
2023-01-21 02:00:00,25.645,44.5,0.67,1.03,0.93,0.38,1.43,0.4525,1.07,0.052500000000000005,,,,0.0925,0.1075,10.4625,89.58500000000001,0.3375,212.315,0.0,0.0,,991.6675,
2023-01-21 03:00:00,21.4525,33.0,0.67,1.03,0.93,0.38,1.43,0.39,1.07,0.0475,,,,0.08,0.09,9.895,91.655,0.2775,175.9375,0.0,0.0,,991.3824999999999,
2023-01-21 04:00:00,20.685,37.6875,0.67,1.03,0.93,0.38,1.43,0.3725,1.07,0.04,,,,0.07250000000000001,0.09,9.425,93.025,0.2275,189.525,0.0,0.0,,991.5375,
2023-01-21 05:00:00,20.875,38.4825,0.67,1.03,0.93,0.38,1.43,0.3525,1.07,0.04,,,,0.07,0.0825,9.21,93.815,0.335,222.935,0.0,0.0,,991.975,
2023-01-21 06:00:00,21.825,37.03,0.67,1.03,0.93,0.38,1.43,0.3175,1.07,0.04,,,,0.0625,0.07250000000000001,9.56,93.425,0.22,149.81,0.0,0.0,42.582499999999996,992.61,
2023-01-21 07:00:00,25.53,37.0775,0.67,1.03,0.93,0.38,1.43,0.41000000000000003,1.07,0.0475,,,,0.0825,0.1,13.375,81.51,0.265,193.0775,0.0,0.0,169.3325,993.61,
2023-01-21 08:00:00,27.99,43.03,0.67,1.03,0.93,0.38,1.43,0.4525,1.07,0.052500000000000005,,,,0.0925,0.1075,18.1025,64.9475,0.4175,182.98000000000002,0.0,0.0,223.3825,994.27,
2023-01-21 09:00:00,28.095,46.3125,0.67,1.03,0.93,0.38,1.43,0.425,1.07,0.05,,,,0.0875,0.1,22.515,49.905,0.385,168.79250000000002,0.0,0.0,134.64249999999998,994.255,
2023-01-21 10:00:00,28.715,43.07,0.67,1.03,0.93,0.38,1.43,0.385,1.07,0.04,,,,0.07,0.09,24.86,43.614999999999995,0.43,103.075,0.0,0.0,63.379999999999995,993.715,
2023-01-21 11:00:00,,,,,,,,,,,,,,,,,,,,,0.0,,,
2023-01-21 12:00:00,,,,,,,,,,,,,,,,,,,,,0.0,,,
2023-01-21 13:00:00,,,,,,,,,,,,,,,,,,,,,0.0,,,
2023-01-21 14:00:00,,,,,,,,,,,,,,,,,,,,,0.0,,,
2023-01-21 15:00:00,,,,,,,,,,,,,,,,,,,,,0.0,,,
2023-01-21 16:00:00,,,,,,,,,,,,,,,,,,,,,0.0,,,
2023-01-21 17:00:00,,,,,,,,,,,,,,,,,,,,,0.0,,,
2023-01-21 18:00:00,,,,,,,,,,,,,,,,,,,,,0.0,,,
2023-01-21 19:00:00,,,,,,,,,,,,,,,,,,,,,0.0,,,
2023-01-21 20:00:00,,,,,,,,,,,,,,,,,,,,,0.0,,,
2023-01-21 21:00:00,,,,,,,,,,,,,,,,,,,,,0.0,,,
2023-01-21 22:00:00,,,,,,,,,,,,,,,,,,,,,0.0,,,
2023-01-21 23:00:00,,,,,,,,,,,,,,,,,,,,,0.0,,,
2023-01-22 00:00:00,,,,,,,,,,,,,,,,,,,,,0.0,,,
2023-01-22 01:00:00,,,,,,,,,,,,,,,,,,,,,0.0,,,
2023-01-22 02:00:00,,,,,,,,,,,,,,,,,,,,,0.0,,,
2023-01-22 03:00:00,,,,,,,,,,,,,,,,,,,,,0.0,,,
2023-01-22 04:00:00,,,,,,,,,,,,,,,,,,,,,0.0,,,
2023-01-22 05:00:00,,,,,,,,,,,,,,,,,,,,,0.0,,,
2023-01-22 06:00:00,,,,,,,,,,,,,,,,,,,,,0.0,,,
2023-01-22 07:00:00,,,,,,,,,,,,,,,,,,,,,0.0,,,
2023-01-22 08:00:00,,,,,,,,,,,,,,,,,,,,,0.0,,,
2023-01-22 09:00:00,,,,,,,,,,,,,,,,,,,,,0.0,,,
2023-01-22 10:00:00,,,,,,,,,,,,,,,,,,,,,0.0,,,
2023-01-22 11:00:00,,,,,,,,,,,,,,,,,,,,,0.0,,,
2023-01-22 12:00:00,,,,,,,,,,,,,,,,,,,,,0.0,,,
2023-01-22 13:00:00,,,,,,,,,,,,,,,,,,,,,0.0,,,
2023-01-22 14:00:00,,,,,,,,,,,,,,,,,,,,,0.0,,,
2023-01-22 15:00:00,,,,,,,,,,,,,,,,,,,,,0.0,,,
2023-01-22 16:00:00,,,,,,,,,,,,,,,,,,,,,0.0,,,
2023-01-22 17:00:00,,,,,,,,,,,,,,,,,,,,,0.0,,,
2023-01-22 18:00:00,,,,,,,,,,,,,,,,,,,,,0.0,,,
2023-01-22 19:00:00,,,,,,,,,,,,,,,,,,,,,0.0,,,
2023-01-22 20:00:00,,,,,,,,,,,,,,,,,,,,,0.0,,,
2023-01-22 21:00:00,,,,,,,,,,,,,,,,,,,,,0.0,,,
2023-01-22 22:00:00,,,,,,,,,,,,,,,,,,,,,0.0,,,
2023-01-22 23:00:00,,,,,,,,,,,,,,,,,,,,,0.0,,,
2023-01-23 00:00:00,,,,,,,,,,,,,,,,,,,,,0.0,,,
2023-01-23 01:00:00,,,,,,,,,,,,,,,,,,,,,0.0,,,
2023-01-23 02:00:00,,,,,,,,,,,,,,,,,,,,,0.0,,,
2023-01-23 03:00:00,,,,,,,,,,,,,,,,,,,,,0.0,,,
2023-01-23 04:00:00,,,,,,,,,,,,,,,,,,,,,0.0,,,
2023-01-23 05:00:00,,,,,,,,,,,,,,,,,,,,,0.0,,,
2023-01-23 06:00:00,,,,,,,,,,,,,,,,,,,,,0.0,,,
2023-01-23 07:00:00,,,,,,,,,,,,,,,,,,,,,0.0,,,
2023-01-23 08:00:00,,,,,,,,,,,,,,,,,,,,,0.0,,,
2023-01-23 09:00:00,,,,,,,,,,,,,,,,,,,,,0.0,,,
2023-01-23 10:00:00,8.99,26.79,0.6433333333333334,0.98,1.1233333333333333,0.3666666666666667,1.3766666666666667,0.26666666666666666,1.03,0.03333333333333333,,,,0.05666666666666667,0.06333333333333334,25.886666666666667,44.199999999999996,0.51,98.56666666666666,0.0,0.0,72.38,992.4366666666666,
2023-01-23 11:00:00,9.44,24.276666666666667,0.67,1.03,0.93,0.38,1.43,0.33,1.07,0.04,,,,0.0675,0.0775,27.1675,43.9475,0.5075000000000001,152.925,0.0,0.0,201.1775,991.38,
2023-01-23 12:00:00,22.23,35.5,0.67,1.03,0.93,0.38,1.43,0.3425,1.07,0.04,,,,0.07,0.08,27.502499999999998,44.412499999999994,0.465,181.87,0.0,0.0,174.0875,990.23,
2023-01-23 13:00:00,18.23,33.457499999999996,0.67,1.03,0.93,0.38,1.43,0.37,1.07,0.04,,,,0.07250000000000001,0.08499999999999999,24.555,49.535,0.3725,150.64749999999998,0.0,0.0,54.715,989.5425,
2023-01-23 14:00:00,18.64,31.6675,0.67,1.03,0.93,0.38,1.43,0.3775,1.07,0.04,,,,0.07,0.09,24.099999999999998,50.63,0.315,128.7425,0.0,0.0,60.4675,989.13,
2023-01-23 15:00:00,22.4075,39.28,0.67,1.03,0.93,0.38,1.43,0.3925,1.07,0.0475,,,,0.0775,0.095,23.825,52.605000000000004,0.3025,133.76,0.0,0.0,45.260000000000005,988.95,
2023-01-23 16:00:00,24.5625,37.03,0.67,1.03,0.93,0.38,1.43,0.4025,1.07,0.0475,,,,0.08,0.0975,20.7525,66.0125,0.3025,121.185,0.0,0.0,7.6325,989.1375,
2023-01-23 17:00:00,23.0475,39.375,0.67,1.03,0.93,0.38,1.43,0.5449999999999999,1.07,0.0625,,,,0.11,0.13,17.785,74.82,0.20750000000000002,153.995,0.0,0.0,,989.6225,
2023-01-23 18:00:00,34.7375,59.345,0.67,1.03,0.93,0.38,1.43,0.725,1.07,0.08499999999999999,,,,0.1475,0.175,15.9975,80.6075,0.23,194.39249999999998,0.0,0.0,,990.3075,
2023-01-23 19:00:00,42.26,72.4675,0.67,1.03,0.93,0.38,1.43,0.8525,1.07,0.10250000000000001,,,,0.1725,0.2025,14.7675,84.4425,0.225,207.515,0.0,0.0,,991.0225,
2023-01-23 20:00:00,42.9675,73.125,0.67,1.03,0.93,0.38,1.43,0.9575,1.07,0.11499999999999999,,,,0.1925,0.2275,13.7275,87.70750000000001,0.2475,218.2225,0.0,0.0,,991.7225,
2023-01-23 21:00:00,51.875,83.065,0.67,1.03,0.93,0.38,1.43,1.145,1.07,0.1375,,,,0.23,0.275,13.3675,89.6725,0.37,238.5325,0.0,0.0,,991.9525,
2023-01-23 22:00:00,54.8775,92.3425,0.67,1.03,0.93,0.38,1.43,1.065,1.07,0.1275,,,,0.21,0.255,12.9525,89.5875,0.4075,218.1125,0.0,0.0,,991.975,
2023-01-23 23:00:00,59.29333333333333,88.93666666666667,0.67,1.03,0.93,0.38000000000000006,1.43,1.01,1.07,0.12,,,,0.20000000000000004,0.24,12.176666666666668,92.10666666666667,0.23666666666666666,145.07333333333335,0.0,0.0,,991.86,
2023-01-24 00:00:00,52.93666666666667,82.5,0.67,1.03,0.93,0.38000000000000006,1.43,0.8566666666666668,1.07,0.10666666666666667,,,,0.1775,0.21,11.9275,92.755,0.395,201.01749999999998,0.0,0.0,,991.86,
2023-01-24 01:00:00,51.644999999999996,82.25,0.67,1.03,0.93,0.38,1.43,0.675,1.07,0.08,,,,0.1325,0.1625,11.5425,92.9075,0.3,161.195,0.0,0.0,,991.8125,
2023-01-24 02:00:00,33.0625,58.03,0.67,1.03,0.93,0.38,1.43,0.5825,1.07,0.07,,,,0.11499999999999999,0.14,11.0975,93.3875,0.28500000000000003,195.7525,0.0,0.0,,991.615,
2023-01-24 03:00:00,30.36,48.375,0.67,1.03,0.93,0.38,1.43,0.4675,1.07,0.055,,,,0.095,0.11,10.7225,94.0,0.195,228.63,0.0,0.0,,991.4575,
2023-01-24 04:00:00,25.6375,43.167500000000004,0.67,1.03,0.93,0.38,1.43,0.395,1.07,0.05,,,,0.08,0.095,10.315000000000001,94.4975,0.20750000000000002,139.7375,0.0,0.0,,991.7775,
2023-01-24 05:00:00,25.689999999999998,45.3275,0.67,1.03,0.93,0.38,1.43,0.4025,1.07,0.0475,,,,0.0825,0.095,10.372499999999999,94.58250000000001,0.4375,179.23,0.0,0.0,0.76,992.59,
2023-01-24 06:00:00,37.0625,53.5325,0.67,1.03,0.93,0.38,1.43,0.42,1.07,0.0475,,,,0.0825,0.10250000000000001,10.515,94.48,0.315,183.6125,0.0,0.0,37.665,993.265,
2023-01-24 07:00:00,35.4375,54.845,0.67,1.03,0.93,0.38,1.43,0.4325,1.07,0.05,,,,0.09,0.10250000000000001,13.82,83.6125,0.4075,188.885,0.0,0.0,159.6225,994.0475,
2023-01-24 08:00:00,31.494999999999997,55.3125,0.67,1.03,0.93,0.38,1.43,0.4375,1.07,0.052500000000000005,,,,0.0925,0.10250000000000001,19.3075,65.685,0.39,176.975,0.0,0.0,219.025,994.9225,
2023-01-24 09:00:00,32.655,55.6875,0.67,1.03,0.93,0.38,1.43,0.45,1.07,0.05,,,,0.09,0.1075,23.48,52.7625,0.4475,95.625,0.0,0.0,124.84750000000001,994.8525,
2023-01-24 10:00:00,26.0225,49.66,0.67,1.03,0.93,0.38,1.43,0.3775,1.07,0.045,,,,0.0775,0.09,25.8975,46.0075,0.51,117.16999999999999,0.0,0.0,60.540000000000006,993.925,
2023-01-24 11:00:00,28.0975,46.78,0.67,1.03,0.93,0.38,1.43,0.2775,1.07,0.03,,,,0.057499999999999996,0.0675,26.122500000000002,44.6025,0.5825,122.0175,0.0,0.0,205.2,992.5375,
2023-01-24 12:00:00,36.9975,57.525,0.67,1.03,0.93,0.38,1.43,0.3075,1.07,0.035,,,,0.0625,0.07250000000000001,27.335,42.6125,0.6225,116.16499999999999,0.0,0.0,210.145,991.205,
2023-01-24 13:00:00,38.8,61.5,0.67,1.03,0.93,0.38,1.43,0.2675,1.07,0.03,,,,0.052500000000000005,0.0625,27.81,40.3875,0.675,101.0225,0.0,0.0,182.12,990.115,
2023-01-24 14:00:00,26.7,46.5625,0.67,1.03,0.93,0.38,1.43,0.2575,1.07,0.03,,,,0.05,0.06,27.685,39.6325,0.755,140.535,0.0,0.0,145.06,989.4475,
2023-01-24 15:00:00,21.375,33.9375,0.67,1.03,0.93,0.38,1.43,0.2775,1.07,0.03,,,,0.055,0.065,26.807499999999997,42.4725,0.3775,122.27,0.0,0.0,88.62,989.2025,
2023-01-24 16:00:00,22.875,35.5625,0.67,1.03,0.93,0.38,1.43,0.30000000000000004,1.07,0.035,,,,0.0575,0.07,22.259999999999998,56.765,0.24,146.7475,0.0,0.0,11.5425,989.38,
2023-01-24 17:00:00,28.375,46.3125,0.67,1.03,0.93,0.38,1.43,0.35,1.07,0.0425,,,,0.07,0.0825,18.240000000000002,69.94749999999999,0.22999999999999998,155.01,0.0,0.0,0.11,989.8,
2023-01-24 18:00:00,32.325,53.3125,0.67,1.03,0.93,0.38,1.43,0.59,1.07,0.07,,,,0.1225,0.14250000000000002,16.677500000000002,74.835,0.35750000000000004,197.075,0.0,0.0,,990.5074999999999,
2023-01-24 19:00:00,39.4125,75.4225,0.67,1.03,0.93,0.38,1.43,0.8375,1.07,0.0975,,,,0.165,0.1975,15.785,79.14,0.37,226.60750000000002,0.0,0.0,,991.3075,
2023-01-24 20:00:00,63.5,95.1575,0.67,1.03,0.93,0.38,1.43,1.0,1.07,0.1175,,,,0.1975,0.24,14.9925,82.05250000000001,0.5525,209.91750000000002,0.0,0.0,,991.97,
2023-01-24 21:00:00,58.345,100.5,0.67,1.03,0.93,0.38,1.43,0.9824999999999999,1.07,0.1175,,,,0.195,0.235,14.2975,84.08,0.39,190.62,0.0,0.0,,992.0975,
2023-01-24 22:00:00,59.5,95.2025,0.67,1.03,0.93,0.38,1.43,0.96,1.07,0.115,,,,0.195,0.23,13.6375,85.8825,0.43,222.2375,0.0,0.0,,991.75,
2023-01-24 23:00:00,54.376666666666665,77.62333333333333,0.67,1.03,0.93,0.38000000000000006,1.43,0.7533333333333333,1.07,0.09000000000000001,,,,0.15,0.18000000000000002,13.38,85.13,0.6233333333333334,257.83,0.0,0.0,,991.4566666666666,
2023-01-25 00:00:00,36.79,65.75,0.67,1.03,0.93,0.38000000000000006,1.43,0.59,1.07,0.07,,,,0.12,0.14750000000000002,13.0075,85.4325,0.3625,248.4325,0.0,0.0,,991.25,
2023-01-25 01:00:00,36.28,56.4375,0.67,1.03,0.93,0.38,1.43,0.515,1.07,0.0625,,,,0.10500000000000001,0.125,12.25,88.7325,0.3575,159.21,0.0,0.0,,991.0825,
2023-01-25 02:00:00,29.875,49.3575,0.67,1.03,0.93,0.38,1.43,0.4425,1.07,0.052500000000000005,,,,0.095,0.10500000000000001,11.945,89.19,0.43,172.385,0.0,0.0,,990.825,
2023-01-25 03:00:00,29.61,48.7025,0.67,1.03,0.93,0.38,1.43,0.39,1.07,0.045,,,,0.0775,0.0925,11.56,90.3375,0.33,183.4475,0.0,0.0,,990.605,
2023-01-25 04:00:00,27.5025,42.7775,0.67,1.03,0.93,0.38,1.43,0.36,1.07,0.04,,,,0.07,0.08499999999999999,11.012500000000001,91.94,0.26,131.3075,0.0,0.0,,990.8425,
2023-01-25 05:00:00,26.2975,47.625,0.67,1.03,0.93,0.38,1.43,0.3325,1.07,0.04,,,,0.0675,0.08,10.7675,92.845,0.26,181.8025,0.0,0.0,1.53,991.415,
2023-01-25 06:00:00,35.75,58.78,0.67,1.03,0.93,0.38,1.43,0.39,1.07,0.0475,,,,0.0775,0.095,11.1975,92.5175,0.3,156.48000000000002,0.0,0.0,42.8675,992.02,
2023-01-25 07:00:00,35.905,53.8125,0.67,1.03,0.93,0.38,1.43,0.4125,1.07,0.05,,,,0.08,0.1,14.8975,79.765,0.3725,171.95,0.0,0.0,139.815,992.8325,
2023-01-25 08:00:00,26.02,47.75,0.67,1.03,0.93,0.38,1.43,0.425,1.07,0.05,,,,0.0875,0.1,20.0475,62.7975,0.395,176.635,0.0,0.0,203.695,993.62,
2023-01-25 09:00:00,30.817500000000003,50.53,0.67,1.03,0.93,0.38,1.43,0.425,1.07,0.05,,,,0.0875,0.1,24.197499999999998,51.21,0.415,106.045,0.0,0.0,133.3475,993.5125,
2023-01-25 10:00:00,34.055,57.457499999999996,0.67,1.03,0.93,0.38,1.43,0.4475,1.07,0.052500000000000005,,,,0.0925,0.10500000000000001,26.77,43.4925,0.435,140.94,0.0,0.0,69.13250000000001,992.5475,
2023-01-25 11:00:00,41.33,69.9175,0.67,1.03,0.93,0.38,1.43,0.4,1.07,0.045,,,,0.0825,0.095,27.835,43.155,0.5575,126.4125,0.0,0.0,191.41250000000002,991.2,
2023-01-25 12:00:00,41.1725,75.14,0.67,1.03,0.93,0.38,1.43,0.35750000000000004,1.07,0.04,,,,0.07,0.08499999999999999,28.7225,40.6625,0.5275000000000001,111.7325,0.0,0.0,207.60750000000002,989.9625,
2023-01-25 13:00:00,34.8425,55.875,0.67,1.03,0.93,0.38,1.43,0.3275,1.07,0.04,,,,0.065,0.08,28.875,39.325,0.5575,157.70749999999998,0.0,0.0,181.8175,988.8975,
2023-01-25 14:00:00,32.7175,50.625,0.67,1.03,0.93,0.38,1.43,0.3175,1.07,0.04,,,,0.0625,0.07250000000000001,28.982499999999998,38.7375,0.46499999999999997,140.22250000000003,0.0,0.0,138.1825,988.16,
2023-01-25 15:00:00,31.6875,49.22,0.67,1.03,0.93,0.38,1.43,0.305,1.07,0.0325,,,,0.06,0.07,28.695,40.8,0.2575,200.2275,0.0,0.0,81.545,988.0025,
2023-01-25 16:00:00,26.4775,42.19,0.67,1.03,0.93,0.38,1.43,0.37,1.07,0.042499999999999996,,,,0.07250000000000001,0.085,23.0925,56.64,0.2425,194.12,0.0,0.0,12.5175,988.05,
2023-01-25 17:00:00,32.1975,55.292500000000004,0.67,1.03,0.93,0.38,1.43,0.4325,1.07,0.052500000000000005,,,,0.0875,0.10250000000000001,18.8875,69.67750000000001,0.37,176.4975,0.0,0.0,,988.38,
2023-01-25 18:00:00,39.915,65.25,0.67,1.03,0.93,0.38,1.43,0.5075000000000001,1.07,0.06,,,,0.1075,0.1225,17.3625,74.04249999999999,0.605,242.86,0.0,0.0,,989.095,
2023-01-25 19:00:00,44.31,76.25,0.67,1.03,0.93,0.38,1.43,0.9299999999999999,1.07,0.11,,,,0.1875,0.2225,15.945,80.9425,0.41500000000000004,208.5575,0.0,0.0,,989.6800000000001,
2023-01-25 20:00:00,66.2075,99.3125,0.67,1.03,0.93,0.38,1.43,1.1975,1.07,0.14,,,,0.23500000000000001,0.28,15.455,82.9225,0.575,243.97750000000002,0.0,0.0,,990.075,
2023-01-25 21:00:00,68.2,113.625,0.67,1.03,0.93,0.38,1.43,1.0150000000000001,1.07,0.1225,,,,0.20500000000000002,0.245,14.6175,84.60249999999999,0.445,215.41750000000002,0.0,0.0,,990.44,
2023-01-25 22:00:00,62.417500000000004,107.875,0.67,1.03,0.93,0.38,1.43,0.9525,1.07,0.115,,,,0.19,0.23,14.0,86.0,0.3775,141.97,0.0,0.0,,990.4925,
2023-01-25 23:00:00,64.83333333333333,97.25,0.67,1.03,0.93,0.38000000000000006,1.43,0.9033333333333333,1.07,0.10666666666666667,,,,0.18000000000000002,0.21666666666666667,13.486666666666666,87.74000000000001,0.3866666666666667,216.81333333333336,0.0,0.0,,990.3066666666667,
2023-01-26 00:00:00,45.1,71.75,0.67,1.03,0.93,0.38000000000000006,1.43,0.6133333333333333,1.07,0.07333333333333335,,,,0.1225,0.1525,13.4925,85.905,0.38,213.9025,0.0,0.0,,990.1,
2023-01-26 01:00:00,29.7925,52.4375,0.67,1.03,0.93,0.38,1.43,0.565,1.07,0.065,,,,0.1125,0.135,12.545,90.1375,0.375,137.1725,0.0,0.0,,990.03,
2023-01-26 02:00:00,26.7075,43.75,0.67,1.03,0.93,0.38,1.43,0.5075000000000001,1.07,0.06,,,,0.1,0.12,12.2275,91.13,0.29,170.7175,0.0,0.0,,990.035,
2023-01-26 03:00:00,29.8575,45.1875,0.67,1.03,0.93,0.38,1.43,0.43,1.07,0.052500000000000005,,,,0.08499999999999999,0.10500000000000001,11.985,91.525,0.4375,136.89749999999998,0.0,0.0,,989.925,
2023-01-26 04:00:00,25.9575,46.5,0.67,1.03,0.93,0.38,1.43,0.3675,1.07,0.0425,,,,0.07,0.0875,11.935,91.0,0.4375,145.06,0.0,0.0,,990.095,
2023-01-26 05:00:00,18.1325,35.345,0.67,1.03,0.93,0.38,1.43,0.33,1.07,0.04,,,,0.07,0.0775,11.3,92.565,0.2175,158.60500000000002,0.0,0.0,2.15,990.5250000000001,
2023-01-26 06:00:00,21.0075,35.129999999999995,0.67,1.03,0.93,0.38,1.43,0.3775,1.07,0.045,,,,0.07500000000000001,0.09,11.64,93.4075,0.225,179.155,0.0,0.0,40.9225,991.2275,
2023-01-26 07:00:00,32.5,54.0,0.67,1.03,0.93,0.38,1.43,0.425,1.07,0.052500000000000005,,,,0.085,0.1,14.912500000000001,81.5175,0.4325,194.655,0.0,0.0,143.175,992.005,
2023-01-26 08:00:00,35.11,54.3275,0.67,1.03,0.93,0.38,1.43,0.4275,1.07,0.05,,,,0.09,0.1,20.46,65.17,0.365,172.6075,0.0,0.0,199.535,992.6625,
2023-01-26 09:00:00,29.625,48.625,0.67,1.03,0.93,0.38,1.43,0.4175,1.07,0.05,,,,0.0825,0.1,25.08,51.3875,0.38749999999999996,120.07,0.0,0.0,123.88499999999999,992.6949999999999,
2023-01-26 10:00:00,24.0825,41.3225,0.67,1.03,0.93,0.38,1.43,0.3725,1.07,0.0425,,,,0.07250000000000001,0.0875,26.7225,46.53,0.5025000000000001,89.7325,0.0,0.0,67.82,991.8375,
2023-01-26 11:00:00,19.3925,39.792500000000004,0.67,1.03,0.93,0.38,1.43,0.3225,1.07,0.04,,,,0.065,0.07500000000000001,28.2075,42.769999999999996,0.4375,143.9725,0.0,0.0,191.76749999999998,990.565,
2023-01-26 12:00:00,22.557499999999997,37.2175,0.67,1.03,0.93,0.38,1.43,0.3,1.07,0.0375,,,,0.06,0.07,29.11,41.24,0.49,104.6225,0.0,0.0,202.08499999999998,989.3125,
2023-01-26 13:00:00,22.22,35.39,0.67,1.03,0.93,0.38,1.43,0.2875,1.07,0.03,,,,0.06,0.07,29.7575,40.9875,0.43,134.3425,0.0,0.0,175.0725,988.4025,
2023-01-26 14:00:00,20.6825,35.292500000000004,0.67,1.03,0.93,0.38,1.43,0.2875,1.07,0.03,,,,0.06,0.07,29.677500000000002,41.432500000000005,0.41000000000000003,126.26,0.0,0.0,138.1425,988.0475,
2023-01-26 15:00:00,19.8125,30.75,0.67,1.03,0.93,0.38,1.43,0.29,1.07,0.03,,,,0.06,0.07,28.990000000000002,44.57,0.22999999999999998,168.94,0.0,0.0,76.52,987.9575,
2023-01-26 16:00:00,19.5775,33.1875,0.67,1.03,0.93,0.38,1.43,0.3075,1.07,0.04,,,,0.0625,0.07250000000000001,23.705,58.665,0.275,161.625,0.0,0.0,15.0,988.0025,
2023-01-26 17:00:00,29.25,43.875,0.67,1.03,0.93,0.38,1.43,0.49250000000000005,1.07,0.060000000000000005,,,,0.0975,0.12000000000000001,20.0225,70.78,0.20500000000000002,184.305,0.0,0.0,0.57,988.4425,
2023-01-26 18:00:00,33.78,60.7975,0.67,1.03,0.93,0.38,1.43,0.595,1.07,0.07250000000000001,,,,0.12000000000000001,0.14750000000000002,18.125,76.1225,0.2675,200.3,0.0,0.0,,989.345,
2023-01-26 19:00:00,46.365,76.875,0.67,1.03,0.93,0.38,1.43,0.9175,1.07,0.11,,,,0.185,0.2225,16.7725,81.32,0.175,265.6425,0.0,0.0,,990.03,
2023-01-26 20:00:00,60.6575,100.64,0.67,1.03,0.93,0.38,1.43,1.1,1.07,0.1325,,,,0.2225,0.2675,16.2825,83.2675,0.44,210.1225,0.0,0.0,,990.4275,
2023-01-26 21:00:00,65.0725,107.25,0.67,1.03,0.93,0.38,1.43,0.9475,1.07,0.1125,,,,0.19,0.22749999999999998,15.3725,86.105,0.265,221.56,0.0,0.0,,990.4175,
2023-01-26 22:00:00,51.542500000000004,90.5825,0.67,1.03,0.93,0.38,1.43,0.965,1.07,0.11499999999999999,,,,0.1925,0.23500000000000001,14.5875,89.2675,0.2925,231.7175,0.0,0.0,,990.205,
2023-01-26 23:00:00,36.85333333333333,76.12666666666667,0.67,1.03,0.93,0.38000000000000006,1.43,0.86,1.07,0.10333333333333333,,,,0.17333333333333334,0.21,14.339999999999998,90.11,0.39333333333333337,199.04333333333332,0.0,0.0,,990.0666666666666,
2023-01-27 00:00:00,42.666666666666664,66.75,0.67,1.03,0.93,0.38000000000000006,1.43,0.6466666666666666,1.07,0.07666666666666667,,,,0.1325,0.16,14.2275,88.57,0.44,262.91249999999997,0.0,0.0,,989.9575,
2023-01-27 01:00:00,32.085,54.375,0.67,1.03,0.93,0.38,1.43,0.5549999999999999,1.07,0.065,,,,0.1125,0.135,13.82,88.79249999999999,0.365,219.1025,0.0,0.0,,989.7475,
2023-01-27 02:00:00,27.29,46.405,0.67,1.03,0.93,0.38,1.43,0.48,1.07,0.057499999999999996,,,,0.0975,0.11499999999999999,13.23,90.6775,0.3,215.88,0.0,0.0,,989.6,
2023-01-27 03:00:00,25.91,44.207499999999996,0.67,1.03,0.93,0.38,1.43,0.4,1.07,0.045,,,,0.0825,0.0925,13.254999999999999,90.53,0.5275000000000001,226.8,0.0,0.0,,989.5225,
2023-01-27 04:00:00,18.27,36.3275,0.67,1.03,0.93,0.38,1.43,0.3525,1.07,0.04,,,,0.07,0.08499999999999999,13.24,89.255,0.4075,239.0625,0.0,0.0,,989.8924999999999,
2023-01-27 05:00:00,19.4825,33.985,0.67,1.03,0.93,0.38,1.43,0.345,1.07,0.04,,,,0.07250000000000001,0.08499999999999999,12.64,91.0125,0.2175,179.2275,0.0,0.0,0.34,990.5575,
2023-01-27 06:00:00,30.1575,51.6575,0.67,1.03,0.93,0.38,1.43,0.445,1.07,0.0525,,,,0.09,0.105,12.795,92.1125,0.3025,143.1775,0.0,0.0,33.8125,991.4,
2023-01-27 07:00:00,38.5925,61.735,0.67,1.03,0.93,0.38,1.43,0.44,1.07,0.052500000000000005,,,,0.09,0.10500000000000001,15.8925,81.9075,0.33999999999999997,165.825,0.0,0.0,127.79,992.4225,
2023-01-27 08:00:00,35.415,58.5,0.67,1.03,0.93,0.38,1.43,0.47250000000000003,1.07,0.057499999999999996,,,,0.095,0.11,19.7175,69.1875,0.585,168.29,0.0,0.0,201.6575,993.0525,
2023-01-27 09:00:00,33.6575,59.25,0.67,1.03,0.93,0.38,1.43,0.4375,1.07,0.05,,,,0.09,0.10500000000000001,25.345,53.595,0.29500000000000004,126.575,0.0,0.0,132.99,992.9575,
2023-01-27 10:00:00,30.5,46.595,0.67,1.03,0.93,0.38,1.43,0.385,1.07,0.0425,,,,0.07250000000000001,0.0925,28.285,46.2325,0.415,115.72999999999999,0.0,0.0,68.07,991.9975,
2023-01-27 11:00:00,22.4375,39.185,0.67,1.03,0.93,0.38,1.43,0.365,1.07,0.04,,,,0.07,0.09,28.9675,46.29,0.5575,139.7225,0.0,0.0,190.37,990.64,
2023-01-27 12:00:00,22.835,43.0625,0.67,1.03,0.93,0.38,1.43,0.3625,1.07,0.04,,,,0.07,0.08499999999999999,28.57,47.555,0.61,145.595,0.0,0.0,199.7375,989.3425,
2023-01-27 13:00:00,30.75,48.0,0.67,1.03,0.93,0.38,1.43,0.365,1.07,0.04,,,,0.07,0.09,29.002499999999998,46.4675,0.49250000000000005,96.1575,0.0,0.0,162.315,988.385,
2023-01-27 14:00:00,32.332499999999996,51.125,0.67,1.03,0.93,0.38,1.43,0.36,1.07,0.04,,,,0.07,0.08499999999999999,28.5975,44.6875,0.54,82.515,0.0,0.0,122.97250000000001,987.9225,
2023-01-27 15:00:00,34.8,52.375,0.67,1.03,0.93,0.38,1.43,0.35,1.07,0.04,,,,0.07,0.08499999999999999,27.15,47.155,0.3275,147.2525,0.0,0.0,64.0875,987.745,
2023-01-27 16:00:00,31.76,54.5625,0.67,1.03,0.93,0.38,1.43,0.36,1.07,0.0425,,,,0.07250000000000001,0.085,23.875,58.8275,0.28,168.3075,0.0,0.0,14.0875,987.86,
2023-01-27 17:00:00,32.3825,55.75,0.67,1.03,0.93,0.38,1.43,0.45,1.07,0.0525,,,,0.0925,0.11,20.509999999999998,70.8675,0.14500000000000002,168.85000000000002,0.0,0.0,,988.1949999999999,
2023-01-27 18:00:00,38.0575,63.375,0.67,1.03,0.93,0.38,1.43,0.84,1.07,0.0975,,,,0.165,0.2,18.7725,77.6075,0.255,240.3075,0.0,0.0,,988.85,
2023-01-27 19:00:00,42.9775,86.25,0.67,1.03,0.93,0.38,1.43,0.8025,1.07,0.0975,,,,0.1625,0.195,17.447499999999998,81.63250000000001,0.2575,191.2175,0.0,0.0,,989.5425,
2023-01-27 20:00:00,54.915,87.875,0.67,1.03,0.93,0.38,1.43,0.9575,1.07,0.1175,,,,0.19,0.225,16.9125,83.44,0.315,209.9975,0.0,0.0,,990.02,
2023-01-27 21:00:00,49.5,86.765,0.67,1.03,0.93,0.38,1.43,0.8674999999999999,1.07,0.10250000000000001,,,,0.1725,0.20500000000000002,16.4625,85.195,0.295,183.3625,0.0,0.0,,989.8375,
2023-01-27 22:00:00,47.475,86.5825,0.67,1.03,0.93,0.38,1.43,0.98,1.07,0.115,,,,0.195,0.23500000000000001,16.375,86.5425,0.28500000000000003,205.73250000000002,0.0,0.0,,989.5525,
2023-01-27 23:00:00,49.526666666666664,81.16666666666667,0.67,1.03,0.93,0.38000000000000006,1.43,0.8966666666666666,1.07,0.10666666666666667,,,,0.18000000000000002,0.21333333333333335,16.19333333333333,87.13,0.18333333333333335,238.0666666666667,0.0,0.0,,989.2633333333333,
2023-01-28 00:00:00,48.0,72.0,0.67,1.03,0.93,0.38000000000000006,1.43,0.7533333333333333,1.07,0.09000000000000001,,,,0.15,0.185,15.557500000000001,88.8925,0.18,234.79250000000002,0.0,0.0,,988.75,
2023-01-28 01:00:00,31.7825,63.5625,0.67,1.03,0.93,0.38,1.43,0.6849999999999999,1.07,0.0825,,,,0.135,0.165,15.225,90.66,0.3475,211.15,0.0,0.0,,988.655,
2023-01-28 02:00:00,29.8725,53.375,0.67,1.03,0.93,0.38,1.43,0.56,1.07,0.0675,,,,0.11,0.1375,14.855,90.9375,0.28,173.375,0.0,0.0,,988.7574999999999,
2023-01-28 03:00:00,24.814999999999998,47.3125,0.67,1.03,0.93,0.38,1.43,0.515,1.07,0.0625,,,,0.10250000000000001,0.12,14.6525,92.045,0.39,152.64,0.0,0.0,,988.9675,
2023-01-28 04:00:00,28.125,46.0,0.67,1.03,0.93,0.38,1.43,0.4575,1.07,0.052500000000000005,,,,0.09,0.11,14.0525,92.74000000000001,0.2525,183.3825,0.0,0.0,,989.5275,
2023-01-28 05:00:00,31.21,48.8125,0.67,1.03,0.93,0.38,1.43,0.4225,1.07,0.05,,,,0.08499999999999999,0.10250000000000001,13.855,93.0625,0.4125,197.3425,0.0,0.0,0.33,990.095,
2023-01-28 06:00:00,27.3575,45.0,0.67,1.03,0.93,0.38,1.43,0.4125,1.07,0.05,,,,0.0825,0.1,14.1475,91.35749999999999,0.4525,199.3775,0.0,0.0,26.9,990.7725,
2023-01-28 07:00:00,27.125,44.25,0.67,1.03,0.93,0.38,1.43,0.43,1.07,0.05,,,,0.09,0.10250000000000001,16.1575,83.635,0.5475,247.53,0.0,0.0,114.23,991.735,
2023-01-28 08:00:00,28.335,44.3125,0.67,1.03,0.93,0.38,1.43,0.44,1.07,0.052500000000000005,,,,0.0875,0.10500000000000001,20.994999999999997,68.2,0.225,158.2475,0.0,0.0,174.85000000000002,992.6175000000001,
2023-01-28 09:00:00,31.5,45.1875,0.67,1.03,0.93,0.38,1.43,0.4325,1.07,0.05,,,,0.0875,0.10500000000000001,24.8525,55.0175,0.315,112.1175,0.0,0.0,125.225,992.5025,
2023-01-28 10:00:00,26.3575,43.8125,0.67,1.03,0.93,0.38,1.43,0.405,1.07,0.0475,,,,0.0825,0.0975,27.365000000000002,49.3675,0.435,175.1925,0.0,0.0,87.85249999999999,991.4825000000001,
2023-01-28 11:00:00,23.2925,34.9375,0.67,1.03,0.93,0.38,1.43,0.385,1.07,0.045,,,,0.07500000000000001,0.0925,28.927500000000002,47.7175,0.51,137.5875,0.0,0.0,187.6925,990.0375,
2023-01-28 12:00:00,23.3425,35.2975,0.67,1.03,0.93,0.38,1.43,0.3875,1.07,0.04,,,,0.07250000000000001,0.09,29.4925,46.057500000000005,0.565,151.6975,0.0,0.0,198.905,988.74,
2023-01-28 13:00:00,22.405,43.6875,0.67,1.03,0.93,0.38,1.43,0.3825,1.07,0.045,,,,0.07250000000000001,0.09,29.9775,45.527499999999996,0.4275,129.76500000000001,0.0,0.0,161.57,987.8525,
2023-01-28 14:00:00,24.9875,45.845,0.67,1.03,0.93,0.38,1.43,0.3875,1.07,0.0425,,,,0.07250000000000001,0.09,29.3125,45.69,0.55,132.25,0.0,0.0,121.445,987.3825,
2023-01-28 15:00:00,27.5275,48.75,0.67,1.03,0.93,0.38,1.43,0.3875,1.07,0.045,,,,0.07500000000000001,0.0925,27.925,49.3825,0.3075,187.8075,0.0,0.0,65.14,987.2325000000001,
2023-01-28 16:00:00,28.8125,51.095,0.67,1.03,0.93,0.38,1.43,0.44,1.07,0.055,,,,0.0875,0.105,23.4725,62.57000000000001,0.2225,200.47,0.0,0.0,11.032499999999999,987.37,
2023-01-28 17:00:00,34.435,53.2025,0.67,1.03,0.93,0.38,1.43,0.47250000000000003,1.07,0.055,,,,0.095,0.1125,20.4575,72.125,0.21,189.17000000000002,0.0,0.0,,987.785,
2023-01-28 18:00:00,31.299999999999997,56.8125,0.67,1.03,0.93,0.38,1.43,0.59,1.07,0.07,,,,0.12,0.14250000000000002,18.675,78.5325,0.31,184.0325,0.0,0.0,,988.6800000000001,
2023-01-28 19:00:00,30.027499999999996,55.3125,0.67,1.03,0.93,0.38,1.43,0.8574999999999999,1.07,0.105,,,,0.17250000000000001,0.20750000000000002,17.565,82.96000000000001,0.20750000000000002,251.295,0.0,0.0,,989.2825,
2023-01-28 20:00:00,46.185,75.75,0.67,1.03,0.93,0.38,1.43,1.0425,1.07,0.1225,,,,0.21,0.25,17.0325,85.4325,0.38,216.28500000000003,0.0,0.0,,989.6675,
2023-01-28 21:00:00,51.97,90.2825,0.67,1.03,0.93,0.38,1.43,1.0575,1.07,0.1275,,,,0.215,0.255,16.585,87.0625,0.3175,181.3775,0.0,0.0,,989.9125,
2023-01-28 22:00:00,56.5625,93.75,0.67,1.03,0.93,0.38,1.43,0.965,1.07,0.1175,,,,0.195,0.23249999999999998,15.8575,88.925,0.3625,201.83,0.0,0.0,,989.815,
2023-01-28 23:00:00,44.0,83.62666666666667,0.67,1.03,0.93,0.38000000000000006,1.43,0.85,1.07,0.10000000000000002,,,,0.17,0.20666666666666667,15.476666666666667,89.99333333333334,0.26333333333333336,223.50333333333333,0.0,0.0,,989.7199999999999,
2023-01-29 00:00:00,44.666666666666664,80.12666666666667,0.67,1.03,0.93,0.38000000000000006,1.43,0.71,1.07,0.08333333333333333,,,,0.14250000000000002,0.1775,15.24,90.26,0.485,196.3975,0.0,0.0,,989.56,
2023-01-29 01:00:00,42.3375,72.235,0.67,1.03,0.93,0.38,1.43,0.64,1.07,0.07500000000000001,,,,0.1275,0.1575,14.51,91.65,0.2725,144.18,0.0,0.0,,989.2625,
2023-01-29 02:00:00,33.1225,61.5,0.67,1.03,0.93,0.38,1.43,0.495,1.07,0.06,,,,0.10250000000000001,0.12,14.6,91.9075,0.52,214.465,0.0,0.0,,989.3125,
2023-01-29 03:00:00,29.53,48.845,0.67,1.03,0.93,0.38,1.43,0.4675,1.07,0.055,,,,0.095,0.1125,14.0,92.3375,0.2125,195.5625,0.0,0.0,,989.5875,
2023-01-29 04:00:00,26.4075,46.595,0.67,1.03,0.93,0.38,1.43,0.45999999999999996,1.07,0.055,,,,0.0925,0.11,13.8,93.505,0.46749999999999997,168.7,0.0,0.0,,990.0975,
2023-01-29 05:00:00,27.87,49.332499999999996,0.67,1.03,0.93,0.38,1.43,0.4,1.07,0.045,,,,0.08,0.095,13.8725,92.2575,0.41000000000000003,155.335,0.0,0.0,0.05,990.85,
2023-01-29 06:00:00,35.78,52.22,0.67,1.03,0.93,0.38,1.43,0.4675,1.07,0.055,,,,0.0975,0.115,13.5425,93.7475,0.1375,205.855,0.0,0.0,31.2775,991.56,
2023-01-29 07:00:00,37.9375,60.515,0.67,1.03,0.93,0.38,1.43,0.5325,1.07,0.06,,,,0.10500000000000001,0.13,16.3325,86.6225,0.325,139.265,0.0,0.0,133.195,992.465,
2023-01-29 08:00:00,34.5625,59.7175,0.67,1.03,0.93,0.38,1.43,0.5825,1.07,0.07,,,,0.11499999999999999,0.14,21.8725,68.3925,0.3375,202.73250000000002,0.0,0.0,194.8775,993.46,
2023-01-29 09:00:00,37.2175,55.4525,0.67,1.03,0.93,0.38,1.43,0.5,1.07,0.06,,,,0.0975,0.12,25.3875,54.15,0.4275,113.89750000000001,0.0,0.0,126.1775,993.5250000000001,
2023-01-29 10:00:00,27.9375,46.36,0.67,1.03,0.93,0.38,1.43,0.41000000000000003,1.07,0.0475,,,,0.0825,0.1,26.91,51.1175,0.565,136.29749999999999,0.0,0.0,66.59,992.54,
2023-01-29 11:00:00,24.265,44.25,0.67,1.03,0.93,0.38,1.43,0.375,1.07,0.04,,,,0.07,0.09,29.0375,46.9825,0.55,154.2225,0.0,0.0,182.695,991.3975,
2023-01-29 12:00:00,27.345,39.8425,0.67,1.03,0.93,0.38,1.43,0.335,1.07,0.04,,,,0.07,0.08,29.465,45.3175,0.65,144.95749999999998,0.0,0.0,211.2425,989.9375,
2023-01-29 13:00:00,23.75,35.53,0.67,1.03,0.93,0.38,1.43,0.3225,1.07,0.04,,,,0.06,0.07500000000000001,30.1425,43.99,0.705,136.01749999999998,0.0,0.0,169.20749999999998,989.0525,
2023-01-29 14:00:00,22.7175,37.595,0.67,1.03,0.93,0.38,1.43,0.32,1.07,0.04,,,,0.0625,0.07250000000000001,30.6025,43.11,0.495,147.95999999999998,0.0,0.0,140.095,988.4675,
2023-01-29 15:00:00,21.2375,36.1875,0.67,1.03,0.93,0.38,1.43,0.3725,1.07,0.045,,,,0.07500000000000001,0.0925,28.965,47.3175,0.445,124.755,0.0,0.0,80.17,988.3725,
2023-01-29 16:00:00,29.9575,44.9375,0.67,1.03,0.93,0.38,1.43,0.36,1.07,0.0425,,,,0.07250000000000001,0.08499999999999999,24.5425,60.074999999999996,0.225,155.345,0.0,0.0,12.8625,988.475,
2023-01-29 17:00:00,29.3675,51.0,0.67,1.03,0.93,0.38,1.43,0.4575,1.07,0.052500000000000005,,,,0.0925,0.1125,20.835,71.2475,0.445,159.78,0.0,0.0,,988.9025,
2023-01-29 18:00:00,31.5,52.5,0.67,1.03,0.93,0.38,1.43,0.7075,1.07,0.08499999999999999,,,,0.1475,0.1725,19.6575,72.76750000000001,0.7125,229.6325,0.0,0.0,,989.68,
2023-01-29 19:00:00,40.332499999999996,76.625,0.67,1.03,0.93,0.38,1.43,0.8475,1.07,0.1,,,,0.16999999999999998,0.20500000000000002,17.7775,81.05,0.2525,165.285,0.0,0.0,,990.785,
2023-01-29 20:00:00,47.4675,84.0625,0.67,1.03,0.93,0.38,1.43,0.9725,1.07,0.115,,,,0.1975,0.2325,16.5775,85.08,0.2225,182.2825,0.0,0.0,,991.6925,
2023-01-29 21:00:00,57.75,90.0,0.67,1.03,0.93,0.38,1.43,1.14,1.07,0.14,,,,0.23,0.2725,16.1125,86.6225,0.3175,213.51,0.0,0.0,,992.12,
2023-01-29 22:00:00,59.5,85.875,0.67,1.03,0.93,0.38,1.43,0.965,1.07,0.1125,,,,0.19,0.2275,15.64,87.345,0.39,238.525,0.0,0.0,,992.2175,
2023-01-29 23:00:00,48.666666666666664,77.5,0.67,1.03,0.93,0.38000000000000006,1.43,0.82,1.07,0.09666666666666668,,,,0.16666666666666666,0.19666666666666668,15.316666666666668,86.69666666666667,0.2833333333333334,174.3133333333333,0.0,0.0,,992.16,
2023-01-30 00:00:00,40.916666666666664,58.660000000000004,0.67,1.03,0.93,0.38000000000000006,1.43,0.6366666666666667,1.07,0.07666666666666667,,,,0.1275,0.155,14.895,86.72,0.39,207.3475,0.0,0.0,,992.1175000000001,
2023-01-30 01:00:00,29.6075,49.22,0.67,1.03,0.93,0.38,1.43,0.535,1.07,0.0625,,,,0.11,0.1275,14.4025,87.80250000000001,0.29000000000000004,244.795,0.0,0.0,,992.0,
2023-01-30 02:00:00,25.625,43.5,0.67,1.03,0.93,0.38,1.43,0.445,1.07,0.055,,,,0.09,0.1075,14.0675,88.7675,0.36750000000000005,222.93,0.0,0.0,,991.7975,
2023-01-30 03:00:00,20.345,39.375,0.67,1.03,0.93,0.38,1.43,0.3625,1.07,0.0425,,,,0.07250000000000001,0.08499999999999999,13.58,90.0375,0.2925,165.10999999999999,0.0,0.0,,991.82,
2023-01-30 04:00:00,24.97,38.625,0.67,1.03,0.93,0.38,1.43,0.4125,1.07,0.0475,,,,0.0825,0.1,13.0175,92.32,0.20500000000000002,147.6325,0.0,0.0,,992.2325000000001,
2023-01-30 05:00:00,24.5,43.6875,0.67,1.03,0.93,0.38,1.43,0.4175,1.07,0.05,,,,0.0875,0.10250000000000001,12.932500000000001,92.555,0.4175,181.035,0.0,0.0,0.1,992.6975,
2023-01-30 06:00:00,25.66,46.5,0.67,1.03,0.93,0.38,1.43,0.3825,1.07,0.045,,,,0.0775,0.09,13.4675,90.435,0.33499999999999996,134.0325,0.0,0.0,41.215,993.4300000000001,
2023-01-30 07:00:00,23.4075,45.0475,0.67,1.03,0.93,0.38,1.43,0.45,1.07,0.05,,,,0.0875,0.1075,17.155,79.8225,0.29,161.8,0.0,0.0,147.2175,994.325,
2023-01-30 08:00:00,29.41,48.75,0.67,1.03,0.93,0.38,1.43,0.5,1.07,0.06,,,,0.1,0.1175,22.107499999999998,62.82,0.38,117.0875,0.0,0.0,208.4575,994.8625,
2023-01-30 09:00:00,25.2675,45.75,0.67,1.03,0.93,0.38,1.43,0.445,1.07,0.052500000000000005,,,,0.0925,0.10250000000000001,26.1225,49.53,0.39,114.05499999999999,0.0,0.0,123.4725,994.65,
2023-01-30 10:00:00,33.1875,51.985,0.67,1.03,0.93,0.38,1.43,0.365,1.07,0.0425,,,,0.07250000000000001,0.0875,29.0425,42.6,0.375,133.8875,0.0,0.0,58.1825,993.6700000000001,
2023-01-30 11:00:00,45.85333333333333,72.27666666666666,0.67,1.03,0.93,0.38000000000000006,1.43,0.34,1.07,0.04,,,,0.07,0.08,30.333333333333332,40.82,0.38666666666666666,114.56,0.0,0.0,176.67999999999998,992.4133333333333,
2023-01-30 12:00:00,12.746666666666668,57.0,0.67,1.03,0.93,0.38000000000000006,1.43,0.29,1.07,0.03333333333333333,,,,0.06,0.07,31.623333333333335,38.71666666666667,0.6233333333333333,107.31,0.0,0.0,211.1,990.4933333333333,
2023-01-30 13:00:00,13.684999999999999,43.5,0.67,1.03,0.93,0.38,1.43,0.315,1.07,0.04,,,,0.06,0.07,32.287499999999994,37.1025,0.54,130.87,0.0,0.0,183.04250000000002,989.6,
2023-01-30 14:00:00,27.4575,45.75,0.67,1.03,0.93,0.38,1.43,0.32,1.07,0.04,,,,0.0625,0.07250000000000001,33.1725,36.245,0.4175,125.435,0.0,0.0,142.095,988.89,
2023-01-30 15:00:00,28.625,45.75,0.67,1.03,0.93,0.38,1.43,0.3425,1.07,0.04,,,,0.07,0.0825,31.689999999999998,41.485,0.2875,141.105,0.0,0.0,87.59,988.5775000000001,
2023-01-30 16:00:00,29.7225,47.72,0.67,1.03,0.93,0.38,1.43,0.35750000000000004,1.07,0.0425,,,,0.07500000000000001,0.085,25.86,55.2225,0.3075,190.4475,0.0,0.0,13.405,988.565,
2023-01-30 17:00:00,31.310000000000002,57.5625,0.67,1.03,0.93,0.38,1.43,0.4275,1.07,0.0525,,,,0.085,0.1,21.310000000000002,67.6725,0.265,143.3125,0.0,0.0,,989.0,
2023-01-30 18:00:00,43.0,64.5,0.67,1.03,0.93,0.38,1.43,0.7,1.07,0.085,,,,0.14250000000000002,0.17,19.34,73.12,0.32,204.4175,0.0,0.0,,989.5975,
2023-01-30 19:00:00,40.85,65.15,0.67,1.03,0.93,0.38,1.43,0.755,1.07,0.09,,,,0.1475,0.1775,17.8475,77.98,0.21000000000000002,149.32750000000001,0.0,0.0,,989.8875,
2023-01-30 20:00:00,42.56,75.0,0.67,1.03,0.93,0.38,1.43,0.9099999999999999,1.07,0.11,,,,0.1825,0.2175,16.6575,81.875,0.23750000000000002,240.6425,0.0,0.0,,990.31,
2023-01-30 21:00:00,46.82,79.25,0.67,1.03,0.93,0.38,1.43,0.9325,1.07,0.11,,,,0.185,0.2275,15.9575,83.9975,0.2525,192.54500000000002,0.0,0.0,,990.5475,
2023-01-30 22:00:00,48.375,82.5,0.67,1.03,0.93,0.38,1.43,0.9625,1.07,0.11249999999999999,,,,0.1925,0.23249999999999998,15.6525,84.39,0.39,204.3675,0.0,0.0,,990.54,
2023-01-30 23:00:00,45.64666666666667,77.66666666666667,0.67,1.03,0.93,0.38000000000000006,1.43,0.8766666666666666,1.07,0.10666666666666667,,,,0.17666666666666667,0.21,15.329999999999998,85.39666666666666,0.31,178.76666666666665,0.0,0.0,,990.2833333333333,
2023-01-31 00:00:00,38.343333333333334,62.0,0.67,1.03,0.93,0.38000000000000006,1.43,0.6866666666666666,1.07,0.08,,,,0.1375,0.165,14.7575,86.6275,0.365,191.8275,0.0,0.0,,990.0525,
2023-01-31 01:00:00,30.4825,55.417500000000004,0.67,1.03,0.93,0.38,1.43,0.585,1.07,0.07,,,,0.1175,0.14250000000000002,14.24,88.375,0.315,148.03,0.0,0.0,,989.7325,
2023-01-31 02:00:00,30.7775,44.625,0.67,1.03,0.93,0.38,1.43,0.495,1.07,0.0575,,,,0.0975,0.11750000000000001,13.875,89.7875,0.2475,156.01,0.0,0.0,,989.4225,
2023-01-31 03:00:00,23.7275,39.1975,0.67,1.03,0.93,0.38,1.43,0.4,1.07,0.0475,,,,0.0825,0.0975,13.785,89.475,0.31,187.47250000000003,0.0,0.0,,989.2375,
2023-01-31 04:00:00,22.5625,33.565,0.67,1.03,0.93,0.38,1.43,0.35,1.07,0.04,,,,0.07,0.0825,13.5125,90.81,0.315,116.8825,0.0,0.0,,989.2825,
2023-01-31 05:00:00,21.735,34.6875,0.67,1.03,0.93,0.38,1.43,0.3325,1.07,0.04,,,,0.065,0.0775,13.51,90.785,0.175,204.01,0.0,0.0,1.07,989.7,
2023-01-31 06:00:00,25.125,41.2975,0.67,1.03,0.93,0.38,1.43,0.4,1.07,0.0475,,,,0.0825,0.095,13.735,91.5925,0.2075,172.77249999999998,0.0,0.0,49.839999999999996,990.1875,
2023-01-31 07:00:00,23.905,45.1875,0.67,1.03,0.93,0.38,1.43,0.4675,1.07,0.055,,,,0.0975,0.1125,17.4725,79.30250000000001,0.345,150.575,0.0,0.0,144.3725,990.8975,
2023-01-31 08:00:00,30.59,47.245000000000005,0.67,1.03,0.93,0.38,1.43,0.47,1.07,0.057499999999999996,,,,0.0975,0.1075,22.9875,61.2025,0.3375,119.95249999999999,0.0,0.0,222.4925,991.685,
2023-01-31 09:00:00,24.265,38.1575,0.67,1.03,0.93,0.38,1.43,0.43,1.07,0.05,,,,0.08499999999999999,0.10250000000000001,26.9225,48.285,0.4425,138.6625,0.0,0.0,127.445,991.805,
2023-01-31 10:00:00,23.7275,35.9525,0.67,1.03,0.93,0.38,1.43,0.3225,1.07,0.04,,,,0.065,0.07500000000000001,29.085,43.2975,0.5625,118.36749999999999,0.0,0.0,51.03,990.9475,
2023-01-31 11:00:00,25.75,46.5,0.67,1.03,0.93,0.38,1.43,0.3,1.07,0.0325,,,,0.06,0.07,30.68,40.9775,0.5325,137.05,0.0,0.0,180.865,989.535,
2023-01-31 12:00:00,32.205,52.855000000000004,0.67,1.03,0.93,0.38,1.43,0.2825,1.07,0.03,,,,0.06,0.07,31.6,39.43,0.5475,113.675,0.0,0.0,205.3325,988.1,
2023-01-31 13:00:00,29.314999999999998,49.64,0.67,1.03,0.93,0.38,1.43,0.2775,1.07,0.03,,,,0.06,0.07,32.4775,38.905,0.5125,152.7825,0.0,0.0,176.8375,987.165,
2023-01-31 14:00:00,25.3125,40.5775,0.67,1.03,0.93,0.38,1.43,0.28500000000000003,1.07,0.03,,,,0.06,0.07,32.0275,39.2825,0.4525,110.5475,0.0,0.0,146.5175,986.27,
2023-01-31 15:00:00,20.8975,35.5775,0.67,1.03,0.93,0.38,1.43,0.2875,1.07,0.03,,,,0.06,0.07,31.285,41.96,0.39749999999999996,207.145,0.0,0.0,90.05,985.7175,
2023-01-31 16:00:00,23.2175,41.25,0.67,1.03,0.93,0.38,1.43,0.3475,1.07,0.042499999999999996,,,,0.0675,0.08,26.025,54.985,0.25749999999999995,228.985,0.0,0.0,14.375,985.7725,
2023-01-31 17:00:00,30.5825,48.0275,0.67,1.03,0.93,0.38,1.43,0.3825,1.07,0.0475,,,,0.0775,0.09,21.5575,66.79,0.375,142.015,0.0,0.0,,986.2624999999999,
2023-01-31 18:00:00,31.105,50.905,0.67,1.03,0.93,0.38,1.43,0.5425,1.07,0.065,,,,0.11,0.13,19.6375,74.20750000000001,0.2925,194.57999999999998,0.0,0.0,,986.9775,
2023-01-31 19:00:00,34.7825,59.25,0.67,1.03,0.93,0.38,1.43,0.6925,1.07,0.0825,,,,0.1375,0.165,18.915,77.5325,0.5075000000000001,203.665,0.0,0.0,,987.86,
2023-01-31 20:00:00,35.125,62.4375,0.67,1.03,0.93,0.38,1.43,0.825,1.07,0.0975,,,,0.165,0.1975,17.9625,81.1,0.42500000000000004,198.975,0.0,0.0,,988.4325,
2023-01-31 21:00:00,48.0225,73.7325,0.67,1.03,0.93,0.38,1.43,0.8624999999999999,1.07,0.10500000000000001,,,,0.17250000000000001,0.20750000000000002,17.419999999999998,84.0825,0.3075,150.42,0.0,0.0,,988.825,
2023-01-31 22:00:00,52.6125,87.2625,0.67,1.03,0.93,0.38,1.43,0.8999999999999999,1.07,0.1075,,,,0.1775,0.215,17.0975,85.575,0.2975,234.92000000000002,0.0,0.0,,989.0225,
2023-01-31 23:00:00,54.916666666666664,83.12666666666667,0.67,1.03,0.93,0.38000000000000006,1.43,0.7766666666666667,1.07,0.09666666666666668,,,,0.15333333333333335,0.18666666666666668,17.27,84.94,0.38000000000000006,159.15666666666667,0.0,0.0,,989.0566666666667,
2023-02-01 00:00:00,38.833333333333336,58.75,0.67,1.03,0.93,0.38000000000000006,1.43,0.6566666666666666,1.07,0.07666666666666667,,,,0.13,0.1575,17.29,84.4275,0.485,202.8775,0.0,0.0,,988.77,
2023-02-01 01:00:00,31.96,52.5,0.67,1.03,0.93,0.38,1.43,0.5125,1.07,0.06,,,,0.10250000000000001,0.12,17.505,81.975,0.615,221.6475,0.0,0.0,,988.365,
2023-02-01 02:00:00,26.41,43.41,0.67,1.03,0.93,0.38,1.43,0.4625,1.07,0.055,,,,0.095,0.11,17.29,82.95750000000001,0.38,211.08249999999998,0.0,0.0,,987.8199999999999,
2023-02-01 03:00:00,21.845,33.6575,0.67,1.03,0.93,0.38,1.43,0.40750000000000003,1.07,0.05,,,,0.0825,0.1,17.1,84.0925,0.3175,200.115,0.0,0.0,,987.6325,
2023-02-01 04:00:00,20.6875,30.8425,0.67,1.03,0.93,0.38,1.43,0.365,1.07,0.04,,,,0.07,0.0875,17.005,84.485,0.34500000000000003,228.1775,0.0,0.0,,987.885,
2023-02-01 05:00:00,20.785,32.004999999999995,0.67,1.03,0.93,0.38,1.43,0.33,1.07,0.04,,,,0.0675,0.0775,16.5225,87.4675,0.2475,163.605,0.0,0.0,,988.4549999999999,
2023-02-01 06:00:00,21.595,33.4225,0.67,1.03,0.93,0.38,1.43,0.3725,1.07,0.0425,,,,0.0775,0.09,16.46,88.8375,0.4025,220.02,0.0,0.0,7.577500000000001,989.05,
2023-02-01 07:00:00,28.2,44.792500000000004,0.67,1.03,0.93,0.38,1.43,0.44,1.07,0.055,,,,0.0925,0.105,17.69,85.5525,0.255,172.8875,0.0,0.0,38.135,989.83,
2023-02-01 08:00:00,27.275,49.5,0.67,1.03,0.93,0.38,1.43,0.47000000000000003,1.07,0.057499999999999996,,,,0.0925,0.1125,21.78,71.435,0.27749999999999997,175.0,0.0,0.0,120.26750000000001,990.8075,
2023-02-01 09:00:00,29.625,44.4375,0.67,1.03,0.93,0.38,1.43,0.45,1.07,0.05,,,,0.09,0.1075,25.09,58.3525,0.275,178.3625,0.0,0.0,114.04249999999999,991.08,
2023-02-01 10:00:00,29.085,46.465,0.67,1.03,0.93,0.38,1.43,0.455,1.07,0.055,,,,0.095,0.10500000000000001,26.75,53.725,0.395,96.9575,0.0,0.0,126.22,990.6524999999999,
2023-02-01 11:00:00,26.18,45.75,0.67,1.03,0.93,0.38,1.43,0.4275,1.07,0.05,,,,0.0875,0.10250000000000001,28.1525,50.6475,0.395,101.0275,0.0,0.0,122.065,989.5175,
2023-02-01 12:00:00,30.9125,51.0,0.67,1.03,0.93,0.38,1.43,0.3925,1.07,0.0475,,,,0.0775,0.095,27.915,51.457499999999996,0.3875,122.9325,0.0,0.0,121.3725,988.4975,
2023-02-01 13:00:00,29.0775,53.49,0.67,1.03,0.93,0.38,1.43,0.3875,1.07,0.0425,,,,0.07500000000000001,0.0925,27.47,51.69,0.48250000000000004,109.6625,0.0,0.0,102.4875,987.6025,
2023-02-01 14:00:00,29.435,57.0,0.67,1.03,0.93,0.38,1.43,0.3825,1.07,0.045,,,,0.0775,0.09,28.5325,49.1025,0.52,104.8975,0.0,0.0,129.975,987.135,
2023-02-01 15:00:00,36.6725,58.417500000000004,0.67,1.03,0.93,0.38,1.43,0.3775,1.07,0.0425,,,,0.07250000000000001,0.09,27.122500000000002,52.1375,0.44,147.1525,0.0,0.0,52.795,987.13,
2023-02-01 16:00:00,32.1875,48.1875,0.67,1.03,0.93,0.38,1.43,0.365,1.07,0.04,,,,0.07,0.0875,24.0,64.08500000000001,0.325,155.3225,0.0,0.0,16.48,987.215,
2023-02-01 17:00:00,30.5825,48.875,0.67,1.03,0.93,0.38,1.43,0.5425,1.07,0.065,,,,0.10750000000000001,0.13,20.497500000000002,75.955,0.22,208.31,0.0,0.0,,987.505,
2023-02-01 18:00:00,30.7925,53.905,0.67,1.03,0.93,0.38,1.43,0.5249999999999999,1.07,0.0625,,,,0.1075,0.1275,18.9775,80.24000000000001,0.21500000000000002,179.4425,0.0,0.0,,988.065,
2023-02-01 19:00:00,38.8225,61.875,0.67,1.03,0.93,0.38,1.43,0.7625,1.07,0.0925,,,,0.1525,0.185,17.86,84.7825,0.345,205.0725,0.0,0.0,,988.54,
2023-02-01 20:00:00,41.435,68.39,0.67,1.03,0.93,0.38,1.43,0.8474999999999999,1.07,0.1,,,,0.16999999999999998,0.2025,17.03,87.725,0.4125,228.1375,0.0,0.0,,989.2075,
2023-02-01 21:00:00,47.915,79.5,0.67,1.03,0.93,0.38,1.43,0.855,1.07,0.10250000000000001,,,,0.17,0.21000000000000002,16.77,88.25999999999999,0.475,231.83499999999998,0.0,0.0,,989.855,
2023-02-01 22:00:00,47.6125,76.06,0.67,1.03,0.93,0.38,1.43,0.8574999999999999,1.07,0.10500000000000001,,,,0.17250000000000001,0.20500000000000002,16.225,89.3925,0.3075,207.92000000000002,0.0,0.0,,990.1975,
2023-02-01 23:00:00,38.95666666666667,74.0,0.67,1.03,0.93,0.38000000000000006,1.43,0.7933333333333333,1.07,0.09666666666666668,,,,0.15666666666666665,0.18666666666666668,15.633333333333333,91.29,0.24333333333333332,135.45666666666668,0.0,0.0,,989.9900000000001,
2023-02-02 00:00:00,40.64,75.0,0.67,1.03,0.93,0.38000000000000006,1.43,0.7366666666666667,1.07,0.09000000000000001,,,,0.15000000000000002,0.1825,15.6375,90.94999999999999,0.2625,214.19,0.0,0.0,,989.75,
2023-02-02 01:00:00,42.6525,70.7925,0.67,1.03,0.93,0.38,1.43,0.6275,1.07,0.075,,,,0.1275,0.1525,15.2,91.865,0.41000000000000003,204.375,0.0,0.0,,989.4825000000001,
2023-02-02 02:00:00,33.9725,56.065,0.67,1.03,0.93,0.38,1.43,0.51,1.07,0.06,,,,0.1,0.1225,14.905,91.945,0.325,216.16750000000002,0.0,0.0,,989.3149999999999,
2023-02-02 03:00:00,28.3775,50.004999999999995,0.67,1.03,0.93,0.38,1.43,0.4475,1.07,0.052500000000000005,,,,0.09,0.10500000000000001,14.655,92.7075,0.42250000000000004,222.85250000000002,0.0,0.0,,989.3425,
2023-02-02 04:00:00,27.6825,45.792500000000004,0.67,1.03,0.93,0.38,1.43,0.405,1.07,0.0475,,,,0.0825,0.0975,14.605,92.57499999999999,0.4325,210.285,0.0,0.0,,989.6075,
2023-02-02 05:00:00,25.465,43.5,0.67,1.03,0.93,0.38,1.43,0.38,1.07,0.0425,,,,0.0775,0.0925,14.585,91.37,0.435,197.6,0.0,0.0,0.04,990.46,
2023-02-02 06:00:00,25.0825,42.9225,0.67,1.03,0.93,0.38,1.43,0.3925,1.07,0.0425,,,,0.0775,0.095,14.3825,93.195,0.38,200.76999999999998,0.0,0.0,32.43,991.2075,
2023-02-02 07:00:00,26.814999999999998,45.7025,0.67,1.03,0.93,0.38,1.43,0.44,1.07,0.052500000000000005,,,,0.09,0.10250000000000001,17.314999999999998,84.9925,0.3225,213.4,0.0,0.0,135.635,991.9075,
2023-02-02 08:00:00,25.5625,48.167500000000004,0.67,1.03,0.93,0.38,1.43,0.445,1.07,0.055,,,,0.09,0.1075,22.5325,67.7675,0.285,116.715,0.0,0.0,193.8525,992.7075,
2023-02-02 09:00:00,26.6675,47.015,0.67,1.03,0.93,0.38,1.43,0.445,1.07,0.052500000000000005,,,,0.09,0.10500000000000001,26.37,53.79,0.33,163.955,0.0,0.0,129.17,992.9525,
2023-02-02 10:00:00,35.735,56.965,0.67,1.03,0.93,0.38,1.43,0.40249999999999997,1.07,0.0475,,,,0.0775,0.095,28.2325,50.0025,0.505,123.9575,0.0,0.0,68.8725,992.2725,
2023-02-02 11:00:00,38.5875,68.25,0.67,1.03,0.93,0.38,1.43,0.375,1.07,0.04,,,,0.07250000000000001,0.09,29.415,48.07,0.4675,137.34,0.0,0.0,181.3825,991.01,
2023-02-02 12:00:00,40.8625,66.0,0.67,1.03,0.93,0.38,1.43,0.3825,1.07,0.04,,,,0.07250000000000001,0.09,30.525,46.7325,0.4075,97.2075,0.0,0.0,194.2175,989.64,
2023-02-02 13:00:00,36.7175,63.0,0.67,1.03,0.93,0.38,1.43,0.3925,1.07,0.05,,,,0.08,0.09,30.6225,46.18,0.5875,166.375,0.0,0.0,171.375,988.6725,
2023-02-02 14:00:00,40.0275,63.75,0.67,1.03,0.93,0.38,1.43,0.395,1.07,0.0475,,,,0.08,0.095,31.115000000000002,44.287499999999994,0.43,164.3425,0.0,0.0,140.3275,987.9525,
2023-02-02 15:00:00,35.0925,59.53,0.67,1.03,0.93,0.38,1.43,0.3925,1.07,0.05,,,,0.08,0.09,30.72,46.0025,0.375,145.985,0.0,0.0,86.60249999999999,987.6324999999999,
2023-02-02 16:00:00,34.4225,58.0775,0.67,1.03,0.93,0.38,1.43,0.4075,1.07,0.05,,,,0.08,0.0975,24.945,59.68,0.26749999999999996,167.0675,0.0,0.0,14.467500000000001,987.665,
2023-02-02 17:00:00,37.1625,63.0,0.67,1.03,0.93,0.38,1.43,0.565,1.07,0.0675,,,,0.1125,0.13,21.1225,71.7625,0.3125,164.29500000000002,0.0,0.0,,988.1675,
2023-02-02 18:00:00,35.64,63.0,0.67,1.03,0.93,0.38,1.43,0.665,1.07,0.08,,,,0.1325,0.16,19.245,78.8825,0.32,156.13,0.0,0.0,,988.9825000000001,
2023-02-02 19:00:00,34.2725,69.75,0.67,1.03,0.93,0.38,1.43,1.07,1.07,0.1275,,,,0.21250000000000002,0.255,18.1075,83.17,0.27,195.95,0.0,0.0,,989.91,
2023-02-02 20:00:00,58.545,89.86,0.67,1.03,0.93,0.38,1.43,1.285,1.07,0.155,,,,0.2575,0.31,17.27,86.395,0.2875,186.23,0.0,0.0,,990.625,
2023-02-02 21:00:00,62.989999999999995,111.0,0.67,1.03,0.93,0.38,1.43,1.185,1.07,0.14500000000000002,,,,0.23750000000000002,0.28250000000000003,17.0975,87.425,0.6275000000000001,248.4,0.0,0.0,,991.0525,
2023-02-02 22:00:00,59.81,110.015,0.67,1.03,0.93,0.38,1.43,0.9675,1.07,0.115,,,,0.195,0.23249999999999998,16.6575,88.39,0.5125,226.3175,0.0,0.0,,991.015,
2023-02-02 23:00:00,54.59,99.0,0.67,1.03,0.93,0.38000000000000006,1.43,0.8733333333333334,1.07,0.10333333333333333,,,,0.17666666666666667,0.20666666666666667,16.27333333333333,88.57666666666667,0.6233333333333334,228.9333333333333,0.0,0.0,,990.8666666666667,
2023-02-03 00:00:00,47.376666666666665,81.0,0.67,1.03,0.93,0.38000000000000006,1.43,0.6766666666666667,1.07,0.08,,,,0.1375,0.165,15.665,88.925,0.6075,266.5375,0.0,0.0,,990.63,
2023-02-03 01:00:00,45.832499999999996,72.0,0.67,1.03,0.93,0.38,1.43,0.59,1.07,0.07,,,,0.1175,0.14250000000000002,15.14,89.205,0.35250000000000004,184.9025,0.0,0.0,,990.2425000000001,
2023-02-03 02:00:00,37.29,58.5625,0.67,1.03,0.93,0.38,1.43,0.555,1.07,0.0675,,,,0.1125,0.1325,14.3975,91.5675,0.2475,190.9375,0.0,0.0,,989.8025,
2023-02-03 03:00:00,34.1975,56.25,0.67,1.03,0.93,0.38,1.43,0.47,1.07,0.055,,,,0.0925,0.1125,13.9825,92.44,0.275,199.2225,0.0,0.0,,989.6375,
2023-02-03 04:00:00,31.075000000000003,51.0,0.67,1.03,0.93,0.38,1.43,0.435,1.07,0.05,,,,0.0875,0.10500000000000001,13.5575,93.5775,0.2225,199.2675,0.0,0.0,,989.9525,
2023-02-03 05:00:00,30.96,47.9875,0.67,1.03,0.93,0.38,1.43,0.4075,1.07,0.0475,,,,0.0825,0.0975,13.620000000000001,93.5175,0.39,203.62,0.0,0.0,0.41,990.62,
2023-02-03 06:00:00,28.91,46.4275,0.67,1.03,0.93,0.38,1.43,0.355,1.07,0.04,,,,0.07,0.08499999999999999,13.9075,92.4975,0.33,167.14749999999998,0.0,0.0,42.0725,991.2025,
2023-02-03 07:00:00,22.96,38.015,0.67,1.03,0.93,0.38,1.43,0.4075,1.07,0.0475,,,,0.0825,0.0975,17.55,81.445,0.3625,177.1875,0.0,0.0,151.9525,991.9300000000001,
2023-02-03 08:00:00,22.65,43.265,0.67,1.03,0.93,0.38,1.43,0.46749999999999997,1.07,0.057499999999999996,,,,0.0975,0.11,23.0475,62.89,0.355,158.67,0.0,0.0,206.93,992.3275,
2023-02-03 09:00:00,32.47,48.4825,0.67,1.03,0.93,0.38,1.43,0.435,1.07,0.05,,,,0.09,0.1,27.2075,49.792500000000004,0.3975,106.35499999999999,0.0,0.0,129.065,992.3875,
2023-02-03 10:00:00,27.205,41.8575,0.67,1.03,0.93,0.38,1.43,0.38,1.07,0.045,,,,0.0775,0.09,29.2725,46.08,0.48,161.005,0.0,0.0,51.510000000000005,991.4025,
2023-02-03 11:00:00,29.155,48.0,0.67,1.03,0.93,0.38,1.43,0.3325,1.07,0.04,,,,0.07,0.08,30.07,44.6925,0.48250000000000004,140.505,0.0,0.0,181.335,989.9875,
2023-02-03 12:00:00,32.545,54.28,0.67,1.03,0.93,0.38,1.43,0.3175,1.07,0.04,,,,0.065,0.07500000000000001,30.785,42.12,0.4625,120.1275,0.0,0.0,206.94,988.4475,
2023-02-03 13:00:00,32.542500000000004,49.125,0.67,1.03,0.93,0.38,1.43,0.295,1.07,0.035,,,,0.06,0.07,30.96,39.3125,0.6425000000000001,119.385,0.0,0.0,183.93,987.275,
2023-02-03 14:00:00,23.6675,39.75,0.67,1.03,0.93,0.38,1.43,0.3,1.07,0.0375,,,,0.06,0.07,31.1575,40.095,0.455,120.5575,0.0,0.0,150.32,986.3775,
2023-02-03 15:00:00,22.785,41.485,0.67,1.03,0.93,0.38,1.43,0.3325,1.07,0.0425,,,,0.065,0.0775,30.4,41.2225,0.42000000000000004,119.88250000000001,0.0,0.0,97.2875,985.9875,
2023-02-03 16:00:00,29.79,44.4375,0.67,1.03,0.93,0.38,1.43,0.35000000000000003,1.07,0.04,,,,0.07250000000000001,0.0825,25.705,53.894999999999996,0.275,207.3625,0.0,0.0,19.2475,986.085,
2023-02-03 17:00:00,25.9375,45.515,0.67,1.03,0.93,0.38,1.43,0.38,1.07,0.045,,,,0.0775,0.09,20.705,68.89750000000001,0.3175,169.04,0.0,0.0,0.07,986.535,
2023-02-03 18:00:00,28.655,46.125,0.67,1.03,0.93,0.38,1.43,0.6599999999999999,1.07,0.0775,,,,0.13,0.155,18.5975,76.6875,0.2225,194.0025,0.0,0.0,,987.325,
2023-02-03 19:00:00,41.3525,75.2925,0.67,1.03,0.93,0.38,1.43,0.7975,1.07,0.0975,,,,0.16,0.19,17.8275,79.3825,0.47,229.71,0.0,0.0,,988.0475,
2023-02-03 20:00:00,53.9975,92.2025,0.67,1.03,0.93,0.38,1.43,0.8150000000000001,1.07,0.1,,,,0.165,0.195,16.3825,83.3125,0.3075,184.7825,0.0,0.0,,988.5975,
2023-02-03 21:00:00,47.19,85.5,0.67,1.03,0.93,0.38,1.43,0.8,1.07,0.095,,,,0.16,0.19,15.8225,83.2225,0.565,241.715,0.0,0.0,,988.9125,
2023-02-03 22:00:00,48.0,74.035,0.67,1.03,0.93,0.38,1.43,0.705,1.07,0.08499999999999999,,,,0.14,0.17,15.36,81.98,0.7025,232.92000000000002,0.0,0.0,,988.895,
2023-02-03 23:00:00,41.666666666666664,62.376666666666665,0.67,1.03,0.93,0.38000000000000006,1.43,0.5666666666666667,1.07,0.06666666666666667,,,,0.11666666666666665,0.1366666666666667,15.196666666666667,78.93333333333334,0.75,274.20666666666665,0.0,0.0,,988.6733333333333,
2023-02-04 00:00:00,33.37,50.10333333333333,0.67,1.03,0.93,0.38000000000000006,1.43,0.44333333333333336,1.07,0.056666666666666664,,,,0.095,0.11,14.325,79.8475,0.515,263.8075,0.0,0.0,,988.305,
2023-02-04 01:00:00,23.195,39.75,0.67,1.03,0.93,0.38,1.43,0.36,1.07,0.0425,,,,0.07250000000000001,0.0875,13.9525,78.6925,0.595,209.47,0.0,0.0,,987.8875,
2023-02-04 02:00:00,20.0,29.8075,0.67,1.03,0.93,0.38,1.43,0.325,1.07,0.0375,,,,0.0675,0.0775,12.852500000000001,82.9375,0.2975,147.1325,0.0,0.0,,987.505,
2023-02-04 03:00:00,19.095,31.5,0.67,1.03,0.93,0.38,1.43,0.295,1.07,0.0325,,,,0.06,0.07,12.5,83.5875,0.3025,160.57,0.0,0.0,,987.2925,
2023-02-04 04:00:00,15.0325,27.3275,0.67,1.03,0.93,0.38,1.43,0.28,1.07,0.0325,,,,0.055,0.065,11.79,86.58500000000001,0.2925,148.89,0.0,0.0,,987.4525,
2023-02-04 05:00:00,25.64,43.5,0.67,1.03,0.93,0.38,1.43,0.3025,1.07,0.0375,,,,0.0625,0.07,12.01,85.6075,0.6125,201.05,0.0,0.0,0.45,987.9325,
2023-02-04 06:00:00,,,,,,,,,,,,,,,,,,,,,0.0,,,
2023-02-04 07:00:00,,,,,,,,,,,,,,,,,,,,,0.0,,,
2023-02-04 08:00:00,,,,,,,,,,,,,,,,,,,,,0.0,,,
2023-02-04 09:00:00,,,,,,,,,,,,,,,,,,,,,0.0,,,
2023-02-04 10:00:00,,,,,,,,,,,,,,,,,,,,,0.0,,,
2023-02-04 11:00:00,,,,,,,,,,,,,,,,,,,,,0.0,,,
2023-02-04 12:00:00,,,,,,,,,,,,,,,,,,,,,0.0,,,
2023-02-04 13:00:00,,,,,,,,,,,,,,,,,,,,,0.0,,,
2023-02-04 14:00:00,,,,,,,,,,,,,,,,,,,,,0.0,,,
2023-02-04 15:00:00,,,,,,,,,,,,,,,,,,,,,0.0,,,
2023-02-04 16:00:00,,,,,,,,,,,,,,,,,,,,,0.0,,,
2023-02-04 17:00:00,,,,,,,,,,,,,,,,,,,,,0.0,,,
2023-02-04 18:00:00,,,,,,,,,,,,,,,,,,,,,0.0,,,
2023-02-04 19:00:00,,,,,,,,,,,,,,,,,,,,,0.0,,,
2023-02-04 20:00:00,,,,,,,,,,,,,,,,,,,,,0.0,,,
2023-02-04 21:00:00,,,,,,,,,,,,,,,,,,,,,0.0,,,
2023-02-04 22:00:00,,,,,,,,,,,,,,,,,,,,,0.0,,,
2023-02-04 23:00:00,,,,,,,,,,,,,,,,,,,,,0.0,,,
2023-02-05 00:00:00,,,,,,,,,,,,,,,,,,,,,0.0,,,
2023-02-05 01:00:00,,,,,,,,,,,,,,,,,,,,,0.0,,,
2023-02-05 02:00:00,,,,,,,,,,,,,,,,,,,,,0.0,,,
2023-02-05 03:00:00,,,,,,,,,,,,,,,,,,,,,0.0,,,
2023-02-05 04:00:00,,,,,,,,,,,,,,,,,,,,,0.0,,,
2023-02-05 05:00:00,,,,,,,,,,,,,,,,,,,,,0.0,,,
2023-02-05 06:00:00,,,,,,,,,,,,,,,,,,,,,0.0,,,
2023-02-05 07:00:00,,,,,,,,,,,,,,,,,,,,,0.0,,,
2023-02-05 08:00:00,,,,,,,,,,,,,,,,,,,,,0.0,,,
2023-02-05 09:00:00,,,,,,,,,,,,,,,,,,,,,0.0,,,
2023-02-05 10:00:00,,,,,,,,,,,,,,,,,,,,,0.0,,,
2023-02-05 11:00:00,,,,,,,,,,,,,,,,,,,,,0.0,,,
2023-02-05 12:00:00,,,,,,,,,,,,,,,,,,,,,0.0,,,
2023-02-05 13:00:00,,,,,,,,,,,,,,,,,,,,,0.0,,,
2023-02-05 14:00:00,,,,,,,,,,,,,,,,,,,,,0.0,,,
2023-02-05 15:00:00,,,,,,,,,,,,,,,,,,,,,0.0,,,
2023-02-05 16:00:00,,,,,,,,,,,,,,,,,,,,,0.0,,,
2023-02-05 17:00:00,,,,,,,,,,,,,,,,,,,,,0.0,,,
2023-02-05 18:00:00,,,,,,,,,,,,,,,,,,,,,0.0,,,
2023-02-05 19:00:00,,,,,,,,,,,,,,,,,,,,,0.0,,,
2023-02-05 20:00:00,,,,,,,,,,,,,,,,,,,,,0.0,,,
2023-02-05 21:00:00,,,,,,,,,,,,,,,,,,,,,0.0,,,
2023-02-05 22:00:00,,,,,,,,,,,,,,,,,,,,,0.0,,,
2023-02-05 23:00:00,,,,,,,,,,,,,,,,,,,,,0.0,,,
2023-02-06 00:00:00,,,,,,,,,,,,,,,,,,,,,0.0,,,
2023-02-06 01:00:00,,,,,,,,,,,,,,,,,,,,,0.0,,,
2023-02-06 02:00:00,,,,,,,,,,,,,,,,,,,,,0.0,,,
2023-02-06 03:00:00,,,,,,,,,,,,,,,,,,,,,0.0,,,
2023-02-06 04:00:00,,,,,,,,,,,,,,,,,,,,,0.0,,,
2023-02-06 05:00:00,,,,,,,,,,,,,,,,,,,,,0.0,,,
2023-02-06 06:00:00,,,,,,,,,,,,,,,,,,,,,0.0,,,
2023-02-06 07:00:00,,,,,,,,,,,,,,,,,,,,,0.0,,,
2023-02-06 08:00:00,,,,,,,,,,,,,,,,,,,,,0.0,,,
2023-02-06 09:00:00,,,,,,,,,,,,,,,,,,,,,0.0,,,
2023-02-06 10:00:00,,,,,,,,,,,,,,,,,,,,,0.0,,,
2023-02-06 11:00:00,20.38,57.655,0.67,1.03,0.93,0.38,1.43,0.3775,1.07,0.0475,,,,0.075,0.0925,27.822499999999998,49.4675,0.5775,113.675,0.0,0.0,175.595,988.6875,
2023-02-06 12:00:00,31.996666666666666,54.18666666666667,0.67,1.03,0.93,0.38,1.43,0.405,1.07,0.05,,,,0.08,0.1,27.7075,50.0225,0.4125,130.98,0.0,0.0,141.04,987.1625,
2023-02-06 13:00:00,39.765,65.65,0.67,1.03,0.93,0.38,1.43,0.42,1.07,0.05,,,,0.08499999999999999,0.10250000000000001,25.2175,55.36,0.3875,143.5325,0.0,0.0,32.464999999999996,986.0025,
2023-02-06 14:00:00,37.66,64.5,0.67,1.03,0.93,0.38,1.43,0.435,1.07,0.05,,,,0.09,0.10250000000000001,24.0875,63.3125,0.24,180.0475,0.0,0.0,25.27,985.2325,
2023-02-06 15:00:00,38.5025,63.75,0.67,1.03,0.93,0.38,1.43,0.45,1.07,0.052500000000000005,,,,0.0925,0.1075,22.935,69.315,0.28500000000000003,130.1825,0.0,0.0,17.03,984.8275,
2023-02-06 16:00:00,30.4575,52.067499999999995,0.67,1.03,0.93,0.38,1.43,0.475,1.07,0.057499999999999996,,,,0.0925,0.1125,21.855,73.8925,0.2875,162.4875,0.0,0.0,8.8225,984.83,
2023-02-06 17:00:00,31.9725,56.11,0.67,1.03,0.93,0.38,1.43,0.595,1.07,0.07,,,,0.12000000000000001,0.14500000000000002,20.215,79.2125,0.2425,185.1725,0.0,0.0,,985.0699999999999,
2023-02-06 18:00:00,48.3825,77.5425,0.67,1.03,0.93,0.38,1.43,0.8200000000000001,1.07,0.1,,,,0.165,0.1975,19.36,81.84,0.20249999999999999,222.35750000000002,0.0,0.0,,985.5725,
2023-02-06 19:00:00,66.5825,99.875,0.67,1.03,0.93,0.38,1.43,1.07,1.07,0.1275,,,,0.215,0.2575,18.9875,83.1875,0.4475,214.225,0.0,0.0,,986.0550000000001,
2023-02-06 20:00:00,70.3625,111.4725,0.67,1.03,0.93,0.38,1.43,1.135,1.07,0.135,,,,0.2275,0.275,18.6575,85.1175,0.6375,226.385,0.0,0.0,,986.275,
2023-02-06 21:00:00,73.25,117.28,0.67,1.03,0.93,0.38,1.43,1.04,1.07,0.1225,,,,0.20500000000000002,0.25,18.29,86.4325,0.84,210.5975,0.0,0.0,,985.97,
2023-02-06 22:00:00,67.92,105.275,0.67,1.03,0.93,0.38,1.43,0.895,1.07,0.1075,,,,0.18,0.21,17.91,86.9225,0.535,215.565,0.0,0.0,,985.77,
2023-02-06 23:00:00,56.26666666666667,95.58333333333333,0.67,1.03,0.93,0.38000000000000006,1.43,0.7799999999999999,1.07,0.09333333333333334,,,,0.15333333333333335,0.18666666666666668,18.05666666666667,86.48,0.6433333333333333,237.62,0.0,0.0,,985.4233333333333,
2023-02-07 00:00:00,52.44333333333333,83.33333333333333,0.67,1.03,0.93,0.38000000000000006,1.43,0.6533333333333333,1.07,0.07666666666666667,,,,0.13,0.1575,18.6,83.92,0.5075000000000001,134.615,0.0,0.0,,985.1,
2023-02-07 01:00:00,51.417500000000004,84.0,0.67,1.03,0.93,0.38,1.43,0.5725,1.07,0.07,,,,0.11499999999999999,0.135,18.95,79.645,0.4175,156.06,0.0,0.0,,984.635,
2023-02-07 02:00:00,45.292500000000004,75.75,0.67,1.03,0.93,0.38,1.43,0.5475000000000001,1.07,0.0675,,,,0.11,0.13,19.3425,73.14,0.64,171.9725,0.0,0.0,,984.3125,
2023-02-07 03:00:00,48.917500000000004,76.3125,0.67,1.03,0.93,0.38,1.43,0.5525,1.07,0.07,,,,0.11,0.135,18.875,75.405,0.545,129.2525,0.0,0.0,,984.3325,
2023-02-07 04:00:00,45.7825,78.75,0.67,1.03,0.93,0.38,1.43,0.5675,1.07,0.07,,,,0.11,0.14,18.395,78.635,0.2475,201.1625,0.0,0.0,,984.7625,
2023-02-07 05:00:00,45.8175,78.75,0.67,1.03,0.93,0.38,1.43,0.5675,1.07,0.07,,,,0.11499999999999999,0.1375,17.53,85.8,0.315,138.7925,0.0,0.0,,985.8675000000001,
2023-02-07 06:00:00,49.8,88.5,0.67,1.03,0.93,0.38,1.43,0.6125,1.07,0.07250000000000001,,,,0.1225,0.14500000000000002,17.4125,87.0625,0.27,153.345,0.0,0.0,4.8566666666666665,987.1,
2023-02-07 07:00:00,48.5175,89.25,0.67,1.03,0.93,0.38,1.43,0.625,1.07,0.07500000000000001,,,,0.125,0.14750000000000002,18.197499999999998,85.2125,0.20249999999999999,174.79500000000002,0.0,0.0,47.7025,988.0625,
2023-02-07 08:00:00,57.915,86.1075,0.67,1.03,0.93,0.38,1.43,0.61,1.07,0.07250000000000001,,,,0.1225,0.14750000000000002,19.7675,79.38,0.28500000000000003,153.12,0.0,0.0,60.9275,988.8375000000001,
2023-02-07 09:00:00,53.0625,81.9375,0.67,1.03,0.93,0.38,1.43,0.5675,1.07,0.07,,,,0.1125,0.135,22.1925,70.2025,0.4575,115.9725,0.0,0.0,139.465,989.22,
2023-02-07 10:00:00,47.07,74.475,0.67,1.03,0.93,0.38,1.43,0.53,1.07,0.0625,,,,0.10500000000000001,0.125,22.6625,67.385,0.5175,125.185,0.0,0.0,102.53999999999999,988.9200000000001,
2023-02-07 11:00:00,45.345,74.905,0.67,1.03,0.93,0.38,1.43,0.485,1.07,0.06,,,,0.1,0.11499999999999999,21.0275,72.5775,0.5700000000000001,131.07,0.0,0.0,93.5975,988.255,
2023-02-07 12:00:00,40.3025,66.44749999999999,0.67,1.03,0.93,0.38,1.43,0.4575,1.07,0.055,,,,0.0925,0.11,20.91,73.97,0.6875,146.7775,0.0,0.0,79.4175,987.525,
2023-02-07 13:00:00,40.0475,63.75,0.67,1.03,0.93,0.38,1.43,0.4475,1.07,0.05,,,,0.09,0.1075,21.3625,72.15,0.5449999999999999,106.7325,0.0,0.0,82.35,986.905,
2023-02-07 14:00:00,33.2575,63.0,0.67,1.03,0.93,0.38,1.43,0.45,1.07,0.052500000000000005,,,,0.0925,0.10500000000000001,20.7875,73.145,0.445,181.4775,0.0,0.0,44.35,986.655,
2023-02-07 15:00:00,37.1075,61.03,0.67,1.03,0.93,0.38,1.43,0.455,1.07,0.052500000000000005,,,,0.09,0.11,20.61,73.655,0.4175,145.75,0.0,0.0,36.9425,986.67,
2023-02-07 16:00:00,39.4725,64.755,0.67,1.03,0.93,0.38,1.43,0.4775,1.07,0.057499999999999996,,,,0.0975,0.1125,19.505,76.8825,0.505,179.805,0.0,0.0,4.38,986.87,
2023-02-07 17:00:00,38.36,69.89,0.67,1.03,0.93,0.38,1.43,0.515,1.07,0.06,,,,0.1,0.1225,18.6575,82.3625,0.39,155.70999999999998,0.01,0.01,,987.4125,
2023-02-07 18:00:00,44.480000000000004,66.92750000000001,0.67,1.03,0.93,0.38,1.43,0.5475,1.07,0.0625,,,,0.1075,0.1325,16.8175,87.91,0.4025,117.42750000000001,0.01,0.01,,988.2574999999999,
2023-02-07 19:00:00,41.455,65.8125,0.67,1.03,0.93,0.38,1.43,0.5675,1.07,0.07,,,,0.1125,0.1375,15.657499999999999,92.095,0.3825,140.91750000000002,0.0125,0.0125,,989.2049999999999,
2023-02-07 20:00:00,35.1575,60.235,0.67,1.03,0.93,0.38,1.43,0.5825,1.07,0.07,,,,0.11499999999999999,0.1375,15.3825,93.87,0.4475,190.5375,0.0025,0.0025,,989.6,
2023-02-07 21:00:00,36.575,62.2975,0.67,1.03,0.93,0.38,1.43,0.6074999999999999,1.07,0.07,,,,0.12,0.1475,15.4525,94.62,0.29500000000000004,147.26999999999998,0.0,0.0,,989.65,
2023-02-07 22:00:00,34.855000000000004,59.4375,0.67,1.03,0.93,0.38,1.43,0.5675,1.07,0.0675,,,,0.1125,0.1375,15.2875,94.9225,0.52,178.1025,0.01,0.01,,989.6424999999999,
2023-02-07 23:00:00,33.559999999999995,59.0,0.67,1.03,0.93,0.38000000000000006,1.43,0.55,1.07,0.07,,,,0.11,0.13,15.19,95.40666666666668,0.39666666666666667,198.92999999999998,0.006666666666666667,0.005,,989.3833333333333,
2023-02-08 00:00:00,26.459999999999997,49.56333333333333,0.67,1.03,0.93,0.38000000000000006,1.43,0.5266666666666667,1.07,0.06,,,,0.1,0.1275,15.235,95.615,0.39249999999999996,231.39000000000001,0.0,0.0,,989.045,
2023-02-08 01:00:00,29.245,46.595,0.67,1.03,0.93,0.38,1.43,0.4875,1.07,0.06,,,,0.1,0.1175,15.0625,95.91749999999999,0.3775,140.3775,0.0,0.0,,988.7025,
2023-02-08 02:00:00,31.302500000000002,50.144999999999996,0.67,1.03,0.93,0.38,1.43,0.46499999999999997,1.07,0.055,,,,0.095,0.11,15.0275,96.055,0.39,179.175,0.005,0.005,,988.6325,
2023-02-08 03:00:00,28.75,46.125,0.67,1.03,0.93,0.38,1.43,0.4475,1.07,0.05,,,,0.09,0.1075,15.1,96.24,0.28,116.39,0.0,0.0,,988.2325,
2023-02-08 04:00:00,22.235,34.3875,0.67,1.03,0.93,0.38,1.43,0.4125,1.07,0.05,,,,0.0825,0.1,14.9975,96.19,0.35250000000000004,183.60500000000002,0.005,0.005,,988.7425000000001,
2023-02-08 05:00:00,20.57,33.5625,0.67,1.03,0.93,0.38,1.43,0.4075,1.07,0.05,,,,0.08,0.1,14.9575,96.3475,0.21,186.8275,0.0,0.0,,989.3925,
2023-02-08 06:00:00,20.2025,31.1525,0.67,1.03,0.93,0.38,1.43,0.4125,1.07,0.05,,,,0.0825,0.1,15.0875,96.39,0.275,125.2,0.0175,0.0175,0.39,990.355,
2023-02-08 07:00:00,17.57,30.0,0.67,1.03,0.93,0.38,1.43,0.4275,1.07,0.05,,,,0.09,0.1,15.024999999999999,96.435,0.255,129.3675,0.005,0.005,5.8,991.54,
2023-02-08 08:00:00,18.8075,33.0,0.67,1.03,0.93,0.38,1.43,0.4525,1.07,0.055,,,,0.09,0.1075,15.0075,96.39,0.385,142.1575,0.0,0.0,3.81,992.35,
2023-02-08 09:00:00,20.805,34.755,0.67,1.03,0.93,0.38,1.43,0.4475,1.07,0.052500000000000005,,,,0.09,0.11,14.8525,96.2625,0.23500000000000001,145.2475,0.0025,0.0025,2.7775,993.05,
2023-02-08 10:00:00,20.055,34.0775,0.67,1.03,0.93,0.38,1.43,0.4975,1.07,0.06,,,,0.1,0.1175,14.9675,96.4125,0.2975,139.08249999999998,0.005,0.005,14.105,992.9975,
2023-02-08 11:00:00,19.9675,37.78,0.67,1.03,0.93,0.38,1.43,0.515,1.07,0.06,,,,0.1,0.12,14.9975,96.305,0.3125,152.01,0.0,0.0,9.55,992.37,
2023-02-08 12:00:00,23.03,36.75,0.67,1.03,0.93,0.38,1.43,0.4825,1.07,0.06,,,,0.1,0.1175,15.36,96.1875,0.34,128.8475,0.0,0.0,59.9075,991.4024999999999,
2023-02-08 13:00:00,17.7875,27.4225,0.67,1.03,0.93,0.38,1.43,0.45,1.07,0.052500000000000005,,,,0.0925,0.1075,16.7425,91.1575,0.375,124.10249999999999,0.0,0.0,104.205,990.51,
2023-02-08 14:00:00,16.9425,28.5,0.67,1.03,0.93,0.38,1.43,0.4175,1.07,0.05,,,,0.0875,0.1,17.8525,82.69500000000001,0.5525,134.06,0.0,0.0,77.815,989.9325,
2023-02-08 15:00:00,19.2525,31.875,0.67,1.03,0.93,0.38,1.43,0.3975,1.07,0.05,,,,0.08,0.0975,17.21,84.7525,0.5549999999999999,110.8075,0.0,0.0,37.9375,989.6875,
2023-02-08 16:00:00,18.9925,31.25,0.67,1.03,0.93,0.38,1.43,0.3975,1.07,0.05,,,,0.08,0.095,16.7975,85.52250000000001,0.44,106.0925,0.0,0.0,13.905,989.645,
2023-02-08 17:00:00,15.28,27.0,0.67,1.03,0.93,0.38,1.43,0.4725,1.07,0.057499999999999996,,,,0.0975,0.1125,15.9375,89.0975,0.34500000000000003,131.765,0.0,0.0,0.16,989.9200000000001,
2023-02-08 18:00:00,15.3425,32.542500000000004,0.67,1.03,0.93,0.38,1.43,0.6174999999999999,1.07,0.07250000000000001,,,,0.125,0.15,15.41,91.2925,0.21250000000000002,166.5475,0.0,0.0,,990.4825,
2023-02-08 19:00:00,27.22,40.8275,0.67,1.03,0.93,0.38,1.43,0.67,1.07,0.08,,,,0.135,0.16,15.09,92.8725,0.38749999999999996,146.65,0.0,0.0,,990.9775,
2023-02-08 20:00:00,24.8125,42.265,0.67,1.03,0.93,0.38,1.43,0.6775,1.07,0.08,,,,0.1375,0.16,15.09,92.34,0.21,169.59,0.0,0.0,,991.55,
2023-02-08 21:00:00,28.6675,41.292500000000004,0.67,1.03,0.93,0.38,1.43,0.58,1.07,0.07,,,,0.1175,0.1375,14.622499999999999,93.1,0.2725,185.8,0.0,0.0,,991.665,
2023-02-08 22:00:00,22.345,41.015,0.67,1.03,0.93,0.38,1.43,0.5825,1.07,0.07,,,,0.1175,0.14,14.3525,94.3325,0.3,259.8825,0.0,0.0,,991.53,
2023-02-08 23:00:00,18.763333333333335,35.0,0.67,1.03,0.93,0.38000000000000006,1.43,0.5633333333333334,1.07,0.07,,,,0.11,0.13333333333333333,14.406666666666666,94.42333333333333,0.19333333333333333,197.32000000000002,0.0,0.0,,991.15,
2023-02-09 00:00:00,17.796666666666667,27.756666666666664,0.67,1.03,0.93,0.38000000000000006,1.43,0.54,1.07,0.06333333333333334,,,,0.11,0.1325,14.3975,94.185,0.3025,192.3425,0.0,0.0,,990.9725,
2023-02-09 01:00:00,16.6475,30.095,0.67,1.03,0.93,0.38,1.43,0.475,1.07,0.055,,,,0.095,0.11499999999999999,14.412500000000001,94.3125,0.205,175.755,0.0,0.0,,990.22,
2023-02-09 02:00:00,13.51,24.0,0.67,1.03,0.93,0.38,1.43,0.47,1.07,0.057499999999999996,,,,0.0975,0.1125,14.285,94.79249999999999,0.44,236.22,0.0,0.0,,989.56,
2023-02-09 03:00:00,14.6325,21.485,0.67,1.03,0.93,0.38,1.43,0.4825,1.07,0.06,,,,0.1,0.11499999999999999,14.3425,95.145,0.3225,193.84,0.0,0.0,,989.2525,
2023-02-09 04:00:00,16.9325,27.0,0.67,1.03,0.93,0.38,1.43,0.4525,1.07,0.055,,,,0.09,0.11,14.3325,95.225,0.2475,176.655,0.0,0.0,,989.5025,
2023-02-09 05:00:00,14.115,23.25,0.67,1.03,0.93,0.38,1.43,0.43,1.07,0.05,,,,0.0875,0.1,14.35,95.355,0.1325,165.4475,0.0,0.0,,990.2075,
2023-02-09 06:00:00,15.0,21.75,0.67,1.03,0.93,0.38,1.43,0.41,1.07,0.05,,,,0.08,0.1,14.375,95.475,0.1775,216.925,0.0,0.0,1.81,990.92,
2023-02-09 07:00:00,12.0525,21.1725,0.67,1.03,0.93,0.38,1.43,0.4375,1.07,0.055,,,,0.09,0.1075,14.46,95.42,0.2925,176.1825,0.0,0.0,3.6925,991.89,
2023-02-09 08:00:00,12.85,19.5475,0.67,1.03,0.93,0.38,1.43,0.5025,1.07,0.0625,,,,0.1,0.12,14.620000000000001,95.27250000000001,0.3775,195.715,0.0,0.0,9.807500000000001,992.7149999999999,
2023-02-09 09:00:00,15.06,23.0625,0.67,1.03,0.93,0.38,1.43,0.5575,1.07,0.065,,,,0.1125,0.1325,14.95,94.625,0.4925,166.6975,0.0,0.0,17.7775,993.0350000000001,
2023-02-09 10:00:00,22.85,35.019999999999996,0.67,1.03,0.93,0.38,1.43,0.5475000000000001,1.07,0.0675,,,,0.11,0.13,15.5375,92.2675,0.2325,173.14,0.0,0.0,23.7025,992.76,
2023-02-09 11:00:00,25.38,42.75,0.67,1.03,0.93,0.38,1.43,0.6625,1.07,0.0775,,,,0.135,0.16,16.2,89.985,0.1375,115.9,0.0,0.0,19.299999999999997,992.125,
2023-02-09 12:00:00,32.3075,58.5,0.67,1.03,0.93,0.38,1.43,0.7050000000000001,1.07,0.0825,,,,0.14,0.1725,16.3725,87.33,0.20500000000000002,159.375,0.0,0.0,19.47,991.235,
2023-02-09 13:00:00,41.75,71.25,0.67,1.03,0.93,0.38,1.43,0.6575,1.07,0.0775,,,,0.1325,0.1575,16.7375,85.67,0.2,151.865,0.0,0.0,33.28,990.6025,
2023-02-09 14:00:00,33.95,59.9375,0.67,1.03,0.93,0.38,1.43,0.595,1.07,0.07,,,,0.11499999999999999,0.14250000000000002,16.735,84.3025,0.1875,116.2125,0.0,0.0,16.075,990.0450000000001,
2023-02-09 15:00:00,31.4575,51.5625,0.67,1.03,0.93,0.38,1.43,0.63,1.07,0.07500000000000001,,,,0.125,0.155,16.2375,87.14,0.2425,121.4725,0.0,0.0,7.362500000000001,989.9275,
2023-02-09 16:00:00,21.03,39.75,0.67,1.03,0.93,0.38,1.43,0.6725,1.07,0.08,,,,0.135,0.1625,15.8625,89.355,0.25,194.8025,0.0,0.0,4.8975,989.84,
2023-02-09 17:00:00,22.0475,36.75,0.67,1.03,0.93,0.38,1.43,0.6875,1.07,0.0825,,,,0.1325,0.165,15.3425,91.6725,0.1625,100.41,0.0,0.0,,990.4325,
2023-02-09 18:00:00,27.7225,45.707499999999996,0.67,1.03,0.93,0.38,1.43,0.6625,1.07,0.08,,,,0.1325,0.1575,14.5425,93.5,0.195,180.5275,0.0,0.0,,991.0225,
2023-02-09 19:00:00,27.2825,43.75,0.67,1.03,0.93,0.38,1.43,0.8125,1.07,0.0975,,,,0.165,0.1975,13.9325,94.7775,0.145,159.98000000000002,0.0,0.0,,991.54,
2023-02-09 20:00:00,29.1475,43.832499999999996,0.67,1.03,0.93,0.38,1.43,0.9924999999999999,1.07,0.11750000000000001,,,,0.1975,0.24,13.73,95.6425,0.31,190.7225,0.0,0.0,,992.0175,
2023-02-09 21:00:00,29.4375,51.75,0.67,1.03,0.93,0.38,1.43,1.045,1.07,0.125,,,,0.20750000000000002,0.25,13.6325,95.9975,0.425,226.0775,0.0,0.0,,992.135,
2023-02-09 22:00:00,34.4025,54.75,0.67,1.03,0.93,0.38,1.43,1.0725,1.07,0.13,,,,0.2125,0.2575,13.66,96.2225,0.5725,217.17000000000002,0.0,0.0,,992.0925,
2023-02-09 23:00:00,34.093333333333334,53.333333333333336,0.67,1.03,0.93,0.38000000000000006,1.43,0.98,1.07,0.11333333333333333,,,,0.19666666666666666,0.2333333333333333,13.75,95.92333333333333,0.4833333333333334,179.42333333333332,0.0,0.0,,991.7833333333333,
2023-02-10 00:00:00,26.843333333333334,48.5,0.67,1.03,0.93,0.38000000000000006,1.43,0.8366666666666666,1.07,0.10000000000000002,,,,0.165,0.2,13.7925,95.70750000000001,0.2575,179.1825,0.0,0.0,,991.1775,
2023-02-10 01:00:00,26.9725,44.2975,0.67,1.03,0.93,0.38,1.43,0.7675,1.07,0.0925,,,,0.1525,0.185,13.817499999999999,95.66499999999999,0.2825,188.28,0.0,0.0,,990.725,
2023-02-10 02:00:00,25.5325,43.5,0.67,1.03,0.93,0.38,1.43,0.7,1.07,0.0875,,,,0.14,0.1675,13.772499999999999,95.775,0.3375,199.5925,0.0,0.0,,990.2425000000001,
2023-02-10 03:00:00,21.0225,37.25,0.67,1.03,0.93,0.38,1.43,0.5675,1.07,0.0675,,,,0.11499999999999999,0.1375,13.7875,95.865,0.4225,226.25,0.0,0.0,,989.8625,
2023-02-10 04:00:00,17.91,30.6675,0.67,1.03,0.93,0.38,1.43,0.4625,1.07,0.055,,,,0.095,0.11,13.865,95.53999999999999,0.3775,199.2525,0.0,0.0,,989.765,
2023-02-10 05:00:00,19.405,30.0,0.67,1.03,0.93,0.38,1.43,0.4475,1.07,0.052500000000000005,,,,0.09,0.10500000000000001,13.8625,95.32,0.23750000000000002,172.8625,0.0,0.0,0.12,990.085,
2023-02-10 06:00:00,16.7575,26.7375,0.67,1.03,0.93,0.38,1.43,0.44,1.07,0.052500000000000005,,,,0.0875,0.1075,13.795,95.7,0.3425,211.055,0.0,0.0,8.26,990.73,
2023-02-10 07:00:00,13.445,22.4275,0.67,1.03,0.93,0.38,1.43,0.51,1.07,0.057499999999999996,,,,0.0975,0.1225,14.5325,94.9525,0.305,200.64749999999998,0.0,0.0,21.705,991.495,
2023-02-10 08:00:00,15.5625,23.53,0.67,1.03,0.93,0.38,1.43,0.48,1.07,0.057499999999999996,,,,0.095,0.11499999999999999,15.395,91.9775,0.2775,176.5675,0.0,0.0,28.3225,992.255,
2023-02-10 09:00:00,15.9,27.7925,0.67,1.03,0.93,0.38,1.43,0.4775,1.07,0.057499999999999996,,,,0.0975,0.1125,16.745,86.805,0.20500000000000002,93.9225,0.0,0.0,60.042500000000004,992.5699999999999,
2023-02-10 10:00:00,16.4875,27.61,0.67,1.03,0.93,0.38,1.43,0.4975,1.07,0.06,,,,0.10250000000000001,0.11750000000000001,18.994999999999997,78.6725,0.2525,124.395,0.0,0.0,77.045,992.1125,
2023-02-10 11:00:00,14.85,25.5,0.67,1.03,0.93,0.38,1.43,0.375,1.07,0.045,,,,0.07250000000000001,0.0925,19.465,70.975,0.345,113.42,0.0,0.0,63.572500000000005,991.295,
2023-02-10 12:00:00,17.625,27.75,0.67,1.03,0.93,0.38,1.43,0.36,1.07,0.04,,,,0.07,0.08499999999999999,19.22,72.555,0.2175,127.36999999999999,0.0,0.0,32.68,990.0675,
2023-02-10 13:00:00,17.0525,27.9525,0.67,1.03,0.93,0.38,1.43,0.355,1.07,0.04,,,,0.07,0.08499999999999999,19.7725,70.57249999999999,0.28500000000000003,102.6875,0.0,0.0,61.7425,989.1075,
2023-02-10 14:00:00,18.61,30.75,0.67,1.03,0.93,0.38,1.43,0.39,1.07,0.045,,,,0.07500000000000001,0.095,19.325,72.8325,0.195,140.0025,0.0,0.0,25.4525,988.3575000000001,
2023-02-10 15:00:00,18.7425,33.0,0.67,1.03,0.93,0.38,1.43,0.4,1.07,0.045,,,,0.0775,0.095,18.1475,82.515,0.215,139.26500000000001,0.0,0.0,13.3625,988.245,
2023-02-10 16:00:00,14.575,28.4175,0.67,1.03,0.93,0.38,1.43,0.395,1.07,0.045,,,,0.07750000000000001,0.095,17.07,87.4625,0.1925,95.6175,0.0,0.0,4.7675,988.3775,
2023-02-10 17:00:00,16.125,32.542500000000004,0.67,1.03,0.93,0.38,1.43,0.4775,1.07,0.0575,,,,0.095,0.1125,16.23,90.5025,0.1675,147.365,0.0,0.0,,988.6025,
2023-02-10 18:00:00,19.5625,36.707499999999996,0.67,1.03,0.93,0.38,1.43,0.605,1.07,0.07,,,,0.12000000000000001,0.14500000000000002,15.9475,91.9575,0.1825,197.625,0.0,0.0,,989.15,
2023-02-10 19:00:00,23.3075,38.25,0.67,1.03,0.93,0.38,1.43,0.905,1.07,0.11,,,,0.1775,0.2175,15.879999999999999,93.17,0.3125,198.34750000000003,0.0,0.0,,989.55,
2023-02-10 20:00:00,27.16,46.832499999999996,0.67,1.03,0.93,0.38,1.43,0.9724999999999999,1.07,0.1175,,,,0.1925,0.235,15.7925,93.015,0.235,177.18,0.0,0.0,,990.0899999999999,
2023-02-10 21:00:00,33.9225,55.5,0.67,1.03,0.93,0.38,1.43,1.05,1.07,0.1275,,,,0.2125,0.25,15.68,93.53999999999999,0.4575,181.8,0.0,0.0,,990.355,
2023-02-10 22:00:00,32.462500000000006,59.25,0.67,1.03,0.93,0.38,1.43,0.9925,1.07,0.11750000000000001,,,,0.1975,0.2375,15.5275,93.6675,0.47750000000000004,222.035,0.0,0.0,,990.14,
2023-02-10 23:00:00,34.70666666666667,57.0,0.67,1.03,0.93,0.38000000000000006,1.43,0.9500000000000001,1.07,0.11333333333333333,,,,0.19000000000000003,0.22999999999999998,15.313333333333333,93.82,0.29,222.76,0.0,0.0,,989.8033333333333,
2023-02-11 00:00:00,29.98,46.776666666666664,0.67,1.03,0.93,0.38000000000000006,1.43,0.6333333333333333,1.07,0.07666666666666667,,,,0.135,0.1625,14.7625,94.3775,0.28,151.7025,0.0,0.0,,989.3725,
2023-02-11 01:00:00,23.755000000000003,42.0,0.67,1.03,0.93,0.38,1.43,0.4825,1.07,0.06,,,,0.1,0.11499999999999999,14.555,94.605,0.2675,169.185,0.0,0.0,,988.98,
2023-02-11 02:00:00,21.0825,34.5,0.67,1.03,0.93,0.38,1.43,0.49,1.07,0.06,,,,0.1,0.1175,14.545,94.9025,0.235,180.51999999999998,0.0,0.0,,988.715,
2023-02-11 03:00:00,15.4525,26.8325,0.67,1.03,0.93,0.38,1.43,0.47250000000000003,1.07,0.057499999999999996,,,,0.095,0.1125,14.58,95.135,0.3725,170.905,0.0,0.0,,988.495,
2023-02-11 04:00:00,14.1425,22.5825,0.67,1.03,0.93,0.38,1.43,0.48,1.07,0.055,,,,0.0975,0.115,14.6225,95.2275,0.41500000000000004,242.16500000000002,0.0,0.0,,988.5775,
2023-02-11 05:00:00,17.875,27.75,0.67,1.03,0.93,0.38,1.43,0.4575,1.07,0.055,,,,0.095,0.1075,14.7275,95.08,0.5025,219.3675,0.0,0.0,,989.1175000000001,
2023-02-11 06:00:00,15.9925,27.7925,0.67,1.03,0.93,0.38,1.43,0.3975,1.07,0.0475,,,,0.08,0.095,14.85,94.16,0.47000000000000003,191.9075,0.0,0.0,1.685,990.1075000000001,
2023-02-11 07:00:00,15.037500000000001,23.8825,0.67,1.03,0.93,0.38,1.43,0.4575,1.07,0.055,,,,0.0925,0.1125,15.0125,94.4475,0.22249999999999998,172.04,0.0,0.0,7.352500000000001,991.05,
2023-02-11 08:00:00,17.14,30.75,0.67,1.03,0.93,0.38,1.43,0.5925,1.07,0.07250000000000001,,,,0.12,0.14250000000000002,15.34,94.5375,0.245,181.01,0.0,0.0,12.61,991.7975,
2023-02-11 09:00:00,20.7375,34.129999999999995,0.67,1.03,0.93,0.38,1.43,0.6174999999999999,1.07,0.07500000000000001,,,,0.1225,0.15000000000000002,15.8625,93.235,0.2575,172.6575,0.0,0.0,16.5075,991.9300000000001,
2023-02-11 10:00:00,22.0775,37.735,0.67,1.03,0.93,0.38,1.43,0.5275000000000001,1.07,0.065,,,,0.1075,0.13,16.015,91.655,0.3625,227.2225,0.0,0.0,17.53,991.4275,
2023-02-11 11:00:00,21.564999999999998,36.75,0.67,1.03,0.93,0.38,1.43,0.7825,1.07,0.0925,,,,0.1525,0.1925,16.865,90.9375,0.24,137.53,0.0,0.0,34.332499999999996,990.7049999999999,
2023-02-11 12:00:00,21.4775,37.182500000000005,0.67,1.03,0.93,0.38,1.43,0.695,1.07,0.08499999999999999,,,,0.1375,0.1675,19.535,81.43,0.2325,138.685,0.0,0.0,111.845,989.46,
2023-02-11 13:00:00,25.3175,46.625,0.67,1.03,0.93,0.38,1.43,0.5075,1.07,0.06,,,,0.10250000000000001,0.1225,21.4125,69.5025,0.3,125.8975,0.0,0.0,115.71000000000001,988.645,
2023-02-11 14:00:00,25.5675,47.3225,0.67,1.03,0.93,0.38,1.43,0.3975,1.07,0.05,,,,0.08,0.1,20.2775,71.39750000000001,0.335,139.695,0.0,0.0,36.7475,988.16,
2023-02-11 15:00:00,27.47,42.7025,0.67,1.03,0.93,0.38,1.43,0.405,1.07,0.045,,,,0.0825,0.095,19.48,76.22,0.28,132.3475,0.0,0.0,25.835,988.015,
2023-02-11 16:00:00,23.055,35.667500000000004,0.67,1.03,0.93,0.38,1.43,0.4125,1.07,0.05,,,,0.08,0.0975,18.447499999999998,82.8425,0.285,109.1625,0.0,0.0,7.16,988.0425,
2023-02-11 17:00:00,21.8925,34.875,0.67,1.03,0.93,0.38,1.43,0.6275,1.07,0.07250000000000001,,,,0.125,0.1475,16.965,88.745,0.1625,102.44749999999999,0.0,0.0,0.06,988.18,
2023-02-11 18:00:00,22.425,37.11,0.67,1.03,0.93,0.38,1.43,0.71,1.07,0.0875,,,,0.14250000000000002,0.17,16.2225,92.02,0.2375,152.245,0.0,0.0,,988.74,
2023-02-11 19:00:00,23.6475,41.625,0.67,1.03,0.93,0.38,1.43,0.7324999999999999,1.07,0.0875,,,,0.14500000000000002,0.175,15.865,93.6825,0.2075,146.43,0.0,0.0,,989.4075,
2023-02-11 20:00:00,25.1775,40.207499999999996,0.67,1.03,0.93,0.38,1.43,0.8425,1.07,0.1,,,,0.17,0.2025,15.7375,94.145,0.2825,131.15,0.0,0.0,,989.9425,
2023-02-11 21:00:00,31.375,48.375,0.67,1.03,0.93,0.38,1.43,1.035,1.07,0.125,,,,0.21,0.2475,15.7575,94.235,0.22999999999999998,207.4475,0.0,0.0,,990.1275,
2023-02-11 22:00:00,32.6475,55.582499999999996,0.67,1.03,0.93,0.38,1.43,0.8674999999999999,1.07,0.10250000000000001,,,,0.1775,0.21000000000000002,15.625,94.16,0.5125,161.45999999999998,0.0,0.0,,989.9575,
2023-02-11 23:00:00,37.26,58.0,0.67,1.03,0.93,0.38000000000000006,1.43,0.8099999999999999,1.07,0.09666666666666668,,,,0.16333333333333333,0.19666666666666666,15.656666666666666,93.81666666666668,0.24000000000000002,144.4,0.0,0.0,,989.6933333333333,
2023-02-12 00:00:00,32.626666666666665,50.93666666666667,0.67,1.03,0.93,0.38000000000000006,1.43,0.8166666666666668,1.07,0.09666666666666668,,,,0.1625,0.1925,15.5975,94.19,0.215,189.3725,0.0,0.0,,989.0525,
2023-02-12 01:00:00,25.305,48.75,0.67,1.03,0.93,0.38,1.43,0.6775,1.07,0.08,,,,0.135,0.1625,15.51,94.3075,0.5225,192.64249999999998,0.0,0.0,,988.5350000000001,
2023-02-12 02:00:00,24.23,42.932500000000005,0.67,1.03,0.93,0.38,1.43,0.665,1.07,0.08,,,,0.13,0.16,15.58,93.965,0.3425,192.45499999999998,0.0,0.0,,988.06,
2023-02-12 03:00:00,26.11,44.25,0.67,1.03,0.93,0.38,1.43,0.6075,1.07,0.07,,,,0.12,0.14500000000000002,15.57,94.24000000000001,0.25,162.7775,0.0,0.0,,987.8199999999999,
2023-02-12 04:00:00,23.115000000000002,41.1775,0.67,1.03,0.93,0.38,1.43,0.545,1.07,0.065,,,,0.1075,0.13,15.59,94.0,0.36000000000000004,145.0775,0.0,0.0,,987.8075,
2023-02-12 05:00:00,21.677500000000002,39.75,0.67,1.03,0.93,0.38,1.43,0.49,1.07,0.06,,,,0.1,0.1175,15.6475,93.4125,0.375,205.3125,0.0,0.0,,988.265,
2023-02-12 06:00:00,24.4775,41.504999999999995,0.67,1.03,0.93,0.38,1.43,0.49,1.07,0.06,,,,0.10250000000000001,0.11499999999999999,15.645,93.875,0.45,193.275,0.0,0.0,5.023333333333333,988.9825000000001,
2023-02-12 07:00:00,25.015,42.542500000000004,0.67,1.03,0.93,0.38,1.43,0.49,1.07,0.057499999999999996,,,,0.1,0.1175,16.0325,93.3025,0.305,170.0,0.0,0.0,25.4225,989.8275,
2023-02-12 08:00:00,20.3825,34.31,0.67,1.03,0.93,0.38,1.43,0.56,1.07,0.0675,,,,0.11,0.135,16.875,90.55,0.3575,150.725,0.0,0.0,25.987499999999997,990.3199999999999,
2023-02-12 09:00:00,19.482499999999998,41.25,0.67,1.03,0.93,0.38,1.43,0.5025,1.07,0.06,,,,0.1,0.12,18.2725,84.7625,0.2625,151.255,0.0,0.0,41.6325,990.3475,
2023-02-12 10:00:00,28.96,49.5,0.67,1.03,0.93,0.38,1.43,0.4925,1.07,0.0575,,,,0.1,0.115,18.775,81.2525,0.5825,179.5325,0.0,0.0,50.09,989.8125,
2023-02-12 11:00:00,26.98,49.5,0.67,1.03,0.93,0.38,1.43,0.375,1.07,0.0425,,,,0.07250000000000001,0.09,20.325,72.57,0.35250000000000004,178.84,0.0,0.0,76.9575,988.9475,
2023-02-12 12:00:00,24.175,41.042500000000004,0.67,1.03,0.93,0.38,1.43,0.38,1.07,0.045,,,,0.07500000000000001,0.0925,21.8675,66.575,0.3325,147.20999999999998,0.0,0.0,94.1025,987.865,
2023-02-12 13:00:00,24.3575,38.505,0.67,1.03,0.93,0.38,1.43,0.395,1.07,0.045,,,,0.08,0.0925,20.6075,69.82249999999999,0.3725,142.59,0.0,0.0,28.8725,986.945,
2023-02-12 14:00:00,25.3475,41.1425,0.67,1.03,0.93,0.38,1.43,0.3875,1.07,0.0475,,,,0.0775,0.09,20.57,69.8275,0.4825,111.5325,0.0,0.0,51.8625,986.4125,
2023-02-12 15:00:00,26.3625,43.3225,0.67,1.03,0.93,0.38,1.43,0.39749999999999996,1.07,0.045,,,,0.0775,0.095,20.0675,71.105,0.325,148.3475,0.0,0.0,20.04,986.2875,
2023-02-12 16:00:00,29.752499999999998,51.0,0.67,1.03,0.93,0.38,1.43,0.46499999999999997,1.07,0.052500000000000005,,,,0.0975,0.1125,19.0925,79.2875,0.195,144.6375,0.0,0.0,6.8275,986.545,
2023-02-12 17:00:00,29.845,54.7975,0.67,1.03,0.93,0.38,1.43,0.62,1.07,0.07250000000000001,,,,0.125,0.1475,17.7375,84.89500000000001,0.3375,160.48,0.0,0.0,0.04,986.725,
2023-02-12 18:00:00,32.295,59.25,0.67,1.03,0.93,0.38,1.43,0.885,1.07,0.10500000000000001,,,,0.175,0.21500000000000002,16.945,88.4225,0.375,169.615,0.0,0.0,,987.2525,
2023-02-12 19:00:00,45.1875,69.75,0.67,1.03,0.93,0.38,1.43,0.9724999999999999,1.07,0.1175,,,,0.195,0.23249999999999998,16.62,90.515,0.495,163.965,0.0,0.0,,987.9525,
2023-02-12 20:00:00,39.61,74.9175,0.67,1.03,0.93,0.38,1.43,0.7925,1.07,0.0975,,,,0.16,0.19,16.78,88.695,0.7975,183.10750000000002,0.0,0.0,,988.1975,
2023-02-12 21:00:00,43.45,71.905,0.67,1.03,0.93,0.38,1.43,0.855,1.07,0.10250000000000001,,,,0.1725,0.20750000000000002,16.7575,88.7225,0.71,177.7425,0.0,0.0,,988.0899999999999,
2023-02-12 22:00:00,37.197500000000005,70.5,0.67,1.03,0.93,0.38,1.43,0.6975,1.07,0.08499999999999999,,,,0.14,0.17,17.055,86.71000000000001,0.525,137.985,0.0,0.0,,987.6800000000001,
2023-02-12 23:00:00,46.120000000000005,66.17,0.67,1.03,0.93,0.38000000000000006,1.43,0.65,1.07,0.07666666666666667,,,,0.13,0.15666666666666665,16.823333333333334,88.80333333333333,0.8833333333333334,221.62,0.0033333333333333335,0.0025,,987.7333333333332,
2023-02-13 00:00:00,40.473333333333336,62.85666666666666,0.67,1.03,0.93,0.38000000000000006,1.43,0.51,1.07,0.06,,,,0.10250000000000001,0.1275,16.03,93.8925,0.3675,154.0,0.0,0.0,,987.7149999999999,
2023-02-13 01:00:00,30.72,55.125,0.67,1.03,0.93,0.38,1.43,0.445,1.07,0.052500000000000005,,,,0.09,0.10500000000000001,15.8625,95.275,0.3625,179.49,0.0025,0.0025,,987.1625,
2023-02-13 02:00:00,30.0,44.9725,0.67,1.03,0.93,0.38,1.43,0.4425,1.07,0.05,,,,0.09,0.10500000000000001,15.895,95.885,0.2075,137.0475,0.0,0.0,,987.245,
2023-02-13 03:00:00,27.3475,43.5,0.67,1.03,0.93,0.38,1.43,0.4225,1.07,0.05,,,,0.08499999999999999,0.10250000000000001,16.0175,96.0775,0.295,121.4475,0.0,0.0,,987.4025,
2023-02-13 04:00:00,25.5525,46.5,0.67,1.03,0.93,0.38,1.43,0.3925,1.07,0.045,,,,0.0775,0.095,15.9975,95.9425,0.3275,146.385,0.0,0.0,,987.8525,
2023-02-13 05:00:00,23.6475,43.5,0.67,1.03,0.93,0.38,1.43,0.395,1.07,0.05,,,,0.08,0.0975,15.7725,96.0175,0.2225,136.395,0.0,0.0,0.56,988.6075000000001,
2023-02-13 06:00:00,24.2625,38.905,0.67,1.03,0.93,0.38,1.43,0.395,1.07,0.045,,,,0.0775,0.095,15.84,96.22,0.2225,131.6125,0.0,0.0,11.3,989.515,
2023-02-13 07:00:00,22.927500000000002,36.0,0.67,1.03,0.93,0.38,1.43,0.425,1.07,0.052500000000000005,,,,0.0875,0.10250000000000001,16.595,96.035,0.14250000000000002,143.325,0.0,0.0,30.854999999999997,990.56,
2023-02-13 08:00:00,19.33,30.75,0.67,1.03,0.93,0.38,1.43,0.4225,1.07,0.05,,,,0.0875,0.1,17.195,91.0075,0.33,141.625,0.0,0.0,43.010000000000005,991.485,
2023-02-13 09:00:00,23.689999999999998,44.0625,0.67,1.03,0.93,0.38,1.43,0.37,1.07,0.0425,,,,0.07250000000000001,0.0875,19.2475,81.575,0.4025,136.7025,0.0,0.0,97.2525,992.1225,
2023-02-13 10:00:00,28.72,48.0475,0.67,1.03,0.93,0.38,1.43,0.345,1.07,0.04,,,,0.07,0.08,20.9125,74.87,0.5175,131.0425,0.0,0.0,107.515,991.7875,
2023-02-13 11:00:00,29.060000000000002,44.5625,0.67,1.03,0.93,0.38,1.43,0.3275,1.07,0.04,,,,0.0675,0.0775,24.165,61.8275,0.5275,149.035,0.0,0.0,179.51,991.0475,
2023-02-13 12:00:00,29.8325,48.125,0.67,1.03,0.93,0.38,1.43,0.3175,1.07,0.04,,,,0.0625,0.07250000000000001,24.7525,57.6475,0.3825,108.04,0.0,0.0,168.05,989.8275,
2023-02-13 13:00:00,22.924999999999997,47.25,0.67,1.03,0.93,0.38,1.43,0.3025,1.07,0.035,,,,0.06,0.07,26.5125,51.135,0.5525,114.0625,0.0,0.0,199.2775,988.8225,
2023-02-13 14:00:00,28.814999999999998,49.5,0.67,1.03,0.93,0.38,1.43,0.28,1.07,0.03,,,,0.06,0.07,26.665,47.4125,0.5225,102.7825,0.0,0.0,162.25,988.605,
2023-02-13 15:00:00,30.442500000000003,52.875,0.67,1.03,0.93,0.38,1.43,0.2975,1.07,0.0325,,,,0.06,0.07,25.322499999999998,52.07,0.4525,136.36,0.0,0.0,95.9525,988.94,
2023-02-13 16:00:00,26.189999999999998,45.875,0.67,1.03,0.93,0.38,1.43,0.3125,1.07,0.04,,,,0.06,0.07,22.2125,63.2175,0.4425,139.08,0.0,0.0,22.45,989.75,
2023-02-13 17:00:00,23.9375,40.125,0.67,1.03,0.93,0.38,1.43,0.32,1.07,0.04,,,,0.065,0.07500000000000001,18.5125,79.1075,0.335,158.7875,0.0,0.0,0.39,990.67,
2023-02-13 18:00:00,23.89,41.917500000000004,0.67,1.03,0.93,0.38,1.43,0.445,1.07,0.055,,,,0.09,0.105,16.7325,86.4675,0.17250000000000001,217.625,0.0,0.0,,991.4825,
2023-02-13 19:00:00,36.0,56.25,0.67,1.03,0.93,0.38,1.43,0.655,1.07,0.08,,,,0.1325,0.1575,15.805,90.8575,0.2125,248.6375,0.0,0.0,,992.1125,
2023-02-13 20:00:00,49.36,78.75,0.67,1.03,0.93,0.38,1.43,0.9,1.07,0.1075,,,,0.1825,0.2175,15.1925,92.92,0.2625,227.45,0.0,0.0,,992.5825,
2023-02-13 21:00:00,47.835,79.7075,0.67,1.03,0.93,0.38,1.43,0.9775,1.07,0.1175,,,,0.195,0.235,14.8475,94.075,0.5875,212.285,0.0,0.0,,992.815,
2023-02-13 22:00:00,51.667500000000004,87.0,0.67,1.03,0.93,0.38,1.43,0.925,1.07,0.11,,,,0.185,0.22,14.325,94.2,0.5,214.7625,0.0,0.0,,992.6775,
2023-02-13 23:00:00,43.10666666666666,86.06333333333333,0.67,1.03,0.93,0.38000000000000006,1.43,0.8566666666666666,1.07,0.10333333333333333,,,,0.17,0.20666666666666667,13.67,94.75666666666666,0.3033333333333333,203.54999999999998,0.0,0.0,,992.25,
2023-02-14 00:00:00,35.60666666666666,63.32333333333333,0.67,1.03,0.93,0.38000000000000006,1.43,0.6533333333333333,1.07,0.07666666666666667,,,,0.135,0.1625,13.205,95.41499999999999,0.325,213.7675,0.0,0.0,,991.81,
2023-02-14 01:00:00,40.0475,62.0,0.67,1.03,0.93,0.38,1.43,0.525,1.07,0.0625,,,,0.105,0.125,12.74,95.3575,0.35750000000000004,221.45999999999998,0.0,0.0,,991.2925,
2023-02-14 02:00:00,27.4375,48.28,0.67,1.03,0.93,0.38,1.43,0.405,1.07,0.0475,,,,0.0825,0.1,12.41,95.1725,0.4125,231.79,0.0,0.0,,990.5575,
2023-02-14 03:00:00,21.305,37.5,0.67,1.03,0.93,0.38,1.43,0.3575,1.07,0.04,,,,0.07,0.0875,12.205,93.935,0.5825,202.17,0.0,0.0,,990.4075,
2023-02-14 04:00:00,19.14,31.5,0.67,1.03,0.93,0.38,1.43,0.3325,1.07,0.04,,,,0.0675,0.0775,11.440000000000001,95.29,0.3175,192.7875,0.0,0.0,,990.9125,
2023-02-14 05:00:00,15.555,28.5,0.67,1.03,0.93,0.38,1.43,0.3025,1.07,0.04,,,,0.06,0.07,11.61,95.46000000000001,0.4375,175.5525,0.0,0.0,1.36,991.67,
2023-02-14 06:00:00,20.4525,35.457499999999996,0.67,1.03,0.93,0.38,1.43,0.3275,1.07,0.04,,,,0.0675,0.0775,11.6475,95.50999999999999,0.3375,216.37,0.0,0.0,49.04,992.4025,
2023-02-14 07:00:00,22.5225,37.0775,0.67,1.03,0.93,0.38,1.43,0.39749999999999996,1.07,0.0475,,,,0.0775,0.0975,14.1625,87.62,0.6575,152.3325,0.0,0.0,186.77,993.0450000000001,
2023-02-14 08:00:00,20.1475,35.25,0.67,1.03,0.93,0.38,1.43,0.365,1.07,0.04,,,,0.07,0.08499999999999999,18.4675,71.3475,0.4775,149.82999999999998,0.0,0.0,241.0925,993.515,
2023-02-14 09:00:00,18.6225,32.6725,0.67,1.03,0.93,0.38,1.43,0.3425,1.07,0.04,,,,0.07,0.08,22.865,56.065,0.435,92.10249999999999,0.0,0.0,155.925,993.33,
2023-02-14 10:00:00,22.4225,37.89,0.67,1.03,0.93,0.38,1.43,0.335,1.07,0.04,,,,0.07,0.08,25.04,50.0075,0.49,123.96000000000001,0.0,0.0,66.04,992.42,
2023-02-14 11:00:00,17.0925,35.25,0.67,1.03,0.93,0.38,1.43,0.31,1.07,0.04,,,,0.06,0.07,25.4725,48.519999999999996,0.5475,119.98,0.0,0.0,160.4575,990.8075,
2023-02-14 12:00:00,19.83,33.0,0.67,1.03,0.93,0.38,1.43,0.3,1.07,0.0375,,,,0.06,0.07,25.9675,46.4875,0.8275,125.2125,0.0,0.0,230.6525,989.0325,
2023-02-14 13:00:00,19.42,35.25,0.67,1.03,0.93,0.38,1.43,0.28,1.07,0.03,,,,0.06,0.07,27.165,41.8575,0.7275,112.82499999999999,0.0,0.0,204.09,987.7925,
2023-02-14 14:00:00,19.445,30.75,0.67,1.03,0.93,0.38,1.43,0.28,1.07,0.03,,,,0.06,0.07,28.1425,41.1,0.63,135.655,0.0,0.0,159.4925,987.1825,
2023-02-14 15:00:00,15.9525,27.75,0.67,1.03,0.93,0.38,1.43,0.28250000000000003,1.07,0.03,,,,0.06,0.07,28.13,43.08,0.355,120.045,0.0,0.0,91.66,986.8775,
2023-02-14 16:00:00,13.62,23.9575,0.67,1.03,0.93,0.38,1.43,0.315,1.07,0.035,,,,0.0625,0.07500000000000001,23.299999999999997,58.2625,0.3375,210.8475,0.0,0.0,26.13,986.865,
2023-02-14 17:00:00,20.3125,31.6875,0.67,1.03,0.93,0.38,1.43,0.37,1.07,0.045,,,,0.07500000000000001,0.0875,19.5375,68.52,0.41000000000000003,237.23250000000002,0.0,0.0,0.65,987.005,
2023-02-14 18:00:00,21.9375,37.5,0.67,1.03,0.93,0.38,1.43,0.475,1.07,0.0575,,,,0.0925,0.11,17.915,72.81,0.58,190.8225,0.0,0.0,,987.7225000000001,
2023-02-14 19:00:00,28.0425,46.5,0.67,1.03,0.93,0.38,1.43,0.7424999999999999,1.07,0.09,,,,0.14500000000000002,0.175,16.695,78.0375,0.46749999999999997,170.45749999999998,0.0,0.0,,988.4775,
2023-02-14 20:00:00,37.05,70.2925,0.67,1.03,0.93,0.38,1.43,0.7925,1.07,0.095,,,,0.16,0.19,14.94,86.14750000000001,0.29000000000000004,144.8075,0.0,0.0,,988.94,
2023-02-14 21:00:00,42.33,77.7625,0.67,1.03,0.93,0.38,1.43,1.05,1.07,0.125,,,,0.21250000000000002,0.2525,14.4175,89.89,0.4425,237.7925,0.0,0.0,,989.0975,
2023-02-14 22:00:00,49.9075,82.5,0.67,1.03,0.93,0.38,1.43,0.8899999999999999,1.07,0.10500000000000001,,,,0.1775,0.21250000000000002,14.2275,89.0475,0.6475,226.39749999999998,0.0,0.0,,988.9725,
2023-02-14 23:00:00,45.92666666666667,77.89,0.67,1.03,0.93,0.38000000000000006,1.43,0.7733333333333333,1.07,0.09333333333333334,,,,0.15333333333333332,0.18666666666666668,13.496666666666668,90.66666666666667,0.3433333333333333,236.46,0.0,0.0,,988.6966666666667,
2023-02-15 00:00:00,32.47,59.333333333333336,0.67,1.03,0.93,0.38000000000000006,1.43,0.5766666666666667,1.07,0.07,,,,0.115,0.14,13.559999999999999,88.225,0.7475,241.1875,0.0,0.0,,988.4425,
2023-02-15 01:00:00,25.807499999999997,46.9225,0.67,1.03,0.93,0.38,1.43,0.4625,1.07,0.06,,,,0.095,0.1125,13.5475,86.2325,0.73,250.61,0.0,0.0,,988.0425,
2023-02-15 02:00:00,22.965,39.1875,0.67,1.03,0.93,0.38,1.43,0.4,1.07,0.0475,,,,0.08,0.095,12.8025,88.41,0.48750000000000004,213.6325,0.0,0.0,,987.4325,
2023-02-15 03:00:00,16.4775,31.6875,0.67,1.03,0.93,0.38,1.43,0.335,1.07,0.04,,,,0.0675,0.0775,12.485,88.5725,0.4875,217.5375,0.0,0.0,,987.19,
2023-02-15 04:00:00,13.03,26.25,0.67,1.03,0.93,0.38,1.43,0.32,1.07,0.04,,,,0.065,0.07500000000000001,11.379999999999999,92.315,0.2325,227.325,0.0,0.0,,987.39,
2023-02-15 05:00:00,17.82,27.4225,0.67,1.03,0.93,0.38,1.43,0.31,1.07,0.0375,,,,0.06,0.07,11.1625,94.3875,0.2975,192.37,0.0,0.0,1.3499999999999999,987.985,
2023-02-15 06:00:00,16.555,27.75,0.67,1.03,0.93,0.38,1.43,0.31,1.07,0.04,,,,0.0625,0.07250000000000001,11.51,94.97,0.28250000000000003,192.49,0.0,0.0,31.855,988.87,
2023-02-15 07:00:00,21.9275,33.64,0.67,1.03,0.93,0.38,1.43,0.37,1.07,0.045,,,,0.07500000000000001,0.09,13.885,86.47749999999999,0.49,188.57999999999998,0.0,0.0,68.4625,989.7975,
2023-02-15 08:00:00,23.3775,41.125,0.67,1.03,0.93,0.38,1.43,0.42000000000000004,1.07,0.0475,,,,0.0825,0.1,16.6,77.87,0.415,177.94,0.0,0.0,76.015,990.71,
2023-02-15 09:00:00,26.43,44.155,0.67,1.03,0.93,0.38,1.43,0.45999999999999996,1.07,0.055,,,,0.0925,0.11,21.794999999999998,63.192499999999995,0.2925,156.85000000000002,0.0,0.0,129.69,990.66,
2023-02-15 10:00:00,23.22,42.0,0.67,1.03,0.93,0.38,1.43,0.3175,1.07,0.035,,,,0.065,0.0775,26.625,41.5625,0.555,143.67,0.0,0.0,79.75999999999999,989.8225,
2023-02-15 11:00:00,22.52,36.0,0.67,1.03,0.93,0.38,1.43,0.2875,1.07,0.0325,,,,0.06,0.07,28.19,41.7325,0.48,133.8175,0.0,0.0,169.1025,988.5675,
2023-02-15 12:00:00,24.48,40.1725,0.67,1.03,0.93,0.38,1.43,0.275,1.07,0.03,,,,0.057499999999999996,0.0675,29.6,40.0225,0.51,140.34,0.0,0.0,224.29000000000002,987.4325,
2023-02-15 13:00:00,23.97,40.5,0.67,1.03,0.93,0.38,1.43,0.265,1.07,0.03,,,,0.05,0.06,30.33,38.9875,0.47250000000000003,150.0425,0.0,0.0,162.45,986.415,
2023-02-15 14:00:00,27.8325,42.7225,0.67,1.03,0.93,0.38,1.43,0.27,1.07,0.03,,,,0.057499999999999996,0.0675,28.63,40.16,0.365,132.9525,0.0,0.0,115.19,985.77,
2023-02-15 15:00:00,31.587500000000002,54.0,0.67,1.03,0.93,0.38,1.43,0.2675,1.07,0.03,,,,0.055,0.065,28.197499999999998,45.2675,0.3025,168.9775,0.0,0.0,84.36,985.6175000000001,
2023-02-15 16:00:00,31.8225,49.1175,0.67,1.03,0.93,0.38,1.43,0.395,1.07,0.0475,,,,0.0775,0.0925,23.9275,58.0025,0.2625,174.7025,0.0,0.0,22.26,985.8425,
2023-02-15 17:00:00,29.8425,47.905,0.67,1.03,0.93,0.38,1.43,0.3625,1.07,0.0425,,,,0.07250000000000001,0.08499999999999999,20.185000000000002,67.875,0.48500000000000004,184.865,0.0,0.0,0.6,986.595,
2023-02-15 18:00:00,30.377499999999998,47.0525,0.67,1.03,0.93,0.38,1.43,0.62,1.07,0.0725,,,,0.125,0.1475,18.497500000000002,74.3,0.6275,239.98250000000002,0.0,0.0,,987.3925,
2023-02-15 19:00:00,36.667500000000004,59.457499999999996,0.67,1.03,0.93,0.38,1.43,0.69,1.07,0.0825,,,,0.1375,0.1675,17.7775,77.2675,0.675,227.71,0.0,0.0,,988.175,
2023-02-15 20:00:00,49.485,76.6675,0.67,1.03,0.93,0.38,1.43,0.8975,1.07,0.11000000000000001,,,,0.18,0.21500000000000002,16.9525,82.2475,0.5175000000000001,194.7425,0.0,0.0,,988.62,
2023-02-15 21:00:00,48.015,74.2025,0.67,1.03,0.93,0.38,1.43,0.8075,1.07,0.0975,,,,0.1625,0.195,16.5475,83.3325,0.515,243.91250000000002,0.0,0.0,,989.3425,
2023-02-15 22:00:00,38.7825,71.25,0.67,1.03,0.93,0.38,1.43,0.7825,1.07,0.09,,,,0.155,0.19,16.259999999999998,83.9,0.5275000000000001,197.625,0.0,0.0,,989.8225,
2023-02-15 23:00:00,39.623333333333335,67.77666666666666,0.67,1.03,0.93,0.38000000000000006,1.43,0.5933333333333334,1.07,0.07,,,,0.12,0.14,16.203333333333333,82.98,1.0433333333333332,239.12333333333333,0.0,0.0,,989.4066666666666,
2023-02-16 00:00:00,35.48,62.5,0.67,1.03,0.93,0.38000000000000006,1.43,0.4766666666666666,1.07,0.056666666666666664,,,,0.1,0.1175,15.415,86.0325,0.3175,137.3425,0.0,0.0,,989.3525,
2023-02-16 01:00:00,30.105,46.28,0.67,1.03,0.93,0.38,1.43,0.48,1.07,0.06,,,,0.0975,0.1125,14.9975,88.7775,0.2975,198.755,0.0,0.0,,989.405,
2023-02-16 02:00:00,22.355,38.1875,0.67,1.03,0.93,0.38,1.43,0.46499999999999997,1.07,0.055,,,,0.0925,0.11,14.7375,90.52,0.47,218.96,0.0,0.0,,989.4575,
2023-02-16 03:00:00,24.57,40.417500000000004,0.67,1.03,0.93,0.38,1.43,0.3425,1.07,0.04,,,,0.07,0.08,14.915,88.21000000000001,0.97,196.09,0.0,0.0,,989.665,
2023-02-16 04:00:00,21.2975,37.5,0.67,1.03,0.93,0.38,1.43,0.335,1.07,0.04,,,,0.0675,0.08,13.895,91.8325,0.315,184.5575,0.0,0.0,,989.705,
2023-02-16 05:00:00,21.8425,38.25,0.67,1.03,0.93,0.38,1.43,0.3275,1.07,0.0375,,,,0.065,0.08,13.71,92.2425,0.40750000000000003,192.93,0.0,0.0,1.05,990.4975,
2023-02-16 06:00:00,21.7975,35.75,0.67,1.03,0.93,0.38,1.43,0.315,1.07,0.035,,,,0.065,0.07500000000000001,13.7025,93.28,0.2975,218.685,0.0,0.0,49.0225,991.675,
2023-02-16 07:00:00,15.445,33.082499999999996,0.67,1.03,0.93,0.38,1.43,0.41000000000000003,1.07,0.05,,,,0.08,0.0975,16.619999999999997,84.14,0.5275,154.31,0.0,0.0,148.445,992.3525,
2023-02-16 08:00:00,16.1075,28.125,0.67,1.03,0.93,0.38,1.43,0.38,1.07,0.045,,,,0.0775,0.09,21.98,65.99249999999999,0.3275,195.3675,0.0,0.0,216.09,992.51,
2023-02-16 09:00:00,17.9375,29.987499999999997,0.67,1.03,0.93,0.38,1.43,0.39249999999999996,1.07,0.045,,,,0.0775,0.095,26.2625,51.835,0.41000000000000003,187.3775,0.0,0.0,145.315,992.5025,
2023-02-16 10:00:00,28.455,49.292500000000004,0.67,1.03,0.93,0.38,1.43,0.3625,1.07,0.04,,,,0.07,0.0875,28.8275,46.2675,0.5549999999999999,132.08499999999998,0.0,0.0,74.3275,991.7625,
2023-02-16 11:00:00,31.064999999999998,57.0,0.67,1.03,0.93,0.38,1.43,0.3475,1.07,0.04,,,,0.07,0.08,28.8,45.98,0.8325,146.695,0.0,0.0,149.3075,990.8824999999999,
2023-02-16 12:00:00,28.28,49.78,0.67,1.03,0.93,0.38,1.43,0.32,1.07,0.04,,,,0.0625,0.07500000000000001,28.7925,46.335,0.49,145.7975,0.0,0.0,159.675,989.8775,
2023-02-16 13:00:00,21.08,39.47,0.67,1.03,0.93,0.38,1.43,0.3125,1.07,0.04,,,,0.06,0.07,29.65,43.9975,0.3775,131.1575,0.0,0.0,132.29,988.8975,
2023-02-16 14:00:00,21.205,32.565,0.67,1.03,0.93,0.38,1.43,0.31,1.07,0.04,,,,0.0625,0.07250000000000001,29.5475,44.765,0.3025,140.78,0.0,0.0,102.39,988.31,
2023-02-16 15:00:00,23.795,39.75,0.67,1.03,0.93,0.38,1.43,0.4375,1.07,0.0525,,,,0.09,0.11,28.965,48.5525,0.28,165.635,0.0,0.0,70.1025,988.0575,
2023-02-16 16:00:00,25.53,38.765,0.67,1.03,0.93,0.38,1.43,0.3275,1.07,0.0375,,,,0.0625,0.07250000000000001,26.06,59.7875,0.34500000000000003,100.41,0.0,0.0,32.8125,988.275,
2023-02-16 17:00:00,24.375,37.5,0.67,1.03,0.93,0.38,1.43,0.495,1.07,0.0575,,,,0.1025,0.12000000000000001,21.7925,72.905,0.3625,153.32999999999998,0.0,0.0,0.53,988.83,
2023-02-16 18:00:00,31.095,52.5,0.67,1.03,0.93,0.38,1.43,0.5625,1.07,0.0675,,,,0.1125,0.14,20.105,77.77250000000001,0.4625,208.06,0.0,0.0,,989.8275,
2023-02-16 19:00:00,34.052499999999995,63.75,0.67,1.03,0.93,0.38,1.43,0.8525,1.07,0.10250000000000001,,,,0.165,0.2025,19.2375,80.395,0.5175,202.76749999999998,0.0,0.0,,990.5074999999999,
2023-02-16 20:00:00,46.03,74.485,0.67,1.03,0.93,0.38,1.43,0.9724999999999999,1.07,0.11750000000000001,,,,0.1925,0.23500000000000001,18.485,83.8075,0.46,227.3225,0.0,0.0,,990.925,
2023-02-16 21:00:00,46.3,82.1725,0.67,1.03,0.93,0.38,1.43,1.0,1.07,0.1175,,,,0.2,0.2425,17.6125,86.7275,0.3075,244.2825,0.0,0.0,,991.3725,
2023-02-16 22:00:00,45.19,77.5775,0.67,1.03,0.93,0.38,1.43,0.745,1.07,0.09,,,,0.15,0.18,17.435,85.92750000000001,0.35000000000000003,228.135,0.0,0.0,,991.6125,
2023-02-16 23:00:00,40.473333333333336,66.31,0.67,1.03,0.93,0.38000000000000006,1.43,0.7966666666666665,1.07,0.09333333333333334,,,,0.16,0.19333333333333336,17.153333333333332,86.80333333333333,0.37666666666666665,227.99666666666667,0.0,0.0,,991.6,
2023-02-17 00:00:00,35.71,64.5,0.67,1.03,0.93,0.38000000000000006,1.43,0.5433333333333333,1.07,0.06333333333333334,,,,0.1125,0.135,16.85,86.55250000000001,0.565,262.95000000000005,0.0,0.0,,991.49,
2023-02-17 01:00:00,32.542500000000004,52.5,0.67,1.03,0.93,0.38,1.43,0.43,1.07,0.05,,,,0.0875,0.10500000000000001,16.47,85.9275,0.6625,236.4025,0.0,0.0,,991.0250000000001,
2023-02-17 02:00:00,22.955,38.9475,0.67,1.03,0.93,0.38,1.43,0.37,1.07,0.0425,,,,0.07250000000000001,0.0875,15.8475,87.54,0.5675,258.72,0.0,0.0,,990.6675,
2023-02-17 03:00:00,23.75,34.5775,0.67,1.03,0.93,0.38,1.43,0.3825,1.07,0.045,,,,0.08,0.0925,14.935,90.2325,0.295,195.1875,0.0,0.0,,990.505,
2023-02-17 04:00:00,20.955000000000002,41.2025,0.67,1.03,0.93,0.38,1.43,0.32,1.07,0.04,,,,0.065,0.07500000000000001,15.0725,88.7475,0.5025000000000001,244.51,0.0,0.0,,990.5975,
2023-02-17 05:00:00,23.9375,42.0,0.67,1.03,0.93,0.38,1.43,0.3175,1.07,0.035,,,,0.0625,0.07250000000000001,14.3325,90.555,0.3775,162.8275,0.0,0.0,1.79,991.26,
2023-02-17 06:00:00,17.9075,29.6725,0.67,1.03,0.93,0.38,1.43,0.3225,1.07,0.0375,,,,0.0625,0.0775,14.3775,92.77,0.2425,176.575,0.0,0.0,53.102500000000006,992.0625,
2023-02-17 07:00:00,20.1575,31.9175,0.67,1.03,0.93,0.38,1.43,0.3825,1.07,0.0425,,,,0.0775,0.0875,17.8325,80.58,0.46749999999999997,153.11249999999998,0.0,0.0,153.35000000000002,992.885,
2023-02-17 08:00:00,18.6975,36.625,0.67,1.03,0.93,0.38,1.43,0.3375,1.07,0.04,,,,0.0675,0.08,22.5275,63.15,0.4325,135.0675,0.0,0.0,224.5125,993.3625,
2023-02-17 09:00:00,21.625,33.4225,0.67,1.03,0.93,0.38,1.43,0.325,1.07,0.0375,,,,0.0675,0.0775,26.25,52.1325,0.6025,169.575,0.0,0.0,145.855,993.31,
2023-02-17 10:00:00,17.09,31.375,0.67,1.03,0.93,0.38,1.43,0.2975,1.07,0.03,,,,0.06,0.07,29.05,47.4125,0.5700000000000001,205.8725,0.0,0.0,63.7925,992.635,
2023-02-17 11:00:00,20.375,29.39,0.67,1.03,0.93,0.38,1.43,0.29,1.07,0.03,,,,0.06,0.07,30.82,43.0875,0.5025,124.94500000000001,0.0,0.0,166.67000000000002,991.4075,
2023-02-17 12:00:00,16.6525,28.405,0.67,1.03,0.93,0.38,1.43,0.2975,1.07,0.035,,,,0.06,0.07,31.825,41.2875,0.56,108.3025,0.0,0.0,219.8675,990.0475,
2023-02-17 13:00:00,14.28,26.86,0.67,1.03,0.93,0.38,1.43,0.3175,1.07,0.04,,,,0.0625,0.07250000000000001,32.31,40.83,0.52,158.12,0.0,0.0,182.805,988.8375000000001,
2023-02-17 14:00:00,19.22,30.235,0.67,1.03,0.93,0.38,1.43,0.315,1.07,0.04,,,,0.06,0.07,32.114999999999995,39.815,0.445,124.235,0.0,0.0,121.1675,988.085,
2023-02-17 15:00:00,24.78,36.985,0.67,1.03,0.93,0.38,1.43,0.32,1.07,0.04,,,,0.0625,0.07250000000000001,31.939999999999998,40.675,0.2825,173.97750000000002,0.0,0.0,92.685,987.9175,
2023-02-17 16:00:00,24.625,42.0,0.67,1.03,0.93,0.38,1.43,0.3125,1.07,0.04,,,,0.06,0.07,26.35,54.1525,0.37,233.7225,0.0,0.0,13.35,988.1025,
2023-02-17 17:00:00,23.05,39.0,0.67,1.03,0.93,0.38,1.43,0.4275,1.07,0.05,,,,0.085,0.105,22.4275,66.1625,0.345,183.225,0.0,0.0,0.54,988.785,
2023-02-17 18:00:00,24.1575,47.25,0.67,1.03,0.93,0.38,1.43,0.52,1.07,0.0625,,,,0.10250000000000001,0.125,20.6425,72.81,0.425,168.375,0.0,0.0,,989.575,
2023-02-17 19:00:00,35.5075,56.625,0.67,1.03,0.93,0.38,1.43,0.6325000000000001,1.07,0.075,,,,0.125,0.155,18.9575,81.1275,0.2975,219.03249999999997,0.0,0.0,,990.3575,
2023-02-17 20:00:00,39.8125,59.72,0.67,1.03,0.93,0.38,1.43,0.7375,1.07,0.09,,,,0.145,0.1775,18.725,83.53,0.7849999999999999,226.9625,0.0,0.0,,991.0174999999999,
2023-02-17 21:00:00,38.042500000000004,69.1675,0.67,1.03,0.93,0.38,1.43,0.6325000000000001,1.07,0.0775,,,,0.1275,0.155,17.795,85.8675,0.3525,156.16,0.0,0.0,,991.3625,
2023-02-17 22:00:00,41.2575,61.375,0.67,1.03,0.93,0.38,1.43,0.6625,1.07,0.08,,,,0.1325,0.16,17.105,88.5825,0.2675,236.365,0.0,0.0,,991.535,
2023-02-17 23:00:00,33.336666666666666,59.60999999999999,0.67,1.03,0.93,0.38000000000000006,1.43,0.65,1.07,0.08,,,,0.13,0.15666666666666665,16.883333333333336,89.45333333333333,0.32666666666666666,169.01000000000002,0.0,0.0,,991.57,
2023-02-18 00:00:00,32.623333333333335,56.18666666666667,0.67,1.03,0.93,0.38000000000000006,1.43,0.5766666666666667,1.07,0.07,,,,0.11,0.1325,16.72,89.695,0.2375,219.7,0.0,0.0,,991.5325,
2023-02-18 01:00:00,26.82,48.9775,0.67,1.03,0.93,0.38,1.43,0.5325,1.07,0.065,,,,0.1075,0.1275,16.085,91.53999999999999,0.27,207.6875,0.0,0.0,,991.1850000000001,
2023-02-18 02:00:00,25.845,45.1875,0.67,1.03,0.93,0.38,1.43,0.48750000000000004,1.07,0.055,,,,0.0975,0.115,15.8375,92.55,0.44999999999999996,209.76999999999998,0.0,0.0,,990.9675,
2023-02-18 03:00:00,23.1,37.875,0.67,1.03,0.93,0.38,1.43,0.52,1.07,0.0625,,,,0.1025,0.125,15.52,92.445,0.2925,163.12,0.0,0.0,,990.8675,
2023-02-18 04:00:00,18.565,31.875,0.67,1.03,0.93,0.38,1.43,0.41000000000000003,1.07,0.05,,,,0.0825,0.1,14.8925,93.68,0.25,193.0025,0.0,0.0,,991.13,
2023-02-18 05:00:00,18.1325,29.765,0.67,1.03,0.93,0.38,1.43,0.4175,1.07,0.05,,,,0.0825,0.10250000000000001,15.115,93.7025,0.40499999999999997,195.1975,0.0,0.0,1.14,991.5625,
2023-02-18 06:00:00,16.375,30.0,0.67,1.03,0.93,0.38,1.43,0.4325,1.07,0.052500000000000005,,,,0.0875,0.1,15.27,92.7075,0.6875,200.57,0.0,0.0,27.0325,992.2125,
2023-02-18 07:00:00,18.6775,29.845,0.67,1.03,0.93,0.38,1.43,0.3875,1.07,0.045,,,,0.07500000000000001,0.09,18.14,84.0075,0.385,178.545,0.0,0.0,147.7025,992.9175,
2023-02-18 08:00:00,19.2825,33.0,0.67,1.03,0.93,0.38,1.43,0.40249999999999997,1.07,0.045,,,,0.08,0.0975,22.314999999999998,69.425,0.5249999999999999,160.105,0.0,0.0,189.6675,993.3225,
2023-02-18 09:00:00,21.4075,33.0475,0.67,1.03,0.93,0.38,1.43,0.3775,1.07,0.04,,,,0.07250000000000001,0.0925,27.41,54.295,0.41000000000000003,129.0925,0.0,0.0,150.16,993.33,
2023-02-18 10:00:00,18.055,36.75,0.67,1.03,0.93,0.38,1.43,0.35,1.07,0.04,,,,0.07,0.08,29.5225,47.72,0.44,106.86,0.0,0.0,64.6925,992.49,
2023-02-18 11:00:00,22.3125,35.5775,0.67,1.03,0.93,0.38,1.43,0.335,1.07,0.04,,,,0.0675,0.08,31.5225,44.9,0.4375,166.91,0.0,0.0,168.3125,990.96,
2023-02-18 12:00:00,22.25,36.75,0.67,1.03,0.93,0.38,1.43,0.3275,1.07,0.04,,,,0.0675,0.0775,31.4025,45.650000000000006,0.68,182.28,0.0,0.0,200.055,989.41,
2023-02-18 13:00:00,22.14,34.292500000000004,0.67,1.03,0.93,0.38,1.43,0.335,1.07,0.04,,,,0.07,0.08,30.795,46.870000000000005,0.905,155.6675,0.0,0.0,174.19,988.485,
2023-02-18 14:00:00,20.005,39.0,0.67,1.03,0.93,0.38,1.43,0.355,1.07,0.04,,,,0.07,0.08499999999999999,29.740000000000002,47.335,1.24,175.8875,0.0,0.0,135.86,987.9725,
2023-02-18 15:00:00,32.5,48.75,0.67,1.03,0.93,0.38,1.43,0.4125,1.07,0.0475,,,,0.0825,0.0975,29.5075,47.8575,1.0899999999999999,166.815,0.0,0.0,101.38,987.555,
2023-02-18 16:00:00,77.125,134.0,0.67,1.03,0.93,0.38,1.43,0.54,1.07,0.0625,,,,0.11,0.13,26.97,57.0325,0.5,113.72999999999999,0.0,0.0,20.6375,987.9925,
2023-02-18 17:00:00,101.5825,176.5,0.67,1.03,0.93,0.38,1.43,0.5525,1.07,0.0675,,,,0.1175,0.14,23.1475,70.68,0.33999999999999997,144.5075,0.0,0.0,0.78,988.8625,
2023-02-18 18:00:00,77.5,116.25,0.67,1.03,0.93,0.38,1.43,0.6074999999999999,1.07,0.07250000000000001,,,,0.125,0.14500000000000002,21.7325,77.04249999999999,0.2175,177.14,0.0,0.0,,989.9825000000001,
2023-02-18 19:00:00,44.260000000000005,80.0,0.67,1.03,0.93,0.38,1.43,0.7525000000000001,1.07,0.08499999999999999,,,,0.15,0.18,20.4375,81.7375,0.33499999999999996,236.10500000000002,0.0,0.0,,990.9975,
2023-02-18 20:00:00,38.35,73.25,0.67,1.03,0.93,0.38,1.43,0.8975,1.07,0.1075,,,,0.1775,0.215,19.53,84.6775,0.3,215.58249999999998,0.0,0.0,,991.6975,
2023-02-18 21:00:00,52.5,79.125,0.67,1.03,0.93,0.38,1.43,0.99,1.07,0.12000000000000001,,,,0.21000000000000002,0.245,18.68,87.8075,0.245,255.5675,0.0,0.0,,992.0575,
2023-02-18 22:00:00,41.207499999999996,76.1875,0.67,1.03,0.93,0.38,1.43,0.79,1.07,0.095,,,,0.1575,0.1925,18.05,89.3325,0.2475,196.3375,0.0,0.0,,992.045,
2023-02-18 23:00:00,50.39000000000001,80.0,0.67,1.03,0.93,0.38000000000000006,1.43,0.8566666666666666,1.07,0.10333333333333333,,,,0.17333333333333334,0.20666666666666667,18.0,89.90000000000002,0.57,199.64666666666668,0.0,0.0,,991.8333333333334,
2023-02-19 00:00:00,45.666666666666664,68.39999999999999,0.67,1.03,0.93,0.38000000000000006,1.43,0.6133333333333333,1.07,0.07333333333333335,,,,0.12,0.14750000000000002,17.225,91.07499999999999,0.2775,193.59,0.0,0.0,,991.2950000000001,
2023-02-19 01:00:00,40.125,63.0,0.67,1.03,0.93,0.38,1.43,0.63,1.07,0.07500000000000001,,,,0.125,0.15,16.805,92.245,0.31,183.13,0.0,0.0,,990.7650000000001,
2023-02-19 02:00:00,34.44,56.875,0.67,1.03,0.93,0.38,1.43,0.465,1.07,0.05500000000000001,,,,0.0925,0.1125,16.802500000000002,91.3225,0.605,210.18,0.0,0.0,,990.3,
2023-02-19 03:00:00,32.832499999999996,51.75,0.67,1.03,0.93,0.38,1.43,0.445,1.07,0.055,,,,0.08499999999999999,0.10500000000000001,16.4625,91.5625,0.23,240.485,0.0,0.0,,990.1675,
2023-02-19 04:00:00,25.064999999999998,43.125,0.67,1.03,0.93,0.38,1.43,0.4875,1.07,0.057499999999999996,,,,0.1,0.1175,15.9525,93.065,0.2225,236.20250000000001,0.0,0.0,,990.47,
2023-02-19 05:00:00,28.04,43.75,0.67,1.03,0.93,0.38,1.43,0.4275,1.07,0.05,,,,0.085,0.10500000000000001,15.8025,93.545,0.305,157.7,0.0,0.0,2.1,991.0925,
2023-02-19 06:00:00,31.6675,55.3125,0.67,1.03,0.93,0.38,1.43,0.5325,1.07,0.0625,,,,0.1075,0.13,16.1025,93.1275,0.4225,170.1625,0.0,0.0,39.035000000000004,991.8775,
2023-02-19 07:00:00,40.6,64.4375,0.67,1.03,0.93,0.38,1.43,0.46499999999999997,1.07,0.052500000000000005,,,,0.0925,0.1075,18.535,84.34,0.5725,217.01,0.0,0.0,133.785,992.6075,
2023-02-19 08:00:00,35.6975,67.8125,0.67,1.03,0.93,0.38,1.43,0.4775,1.07,0.06,,,,0.1,0.1125,22.4075,72.6025,0.5075,178.0825,0.0,0.0,198.9825,993.0475,
2023-02-19 09:00:00,37.0,58.3125,0.67,1.03,0.93,0.38,1.43,0.4575,1.07,0.055,,,,0.0925,0.11,27.55,56.895,0.38,189.03,0.0,0.0,158.88,993.105,
2023-02-19 10:00:00,38.292500000000004,60.0,0.67,1.03,0.93,0.38,1.43,0.4325,1.07,0.05,,,,0.09,0.1,30.1925,49.9075,0.355,114.47749999999999,0.0,0.0,72.1775,992.2525,
2023-02-19 11:00:00,34.44,56.875,0.67,1.03,0.93,0.38,1.43,0.4275,1.07,0.05,,,,0.0875,0.1,31.37,48.7925,0.4725,162.7175,0.0,0.0,167.165,990.825,
2023-02-19 12:00:00,37.15,63.75,0.67,1.03,0.93,0.38,1.43,0.42,1.07,0.05,,,,0.08499999999999999,0.1,31.68,48.155,0.6275,197.63750000000002,0.0,0.0,196.745,989.2249999999999,
2023-02-19 13:00:00,38.9825,64.8125,0.67,1.03,0.93,0.38,1.43,0.4375,1.07,0.05,,,,0.0875,0.10500000000000001,31.400000000000002,48.3,0.67,133.63,0.0,0.0,177.685,988.0174999999999,
2023-02-19 14:00:00,40.207499999999996,63.0,0.67,1.03,0.93,0.38,1.43,0.45,1.07,0.052500000000000005,,,,0.0925,0.1075,30.6975,49.269999999999996,0.75,185.1825,0.0,0.0,127.37750000000001,987.2475,
2023-02-19 15:00:00,44.792500000000004,67.425,0.67,1.03,0.93,0.38,1.43,0.49,1.07,0.06,,,,0.0975,0.1175,30.044999999999998,51.05,0.72,165.1225,0.0,0.0,82.7525,986.8425,
2023-02-19 16:00:00,44.845,69.255,0.67,1.03,0.93,0.38,1.43,0.52,1.07,0.06,,,,0.10500000000000001,0.1225,27.445,61.145,0.32,163.495,0.0,0.0,17.134999999999998,987.0975,
2023-02-19 17:00:00,45.2275,76.5,0.67,1.03,0.93,0.38,1.43,0.5275000000000001,1.07,0.0625,,,,0.1075,0.125,23.315,74.9675,0.2775,153.66250000000002,0.0,0.0,1.36,987.7225000000001,
2023-02-19 18:00:00,38.9525,76.4525,0.67,1.03,0.93,0.38,1.43,0.6275,1.07,0.07500000000000001,,,,0.1225,0.1475,21.72,81.0275,0.245,206.635,0.0,0.0,,988.6275,
2023-02-19 19:00:00,44.47,73.5,0.67,1.03,0.93,0.38,1.43,0.7175,1.07,0.09,,,,0.145,0.175,20.9875,83.00999999999999,0.33499999999999996,155.6,0.0,0.0,,989.4625,
2023-02-19 20:00:00,49.3125,77.1575,0.67,1.03,0.93,0.38,1.43,0.8975,1.07,0.1075,,,,0.1825,0.2175,20.1975,86.445,0.365,211.97750000000002,0.0,0.0,,990.04,
2023-02-19 21:00:00,58.8925,88.595,0.67,1.03,0.93,0.38,1.43,0.8575,1.07,0.1025,,,,0.16999999999999998,0.20750000000000002,19.51,88.395,0.25,218.07,0.0,0.0,,990.2049999999999,
2023-02-19 22:00:00,51.905,88.5,0.67,1.03,0.93,0.38,1.43,0.8425,1.07,0.1,,,,0.1675,0.2025,18.9825,90.015,0.3925,182.78750000000002,0.0,0.0,,990.2125,
2023-02-19 23:00:00,49.74666666666667,90.0,0.67,1.03,0.93,0.38000000000000006,1.43,0.8099999999999999,1.07,0.09999999999999999,,,,0.16,0.19666666666666668,18.933333333333334,89.63666666666666,0.4033333333333333,226.23666666666668,0.0,0.0,,990.0466666666667,
2023-02-20 00:00:00,52.74,83.14333333333333,0.67,1.03,0.93,0.38000000000000006,1.43,0.6533333333333333,1.07,0.07666666666666667,,,,0.135,0.16,18.7725,89.33,0.5075,233.44,0.0,0.0,,989.7375,
2023-02-20 01:00:00,45.1775,78.75,0.67,1.03,0.93,0.38,1.43,0.5475,1.07,0.065,,,,0.11,0.135,18.8425,87.7375,0.3975,231.0775,0.0,0.0,,989.2175,
2023-02-20 02:00:00,41.22,70.5,0.67,1.03,0.93,0.38,1.43,0.48,1.07,0.057499999999999996,,,,0.095,0.115,19.0925,86.53,0.3925,220.6775,0.0,0.0,,988.985,
2023-02-20 03:00:00,32.75,56.995,0.67,1.03,0.93,0.38,1.43,0.4425,1.07,0.05,,,,0.09,0.10500000000000001,19.0275,88.09,0.2,190.89,0.0,0.0,,988.6775,
2023-02-20 04:00:00,36.78,57.0,0.67,1.03,0.93,0.38,1.43,0.46499999999999997,1.07,0.055,,,,0.095,0.1125,19.1425,87.815,0.275,181.9225,0.0,0.0,,988.9525,
2023-02-20 05:00:00,35.905,53.644999999999996,0.67,1.03,0.93,0.38,1.43,0.405,1.07,0.05,,,,0.08,0.0975,18.9,89.7125,0.235,192.935,0.0,0.0,0.21,989.5625,
2023-02-20 06:00:00,28.65,48.285,0.67,1.03,0.93,0.38,1.43,0.4,1.07,0.05,,,,0.08,0.0975,18.822499999999998,90.7875,0.32,205.19,0.0,0.0,7.725,990.2275,
2023-02-20 07:00:00,28.5825,49.5,0.67,1.03,0.93,0.38,1.43,0.49,1.07,0.055,,,,0.0975,0.1175,19.814999999999998,88.1425,0.185,202.8725,0.0,0.0,24.845,991.1725,
2023-02-20 08:00:00,32.655,60.1875,0.67,1.03,0.93,0.38,1.43,0.5875,1.07,0.07250000000000001,,,,0.11750000000000001,0.14250000000000002,21.8325,79.7375,0.33,191.085,0.0,0.0,69.86,991.6624999999999,
2023-02-20 09:00:00,46.7675,78.75,0.67,1.03,0.93,0.38,1.43,0.555,1.07,0.065,,,,0.11,0.1325,24.880000000000003,66.34,0.315,136.29,0.0,0.0,129.2575,991.5550000000001,
2023-02-20 10:00:00,45.405,76.6875,0.67,1.03,0.93,0.38,1.43,0.4275,1.07,0.05,,,,0.08499999999999999,0.10250000000000001,27.7225,56.3825,0.51,142.0725,0.0,0.0,132.2175,991.0274999999999,
2023-02-20 11:00:00,29.619999999999997,55.5,0.67,1.03,0.93,0.38,1.43,0.3725,1.07,0.0425,,,,0.07250000000000001,0.09,27.655,56.495000000000005,0.3975,115.39,0.0,0.0,91.5375,990.06,
2023-02-20 12:00:00,26.34,42.7025,0.67,1.03,0.93,0.38,1.43,0.42,1.07,0.05,,,,0.0825,0.10250000000000001,27.8975,57.11,0.3025,114.1875,0.0,0.0,92.39750000000001,988.99,
2023-02-20 13:00:00,28.955,45.7025,0.67,1.03,0.93,0.38,1.43,0.395,1.07,0.05,,,,0.0775,0.095,27.0875,58.55,0.25,171.79749999999999,0.0,0.0,50.379999999999995,988.12,
2023-02-20 14:00:00,30.884999999999998,49.3925,0.67,1.03,0.93,0.38,1.43,0.4375,1.07,0.05,,,,0.09,0.10500000000000001,26.064999999999998,62.597500000000004,0.265,121.32499999999999,0.0,0.0,34.5025,987.6374999999999,
2023-02-20 15:00:00,42.0,63.0,0.67,1.03,0.93,0.38,1.43,0.4325,1.07,0.05,,,,0.0875,0.10250000000000001,24.875,71.83,0.355,242.98,0.0,0.0,25.9125,987.5550000000001,
2023-02-20 16:00:00,41.2825,66.0,0.67,1.03,0.93,0.38,1.43,0.44,1.07,0.05,,,,0.09,0.10500000000000001,23.33,77.49000000000001,0.40249999999999997,145.9325,0.0,0.0,10.6625,987.7625,
2023-02-20 17:00:00,38.205,57.06,0.67,1.03,0.93,0.38,1.43,0.5,1.07,0.0575,,,,0.1025,0.11750000000000001,21.695,81.8275,0.365,119.5625,0.0,0.0,0.46,988.27,
2023-02-20 18:00:00,37.1775,55.2975,0.67,1.03,0.93,0.38,1.43,0.635,1.07,0.07500000000000001,,,,0.125,0.155,21.1125,83.905,0.3,203.235,0.0,0.0,,989.145,
2023-02-20 19:00:00,43.015,67.7025,0.67,1.03,0.93,0.38,1.43,0.7125,1.07,0.08499999999999999,,,,0.14,0.16999999999999998,20.8875,82.5625,0.2825,220.655,0.0,0.0,,989.7325000000001,
2023-02-20 20:00:00,53.0,79.5,0.67,1.03,0.93,0.38,1.43,0.905,1.07,0.1075,,,,0.18,0.2175,20.4025,84.945,0.3725,260.375,0.0,0.0,,989.835,
2023-02-20 21:00:00,46.089999999999996,80.1575,0.67,1.03,0.93,0.38,1.43,0.855,1.07,0.10500000000000001,,,,0.1725,0.2025,20.18,84.65,0.595,243.66,0.0,0.0,,989.8075,
2023-02-20 22:00:00,58.625,90.845,0.67,1.03,0.93,0.38,1.43,0.8125,1.07,0.0975,,,,0.1625,0.1925,19.9725,85.245,0.6875,264.2575,0.0,0.0,,989.8299999999999,
2023-02-20 23:00:00,59.5,84.75,0.67,1.03,0.93,0.38000000000000006,1.43,0.6966666666666667,1.07,0.08333333333333333,,,,0.1366666666666667,0.16666666666666666,20.073333333333334,83.73,0.6666666666666666,223.88333333333333,0.01,0.0075,,989.6,
2023-02-21 00:00:00,46.19,71.71333333333332,0.67,1.03,0.93,0.38000000000000006,1.43,0.49,1.07,0.06,,,,0.10250000000000001,0.12,18.52,93.3675,0.3825,149.1625,0.0,0.0,,989.9300000000001,
2023-02-21 01:00:00,31.72,62.25,0.67,1.03,0.93,0.38,1.43,0.45,1.07,0.052500000000000005,,,,0.09,0.1075,18.465,94.59,0.305,184.98250000000002,0.0,0.0,,989.5475,
2023-02-21 02:00:00,31.8825,52.4875,0.67,1.03,0.93,0.38,1.43,0.43,1.07,0.05,,,,0.0875,0.1,18.497500000000002,95.1575,0.3825,187.7375,0.0,0.0,,989.085,
2023-02-21 03:00:00,30.845000000000002,54.75,0.67,1.03,0.93,0.38,1.43,0.435,1.07,0.05,,,,0.09,0.1,18.4625,95.7375,0.5800000000000001,235.8125,0.0,0.0,,988.9525,
2023-02-21 04:00:00,29.07,49.4525,0.67,1.03,0.93,0.38,1.43,0.425,1.07,0.05,,,,0.08499999999999999,0.1,18.45,95.95,0.4075,187.8825,0.0,0.0,,989.125,
2023-02-21 05:00:00,31.845,47.5925,0.67,1.03,0.93,0.38,1.43,0.4375,1.07,0.052500000000000005,,,,0.0925,0.10250000000000001,18.4525,96.0525,0.32,171.415,0.0,0.0,0.1,989.6675,
2023-02-21 06:00:00,31.655,52.265,0.67,1.03,0.93,0.38,1.43,0.44999999999999996,1.07,0.055,,,,0.09,0.1075,18.575000000000003,96.08500000000001,0.23249999999999998,204.37,0.0,0.0,10.540000000000001,990.3975,
2023-02-21 07:00:00,30.75,52.5,0.67,1.03,0.93,0.38,1.43,0.46499999999999997,1.07,0.055,,,,0.095,0.11,19.2175,96.1275,0.16749999999999998,210.29000000000002,0.0,0.0,26.785,991.245,
2023-02-21 08:00:00,27.572499999999998,52.6875,0.67,1.03,0.93,0.38,1.43,0.6125,1.07,0.07,,,,0.12,0.1475,19.23,95.5175,0.305,201.6225,0.0,0.0,4.1725,991.9649999999999,
2023-02-21 09:00:00,36.8125,53.19,0.67,1.03,0.93,0.38,1.43,0.625,1.07,0.07500000000000001,,,,0.125,0.1525,18.747500000000002,95.53,0.89,220.405,0.0125,0.0125,1.495,992.465,
2023-02-21 10:00:00,31.677500000000002,57.75,0.67,1.03,0.93,0.38,1.43,0.6950000000000001,1.07,0.08499999999999999,,,,0.1375,0.1675,18.5425,96.0575,0.435,141.23250000000002,0.0125,0.0125,4.135,992.375,
2023-02-21 11:00:00,33.6525,57.3275,0.67,1.03,0.93,0.38,1.43,0.6950000000000001,1.07,0.08499999999999999,,,,0.1375,0.1675,18.5625,96.3775,0.3625,115.9775,0.0025,0.0025,17.677500000000002,991.575,
2023-02-21 12:00:00,35.605000000000004,62.25,0.67,1.03,0.93,0.38,1.43,0.58,1.07,0.07,,,,0.1175,0.14,18.71,96.12,0.195,183.325,0.0,0.0,22.9825,990.4275,
2023-02-21 13:00:00,44.125,66.0925,0.67,1.03,0.93,0.38,1.43,0.705,1.07,0.08499999999999999,,,,0.14,0.16999999999999998,18.715,96.0825,0.37749999999999995,193.41500000000002,0.0,0.0,14.145,989.6275,
2023-02-21 14:00:00,45.62,78.0,0.67,1.03,0.93,0.38,1.43,0.74,1.07,0.09,,,,0.15,0.18,19.06,96.09,0.12,210.27,0.0,0.0,9.58,989.31,
2023-02-21 15:00:00,46.75,77.0,0.625,0.9450000000000001,0.855,0.355,1.335,0.56,1.0,0.07500000000000001,,,,0.125,0.155,17.105,88.435,0.19,163.43,0.0,0.0,2.04,906.465,
2023-02-21 16:00:00,52.89,84.0,0.67,1.03,0.93,0.38,1.43,0.6975,1.07,0.0825,,,,0.1325,0.165,18.6575,96.06,0.4125,141.615,0.0,0.0,1.39,989.0575,
2023-02-21 17:00:00,20.25,64.69,0.67,1.03,0.93,0.38,1.43,0.59,1.07,0.07,,,,0.12,0.14250000000000002,18.475,95.975,0.2125,190.7225,0.0,0.0,,989.145,
2023-02-21 18:00:00,35.5325,63.0,0.67,1.03,0.93,0.38,1.43,0.7675000000000001,1.07,0.09,,,,0.15500000000000003,0.185,18.4375,96.22,0.20750000000000002,167.41,0.0,0.0,,989.425,
2023-02-21 19:00:00,30.4125,55.9225,0.67,1.03,0.93,0.38,1.43,0.73,1.07,0.0875,,,,0.145,0.175,18.285,96.2775,0.27,162.3475,0.0,0.0,,989.2375,
2023-02-21 20:00:00,30.45,55.5,0.67,1.03,0.93,0.38,1.43,0.89,1.07,0.1075,,,,0.18,0.2125,18.34,96.47500000000001,0.5599999999999999,226.9475,0.0,0.0,,989.59,
2023-02-21 21:00:00,37.785,60.75,0.67,1.03,0.93,0.38,1.43,0.81,1.07,0.0975,,,,0.1625,0.195,18.2625,95.8275,0.6425,194.8425,0.0075,0.0075,,989.9975000000001,
2023-02-21 22:00:00,38.9375,66.845,0.67,1.03,0.93,0.38,1.43,0.785,1.07,0.0925,,,,0.1575,0.1875,18.1375,96.1625,0.4275,172.965,0.0,0.0,,989.625,
2023-02-21 23:00:00,41.333333333333336,64.81333333333333,0.67,1.03,0.93,0.38000000000000006,1.43,0.71,1.07,0.08666666666666667,,,,0.14,0.16666666666666666,18.043333333333333,96.42666666666666,0.37000000000000005,147.97333333333333,0.0,0.0,,989.3166666666666,
2023-02-22 00:00:00,28.635,55.97,0.67,1.03,0.93,0.38000000000000006,1.43,0.6666666666666666,1.07,0.07666666666666667,,,,0.135,0.1625,18.0025,96.5575,0.2975,139.245,0.0,0.0,,988.9875,
2023-02-22 01:00:00,31.0475,51.0,0.67,1.03,0.93,0.38,1.43,0.585,1.07,0.07,,,,0.1175,0.1375,17.945,96.6225,0.225,169.29,0.0,0.0,,988.115,
2023-02-22 02:00:00,28.155,45.0,0.67,1.03,0.93,0.38,1.43,0.54,1.07,0.06,,,,0.1075,0.1275,17.925,96.64750000000001,0.3125,139.69,0.0,0.0,,987.4675,
2023-02-22 03:00:00,26.165,45.14,0.67,1.03,0.93,0.38,1.43,0.47250000000000003,1.07,0.055,,,,0.0925,0.1125,17.7375,96.5875,0.39,139.435,0.005,0.005,,987.2875,
2023-02-22 04:00:00,26.83,45.75,0.67,1.03,0.93,0.38,1.43,0.4425,1.07,0.052500000000000005,,,,0.09,0.10500000000000001,17.627499999999998,96.64750000000001,0.5075,149.9325,0.0,0.0,,987.335,
2023-02-22 05:00:00,27.3425,43.5,0.67,1.03,0.93,0.38,1.43,0.4225,1.07,0.05,,,,0.08499999999999999,0.1,17.5875,96.725,0.43,154.9175,0.0125,0.0125,,987.9175,
2023-02-22 06:00:00,23.6,39.75,0.67,1.03,0.93,0.38,1.43,0.3775,1.07,0.0425,,,,0.07250000000000001,0.09,17.474999999999998,95.9975,0.79,166.54500000000002,0.0,0.0,1.6866666666666668,988.8675000000001,
2023-02-22 07:00:00,21.3425,39.0,0.67,1.03,0.93,0.38,1.43,0.3825,1.07,0.0425,,,,0.07250000000000001,0.0925,17.8475,94.47,0.32,143.16750000000002,0.0,0.0,8.7275,989.615,
2023-02-22 08:00:00,24.8425,39.75,0.67,1.03,0.93,0.38,1.43,0.445,1.07,0.055,,,,0.0875,0.1075,18.225,93.47,0.365,168.235,0.0,0.0,15.2125,990.165,
2023-02-22 09:00:00,24.0325,38.485,0.67,1.03,0.93,0.38,1.43,0.51,1.07,0.06,,,,0.10250000000000001,0.12,18.345,92.83,0.49,211.8775,0.0,0.0,7.615,990.075,
2023-02-22 10:00:00,20.5575,37.125,0.67,1.03,0.93,0.38,1.43,0.445,1.07,0.055,,,,0.09,0.10500000000000001,19.625,88.7875,0.2525,166.305,0.0,0.0,76.98,989.4175,
2023-02-22 11:00:00,21.435000000000002,38.625,0.67,1.03,0.93,0.38,1.43,0.47,1.07,0.055,,,,0.095,0.1125,21.625,80.6975,0.3275,119.19,0.0,0.0,92.605,988.3775,
2023-02-22 12:00:00,26.255,48.0,0.67,1.03,0.93,0.38,1.43,0.44,1.07,0.05,,,,0.09,0.10250000000000001,22.725,76.2475,0.375,163.0125,0.0,0.0,96.3775,987.2674999999999,
2023-02-22 13:00:00,26.905,53.925,0.67,1.03,0.93,0.38,1.43,0.4125,1.07,0.05,,,,0.08,0.1,22.0325,78.3625,0.3175,134.45250000000001,0.0,0.0,42.97,986.3824999999999,
2023-02-22 14:00:00,37.7425,62.25,0.67,1.03,0.93,0.38,1.43,0.4,1.07,0.05,,,,0.08,0.095,21.5975,80.8175,0.335,151.9825,0.0,0.0,15.9575,985.735,
2023-02-22 15:00:00,36.97,57.0,0.67,1.03,0.93,0.38,1.43,0.405,1.07,0.05,,,,0.0825,0.1,20.35,85.8275,0.435,126.61500000000001,0.0,0.0,5.4475,985.2725,
2023-02-22 16:00:00,31.0,49.5,0.67,1.03,0.93,0.38,1.43,0.43,1.07,0.05,,,,0.08499999999999999,0.10250000000000001,19.715,87.71,0.4475,131.12,0.0,0.0,1.82,985.3100000000001,
2023-02-22 17:00:00,26.75,45.7975,0.67,1.03,0.93,0.38,1.43,0.41,1.07,0.05,,,,0.0825,0.1,19.325,88.825,0.4375,137.585,0.0,0.0,,985.495,
2023-02-22 18:00:00,28.66,47.155,0.67,1.03,0.93,0.38,1.43,0.4725,1.07,0.057499999999999996,,,,0.0925,0.1125,19.1375,90.11250000000001,0.34750000000000003,123.25,0.0,0.0,,985.74,
2023-02-22 19:00:00,32.932500000000005,50.8125,0.67,1.03,0.93,0.38,1.43,0.465,1.07,0.055,,,,0.0925,0.1125,18.99,90.61,0.39,130.4625,0.0,0.0,,986.3399999999999,
2023-02-22 20:00:00,33.78,52.3125,0.67,1.03,0.93,0.38,1.43,0.535,1.07,0.0625,,,,0.11,0.1325,18.825,91.4225,0.335,141.025,0.0,0.0,,986.4100000000001,
2023-02-22 21:00:00,30.12,49.3125,0.67,1.03,0.93,0.38,1.43,0.6075,1.07,0.075,,,,0.1225,0.15,18.6375,92.71000000000001,0.3375,145.3025,0.0,0.0,,986.5475,
2023-02-22 22:00:00,30.1075,51.0,0.67,1.03,0.93,0.38,1.43,0.58,1.07,0.0675,,,,0.1175,0.14,18.6525,92.9425,0.32,123.4575,0.0,0.0,,986.8925,
2023-02-22 23:00:00,33.916666666666664,50.81333333333333,0.67,1.03,0.93,0.38000000000000006,1.43,0.56,1.07,0.06666666666666667,,,,0.11,0.13333333333333333,18.243333333333336,93.58,0.4066666666666667,140.28666666666666,0.0,0.0,,986.5933333333332,
2023-02-23 00:00:00,27.706666666666667,44.626666666666665,0.67,1.03,0.93,0.38000000000000006,1.43,0.5466666666666667,1.07,0.06333333333333334,,,,0.11,0.13,18.4225,93.8375,0.3725,142.33,0.0,0.0,,987.7475,
2023-02-23 01:00:00,25.002499999999998,44.25,0.67,1.03,0.93,0.38,1.43,0.4525,1.07,0.052500000000000005,,,,0.0925,0.1075,18.515,91.635,0.565,111.63749999999999,0.0,0.0,,988.22,
2023-02-23 02:00:00,24.3625,44.25,0.67,1.03,0.93,0.38,1.43,0.3775,1.07,0.0425,,,,0.07250000000000001,0.09,18.405,88.47,0.5825,129.27,0.0,0.0,,988.0775,
2023-02-23 03:00:00,28.7225,41.485,0.67,1.03,0.93,0.38,1.43,0.335,1.07,0.04,,,,0.065,0.07500000000000001,18.2675,87.09,0.8425,113.845,0.0,0.0,,988.4775,
2023-02-23 04:00:00,25.625,38.625,0.67,1.03,0.93,0.38,1.43,0.2825,1.07,0.03,,,,0.057499999999999996,0.0675,17.845,85.485,0.7175,121.17750000000001,0.0,0.0,,988.8050000000001,
2023-02-23 05:00:00,17.752499999999998,29.25,0.67,1.03,0.93,0.38,1.43,0.2625,1.07,0.03,,,,0.05,0.06,17.605,85.9,0.7575000000000001,127.2475,0.0,0.0,,989.135,
2023-02-23 06:00:00,14.497499999999999,24.655,0.67,1.03,0.93,0.38,1.43,0.26,1.07,0.03,,,,0.052500000000000005,0.0625,17.142500000000002,86.33,0.41,115.4575,0.0,0.0,1.78,990.0625,
2023-02-23 07:00:00,15.5,25.5,0.67,1.03,0.93,0.38,1.43,0.2875,1.07,0.03,,,,0.06,0.07,17.625,82.8275,0.39,99.9825,0.0,0.0,28.572499999999998,990.8199999999999,
2023-02-23 08:00:00,16.0,24.0,0.67,1.03,0.93,0.38,1.43,0.3075,1.07,0.035,,,,0.0625,0.07500000000000001,19.1325,78.0025,0.3675,135.6475,0.0,0.0,52.705,991.415,
2023-02-23 09:00:00,13.7025,23.25,0.67,1.03,0.93,0.38,1.43,0.2925,1.07,0.0325,,,,0.06,0.07,18.925,78.2125,0.41000000000000003,148.5325,0.0,0.0,29.8775,991.995,
2023-02-23 10:00:00,12.7975,21.0,0.67,1.03,0.93,0.38,1.43,0.3075,1.07,0.0375,,,,0.06,0.07,19.6475,77.0025,0.4125,143.26999999999998,0.0,0.0,73.24000000000001,991.7375,
2023-02-23 11:00:00,10.375,19.5,0.67,1.03,0.93,0.38,1.43,0.295,1.07,0.035,,,,0.06,0.07,19.627499999999998,75.8275,0.465,133.1125,0.0,0.0,25.2925,990.8025,
2023-02-23 12:00:00,12.0175,21.75,0.67,1.03,0.93,0.38,1.43,0.3375,1.07,0.04,,,,0.0675,0.0775,19.2325,76.455,0.42250000000000004,138.475,0.0,0.0,16.7375,989.8875,
2023-02-23 13:00:00,17.5,27.75,0.67,1.03,0.93,0.38,1.43,0.3475,1.07,0.04,,,,0.07,0.0825,19.3925,77.3175,0.48250000000000004,123.29499999999999,0.0,0.0,41.835,989.2275,
2023-02-23 14:00:00,17.375,27.7025,0.67,1.03,0.93,0.38,1.43,0.325,1.07,0.04,,,,0.0625,0.07250000000000001,19.5175,76.865,0.845,113.9825,0.0,0.0,52.42,988.725,
2023-02-23 15:00:00,14.467500000000001,26.25,0.67,1.03,0.93,0.38,1.43,0.3,1.07,0.035,,,,0.06,0.07,19.3725,77.935,0.7525,137.5625,0.0,0.0,42.72,988.5825,
2023-02-23 16:00:00,12.54,24.0475,0.67,1.03,0.93,0.38,1.43,0.305,1.07,0.04,,,,0.06,0.07,18.314999999999998,81.6275,0.6625,145.8825,0.0,0.0,11.942499999999999,989.0025,
2023-02-23 17:00:00,13.125,24.75,0.67,1.03,0.93,0.38,1.43,0.3775,1.07,0.045,,,,0.07500000000000001,0.0925,17.8325,84.615,0.4325,127.05250000000001,0.0,0.0,1.0,989.6500000000001,
2023-02-23 18:00:00,15.595,27.5625,0.67,1.03,0.93,0.38,1.43,0.4075,1.07,0.05,,,,0.0825,0.0975,17.525,86.64500000000001,0.4575,127.85249999999999,0.0,0.0,,990.27,
2023-02-23 19:00:00,21.945,34.5,0.67,1.03,0.93,0.38,1.43,0.45499999999999996,1.07,0.052500000000000005,,,,0.0925,0.1075,17.315,87.5425,0.55,131.01,0.0,0.0,,991.1775,
2023-02-23 20:00:00,18.03,33.75,0.67,1.03,0.93,0.38,1.43,0.48,1.07,0.06,,,,0.0975,0.115,17.29,87.97,0.2475,162.2575,0.0,0.0,,991.6,
2023-02-23 21:00:00,20.625,33.75,0.67,1.03,0.93,0.38,1.43,0.485,1.07,0.055,,,,0.0975,0.1175,17.1075,89.42,0.175,169.18,0.0,0.0,,991.6,
2023-02-23 22:00:00,22.78,39.0,0.67,1.03,0.93,0.38,1.43,0.485,1.07,0.06,,,,0.10250000000000001,0.11499999999999999,16.8425,91.175,0.2475,133.35750000000002,0.0,0.0,,991.3475,
2023-02-23 23:00:00,22.583333333333332,35.31,0.67,1.03,0.93,0.38000000000000006,1.43,0.4566666666666667,1.07,0.05333333333333334,,,,0.09333333333333334,0.11,16.763333333333332,91.63,0.26333333333333336,129.46,0.0,0.0,,991.19,
2023-02-24 00:00:00,19.62666666666667,29.373333333333335,0.67,1.03,0.93,0.38000000000000006,1.43,0.38999999999999996,1.07,0.04666666666666667,,,,0.0775,0.095,16.6325,92.5825,0.0825,141.38,0.0,0.0,,990.7875,
2023-02-24 01:00:00,17.465,26.86,0.67,1.03,0.93,0.38,1.43,0.355,1.07,0.04,,,,0.07,0.0825,16.455,93.3925,0.185,145.1475,0.0,0.0,,990.2325000000001,
2023-02-24 02:00:00,10.5325,21.75,0.67,1.03,0.93,0.38,1.43,0.355,1.07,0.04,,,,0.07,0.0825,16.3925,93.925,0.44,186.9225,0.0,0.0,,990.05,
2023-02-24 03:00:00,10.065000000000001,17.25,0.67,1.03,0.93,0.38,1.43,0.3375,1.07,0.04,,,,0.07,0.08,16.3175,94.55,0.28,157.83,0.0,0.0,,990.025,
2023-02-24 04:00:00,11.555,19.5,0.67,1.03,0.93,0.38,1.43,0.3175,1.07,0.04,,,,0.0625,0.07500000000000001,16.2375,94.93,0.195,149.0275,0.0,0.0,,990.175,
2023-02-24 05:00:00,12.52,20.2975,0.67,1.03,0.93,0.38,1.43,0.3025,1.07,0.0375,,,,0.06,0.07,15.95,95.0775,0.1725,139.58,0.0,0.0,1.9,990.785,
2023-02-24 06:00:00,11.5625,17.5775,0.67,1.03,0.93,0.38,1.43,0.3175,1.07,0.0375,,,,0.0625,0.07500000000000001,16.1075,95.8225,0.23,134.245,0.0,0.0,12.9575,991.9875,
2023-02-24 07:00:00,9.375,14.0625,0.67,1.03,0.93,0.38,1.43,0.3425,1.07,0.04,,,,0.065,0.0775,17.0625,92.4175,0.425,166.35750000000002,0.0,0.0,56.6375,993.0775,
2023-02-24 08:00:00,19.355,30.75,0.67,1.03,0.93,0.38,1.43,0.335,1.07,0.04,,,,0.0675,0.0775,19.28,82.3725,0.3625,143.7875,0.0,0.0,110.87,993.7149999999999,
2023-02-24 09:00:00,27.72,44.25,0.67,1.03,0.93,0.38,1.43,0.315,1.07,0.04,,,,0.06,0.07,21.2475,74.735,0.4175,137.5375,0.0,0.0,147.0975,993.885,
2023-02-24 10:00:00,21.72,38.5775,0.67,1.03,0.93,0.38,1.43,0.3175,1.07,0.04,,,,0.0625,0.07250000000000001,22.0325,71.6475,0.47000000000000003,129.2525,0.0,0.0,117.9425,993.79,
2023-02-24 11:00:00,20.126666666666665,31.713333333333335,0.67,1.03,0.93,0.38000000000000006,1.43,0.31666666666666665,1.07,0.04,,,,0.06333333333333334,0.07333333333333335,21.8,70.13666666666667,0.65,132.93666666666667,0.0,0.0,77.19333333333333,993.3266666666667,
2023-02-24 12:00:00,,,,,0.0,,,0.0,,0.0,,,,,,,,,,0.0,0.0,,,
2023-02-24 13:00:00,,,,,0.0,,,0.0,,0.0,,,,,,,,,,0.0,0.0,,,
2023-02-24 14:00:00,11.875,17.81,0.505,0.6166666666666667,0.36000000000000004,0.28500000000000003,1.0699999999999998,0.0775,0.805,0.0075,,,,0.025,0.030000000000000002,13.089999999999998,41.04333333333333,0.30333333333333334,118.52666666666666,0.0,0.0,40.22666666666667,991.45,
2023-02-24 15:00:00,,,,,0.0,,,0.0,,0.0,,,,,,,,,,0.0,0.0,,,
2023-02-24 16:00:00,,,,,0.0,,,0.0,,0.0,,,,,,,,,,0.0,0.0,,,
2023-02-24 17:00:00,,,,,0.0,,,0.0,,0.0,,,,,,,,,,0.0,0.0,,,
2023-02-24 18:00:00,,,,,0.0,,,0.0,,0.0,,,,,,,,,,0.0,0.0,,,
2023-02-24 19:00:00,,,,,0.0,,,0.0,,0.0,,,,,,,,,,0.0,0.0,,,
2023-02-24 20:00:00,,,,,0.0,,,0.0,,0.0,,,,,,,,,,0.0,0.0,,,
2023-02-24 21:00:00,,,,,0.0,,,0.0,,0.0,,,,,,,,,,0.0,0.0,,,
2023-02-24 22:00:00,,,,,0.0,,,0.0,,0.0,,,,,,,,,,0.0,0.0,,,
2023-02-24 23:00:00,,,,,0.0,,,0.0,,0.0,,,,,,,,,,0.0,0.0,,,
2023-02-25 00:00:00,,,,,0.0,,,0.0,,0.0,,,,,,,,,,0.0,0.0,,,
2023-02-25 01:00:00,,,,,0.0,,,0.0,,0.0,,,,,,,,,,0.0,0.0,,,
2023-02-25 02:00:00,,,,,0.0,,,0.0,,0.0,,,,,,,,,,0.0,0.0,,,
2023-02-25 03:00:00,,,,,0.0,,,0.0,,0.0,,,,,,,,,,0.0,0.0,,,
2023-02-25 04:00:00,,,,,0.0,,,0.0,,0.0,,,,,,,,,,0.0,0.0,,,
2023-02-25 05:00:00,,,,,0.0,,,0.0,,0.0,,,,,,,,,,0.0,0.0,,,
2023-02-25 06:00:00,,,,,0.0,,,0.0,,0.0,,,,,,,,,,0.0,0.0,,,
2023-02-25 07:00:00,,,,,0.0,,,0.0,,0.0,,,,,,,,,,0.0,0.0,,,
2023-02-25 08:00:00,,,,,0.0,,,0.0,,0.0,,,,,,,,,,0.0,0.0,,,
2023-02-25 09:00:00,,,,,0.0,,,0.0,,0.0,,,,,,,,,,0.0,0.0,,,
2023-02-25 10:00:00,,,,,0.0,,,0.0,,0.0,,,,,,,,,,0.0,0.0,,,
2023-02-25 11:00:00,,,,,0.0,,,0.0,,0.0,,,,,,,,,,0.0,0.0,,,
2023-02-25 12:00:00,,,,,0.0,,,0.0,,0.0,,,,,,,,,,0.0,0.0,,,
2023-02-25 13:00:00,,,,,0.0,,,0.0,,0.0,,,,,,,,,,0.0,0.0,,,
2023-02-25 14:00:00,,,,,0.0,,,0.0,,0.0,,,,,,,,,,0.0,0.0,,,
2023-02-25 15:00:00,,,,,0.0,,,0.0,,0.0,,,,,,,,,,0.0,0.0,,,
2023-02-25 16:00:00,,,,,0.0,,,0.0,,0.0,,,,,,,,,,0.0,0.0,,,
2023-02-25 17:00:00,,,,,0.0,,,0.0,,0.0,,,,,,,,,,0.0,0.0,,,
2023-02-25 18:00:00,,,,,0.0,,,0.0,,0.0,,,,,,,,,,0.0,0.0,,,
2023-02-25 19:00:00,,,,,0.0,,,0.0,,0.0,,,,,,,,,,0.0,0.0,,,
2023-02-25 20:00:00,,,,,0.0,,,0.0,,0.0,,,,,,,,,,0.0,0.0,,,
2023-02-25 21:00:00,,,,,0.0,,,0.0,,0.0,,,,,,,,,,0.0,0.0,,,
2023-02-25 22:00:00,,,,,0.0,,,0.0,,0.0,,,,,,,,,,0.0,0.0,,,
2023-02-25 23:00:00,,,,,0.0,,,0.0,,0.0,,,,,,,,,,0.0,0.0,,,
2023-02-26 00:00:00,,,,,0.0,,,0.0,,0.0,,,,,,,,,,0.0,0.0,,,
2023-02-26 01:00:00,,,,,0.0,,,0.0,,0.0,,,,,,,,,,0.0,0.0,,,
2023-02-26 02:00:00,,,,,0.0,,,0.0,,0.0,,,,,,,,,,0.0,0.0,,,
2023-02-26 03:00:00,,,,,0.0,,,0.0,,0.0,,,,,,,,,,0.0,0.0,,,
2023-02-26 04:00:00,,,,,0.0,,,0.0,,0.0,,,,,,,,,,0.0,0.0,,,
2023-02-26 05:00:00,,,,,0.0,,,0.0,,0.0,,,,,,,,,,0.0,0.0,,,
2023-02-26 06:00:00,,,,,0.0,,,0.0,,0.0,,,,,,,,,,0.0,0.0,,,
2023-02-26 07:00:00,,,,,0.0,,,0.0,,0.0,,,,,,,,,,0.0,0.0,,,
2023-02-26 08:00:00,,,,,0.0,,,0.0,,0.0,,,,,,,,,,0.0,0.0,,,
2023-02-26 09:00:00,,,,,0.0,,,0.0,,0.0,,,,,,,,,,0.0,0.0,,,
2023-02-26 10:00:00,,,,,0.0,,,0.0,,0.0,,,,,,,,,,0.0,0.0,,,
2023-02-26 11:00:00,,,,,0.0,,,0.0,,0.0,,,,,,,,,,0.0,0.0,,,
2023-02-26 12:00:00,,,,,0.0,,,0.0,,0.0,,,,,,,,,,0.0,0.0,,,
2023-02-26 13:00:00,,,,,0.0,,,0.0,,0.0,,,,,,,,,,0.0,0.0,,,
2023-02-26 14:00:00,,,,,0.0,,,0.0,,0.0,,,,,,,,,,0.0,0.0,,,
2023-02-26 15:00:00,,,,,0.0,,,0.0,,0.0,,,,,,,,,,0.0,0.0,,,
2023-02-26 16:00:00,,,,,0.0,,,0.0,,0.0,,,,,,,,,,0.0,0.0,,,
2023-02-26 17:00:00,,,,,0.0,,,0.0,,0.0,,,,,,,,,,0.0,0.0,,,
2023-02-26 18:00:00,,,,,0.0,,,0.0,,0.0,,,,,,,,,,0.0,0.0,,,
2023-02-26 19:00:00,,,,,0.0,,,0.0,,0.0,,,,,,,,,,0.0,0.0,,,
2023-02-26 20:00:00,,,,,0.0,,,0.0,,0.0,,,,,,,,,,0.0,0.0,,,
2023-02-26 21:00:00,,,,,0.0,,,0.0,,0.0,,,,,,,,,,0.0,0.0,,,
2023-02-26 22:00:00,,,,,0.0,,,0.0,,0.0,,,,,,,,,,0.0,0.0,,,
2023-02-26 23:00:00,,,,,0.0,,,0.0,,0.0,,,,,,,,,,0.0,0.0,,,
2023-02-27 00:00:00,,,,,0.0,,,0.0,,0.0,,,,,,,,,,0.0,0.0,,,
2023-02-27 01:00:00,,,,,0.0,,,0.0,,0.0,,,,,,,,,,0.0,0.0,,,
2023-02-27 02:00:00,,,,,0.0,,,0.0,,0.0,,,,,,,,,,0.0,0.0,,,
2023-02-27 03:00:00,,,,,0.0,,,0.0,,0.0,,,,,,,,,,0.0,0.0,,,
2023-02-27 04:00:00,,,,,0.0,,,0.0,,0.0,,,,,,,,,,0.0,0.0,,,
2023-02-27 05:00:00,,,,,0.0,,,0.0,,0.0,,,,,,,,,,0.0,0.0,,,
2023-02-27 06:00:00,,,,,0.0,,,0.0,,0.0,,,,,,,,,,0.0,0.0,,,
2023-02-27 07:00:00,,,,,0.0,,,0.0,,0.0,,,,,,,,,,0.0,0.0,,,
2023-02-27 08:00:00,,,,,0.0,,,0.0,,0.0,,,,,,,,,,0.0,0.0,,,
2023-02-27 09:00:00,,,,,0.0,,,0.0,,0.0,,,,,,,,,,0.0,0.0,,,
2023-02-27 10:00:00,0.25,,0.585,0.99,0.4425,0.33,1.25,0.0725,0.935,0.0075,,,,0.03,0.03,27.985,43.85,0.41000000000000003,163.57999999999998,0.0,0.0,74.03999999999999,933.225,
2023-02-27 11:00:00,0.16999999999999998,,0.67,1.03,0.93,0.38,1.43,0.265,1.07,0.03,,,,0.05,0.06,30.09,44.655,0.78,131.735,0.0,0.0,180.9325,994.54,
2023-02-27 12:00:00,13.813333333333333,40.78,0.67,1.03,0.93,0.38,1.43,0.2525,1.07,0.03,,,,0.05,0.06,30.2625,42.0575,0.8575,149.395,0.0,0.0,221.4125,993.3275,
2023-02-27 13:00:00,27.7775,45.61,0.67,1.03,0.93,0.38,1.43,0.2525,1.07,0.03,,,,0.05,0.06,29.055,43.432500000000005,0.6975,134.07,0.0,0.0,104.47749999999999,992.29,
2023-02-27 14:00:00,22.215,39.5,0.67,1.03,0.93,0.38,1.43,0.2625,1.07,0.03,,,,0.055,0.0625,28.425,45.425000000000004,0.5675,126.425,0.0,0.0,84.9925,991.6525,
2023-02-27 15:00:00,17.2175,29.2925,0.67,1.03,0.93,0.38,1.43,0.24,1.07,0.03,,,,0.0475,0.06,27.9,46.08,0.4925,107.84,0.0,0.0,59.7225,991.4775,
2023-02-27 16:00:00,14.4375,22.6875,0.67,1.03,0.93,0.38,1.43,0.2175,1.07,0.03,,,,0.04,0.05,24.73,49.6425,0.9225,130.775,0.0,0.0,29.95,991.4575,
2023-02-27 17:00:00,13.682500000000001,22.9575,0.67,1.03,0.93,0.38,1.43,0.28500000000000003,1.07,0.035,,,,0.0575,0.0675,23.77,49.14,0.635,177.835,0.0,0.0,1.53,991.875,
2023-02-27 18:00:00,22.5625,37.707499999999996,0.67,1.03,0.93,0.38,1.43,0.445,1.07,0.052500000000000005,,,,0.0875,0.1075,21.28,62.0475,0.315,204.3925,0.0,0.0,,992.2049999999999,
2023-02-27 19:00:00,34.8125,62.25,0.67,1.03,0.93,0.38,1.43,0.62,1.07,0.0775,,,,0.1225,0.15,19.5975,70.485,0.3175,169.0075,0.0,0.0,,992.82,
2023-02-27 20:00:00,44.7875,71.5425,0.67,1.03,0.93,0.38,1.43,0.635,1.07,0.07250000000000001,,,,0.1275,0.155,18.6475,74.8925,0.2625,206.865,0.0,0.0,,993.4775,
2023-02-27 21:00:00,33.5475,63.875,0.67,1.03,0.93,0.38,1.43,0.6525,1.07,0.08,,,,0.13,0.1575,18.490000000000002,78.28999999999999,0.3775,176.53,0.0,0.0,,994.0175,
2023-02-27 22:00:00,39.6575,65.7925,0.67,1.03,0.93,0.38,1.43,0.6425000000000001,1.07,0.0775,,,,0.1275,0.1525,18.7175,78.055,0.4475,166.8875,0.0,0.0,,994.0925,
2023-02-27 23:00:00,49.626666666666665,74.06333333333333,0.67,1.03,0.93,0.38000000000000006,1.43,0.5833333333333334,1.07,0.07,,,,0.11666666666666665,0.14,18.53,80.61666666666666,0.49333333333333335,214.61333333333334,0.0,0.0,,993.8766666666667,
2023-02-28 00:00:00,41.57,68.35666666666667,0.67,1.03,0.93,0.38000000000000006,1.43,0.49,1.07,0.056666666666666664,,,,0.1,0.1175,17.9875,82.2975,0.325,174.24,0.0,0.0,,993.4475,
2023-02-28 01:00:00,34.175,56.905,0.67,1.03,0.93,0.38,1.43,0.43,1.07,0.05,,,,0.0875,0.10250000000000001,17.275,85.6175,0.325,161.03750000000002,0.0,0.0,,993.4225,
2023-02-28 02:00:00,30.5325,47.2975,0.67,1.03,0.93,0.38,1.43,0.3875,1.07,0.045,,,,0.07500000000000001,0.095,17.215,85.5275,0.4225,165.18,0.0,0.0,,993.3175,
2023-02-28 03:00:00,27.59,43.6875,0.67,1.03,0.93,0.38,1.43,0.3575,1.07,0.04,,,,0.07,0.08499999999999999,16.8475,86.7975,0.7075,225.64999999999998,0.0,0.0,,993.435,
2023-02-28 04:00:00,27.605,42.625,0.67,1.03,0.93,0.38,1.43,0.325,1.07,0.04,,,,0.0675,0.0775,16.36,89.1675,0.4325,201.03,0.0,0.0,,994.12,
2023-02-28 05:00:00,24.6775,40.78,0.67,1.03,0.93,0.38,1.43,0.3025,1.07,0.04,,,,0.06,0.07,16.605,87.7875,0.2875,187.6,0.0,0.0,2.64,995.155,
2023-02-28 06:00:00,23.6875,39.515,0.67,1.03,0.93,0.38,1.43,0.2875,1.07,0.0325,,,,0.06,0.07,17.285,81.36,0.3625,143.48250000000002,0.0,0.0,41.6175,996.0625,
2023-02-28 07:00:00,21.1275,36.5625,0.67,1.03,0.93,0.38,1.43,0.29,1.07,0.03,,,,0.06,0.07,20.4425,67.42,0.48,143.10750000000002,0.0,0.0,156.335,996.7325,
2023-02-28 08:00:00,20.4525,32.5725,0.67,1.03,0.93,0.38,1.43,0.2675,1.07,0.03,,,,0.055,0.065,23.285,58.265,0.48750000000000004,119.57,0.0,0.0,218.57999999999998,996.925,
2023-02-28 09:00:00,20.7625,33.0,0.67,1.03,0.93,0.38,1.43,0.24,1.07,0.03,,,,0.05,0.06,25.5675,52.1825,0.625,118.05000000000001,0.0,0.0,218.2825,996.95,
2023-02-28 10:00:00,16.475,27.3325,0.67,1.03,0.93,0.38,1.43,0.235,1.07,0.03,,,,0.0475,0.057499999999999996,26.9525,47.8525,0.74,154.78,0.0,0.0,136.7475,996.6374999999999,
2023-02-28 11:00:00,15.344999999999999,25.265,0.67,1.03,0.93,0.38,1.43,0.2475,1.07,0.03,,,,0.05,0.057499999999999996,27.1025,45.8975,1.155,141.595,0.0,0.0,198.035,995.6475,
2023-02-28 12:00:00,,,,,,,,,,,,,,,,,,,,,0.0,,,
2023-02-28 13:00:00,,,,,,,,,,,,,,,,,,,,,0.0,,,
2023-02-28 14:00:00,,,,,,,,,,,,,,,,,,,,,0.0,,,
2023-02-28 15:00:00,,,,,,,,,,,,,,,,,,,,,0.0,,,
2023-02-28 16:00:00,,,,,,,,,,,,,,,,,,,,,0.0,,,
2023-02-28 17:00:00,,,,,,,,,,,,,,,,,,,,,0.0,,,
2023-02-28 18:00:00,,,,,,,,,,,,,,,,,,,,,0.0,,,
2023-02-28 19:00:00,,,,,,,,,,,,,,,,,,,,,0.0,,,
2023-02-28 20:00:00,,,,,,,,,,,,,,,,,,,,,0.0,,,
2023-02-28 21:00:00,,,,,,,,,,,,,,,,,,,,,0.0,,,
2023-02-28 22:00:00,,,,,,,,,,,,,,,,,,,,,0.0,,,
2023-02-28 23:00:00,,,,,,,,,,,,,,,,,,,,,0.0,,,
2023-03-01 00:00:00,,,,,,,,,,,,,,,,,,,,,0.0,,,
2023-03-01 01:00:00,,,,,,,,,,,,,,,,,,,,,0.0,,,
2023-03-01 02:00:00,,,,,,,,,,,,,,,,,,,,,0.0,,,
2023-03-01 03:00:00,,,,,,,,,,,,,,,,,,,,,0.0,,,
2023-03-01 04:00:00,,,,,,,,,,,,,,,,,,,,,0.0,,,
2023-03-01 05:00:00,,,,,,,,,,,,,,,,,,,,,0.0,,,
2023-03-01 06:00:00,,,,,,,,,,,,,,,,,,,,,0.0,,,
2023-03-01 07:00:00,,,,,,,,,,,,,,,,,,,,,0.0,,,
2023-03-01 08:00:00,,,,,,,,,,,,,,,,,,,,,0.0,,,
2023-03-01 09:00:00,18.38,31.5,0.67,1.03,0.93,0.38,1.43,0.2,1.07,0.02,,,,0.04,0.05,26.56,45.41,1.04,159.71,0.0,0.0,105.51,997.57,
2023-03-01 10:00:00,8.6875,31.5,0.67,1.03,0.93,0.38,1.43,0.27999999999999997,1.07,0.0325,,,,0.057499999999999996,0.0675,28.9325,43.9875,0.4425,137.745,0.0,0.0,87.47500000000001,997.0225,
2023-03-01 11:00:00,20.8425,71.72,0.67,1.03,0.93,0.38,1.43,0.2925,1.07,0.0325,,,,0.06,0.07,30.5275,42.5975,0.5225,138.305,0.0,0.0,193.9275,995.9449999999999,
2023-03-01 12:00:00,41.97,62.9525,0.67,1.03,0.93,0.38,1.43,0.28500000000000003,1.07,0.03,,,,0.06,0.07,30.78,40.7525,0.625,142.0025,0.0,0.0,204.1575,994.6125,
2023-03-01 13:00:00,30.9975,54.515,0.67,1.03,0.93,0.38,1.43,0.2875,1.07,0.03,,,,0.06,0.07,31.555,38.2775,0.565,154.4375,0.0,0.0,191.2175,993.4975,
2023-03-01 14:00:00,27.810000000000002,52.0775,0.67,1.03,0.93,0.38,1.43,0.2875,1.07,0.03,,,,0.06,0.07,30.4075,40.629999999999995,0.575,123.405,0.0,0.0,131.4175,992.8675,
2023-03-01 15:00:00,27.39,40.66,0.67,1.03,0.93,0.38,1.43,0.3,1.07,0.0325,,,,0.0625,0.07250000000000001,28.7775,43.769999999999996,0.5425,123.8125,0.0,0.0,68.0625,992.425,
2023-03-01 16:00:00,25.405,35.72,0.67,1.03,0.93,0.38,1.43,0.29,1.07,0.0325,,,,0.057499999999999996,0.0675,26.317500000000003,51.0775,0.35750000000000004,211.27,0.0,0.0,14.38,992.4749999999999,
2023-03-01 17:00:00,21.905,36.0,0.67,1.03,0.93,0.38,1.43,0.28250000000000003,1.07,0.0325,,,,0.0575,0.065,22.8875,64.22,0.27,187.7825,0.0,0.0,1.66,992.8325,
2023-03-01 18:00:00,19.2075,33.64,0.67,1.03,0.93,0.38,1.43,0.4325,1.07,0.0525,,,,0.085,0.10250000000000001,21.03,70.2375,0.31,213.785,0.0,0.0,,993.43,
2023-03-01 19:00:00,33.655,53.86,0.67,1.03,0.93,0.38,1.43,0.52,1.07,0.060000000000000005,,,,0.10500000000000001,0.125,20.275,73.845,0.415,200.2425,0.0,0.0,,994.39,
2023-03-01 20:00:00,55.375,83.0625,0.67,1.03,0.93,0.38,1.43,0.745,1.07,0.09,,,,0.1475,0.1825,19.685,76.72,0.575,221.9,0.0,0.0,,995.075,
2023-03-01 21:00:00,53.84,89.8925,0.67,1.03,0.93,0.38,1.43,0.6125,1.07,0.0775,,,,0.1225,0.145,17.947499999999998,83.015,0.29000000000000004,189.51,0.0,0.0,,995.225,
2023-03-01 22:00:00,51.5675,84.89,0.67,1.03,0.93,0.38,1.43,0.6425,1.07,0.0775,,,,0.13,0.1575,17.6325,84.5625,0.45999999999999996,194.9325,0.0,0.0,,995.125,
2023-03-01 23:00:00,43.876666666666665,73.0,0.67,1.03,0.93,0.38000000000000006,1.43,0.5800000000000001,1.07,0.06666666666666667,,,,0.11,0.14,17.12666666666667,86.39333333333333,0.43,179.79333333333332,0.0,0.0,,994.87,
2023-03-02 00:00:00,32.346666666666664,49.873333333333335,0.67,1.03,0.93,0.38000000000000006,1.43,0.44333333333333336,1.07,0.05333333333333334,,,,0.095,0.11,16.830000000000002,85.48,0.5475,222.7525,0.0,0.0,,994.2225,
2023-03-02 01:00:00,28.59,50.485,0.67,1.03,0.93,0.38,1.43,0.4,1.07,0.0475,,,,0.0775,0.095,16.7925,85.09,0.4875,238.56750000000002,0.0,0.0,,993.9725,
2023-03-02 02:00:00,22.2925,38.792500000000004,0.67,1.03,0.93,0.38,1.43,0.35,1.07,0.04,,,,0.07,0.0825,16.84,85.005,0.3,229.4875,0.0,0.0,,993.735,
2023-03-02 03:00:00,21.78,34.875,0.67,1.03,0.93,0.38,1.43,0.32,1.07,0.04,,,,0.0625,0.07250000000000001,16.865000000000002,85.5375,0.265,175.34,0.0,0.0,,993.52,
2023-03-02 04:00:00,25.28,40.875,0.67,1.03,0.93,0.38,1.43,0.3025,1.07,0.0325,,,,0.06,0.07,16.2475,87.56,0.395,226.07999999999998,0.0,0.0,,993.8475,
2023-03-02 05:00:00,25.59,39.9375,0.67,1.03,0.93,0.38,1.43,0.2725,1.07,0.03,,,,0.055,0.065,15.4925,89.795,0.27,199.37,0.0,0.0,2.66,994.475,
2023-03-02 06:00:00,27.405,46.0325,0.67,1.03,0.93,0.38,1.43,0.3225,1.07,0.0375,,,,0.065,0.0775,16.237499999999997,88.8775,0.27249999999999996,200.9075,0.0,0.0,40.9775,995.35,
2023-03-02 07:00:00,30.595,56.6725,0.67,1.03,0.93,0.38,1.43,0.3625,1.07,0.0425,,,,0.07250000000000001,0.09,18.7,79.14500000000001,0.3975,188.24,0.0,0.0,96.5825,996.3,
2023-03-02 08:00:00,34.875,55.8275,0.67,1.03,0.93,0.38,1.43,0.355,1.07,0.04,,,,0.07,0.0825,24.065,60.39,0.315,150.9525,0.0,0.0,207.295,996.9075,
2023-03-02 09:00:00,36.0,54.8025,0.67,1.03,0.93,0.38,1.43,0.33,1.07,0.04,,,,0.07,0.08,27.9,48.957499999999996,0.3675,127.50999999999999,0.0,0.0,197.375,996.9775,
2023-03-02 10:00:00,27.805,50.3025,0.67,1.03,0.93,0.38,1.43,0.32,1.07,0.04,,,,0.065,0.07500000000000001,29.645,44.9825,0.45499999999999996,131.845,0.0,0.0,122.175,996.44,
2023-03-02 11:00:00,41.0,61.5,0.67,1.03,0.93,0.38,1.43,0.31,1.07,0.04,,,,0.06,0.07,30.53,43.15,0.28,182.82,0.0,0.0,132.02,995.81,
2023-03-02 12:00:00,,,,,,,,,,,,,,,,,,,,,0.0,,,
2023-03-02 13:00:00,,,,,,,,,,,,,,,,,,,,,0.0,,,
2023-03-02 14:00:00,,,,,,,,,,,,,,,,,,,,,0.0,,,
2023-03-02 15:00:00,,,,,,,,,,,,,,,,,,,,,0.0,,,
2023-03-02 16:00:00,,,,,,,,,,,,,,,,,,,,,0.0,,,
2023-03-02 17:00:00,,,,,,,,,,,,,,,,,,,,,0.0,,,
2023-03-02 18:00:00,,,,,,,,,,,,,,,,,,,,,0.0,,,
2023-03-02 19:00:00,,,,,,,,,,,,,,,,,,,,,0.0,,,
2023-03-02 20:00:00,,,,,,,,,,,,,,,,,,,,,0.0,,,
2023-03-02 21:00:00,,,,,,,,,,,,,,,,,,,,,0.0,,,
2023-03-02 22:00:00,,,,,,,,,,,,,,,,,,,,,0.0,,,
2023-03-02 23:00:00,,,,,,,,,,,,,,,,,,,,,0.0,,,
2023-03-03 00:00:00,,,,,,,,,,,,,,,,,,,,,0.0,,,
2023-03-03 01:00:00,,,,,,,,,,,,,,,,,,,,,0.0,,,
2023-03-03 02:00:00,,,,,,,,,,,,,,,,,,,,,0.0,,,
2023-03-03 03:00:00,,,,,,,,,,,,,,,,,,,,,0.0,,,
2023-03-03 04:00:00,,,,,,,,,,,,,,,,,,,,,0.0,,,
2023-03-03 05:00:00,,,,,,,,,,,,,,,,,,,,,0.0,,,
2023-03-03 06:00:00,,,,,,,,,,,,,,,,,,,,,0.0,,,
2023-03-03 07:00:00,,,,,,,,,,,,,,,,,,,,,0.0,,,
2023-03-03 08:00:00,,,,,,,,,,,,,,,,,,,,,0.0,,,
2023-03-03 09:00:00,,,,,,,,,,,,,,,,,,,,,0.0,,,
2023-03-03 10:00:00,,,,,,,,,,,,,,,,,,,,,0.0,,,
2023-03-03 11:00:00,17.06,34.0,0.67,1.03,0.93,0.38,1.43,0.2875,1.07,0.0325,,,,0.055,0.0675,30.62,41.9125,0.65,126.7775,0.0,0.0,188.6025,994.6175000000001,
2023-03-03 12:00:00,17.3125,58.5,0.67,1.03,0.93,0.38,1.43,0.2875,1.07,0.03,,,,0.06,0.07,32.2625,39.692499999999995,0.4575,150.22,0.0,0.0,197.1275,993.415,
2023-03-03 13:00:00,37.78,62.2975,0.67,1.03,0.93,0.38,1.43,0.29,1.07,0.03,,,,0.06,0.07,33.1225,38.525,0.43,133.24,0.0,0.0,186.21,992.1825,
2023-03-03 14:00:00,29.03,58.265,0.67,1.03,0.93,0.38,1.43,0.29,1.07,0.03,,,,0.06,0.07,33.385000000000005,37.010000000000005,0.3725,157.035,0.0,0.0,143.14499999999998,991.495,
2023-03-03 15:00:00,32.07,56.39,0.67,1.03,0.93,0.38,1.43,0.29,1.07,0.03,,,,0.06,0.07,32.1275,38.207499999999996,0.35250000000000004,130.9075,0.0,0.0,94.6175,991.2875,
2023-03-03 16:00:00,31.065,54.7025,0.67,1.03,0.93,0.38,1.43,0.2775,1.07,0.03,,,,0.057499999999999996,0.0675,28.4775,49.09,0.335,133.22,0.0,0.0,30.87,991.3175,
2023-03-03 17:00:00,35.125,56.2025,0.67,1.03,0.93,0.38,1.43,0.42500000000000004,1.07,0.0475,,,,0.08,0.10250000000000001,23.1875,63.4625,0.29000000000000004,176.7175,0.0,0.0,1.53,991.74,
2023-03-03 18:00:00,35.4375,58.405,0.67,1.03,0.93,0.38,1.43,0.5900000000000001,1.07,0.07,,,,0.12,0.14250000000000002,20.91,72.33500000000001,0.3025,194.18,0.0,0.0,,992.7975,
2023-03-03 19:00:00,63.167500000000004,100.0775,0.67,1.03,0.93,0.38,1.43,0.9025000000000001,1.07,0.11,,,,0.18,0.2175,20.1225,76.3575,0.36,202.9225,0.0,0.0,,993.9575,
2023-03-03 20:00:00,80.125,132.845,0.67,1.03,0.93,0.38,1.43,0.7875,1.07,0.0925,,,,0.1575,0.1875,19.14,79.785,0.3225,164.875,0.0,0.0,,994.555,
2023-03-03 21:00:00,61.6075,95.765,0.67,1.03,0.93,0.38,1.43,0.835,1.07,0.0975,,,,0.165,0.2,17.89,84.6775,0.3775,187.305,0.0,0.0,,994.8525,
2023-03-03 22:00:00,55.095,91.875,0.67,1.03,0.93,0.38,1.43,0.845,1.07,0.1,,,,0.165,0.2,17.6525,86.8175,0.5175,212.125,0.0,0.0,,994.865,
2023-03-03 23:00:00,61.919999999999995,110.11,0.67,1.03,0.93,0.38000000000000006,1.43,0.68,1.07,0.08,,,,0.13333333333333333,0.16666666666666666,17.346666666666668,87.36666666666667,0.37999999999999995,196.74666666666667,0.0,0.0,,994.7966666666666,
2023-03-04 00:00:00,49.876666666666665,81.62666666666667,0.67,1.03,0.93,0.38000000000000006,1.43,0.5433333333333333,1.07,0.06333333333333334,,,,0.11,0.1325,16.6075,89.6775,0.27749999999999997,176.44,0.0,0.0,,994.3025,
2023-03-04 01:00:00,37.3775,60.1875,0.67,1.03,0.93,0.38,1.43,0.46,1.07,0.052500000000000005,,,,0.09,0.11,16.36,90.095,0.32499999999999996,165.7775,0.0,0.0,,993.8775,
2023-03-04 02:00:00,30.5325,49.97,0.67,1.03,0.93,0.38,1.43,0.3875,1.07,0.0475,,,,0.07500000000000001,0.0925,16.072499999999998,89.975,0.22999999999999998,151.79000000000002,0.0,0.0,,993.665,
2023-03-04 03:00:00,25.575,44.8125,0.67,1.03,0.93,0.38,1.43,0.3675,1.07,0.04,,,,0.07,0.09,15.5725,91.95,0.2425,168.6275,0.0,0.0,,993.675,
2023-03-04 04:00:00,29.1725,51.75,0.67,1.03,0.93,0.38,1.43,0.305,1.07,0.035,,,,0.06,0.07,15.22,92.035,0.265,155.6925,0.0,0.0,,994.1025,
2023-03-04 05:00:00,30.09,54.375,0.67,1.03,0.93,0.38,1.43,0.315,1.07,0.0375,,,,0.0625,0.07250000000000001,14.870000000000001,93.1125,0.2025,229.82,0.0,0.0,4.3950000000000005,994.54,
2023-03-04 06:00:00,34.3475,54.845,0.67,1.03,0.93,0.38,1.43,0.3725,1.07,0.045,,,,0.07250000000000001,0.09,15.825,91.635,0.31,207.065,0.0,0.0,61.85,995.21,
2023-03-04 07:00:00,31.905,64.875,0.67,1.03,0.93,0.38,1.43,0.4125,1.07,0.0475,,,,0.0875,0.0975,19.7925,77.385,0.41500000000000004,127.275,0.0,0.0,150.79,996.0225,
2023-03-04 08:00:00,34.085,62.625,0.67,1.03,0.93,0.38,1.43,0.40249999999999997,1.07,0.05,,,,0.0825,0.1,24.564999999999998,61.504999999999995,0.465,160.19,0.0,0.0,205.4775,996.485,
2023-03-04 09:00:00,41.985,64.6875,0.67,1.03,0.93,0.38,1.43,0.38,1.07,0.045,,,,0.07500000000000001,0.0925,28.55,48.519999999999996,0.4175,108.61,0.0,0.0,199.23499999999999,996.54,
2023-03-04 10:00:00,35.655,57.28,0.67,1.03,0.93,0.38,1.43,0.3475,1.07,0.04,,,,0.07,0.08,30.315,44.3575,0.4625,128.995,0.0,0.0,73.82499999999999,995.9075,
2023-03-04 11:00:00,34.06,56.015,0.67,1.03,0.93,0.38,1.43,0.3125,1.07,0.04,,,,0.0625,0.07250000000000001,32.2275,39.75,0.4975,122.0125,0.0,0.0,185.3825,994.5899999999999,
2023-03-04 12:00:00,37.2325,59.2975,0.67,1.03,0.93,0.38,1.43,0.2925,1.07,0.035,,,,0.06,0.07,32.7725,38.97,0.505,140.9275,0.0,0.0,212.4375,993.05,
2023-03-04 13:00:00,29.09,45.4225,0.67,1.03,0.93,0.38,1.43,0.2875,1.07,0.03,,,,0.06,0.07,34.0475,36.277499999999996,0.4875,165.2425,0.0,0.0,187.3225,991.65,
2023-03-04 14:00:00,25.125,40.125,0.67,1.03,0.93,0.38,1.43,0.3,1.07,0.035,,,,0.06,0.07250000000000001,34.332499999999996,34.6625,0.45999999999999996,152.14749999999998,0.0,0.0,137.6975,990.76,
2023-03-04 15:00:00,25.9675,47.5325,0.67,1.03,0.93,0.38,1.43,0.3275,1.07,0.04,,,,0.0675,0.0775,31.8925,41.665,0.3325,193.20499999999998,0.0,0.0,52.135000000000005,990.3425,
2023-03-04 16:00:00,35.2625,63.9375,0.67,1.03,0.93,0.38,1.43,0.3125,1.07,0.04,,,,0.0625,0.07250000000000001,28.0775,53.675,0.385,156.35750000000002,0.0,0.0,20.1575,990.495,
2023-03-04 17:00:00,41.36,67.875,0.67,1.03,0.93,0.38,1.43,0.375,1.07,0.045,,,,0.07500000000000001,0.09,24.9225,63.13,0.3075,146.33249999999998,0.0,0.0,1.2349999999999999,990.7950000000001,
2023-03-04 18:00:00,38.875,60.28,0.67,1.03,0.93,0.38,1.43,0.5925,1.07,0.07,,,,0.12,0.14250000000000002,22.88,71.25,0.1825,217.8,0.0,0.0,,991.485,
2023-03-04 19:00:00,46.8775,72.1875,0.67,1.03,0.93,0.38,1.43,0.7525,1.07,0.0925,,,,0.15,0.1825,21.2475,77.6225,0.29500000000000004,197.945,0.0,0.0,,992.3925,
2023-03-04 20:00:00,51.235,92.015,0.67,1.03,0.93,0.38,1.43,0.8625,1.07,0.10500000000000001,,,,0.1725,0.21000000000000002,20.59,79.5775,0.45499999999999996,196.3925,0.0,0.0,,993.15,
2023-03-04 21:00:00,57.1525,97.9225,0.67,1.03,0.93,0.38,1.43,0.8775,1.07,0.10500000000000001,,,,0.17500000000000002,0.20750000000000002,19.9125,81.255,0.4125,195.5775,0.0,0.0,,993.3375000000001,
2023-03-04 22:00:00,60.795,110.72,0.67,1.03,0.93,0.38,1.43,0.8325,1.07,0.1,,,,0.1675,0.2,19.28,82.9425,0.4525,200.9675,0.0,0.0,,993.2875,
2023-03-04 23:00:00,74.66666666666667,102.18666666666667,0.67,1.03,0.93,0.38000000000000006,1.43,0.7200000000000001,1.07,0.08333333333333333,,,,0.14333333333333334,0.17333333333333334,18.84,84.06,0.38666666666666666,243.08,0.0,0.0,,993.11,
2023-03-05 00:00:00,40.07333333333333,83.81333333333333,0.67,1.03,0.93,0.38000000000000006,1.43,0.5933333333333334,1.07,0.07,,,,0.12,0.14,18.25,85.33250000000001,0.28,166.7025,0.0,0.0,,992.4925,
2023-03-05 01:00:00,42.375,61.875,0.67,1.03,0.93,0.38,1.43,0.5125,1.07,0.06,,,,0.10250000000000001,0.1225,17.8425,85.945,0.3175,213.6,0.0,0.0,,991.9,
2023-03-05 02:00:00,33.4675,56.25,0.67,1.03,0.93,0.38,1.43,0.4325,1.07,0.052500000000000005,,,,0.0875,0.10250000000000001,17.950000000000003,85.64,0.33999999999999997,200.8075,0.0,0.0,,991.575,
2023-03-05 03:00:00,25.25,50.345,0.67,1.03,0.93,0.38,1.43,0.395,1.07,0.0475,,,,0.0775,0.095,17.715,86.3275,0.3375,136.29500000000002,0.0,0.0,,991.7025,
2023-03-05 04:00:00,23.1125,46.625,0.67,1.03,0.93,0.38,1.43,0.34,1.07,0.04,,,,0.07,0.08,17.6025,85.0925,0.345,175.11499999999998,0.0,0.0,,992.1525,
2023-03-05 05:00:00,33.93,54.0475,0.67,1.03,0.93,0.38,1.43,0.3325,1.07,0.04,,,,0.065,0.07500000000000001,17.4425,86.3925,0.44499999999999995,219.42000000000002,0.0,0.0,3.255,992.8925,
2023-03-05 06:00:00,25.99,43.64,0.67,1.03,0.93,0.38,1.43,0.33499999999999996,1.07,0.04,,,,0.0675,0.08,17.95,85.5225,0.24,204.21249999999998,0.0,0.0,26.6925,993.6700000000001,
2023-03-05 07:00:00,23.5,39.47,0.67,1.03,0.93,0.38,1.43,0.4125,1.07,0.0475,,,,0.0825,0.1,20.5325,78.105,0.3025,160.86,0.0,0.0,81.505,994.6,
2023-03-05 08:00:00,30.697499999999998,52.8275,0.67,1.03,0.93,0.38,1.43,0.435,1.07,0.052500000000000005,,,,0.0875,0.10250000000000001,23.57,66.9375,0.32,180.6525,0.0,0.0,98.74,995.065,
2023-03-05 09:00:00,34.625,57.5625,0.67,1.03,0.93,0.38,1.43,0.415,1.07,0.05,,,,0.08499999999999999,0.1,27.4125,54.3925,0.3275,127.53,0.0,0.0,158.94,995.0425,
2023-03-05 10:00:00,40.28,62.2975,0.67,1.03,0.93,0.38,1.43,0.36,1.07,0.04,,,,0.07,0.0875,29.41,47.6125,0.37,171.945,0.0,0.0,124.5875,994.3075,
2023-03-05 11:00:00,36.0,55.875,0.67,1.03,0.93,0.38,1.43,0.3275,1.07,0.04,,,,0.0675,0.07500000000000001,31.425,43.74,0.36750000000000005,117.07,0.0,0.0,202.8425,993.18,
2023-03-05 12:00:00,30.79,47.39,0.67,1.03,0.93,0.38,1.43,0.3075,1.07,0.04,,,,0.06,0.07,33.0475,40.3125,0.585,122.035,0.0,0.0,222.1125,991.6475,
2023-03-05 13:00:00,23.39,40.78,0.67,1.03,0.93,0.38,1.43,0.3,1.07,0.04,,,,0.06,0.07,32.4975,40.78,0.625,167.3775,0.0,0.0,172.435,990.145,
2023-03-05 14:00:00,22.785,41.625,0.67,1.03,0.93,0.38,1.43,0.3175,1.07,0.04,,,,0.06,0.07250000000000001,32.2075,41.6,0.495,146.025,0.0,0.0,125.195,989.065,
2023-03-05 15:00:00,26.747500000000002,47.2975,0.67,1.03,0.93,0.38,1.43,0.32,1.07,0.04,,,,0.0625,0.07,31.6225,42.8875,0.4225,131.9675,0.0,0.0,83.30499999999999,988.5275,
2023-03-05 16:00:00,25.5625,43.735,0.67,1.03,0.93,0.38,1.43,0.305,1.07,0.04,,,,0.06,0.07,28.8625,50.385,0.395,156.1775,0.0,0.0,25.8025,988.6025,
2023-03-05 17:00:00,29.1325,44.905,0.67,1.03,0.93,0.38,1.43,0.3925,1.07,0.0475,,,,0.0775,0.095,25.2175,63.13249999999999,0.325,118.0325,0.0,0.0,2.72,989.0575,
2023-03-05 18:00:00,30.23,50.625,0.67,1.03,0.93,0.38,1.43,0.6325000000000001,1.07,0.075,,,,0.1275,0.155,23.1675,72.0525,0.28500000000000003,170.91750000000002,0.0,0.0,,989.5699999999999,
2023-03-05 19:00:00,36.6325,63.4375,0.67,1.03,0.93,0.38,1.43,0.6125,1.07,0.07,,,,0.1225,0.15,22.317500000000003,75.27,0.2875,193.67000000000002,0.0,0.0,,990.5425,
2023-03-05 20:00:00,31.9175,60.9375,0.67,1.03,0.93,0.38,1.43,0.6925,1.07,0.0825,,,,0.1375,0.1675,22.08,76.035,0.42,246.2625,0.0,0.0,,991.2149999999999,
2023-03-05 21:00:00,38.625,61.25,0.67,1.03,0.93,0.38,1.43,0.8275,1.07,0.10250000000000001,,,,0.1625,0.2,21.84,78.33,0.4375,238.10250000000002,0.0,0.0,,991.6125,
2023-03-05 22:00:00,49.5325,79.25,0.67,1.03,0.93,0.38,1.43,0.7424999999999999,1.07,0.09,,,,0.1475,0.1775,21.535,79.3125,0.66,212.0925,0.0,0.0,,991.6175000000001,
2023-03-05 23:00:00,53.01,89.5,0.67,1.03,0.93,0.38000000000000006,1.43,0.62,1.07,0.07,,,,0.12333333333333334,0.15,21.063333333333333,81.27333333333333,0.5566666666666666,249.62333333333333,0.0,0.0,,991.4133333333333,
2023-03-06 00:00:00,37.735,69.0,0.67,1.03,0.93,0.38000000000000006,1.43,0.5166666666666667,1.07,0.06333333333333334,,,,0.105,0.1275,20.8675,81.255,0.56,199.14249999999998,0.0,0.0,,990.9399999999999,
2023-03-06 01:00:00,34.8925,60.1875,0.67,1.03,0.93,0.38,1.43,0.4425,1.07,0.055,,,,0.0875,0.1075,20.932499999999997,80.0275,0.5325,214.455,0.0,0.0,,990.39,
2023-03-06 02:00:00,27.4575,47.25,0.67,1.03,0.93,0.38,1.43,0.395,1.07,0.0475,,,,0.0775,0.095,20.5675,82.04249999999999,0.23,140.5975,0.0,0.0,,990.0275,
2023-03-06 03:00:00,24.0925,40.1875,0.67,1.03,0.93,0.38,1.43,0.38,1.07,0.045,,,,0.07500000000000001,0.09,19.895,84.375,0.41,199.215,0.0,0.0,,989.885,
2023-03-06 04:00:00,23.0,36.0,0.67,1.03,0.93,0.38,1.43,0.355,1.07,0.04,,,,0.07,0.08499999999999999,19.91,85.57,0.62,174.1525,0.0,0.0,,990.5475,
2023-03-06 05:00:00,23.6075,38.875,0.67,1.03,0.93,0.38,1.43,0.3425,1.07,0.04,,,,0.07,0.08,19.41,89.815,0.3175,190.0575,0.0,0.0,1.39,991.36,
2023-03-06 06:00:00,26.78,41.25,0.67,1.03,0.93,0.38,1.43,0.3225,1.07,0.04,,,,0.0625,0.07250000000000001,19.5,90.0,0.20500000000000002,179.4875,0.0,0.0,9.2175,992.37,
2023-03-06 07:00:00,21.0175,33.25,0.67,1.03,0.93,0.38,1.43,0.3525,1.07,0.04,,,,0.07250000000000001,0.08499999999999999,21.0825,84.2175,0.2975,150.8,0.0,0.0,49.5775,993.2975,
2023-03-06 08:00:00,24.7925,40.5625,0.67,1.03,0.93,0.38,1.43,0.36,1.07,0.04,,,,0.07,0.0875,22.605,76.0325,0.315,157.4325,0.0,0.0,60.85,993.8775,
2023-03-06 09:00:00,29.1,45.9375,0.67,1.03,0.93,0.38,1.43,0.3475,1.07,0.04,,,,0.07,0.08,24.385,69.16,0.39,102.955,0.0,0.0,119.35,993.94,
2023-03-06 10:00:00,26.25,45.1075,0.67,1.03,0.93,0.38,1.43,0.3475,1.07,0.04,,,,0.07,0.08,26.165,63.1175,0.44999999999999996,143.9375,0.0,0.0,92.99249999999999,993.605,
2023-03-06 11:00:00,26.8125,44.2025,0.67,1.03,0.93,0.38,1.43,0.3375,1.07,0.04,,,,0.07,0.08,25.052500000000002,65.7775,0.515,110.755,0.0,0.0,50.557500000000005,992.89,
2023-03-06 12:00:00,25.5625,38.345,0.67,1.03,0.93,0.38,1.43,0.3325,1.07,0.04,,,,0.07,0.08,24.12,70.44749999999999,0.4475,117.1075,0.0,0.0,75.4825,991.8375,
2023-03-06 13:00:00,16.9225,31.595,0.67,1.03,0.93,0.38,1.43,0.3025,1.07,0.04,,,,0.06,0.07,25.2775,64.1675,0.435,102.235,0.0,0.0,78.7475,990.4675,
2023-03-06 14:00:00,15.399999999999999,26.4375,0.67,1.03,0.93,0.38,1.43,0.2925,1.07,0.0325,,,,0.06,0.07,25.91,60.285,0.515,129.83,0.0,0.0,75.34,989.1,
2023-03-06 15:00:00,18.0925,28.9225,0.67,1.03,0.93,0.38,1.43,0.3125,1.07,0.04,,,,0.0625,0.07250000000000001,24.7875,65.94,0.45249999999999996,127.7675,0.0,0.0,29.435000000000002,988.25,
2023-03-06 16:00:00,21.5325,34.3125,0.67,1.03,0.93,0.38,1.43,0.36,1.07,0.04,,,,0.07,0.08499999999999999,23.8175,71.8175,0.3775,122.66499999999999,0.0,0.0,5.9750000000000005,988.65,
2023-03-06 17:00:00,22.61,41.11,0.67,1.03,0.93,0.38,1.43,0.40249999999999997,1.07,0.0475,,,,0.08,0.0975,22.7525,77.0425,0.4475,131.4775,0.0,0.0,0.03,989.3775,
2023-03-06 18:00:00,27.8825,45.61,0.67,1.03,0.93,0.38,1.43,0.4375,1.07,0.052500000000000005,,,,0.0875,0.10750000000000001,21.585,82.0975,0.32999999999999996,139.935,0.0,0.0,,989.9075,
2023-03-06 19:00:00,32.4075,48.28,0.67,1.03,0.93,0.38,1.43,0.5874999999999999,1.07,0.07,,,,0.1175,0.14250000000000002,20.4875,86.88250000000001,0.35,187.5225,0.0,0.0,,990.4725,
2023-03-06 20:00:00,34.845,55.5,0.67,1.03,0.93,0.38,1.43,0.5325,1.07,0.065,,,,0.1075,0.13,20.53,85.4575,0.415,184.17000000000002,0.0,0.0,,991.0525,
2023-03-06 21:00:00,35.095,58.3125,0.67,1.03,0.93,0.38,1.43,0.6375,1.07,0.07500000000000001,,,,0.125,0.15,20.305,86.33,0.55,226.245,0.0,0.0,,991.1524999999999,
2023-03-06 22:00:00,33.97,57.985,0.67,1.03,0.93,0.38,1.43,0.625,1.07,0.075,,,,0.1225,0.15,20.0375,86.765,0.3225,202.01,0.0,0.0,,991.15,
2023-03-06 23:00:00,25.99,53.56333333333333,0.67,1.03,0.93,0.38000000000000006,1.43,0.5433333333333333,1.07,0.06666666666666667,,,,0.10666666666666667,0.13333333333333333,19.59,88.67,0.25666666666666665,203.2733333333333,0.0,0.0,,991.0266666666666,
2023-03-07 00:00:00,31.416666666666668,51.373333333333335,0.67,1.03,0.93,0.38000000000000006,1.43,0.5666666666666668,1.07,0.06666666666666667,,,,0.11499999999999999,0.14,19.595,88.4675,0.42000000000000004,163.3725,0.0,0.0,,990.9125,
2023-03-07 01:00:00,33.9025,52.22,0.67,1.03,0.93,0.38,1.43,0.5425,1.07,0.0625,,,,0.10250000000000001,0.1275,19.5425,88.2575,0.6075,188.745,0.0,0.0,,990.8775,
2023-03-07 02:00:00,29.8125,46.265,0.67,1.03,0.93,0.38,1.43,0.4575,1.07,0.055,,,,0.095,0.1075,19.1875,88.5175,0.3375,199.32999999999998,0.0,0.0,,990.7125,
2023-03-07 03:00:00,23.515,37.405,0.67,1.03,0.93,0.38,1.43,0.395,1.07,0.05,,,,0.08,0.095,18.62,90.8575,0.18250000000000002,155.1675,0.0,0.0,,990.785,
2023-03-07 04:00:00,20.5,33.5625,0.67,1.03,0.93,0.38,1.43,0.37,1.07,0.04,,,,0.07,0.09,18.0125,92.2675,0.21000000000000002,204.485,0.0,0.0,,991.355,
2023-03-07 05:00:00,21.195,32.53,0.67,1.03,0.93,0.38,1.43,0.36,1.07,0.04,,,,0.07,0.0825,17.9575,93.325,0.3,185.6875,0.0,0.0,1.35,992.2625,
2023-03-07 06:00:00,19.845,33.045,0.67,1.03,0.93,0.38,1.43,0.39,1.07,0.05,,,,0.08,0.0975,18.6375,91.5575,0.3325,149.6625,0.0,0.0,8.15,993.255,
2023-03-07 07:00:00,24.345,41.11,0.67,1.03,0.93,0.38,1.43,0.42,1.07,0.05,,,,0.08499999999999999,0.10250000000000001,19.94,87.135,0.21250000000000002,154.89499999999998,0.0,0.0,33.675,994.0825,
2023-03-07 08:00:00,29.845,47.39,0.67,1.03,0.93,0.38,1.43,0.51,1.07,0.0625,,,,0.10250000000000001,0.12,23.575,73.705,0.3225,174.385,0.0,0.0,177.81,994.51,
2023-03-07 09:00:00,36.655,58.36,0.67,1.03,0.93,0.38,1.43,0.4,1.07,0.0475,,,,0.08,0.0975,27.4025,54.7925,0.4625,141.48,0.0,0.0,169.7425,994.7025,
2023-03-07 10:00:00,36.7825,58.265,0.67,1.03,0.93,0.38,1.43,0.3525,1.07,0.04,,,,0.07,0.08499999999999999,27.235,54.38,0.4325,112.1025,0.0,0.0,121.57,994.4775,
2023-03-07 11:00:00,29.095,48.375,0.67,1.03,0.93,0.38,1.43,0.3425,1.07,0.04,,,,0.07,0.08,27.7,52.8525,0.5149999999999999,143.345,0.0,0.0,149.9925,993.8000000000001,
2023-03-07 12:00:00,29.622500000000002,49.3125,0.67,1.03,0.93,0.38,1.43,0.335,1.07,0.04,,,,0.07,0.0825,27.73,50.589999999999996,0.735,145.915,0.0,0.0,141.7225,992.69,
2023-03-07 13:00:00,30.875,47.81,0.67,1.03,0.93,0.38,1.43,0.365,1.07,0.04,,,,0.07,0.0875,27.17,52.5325,0.7225,139.07,0.0,0.0,98.37,991.7225,
2023-03-07 14:00:00,26.455,46.78,0.67,1.03,0.93,0.38,1.43,0.3475,1.07,0.04,,,,0.07,0.08,28.08,51.0025,0.49,145.1125,0.0,0.0,106.8625,991.0,
2023-03-07 15:00:00,24.0925,42.7025,0.67,1.03,0.93,0.38,1.43,0.3375,1.07,0.04,,,,0.07,0.08,27.83,51.7525,0.5975,130.87,0.0,0.0,76.88499999999999,990.39,
2023-03-07 16:00:00,24.205,42.7975,0.67,1.03,0.93,0.38,1.43,0.34750000000000003,1.07,0.04,,,,0.07,0.0825,26.5875,56.0075,0.31,187.52,0.0,0.0,33.7775,990.35,
2023-03-07 17:00:00,27.689999999999998,41.625,0.67,1.03,0.93,0.38,1.43,0.34750000000000003,1.07,0.04,,,,0.07,0.0825,22.7675,70.1575,0.2925,166.4375,0.0,0.0,2.2800000000000002,990.8875,
2023-03-07 18:00:00,25.72,38.5775,0.67,1.03,0.93,0.38,1.43,0.4575,1.07,0.055,,,,0.0925,0.11,20.4825,79.7425,0.245,171.29500000000002,0.0,0.0,,991.795,
2023-03-07 19:00:00,27.92,44.92,0.67,1.03,0.93,0.38,1.43,0.705,1.07,0.085,,,,0.14,0.17,19.2275,85.52,0.24,167.94,0.0,0.0,,992.65,
2023-03-07 20:00:00,33.1575,59.9525,0.67,1.03,0.93,0.38,1.43,0.855,1.07,0.10250000000000001,,,,0.1675,0.2025,18.439999999999998,88.745,0.2525,208.04250000000002,0.0,0.0,,993.1949999999999,
2023-03-07 21:00:00,43.4325,71.8125,0.67,1.03,0.93,0.38,1.43,1.0,1.07,0.1175,,,,0.2,0.24,17.9575,90.515,0.3,208.975,0.0,0.0,,993.645,
2023-03-07 22:00:00,50.53,92.4375,0.67,1.03,0.93,0.38,1.43,0.845,1.07,0.10250000000000001,,,,0.1675,0.2025,17.835,90.5025,0.74,196.54999999999998,0.0,0.0,,993.9425,
2023-03-07 23:00:00,55.580000000000005,91.75,0.67,1.03,0.93,0.38000000000000006,1.43,0.6666666666666666,1.07,0.08333333333333333,,,,0.13333333333333333,0.16,17.633333333333333,89.97333333333334,0.7833333333333333,219.73000000000002,0.0,0.0,,994.0,
2023-03-08 00:00:00,45.75,68.62666666666667,0.67,1.03,0.93,0.38000000000000006,1.43,0.5533333333333333,1.07,0.06666666666666667,,,,0.11,0.135,17.4075,89.4425,0.445,232.49,0.0,0.0,,993.735,
2023-03-08 01:00:00,37.9425,62.2975,0.67,1.03,0.93,0.38,1.43,0.4875,1.07,0.06,,,,0.0975,0.115,17.09,89.815,0.445,221.57750000000001,0.0,0.0,,993.36,
2023-03-08 02:00:00,32.515,52.36,0.67,1.03,0.93,0.38,1.43,0.4425,1.07,0.052500000000000005,,,,0.09,0.10500000000000001,16.5975,91.1175,0.32,220.6875,0.0,0.0,,992.99,
2023-03-08 03:00:00,21.345,39.375,0.67,1.03,0.93,0.38,1.43,0.4,1.07,0.0475,,,,0.0775,0.0975,16.2175,92.14750000000001,0.3,207.4425,0.0,0.0,,992.8125,
2023-03-08 04:00:00,23.142500000000002,41.8125,0.67,1.03,0.93,0.38,1.43,0.3625,1.07,0.04,,,,0.07,0.0875,15.7825,93.02250000000001,0.275,143.6725,0.0,0.0,,993.415,
2023-03-08 05:00:00,24.1425,40.97,0.67,1.03,0.93,0.38,1.43,0.3575,1.07,0.04,,,,0.07,0.0875,15.5275,94.2725,0.40249999999999997,168.615,0.0,0.0,3.4433333333333334,994.0225,
2023-03-08 06:00:00,24.21,39.7025,0.67,1.03,0.93,0.38,1.43,0.37,1.07,0.0425,,,,0.07250000000000001,0.09,16.4375,91.205,0.40750000000000003,212.95,0.0,0.0,70.9875,994.6375,
2023-03-08 07:00:00,22.3425,37.265,0.67,1.03,0.93,0.38,1.43,0.3725,1.07,0.045,,,,0.07500000000000001,0.0925,19.8925,77.71,0.5650000000000001,175.3225,0.0,0.0,156.415,995.2574999999999,
2023-03-08 08:00:00,25.060000000000002,41.625,0.67,1.03,0.93,0.38,1.43,0.37,1.07,0.04,,,,0.07,0.09,24.3175,62.89,0.42500000000000004,152.6775,0.0,0.0,227.73250000000002,995.4175,
2023-03-08 09:00:00,27.765,47.2975,0.67,1.03,0.93,0.38,1.43,0.34,1.07,0.04,,,,0.07,0.08,29.134999999999998,49.1075,0.4275,129.0375,0.0,0.0,220.03,995.41,
2023-03-08 10:00:00,25.875,44.39,0.67,1.03,0.93,0.38,1.43,0.35,1.07,0.04,,,,0.07,0.0825,30.6475,46.067499999999995,0.4075,154.8625,0.0,0.0,77.5225,994.83,
2023-03-08 11:00:00,22.2175,44.815,0.67,1.03,0.93,0.38,1.43,0.3425,1.07,0.04,,,,0.07,0.08,32.3475,43.182500000000005,0.49,115.9575,0.0,0.0,191.09,993.725,
2023-03-08 12:00:00,29.4075,47.155,0.67,1.03,0.93,0.38,1.43,0.34,1.07,0.04,,,,0.07,0.08,33.5225,40.905,0.45499999999999996,144.17,0.0,0.0,195.4,992.2950000000001,
2023-03-08 13:00:00,27.4675,47.9525,0.67,1.03,0.93,0.38,1.43,0.35,1.07,0.04,,,,0.07,0.08,34.192499999999995,39.405,0.5125,123.2025,0.0,0.0,172.3825,990.84,
2023-03-08 14:00:00,29.5925,48.7975,0.67,1.03,0.93,0.38,1.43,0.35,1.07,0.04,,,,0.07,0.08,34.510000000000005,39.445,0.39249999999999996,159.2775,0.0,0.0,147.515,990.0675,
2023-03-08 15:00:00,29.060000000000002,45.0,0.67,1.03,0.93,0.38,1.43,0.365,1.07,0.04,,,,0.07,0.0875,34.004999999999995,40.6525,0.3775,169.86,0.0,0.0,92.5025,989.7275,
2023-03-08 16:00:00,30.5625,45.845,0.67,1.03,0.93,0.38,1.43,0.3575,1.07,0.04,,,,0.07,0.0875,30.2325,50.71,0.38,166.4375,0.0,0.0,33.21,989.72,
2023-03-08 17:00:00,33.31,51.4225,0.67,1.03,0.93,0.38,1.43,0.3975,1.07,0.05,,,,0.08,0.1,24.995,66.2975,0.3825,146.2125,0.0,0.0,2.085,990.4225,
2023-03-08 18:00:00,34.14,58.3925,0.67,1.03,0.93,0.38,1.43,0.53,1.07,0.0625,,,,0.10750000000000001,0.13,22.7475,73.17,0.375,148.1725,0.0,0.0,,991.175,
2023-03-08 19:00:00,38.7,65.625,0.67,1.03,0.93,0.38,1.43,0.7625,1.07,0.0875,,,,0.15,0.185,21.535,78.1375,0.2775,224.48,0.0,0.0,,992.075,
2023-03-08 20:00:00,44.0,72.375,0.67,1.03,0.93,0.38,1.43,0.7825,1.07,0.095,,,,0.155,0.1925,20.4525,81.875,0.27,203.6875,0.0,0.0,,992.665,
2023-03-08 21:00:00,44.1125,75.1875,0.67,1.03,0.93,0.38,1.43,0.7975,1.07,0.0975,,,,0.16,0.1925,19.46,85.75,0.2675,227.285,0.0,0.0,,992.77,
2023-03-08 22:00:00,42.4825,69.89,0.67,1.03,0.93,0.38,1.43,0.755,1.07,0.08499999999999999,,,,0.14750000000000002,0.1775,18.872500000000002,87.72999999999999,0.3825,196.06,0.0,0.0,,992.64,
2023-03-08 23:00:00,39.123333333333335,66.62666666666667,0.67,1.03,0.93,0.38000000000000006,1.43,0.64,1.07,0.07666666666666667,,,,0.13,0.15666666666666665,18.44,88.08,0.49,172.53666666666666,0.0,0.0,,992.4033333333333,
2023-03-09 00:00:00,34.25,58.873333333333335,0.67,1.03,0.93,0.38000000000000006,1.43,0.52,1.07,0.06,,,,0.10750000000000001,0.13,17.9925,88.505,0.6,246.43,0.0,0.0,,991.9725000000001,
2023-03-09 01:00:00,29.3775,50.7175,0.67,1.03,0.93,0.38,1.43,0.44,1.07,0.05,,,,0.09,0.10500000000000001,17.92,86.07,0.545,242.0725,0.0,0.0,,991.455,
2023-03-09 02:00:00,30.2175,46.64,0.67,1.03,0.93,0.38,1.43,0.395,1.07,0.05,,,,0.08,0.095,17.259999999999998,88.77,0.42,206.555,0.0,0.0,,990.845,
2023-03-09 03:00:00,23.105,41.39,0.67,1.03,0.93,0.38,1.43,0.3675,1.07,0.0425,,,,0.07250000000000001,0.09,16.9425,89.1775,0.41250000000000003,214.68,0.0,0.0,,990.735,
2023-03-09 04:00:00,24.502499999999998,39.095,0.67,1.03,0.93,0.38,1.43,0.355,1.07,0.04,,,,0.07,0.0825,16.682499999999997,90.035,0.28500000000000003,217.0525,0.0,0.0,,991.1975,
2023-03-09 05:00:00,25.1175,38.5775,0.67,1.03,0.93,0.38,1.43,0.365,1.07,0.0425,,,,0.07500000000000001,0.08499999999999999,16.2175,91.83250000000001,0.27,159.73000000000002,0.0,0.0,4.47,991.675,
2023-03-09 06:00:00,21.455,42.4225,0.67,1.03,0.93,0.38,1.43,0.375,1.07,0.04,,,,0.07500000000000001,0.09,17.3575,88.0875,0.305,217.105,0.0,0.0,57.7025,992.5699999999999,
2023-03-09 07:00:00,25.450000000000003,46.5,0.67,1.03,0.93,0.38,1.43,0.4025,1.07,0.0475,,,,0.08,0.0975,20.5975,75.505,0.43500000000000005,200.485,0.0,0.0,101.995,993.295,
2023-03-09 08:00:00,27.97,51.515,0.67,1.03,0.93,0.38,1.43,0.435,1.07,0.055,,,,0.08499999999999999,0.10500000000000001,24.085,65.4675,0.2875,183.805,0.0,0.0,120.985,993.66,
2023-03-09 09:00:00,40.75,61.125,0.67,1.03,0.93,0.38,1.43,0.45,1.07,0.05,,,,0.09,0.1075,29.54,51.05,0.2225,136.0475,0.0,0.0,215.3825,993.3725,
2023-03-09 10:00:00,41.345,66.095,0.67,1.03,0.93,0.38,1.43,0.4125,1.07,0.05,,,,0.08,0.1,31.745,44.485,0.49,114.52,0.0,0.0,93.4775,992.91,
2023-03-09 11:00:00,35.125,64.5,0.67,1.03,0.93,0.38,1.43,0.39,1.07,0.045,,,,0.07500000000000001,0.095,31.765,43.730000000000004,0.525,155.08999999999997,0.0,0.0,196.79000000000002,992.185,
2023-03-09 12:00:00,,,,,,,,,,,,,,,,,,,,,0.0,,,
2023-03-09 13:00:00,,,,,0.0,,,0.0,,0.0,,,,,,,,,,0.0,0.0,,,
2023-03-09 14:00:00,20.253333333333334,41.38333333333333,0.6275000000000001,1.0075,0.9025000000000001,0.355,1.3375,0.295,1.0025,0.0325,,,,0.0575,0.07,32.69,40.7625,0.39,127.9625,0.0,0.0,126.94,953.6975,
2023-03-09 15:00:00,14.0275,52.03,0.67,1.03,0.93,0.38,1.43,0.3925,1.07,0.0425,,,,0.07500000000000001,0.0925,33.56,43.015,0.36,138.265,0.0,0.0,92.7825,988.5,
2023-03-09 16:00:00,30.1675,52.832499999999996,0.67,1.03,0.93,0.38,1.43,0.4,1.07,0.045,,,,0.07500000000000001,0.095,30.77,50.1,0.3225,159.61,0.0,0.0,35.292500000000004,988.48,
2023-03-09 17:00:00,29.425,55.8275,0.67,1.03,0.93,0.38,1.43,0.7475,1.07,0.09,,,,0.1525,0.1825,25.33,65.36,0.4625,65.4625,0.0,0.0,2.43,988.855,
2023-03-09 18:00:00,37.91,64.3125,0.67,1.03,0.93,0.38,1.43,0.7025,1.07,0.08499999999999999,,,,0.14,0.17,22.85,74.3675,0.295,164.5975,0.0,0.0,,989.6375,
2023-03-09 19:00:00,37.25,71.2025,0.67,1.03,0.93,0.38,1.43,0.7375,1.07,0.0875,,,,0.14750000000000002,0.175,21.7175,78.41,0.2925,186.64499999999998,0.0,0.0,,990.37,
2023-03-09 20:00:00,43.26,69.095,0.67,1.03,0.93,0.38,1.43,0.9,1.07,0.1075,,,,0.18,0.2175,20.9775,81.41,0.36250000000000004,241.4425,0.0,0.0,,990.7125,
2023-03-09 21:00:00,48.28,78.14,0.67,1.03,0.93,0.38,1.43,0.81,1.07,0.1,,,,0.1625,0.195,20.634999999999998,82.74000000000001,0.5275000000000001,230.125,0.0,0.0,,990.98,
2023-03-09 22:00:00,47.965,84.5625,0.67,1.03,0.93,0.38,1.43,0.655,1.07,0.0775,,,,0.13,0.1575,20.345,82.7175,0.6925,242.16000000000003,0.0,0.0,,991.0575,
2023-03-09 23:00:00,44.73,72.66666666666667,0.67,1.03,0.93,0.38000000000000006,1.43,0.5866666666666667,1.07,0.06666666666666667,,,,0.12,0.14,20.02,82.82333333333334,0.3866666666666667,266.96999999999997,0.0,0.0,,991.1366666666667,
2023-03-10 00:00:00,32.446666666666665,52.873333333333335,0.67,1.03,0.93,0.38000000000000006,1.43,0.5,1.07,0.06,,,,0.1,0.125,18.7725,87.515,0.22,232.9975,0.0,0.0,,990.98,
2023-03-10 01:00:00,28.29,43.595,0.67,1.03,0.93,0.38,1.43,0.455,1.07,0.055,,,,0.0925,0.1075,18.22,89.13,0.295,219.2725,0.0,0.0,,990.6175000000001,
2023-03-10 02:00:00,23.875,40.7825,0.67,1.03,0.93,0.38,1.43,0.4075,1.07,0.05,,,,0.08,0.0975,18.2625,87.875,0.5575,244.48000000000002,0.0,0.0,,990.2874999999999,
2023-03-10 03:00:00,23.7125,40.405,0.67,1.03,0.93,0.38,1.43,0.38,1.07,0.0425,,,,0.07250000000000001,0.09,18.380000000000003,86.7325,0.4125,202.96,0.0,0.0,,990.3525,
2023-03-10 04:00:00,23.19,37.405,0.67,1.03,0.93,0.38,1.43,0.36,1.07,0.04,,,,0.07,0.0875,17.765,89.6925,0.28250000000000003,194.15,0.0,0.0,,990.64,
2023-03-10 05:00:00,22.955,36.61,0.67,1.03,0.93,0.38,1.43,0.365,1.07,0.0425,,,,0.07500000000000001,0.0875,17.302500000000002,91.4325,0.2475,170.23749999999998,0.0,0.0,4.716666666666667,991.175,
2023-03-10 06:00:00,24.4675,40.405,0.67,1.03,0.93,0.38,1.43,0.395,1.07,0.045,,,,0.08,0.095,18.0975,90.21000000000001,0.3175,254.97,0.0,0.0,61.1525,992.0125,
2023-03-10 07:00:00,30.2175,48.3275,0.67,1.03,0.93,0.38,1.43,0.4325,1.07,0.05,,,,0.09,0.1,21.4575,77.2225,0.6525000000000001,163.3275,0.0,0.0,152.20499999999998,993.025,
2023-03-10 08:00:00,35.25,58.36,0.67,1.03,0.93,0.38,1.43,0.45,1.07,0.052500000000000005,,,,0.0925,0.1075,25.384999999999998,64.8875,0.69,161.935,0.0,0.0,213.875,993.3675000000001,
2023-03-10 09:00:00,43.715,65.25,0.67,1.03,0.93,0.38,1.43,0.39749999999999996,1.07,0.045,,,,0.0775,0.0925,29.32,50.155,0.88,148.24,0.0,0.0,210.405,993.2025,
2023-03-10 10:00:00,32.9375,58.5,0.67,1.03,0.93,0.38,1.43,0.355,1.07,0.04,,,,0.07,0.0825,32.22,42.739999999999995,0.73,139.325,0.0,0.0,88.5075,992.47,
2023-03-10 11:00:00,29.47,46.875,0.67,1.03,0.93,0.38,1.43,0.3725,1.07,0.04,,,,0.07,0.09,33.932500000000005,41.8025,0.5175,161.6325,0.0,0.0,219.8825,991.4125,
2023-03-10 12:00:00,44.315,69.89,0.67,1.03,0.93,0.38,1.43,0.395,1.07,0.0425,,,,0.0775,0.0925,32.055,43.86,1.44,150.6275,0.0,0.0,220.77,990.36,
2023-03-10 13:00:00,51.9275,86.72,0.67,1.03,0.93,0.38,1.43,0.3925,1.07,0.045,,,,0.0775,0.0925,31.349999999999998,45.35,1.1949999999999998,173.3025,0.0,0.0,163.7525,989.4125,
2023-03-10 14:00:00,56.25,84.2825,0.675,1.0350000000000001,0.935,0.38,1.44,0.385,1.0775000000000001,0.0425,,,,0.0775,0.095,31.9175,43.3425,1.32,184.58249999999998,0.0,0.0,129.4825,988.81,
2023-03-10 15:00:00,50.2,85.1725,0.67,1.03,0.93,0.38,1.43,0.44,1.07,0.05,,,,0.09,0.10250000000000001,30.4725,45.9375,0.8075,171.635,0.0,0.0,78.1425,988.1925,
2023-03-10 16:00:00,42.0,72.4675,0.67,1.03,0.93,0.38,1.43,0.4175,1.07,0.05,,,,0.0825,0.10250000000000001,28.775,53.9925,0.5075000000000001,144.7825,0.0,0.0,29.0025,988.3375,
2023-03-10 17:00:00,44.2975,68.86,0.67,1.03,0.93,0.38,1.43,0.47,1.07,0.0575,,,,0.095,0.1125,24.98,65.99249999999999,0.38,150.5675,0.0,0.0,3.62,988.775,
2023-03-10 18:00:00,41.707499999999996,66.5,0.67,1.03,0.93,0.38,1.43,0.545,1.07,0.0625,,,,0.11,0.13,23.105,70.945,0.32999999999999996,164.8,0.0,0.0,,989.4575,
2023-03-10 19:00:00,47.47,78.14,0.67,1.03,0.93,0.38,1.43,0.755,1.07,0.0925,,,,0.1525,0.1825,22.13,73.51,0.53,196.4725,0.0,0.0,,990.06,
2023-03-10 20:00:00,45.8125,81.7975,0.67,1.03,0.93,0.38,1.43,0.8175,1.07,0.1,,,,0.1625,0.1975,21.25,76.375,0.61,269.7725,0.0,0.0,,990.6275,
2023-03-10 21:00:00,49.09,78.4225,0.67,1.03,0.93,0.38,1.43,0.765,1.07,0.0925,,,,0.1575,0.185,19.5325,80.5175,0.2475,173.735,0.0,0.0,,991.14,
2023-03-10 22:00:00,46.69,79.9225,0.67,1.03,0.93,0.38,1.43,0.6725,1.07,0.0825,,,,0.1325,0.1625,18.875,80.625,0.3325,207.1375,0.0,0.0,,991.495,
2023-03-10 23:00:00,51.25,79.87333333333333,0.67,1.03,0.93,0.38000000000000006,1.43,0.59,1.07,0.07,,,,0.11666666666666665,0.14333333333333334,18.86,79.40333333333332,0.7399999999999999,266.23333333333335,0.0,0.0,,991.5466666666666,
2023-03-11 00:00:00,37.56666666666666,66.93666666666667,0.67,1.03,0.93,0.38000000000000006,1.43,0.5166666666666667,1.07,0.06,,,,0.10250000000000001,0.12,18.47,79.6625,0.48,233.655,0.0,0.0,,991.38,
2023-03-11 01:00:00,30.535,55.78,0.67,1.03,0.93,0.38,1.43,0.48,1.07,0.06,,,,0.1,0.11499999999999999,17.5625,84.225,0.33999999999999997,174.075,0.0,0.0,,990.9525,
2023-03-11 02:00:00,35.315,54.515,0.67,1.03,0.93,0.38,1.43,0.445,1.07,0.05,,,,0.09,0.10250000000000001,17.5675,83.525,0.525,256.18,0.0,0.0,,990.7025,
2023-03-11 03:00:00,29.945,54.28,0.67,1.03,0.93,0.38,1.43,0.4125,1.07,0.05,,,,0.0825,0.1,17.4675,83.58000000000001,0.47,254.4775,0.0,0.0,,990.5450000000001,
2023-03-11 04:00:00,28.485,50.2025,0.67,1.03,0.93,0.38,1.43,0.3925,1.07,0.05,,,,0.0825,0.0925,16.884999999999998,86.14750000000001,0.1825,224.1,0.0,0.0,,990.96,
2023-03-11 05:00:00,25.46,47.5625,0.67,1.03,0.93,0.38,1.43,0.365,1.07,0.04,,,,0.07,0.09,17.1625,83.8375,0.5700000000000001,236.995,0.0,0.0,7.395,991.1625,
2023-03-11 06:00:00,27.1425,46.9375,0.67,1.03,0.93,0.38,1.43,0.4075,1.07,0.0475,,,,0.08,0.0975,18.31,80.3575,0.4875,220.085,0.0,0.0,53.02250000000001,992.275,
2023-03-11 07:00:00,24.05,47.625,0.67,1.03,0.93,0.38,1.43,0.445,1.07,0.05,,,,0.09,0.10500000000000001,22.3225,68.03,0.3025,146.59,0.0,0.0,140.32,993.4175,
2023-03-11 08:00:00,33.2,52.25,0.67,1.03,0.93,0.38,1.43,0.4425,1.07,0.052500000000000005,,,,0.09,0.10500000000000001,26.0125,54.43,0.4325,155.3675,0.0,0.0,191.98250000000002,993.9075,
2023-03-11 09:00:00,36.085,59.25,0.67,1.03,0.93,0.38,1.43,0.4525,1.07,0.055,,,,0.0925,0.1075,29.335,48.1,0.4175,133.91,0.0,0.0,187.82,993.8725,
2023-03-11 10:00:00,37.5475,55.6875,0.67,1.03,0.93,0.38,1.43,0.3925,1.07,0.05,,,,0.08,0.095,30.675,44.405,0.44999999999999996,110.2775,0.0,0.0,109.89750000000001,993.3475,
2023-03-11 11:00:00,34.457499999999996,56.25,0.67,1.03,0.93,0.38,1.43,0.3525,1.07,0.04,,,,0.07,0.0825,32.167500000000004,42.24,0.46749999999999997,137.505,0.0,0.0,195.81,992.19,
2023-03-11 12:00:00,30.9575,46.375,0.67,1.03,0.93,0.38,1.43,0.35,1.07,0.04,,,,0.07,0.08,33.9025,40.285,0.415,177.1375,0.0,0.0,214.84,991.0125,
2023-03-11 13:00:00,26.205,46.405,0.6725000000000001,1.03,0.935,0.38,1.43,0.3975,1.07,0.045,,,,0.0775,0.095,33.54,40.665,0.685,148.6925,0.0,0.0,153.41,989.89,
2023-03-11 14:00:00,37.0925,56.345,0.67,1.0350000000000001,0.93,0.38,1.43,0.44,1.07,0.05,,,,0.09,0.10500000000000001,31.335,43.8525,1.0,151.695,0.0,0.0,107.0025,989.135,
2023-03-11 15:00:00,48.405,70.265,0.6725000000000001,1.03,0.93,0.3825,1.4375,0.4375,1.0750000000000002,0.05,,,,0.09,0.1,31.055,44.965,0.71,168.595,0.0,0.0,86.92750000000001,988.6125,
2023-03-11 16:00:00,40.260000000000005,72.9375,0.67,1.03,0.93,0.38,1.43,0.44,1.07,0.05,,,,0.09,0.10500000000000001,29.46,52.8775,0.3875,176.6775,0.0,0.0,35.417500000000004,988.6925,
2023-03-11 17:00:00,39.9925,70.0625,0.67,1.0375,0.9375,0.38,1.43,0.605,1.07,0.075,,,,0.12000000000000001,0.14,25.415,64.7675,0.2375,199.755,0.0,0.0,2.42,988.8475,
2023-03-11 18:00:00,45.61,91.35,0.67,1.03,0.93,0.38,1.43,0.635,1.07,0.0775,,,,0.13,0.1575,23.005000000000003,70.965,0.3025,171.03,0.0,0.0,,989.56,
2023-03-11 19:00:00,55.95,95.025,0.67,1.03,0.93,0.38,1.43,0.6174999999999999,1.07,0.07500000000000001,,,,0.1225,0.14750000000000002,21.645,74.925,0.3425,203.3825,0.0,0.0,,990.71,
2023-03-11 20:00:00,47.4925,82.725,0.67,1.03,0.93,0.38,1.43,0.7749999999999999,1.07,0.0925,,,,0.1625,0.1925,20.8775,78.2775,0.3325,248.6,0.0,0.0,,991.76,
2023-03-11 21:00:00,47.71,78.25,0.67,1.03,0.93,0.38,1.43,0.8575,1.07,0.10250000000000001,,,,0.1675,0.2075,19.895,82.4725,0.2225,235.2025,0.0,0.0,,992.2674999999999,
2023-03-11 22:00:00,44.55,81.75,0.67,1.03,0.93,0.38,1.43,0.77,1.07,0.0925,,,,0.1575,0.19,19.655,83.3625,0.5325,216.48999999999998,0.0,0.0,,992.4175,
2023-03-11 23:00:00,49.73333333333333,86.39999999999999,0.67,1.03,0.93,0.38000000000000006,1.43,0.6533333333333333,1.07,0.07666666666666667,,,,0.13,0.16,18.85666666666667,85.86333333333334,0.27,218.66,0.0,0.0,,992.5966666666667,
2023-03-12 00:00:00,34.04666666666667,71.0,0.67,1.03,0.93,0.38000000000000006,1.43,0.6266666666666666,1.07,0.07333333333333335,,,,0.1225,0.1525,18.12,88.69,0.2425,215.6575,0.0,0.0,,992.2875,
2023-03-12 01:00:00,40.4675,69.5625,0.67,1.03,0.93,0.38,1.43,0.56,1.07,0.0675,,,,0.1125,0.1325,17.9275,88.6725,0.28500000000000003,153.8125,0.0,0.0,,991.86,
2023-03-12 02:00:00,35.7075,65.125,0.67,1.03,0.93,0.38,1.43,0.49,1.07,0.06,,,,0.1,0.11499999999999999,17.3125,90.07000000000001,0.27749999999999997,215.0275,0.0,0.0,,991.5325,
2023-03-12 03:00:00,31.46,54.0,0.67,1.03,0.93,0.38,1.43,0.44,1.07,0.052500000000000005,,,,0.0875,0.10250000000000001,16.925,90.9525,0.2425,162.76749999999998,0.0,0.0,,991.4875,
2023-03-12 04:00:00,29.9675,54.0,0.67,1.03,0.93,0.38,1.43,0.44,1.07,0.052500000000000005,,,,0.09,0.10500000000000001,16.81,91.4275,0.38,240.66750000000002,0.0,0.0,,991.785,
2023-03-12 05:00:00,27.025,50.3125,0.67,1.03,0.93,0.38,1.43,0.4175,1.07,0.05,,,,0.08499999999999999,0.1,16.555,91.14,0.3025,158.64249999999998,0.0,0.0,5.116666666666666,992.3375000000001,
2023-03-12 06:00:00,30.4925,50.25,0.67,1.03,0.93,0.38,1.43,0.46499999999999997,1.07,0.055,,,,0.0925,0.1125,17.6675,87.3475,0.56,204.735,0.0,0.0,74.26,992.9925,
2023-03-12 07:00:00,34.525,51.625,0.67,1.03,0.93,0.38,1.43,0.45999999999999996,1.07,0.055,,,,0.0925,0.1125,21.4175,74.1575,0.5675,197.9475,0.0,0.0,166.14249999999998,993.7475000000001,
2023-03-12 08:00:00,33.71,55.675,0.67,1.03,0.93,0.38,1.43,0.4775,1.07,0.06,,,,0.0975,0.1125,27.2475,56.2275,0.335,111.135,0.0,0.0,229.0975,993.8975,
2023-03-12 09:00:00,35.1575,56.2025,0.675,1.03,0.93,0.38,1.43,0.43,1.07,0.05,,,,0.09,0.10250000000000001,31.105,45.575,0.32,128.45499999999998,0.0,0.0,227.925,993.4275,
2023-03-12 10:00:00,38.5,60.4375,0.67,1.03,0.93,0.38,1.43,0.3475,1.07,0.04,,,,0.0675,0.0825,32.36,39.05,0.655,101.385,0.0,0.0,76.175,992.7325000000001,
2023-03-12 11:00:00,32.292500000000004,54.75,0.67,1.03,0.93,0.38,1.43,0.28,1.07,0.03,,,,0.06,0.07,33.1025,35.44,0.7075,121.38250000000001,0.0,0.0,227.1725,991.53,
2023-03-12 12:00:00,18.975,34.5525,0.67,1.03,0.93,0.38,1.43,0.2675,1.07,0.03,,,,0.052500000000000005,0.065,34.3325,32.8225,0.525,120.82249999999999,0.0,0.0,202.64,990.0275,
2023-03-12 13:00:00,14.975,25.2,0.67,1.03,0.93,0.38,1.43,0.2625,1.07,0.03,,,,0.052500000000000005,0.0625,35.1375,31.525,0.5225,155.82,0.0,0.0,195.1625,988.885,
2023-03-12 14:00:00,17.41,28.5,0.67,1.03,0.93,0.38,1.43,0.2775,1.07,0.03,,,,0.057499999999999996,0.07,34.56,32.1725,0.53,161.1275,0.0,0.0,97.78,988.6800000000001,
2023-03-12 15:00:00,15.655000000000001,29.345,0.67,1.03,0.93,0.38,1.43,0.265,1.07,0.03,,,,0.055,0.0625,30.2675,35.54,0.735,150.955,0.0,0.0,13.1425,988.55,
2023-03-12 16:00:00,24.5925,40.8275,0.67,1.0350000000000001,0.935,0.38,1.43,0.3125,1.07,0.035,,,,0.0625,0.07500000000000001,28.475,31.1325,0.735,192.475,0.0,0.0,10.565,988.285,
2023-03-12 17:00:00,24.875,41.25,0.67,1.03,0.93,0.38,1.43,0.3,1.07,0.035,,,,0.0575,0.07,26.4875,36.1975,1.05,178.85750000000002,0.0,0.0,5.04,988.72,
2023-03-12 18:00:00,24.375,42.9375,0.67,1.03,0.93,0.38,1.43,0.365,1.07,0.0425,,,,0.07,0.08499999999999999,23.985,45.9875,0.9650000000000001,222.22750000000002,0.0,0.0,,989.6275,
2023-03-12 19:00:00,31.555,52.1725,0.67,1.03,0.93,0.38,1.43,0.4775,1.07,0.057499999999999996,,,,0.0975,0.11499999999999999,21.697499999999998,55.2875,0.8975000000000001,220.38,0.0,0.0,,990.4325,
2023-03-12 20:00:00,33.275,54.832499999999996,0.67,1.03,0.93,0.38,1.43,0.4925,1.07,0.06,,,,0.1,0.1175,19.7875,63.0,0.7375,234.02,0.0,0.0,,990.7725,
2023-03-12 21:00:00,28.5325,47.72,0.67,1.03,0.93,0.38,1.43,0.5125,1.07,0.06,,,,0.1,0.12,18.34,68.6075,0.485,264.1625,0.0,0.0,,991.395,
2023-03-12 22:00:00,22.509999999999998,44.2025,0.67,1.03,0.93,0.38,1.43,0.525,1.07,0.065,,,,0.1075,0.1275,17.955,70.0875,0.505,245.2375,0.0,0.0,,991.4875,
2023-03-12 23:00:00,26.55333333333333,43.25,0.67,1.03,0.93,0.38000000000000006,1.43,0.5033333333333333,1.07,0.06,,,,0.10000000000000002,0.12,17.45,71.70333333333333,0.5333333333333333,230.16333333333333,0.0,0.0,,991.37,
2023-03-13 00:00:00,19.913333333333334,33.0,0.67,1.03,0.93,0.38000000000000006,1.43,0.37666666666666665,1.07,0.04,,,,0.0775,0.095,17.2,71.5625,0.7424999999999999,250.215,0.0,0.0,,991.1475,
2023-03-13 01:00:00,17.4225,29.39,0.67,1.03,0.93,0.38,1.43,0.38,1.07,0.045,,,,0.0775,0.09,16.7925,73.39,0.53,242.825,0.0,0.0,,990.635,
2023-03-13 02:00:00,13.5275,25.595,0.67,1.03,0.93,0.38,1.43,0.3225,1.07,0.04,,,,0.0675,0.07500000000000001,16.445,74.35,0.4375,202.495,0.0,0.0,,990.0975,
2023-03-13 03:00:00,11.165,18.0,0.67,1.03,0.93,0.38,1.43,0.305,1.07,0.04,,,,0.0625,0.07250000000000001,15.99,76.995,0.5025000000000001,192.1475,0.0,0.0,,989.9675,
2023-03-13 04:00:00,9.5625,17.9075,0.67,1.03,0.93,0.38,1.43,0.3125,1.07,0.0375,,,,0.065,0.07500000000000001,15.2375,81.5825,0.33,177.96,0.0,0.0,,990.3100000000001,
2023-03-13 05:00:00,16.8125,27.7025,0.67,1.03,0.93,0.38,1.43,0.3025,1.07,0.035,,,,0.06,0.07500000000000001,14.84,83.9575,0.34,167.85750000000002,0.0,0.0,5.583333333333333,990.865,
2023-03-13 06:00:00,18.872500000000002,34.125,0.67,1.03,0.93,0.38,1.43,0.365,1.07,0.0425,,,,0.07250000000000001,0.09,17.3275,77.2725,0.2775,162.3675,0.0,0.0,96.5575,991.57,
2023-03-13 07:00:00,24.7425,40.5,0.67,1.03,0.93,0.38,1.43,0.3675,1.07,0.0425,,,,0.07,0.09,22.41,60.28,0.585,194.39249999999998,0.0,0.0,208.51,992.175,
2023-03-13 08:00:00,20.9075,38.625,0.67,1.03,0.93,0.38,1.43,0.36,1.07,0.04,,,,0.07250000000000001,0.0825,26.85,48.535,0.6599999999999999,161.075,0.0,0.0,270.32,992.3125,
2023-03-13 09:00:00,26.93,46.0,0.67,1.03,0.93,0.38,1.43,0.3,1.07,0.035,,,,0.06,0.07,31.5775,36.1375,0.56,145.0725,0.0,0.0,235.97500000000002,991.7674999999999,
2023-03-13 10:00:00,24.78,40.22,0.67,1.03,0.93,0.38,1.43,0.255,1.07,0.03,,,,0.052500000000000005,0.0625,33.9825,32.23,0.5625,123.91749999999999,0.0,0.0,61.542500000000004,990.74,
2023-03-13 11:00:00,22.8325,37.285,0.67,1.03,0.93,0.38,1.43,0.2725,1.07,0.03,,,,0.055,0.065,34.015,33.6625,0.7525,113.0475,0.0,0.0,228.5625,989.3299999999999,
2023-03-13 12:00:00,27.745,50.667500000000004,0.67,1.03,0.93,0.38,1.44,0.41500000000000004,1.07,0.0475,,,,0.08,0.0975,34.805,32.6225,0.695,150.7775,0.0,0.0,208.09,987.8225,
2023-03-13 13:00:00,28.525,51.1875,0.675,1.0350000000000001,0.935,0.3825,1.44,0.47250000000000003,1.0775000000000001,0.055,,,,0.0975,0.115,33.885,33.995,1.0375,176.77499999999998,0.0,0.0,172.905,986.4575,
2023-03-13 14:00:00,27.175,51.515,0.67,1.03,0.93,0.38,1.43,0.4075,1.07,0.045,,,,0.0775,0.0975,33.7975,34.0125,0.7175,172.0725,0.0,0.0,109.47,985.5525,
2023-03-13 15:00:00,34.6575,55.3125,0.67,1.03,0.93,0.38,1.43,0.365,1.07,0.0425,,,,0.07250000000000001,0.0875,32.2225,40.707499999999996,0.42000000000000004,174.3,0.0,0.0,68.8725,984.9825,
2023-03-13 16:00:00,30.69,50.53,0.67,1.03,0.93,0.38,1.43,0.3975,1.07,0.045,,,,0.08,0.095,30.457500000000003,46.835,0.34500000000000003,152.1125,0.0,0.0,33.52,985.06,
2023-03-13 17:00:00,26.105,41.485,0.67,1.03,0.93,0.38,1.43,0.5225,1.07,0.0625,,,,0.1075,0.1275,25.2825,58.905,0.425,168.02,0.0,0.0,2.1799999999999997,985.36,
2023-03-13 18:00:00,34.435,58.875,0.67,1.03,0.93,0.38,1.43,0.6575,1.07,0.08,,,,0.1325,0.1575,22.85,67.13250000000001,0.27999999999999997,173.49,0.0,0.0,,986.0975000000001,
2023-03-13 19:00:00,45.6525,88.6675,0.67,1.03,0.93,0.38,1.43,0.8725,1.07,0.10500000000000001,,,,0.175,0.21000000000000002,21.52,73.1125,0.3225,223.4325,0.0,0.0,,986.9575,
2023-03-13 20:00:00,51.7775,93.5625,0.67,1.03,0.93,0.38,1.43,0.7575000000000001,1.07,0.0925,,,,0.15,0.18,20.08,77.9275,0.305,146.4275,0.0,0.0,,987.5875,
2023-03-13 21:00:00,43.3975,75.3325,0.67,1.03,0.93,0.38,1.43,0.8525,1.07,0.10500000000000001,,,,0.1725,0.20500000000000002,19.225,81.165,0.27,216.35,0.0,0.0,,987.9175,
2023-03-13 22:00:00,44.2175,73.1675,0.67,1.03,0.93,0.38,1.43,0.7875,1.07,0.0925,,,,0.1575,0.19,19.29,80.4125,0.5625,187.2125,0.0,0.0,,987.9200000000001,
2023-03-13 23:00:00,39.93333333333333,78.75,0.67,1.03,0.93,0.38000000000000006,1.43,0.6666666666666666,1.07,0.08,,,,0.13333333333333333,0.16,18.69666666666667,81.83666666666666,0.4633333333333334,209.84666666666666,0.0,0.0,,987.7466666666666,
2023-03-14 00:00:00,35.18666666666667,55.373333333333335,0.67,1.03,0.93,0.38000000000000006,1.43,0.5,1.07,0.06333333333333334,,,,0.10500000000000001,0.125,18.245,81.2875,0.4425,230.0275,0.0,0.0,,987.3075,
2023-03-14 01:00:00,30.2975,48.5,0.67,1.03,0.93,0.38,1.43,0.425,1.07,0.05,,,,0.0825,0.1,17.9875,81.2025,0.4975,268.5425,0.0,0.0,,986.895,
2023-03-14 02:00:00,25.5525,40.6875,0.67,1.03,0.93,0.38,1.43,0.37,1.07,0.04,,,,0.07,0.09,18.1,79.69749999999999,0.5175,240.2975,0.0,0.0,,986.5275,
2023-03-14 03:00:00,19.22,29.905,0.67,1.03,0.93,0.38,1.43,0.3525,1.07,0.04,,,,0.07,0.08,17.5825,81.735,0.3525,269.325,0.0,0.0,,986.4925000000001,
2023-03-14 04:00:00,13.665,26.905,0.67,1.03,0.93,0.38,1.43,0.3425,1.07,0.04,,,,0.07,0.08,17.4275,81.765,0.46499999999999997,270.8175,0.0,0.0,,986.9775,
2023-03-14 05:00:00,17.185000000000002,27.375,0.67,1.03,0.93,0.38,1.43,0.3625,1.07,0.04,,,,0.07250000000000001,0.0875,16.7375,85.5,0.35500000000000004,156.065,0.0,0.0,7.073333333333333,987.55,
2023-03-14 06:00:00,23.405,36.0,0.67,1.03,0.93,0.38,1.43,0.395,1.07,0.045,,,,0.07500000000000001,0.095,17.68,84.62,0.2225,253.605,0.0,0.0,44.69,988.5375,
2023-03-14 07:00:00,25.095,43.78,0.67,1.03,0.93,0.38,1.43,0.47750000000000004,1.07,0.055,,,,0.0975,0.1125,20.635,74.875,0.3,197.115,0.0,0.0,102.315,989.285,
2023-03-14 08:00:00,30.75,52.36,0.67,1.03,0.93,0.38,1.43,0.4525,1.07,0.052500000000000005,,,,0.0925,0.10750000000000001,24.5475,60.1525,0.47,175.95499999999998,0.0,0.0,205.885,989.605,
2023-03-14 09:00:00,33.4975,57.655,0.67,1.03,0.93,0.38,1.43,0.4125,1.07,0.0475,,,,0.0825,0.095,29.53,46.43,0.4125,147.7775,0.0,0.0,226.595,989.2625,
2023-03-14 10:00:00,24.36,40.4525,0.67,1.03,0.93,0.38,1.43,0.355,1.07,0.04,,,,0.07,0.0825,31.775,40.74,0.395,127.9625,0.0,0.0,111.61,988.4225,
2023-03-14 11:00:00,20.310000000000002,38.667500000000004,0.67,1.03,0.93,0.3825,1.43,0.345,1.0775000000000001,0.04,,,,0.07,0.08,33.275,37.62,0.5075,137.8175,0.0,0.0,205.095,987.185,
2023-03-14 12:00:00,21.2675,40.0,0.67,1.03,0.93,0.38,1.43,0.3175,1.07,0.04,,,,0.0625,0.07,33.635,37.0675,0.56,127.79,0.0,0.0,156.435,985.77,
2023-03-14 13:00:00,23.005,39.61,0.6775,1.0425,0.9425,0.385,1.4575,0.3375,1.09,0.04,,,,0.07,0.08,30.5925,42.76,0.6675,98.8375,0.0,0.0,82.24249999999999,984.7175,
2023-03-14 14:00:00,20.345,37.0775,0.71,1.1075,0.9924999999999999,0.4025,1.5075,0.34750000000000003,1.1324999999999998,0.04,,,,0.07,0.08,30.895,42.3475,0.36,124.255,0.0,0.0,88.8025,983.8425,
2023-03-14 15:00:00,22.36,37.125,0.7,1.06,0.9675,0.39749999999999996,1.5,0.365,1.115,0.04,,,,0.07250000000000001,0.09,31.085,43.3725,0.31,119.58,0.0,0.0,71.50999999999999,983.2975,
2023-03-14 16:00:00,30.0025,48.4675,0.67,1.03,0.93,0.38,1.43,0.4375,1.07,0.05,,,,0.09,0.10250000000000001,28.7175,50.74,0.34750000000000003,154.1675,0.0,0.0,18.825,983.69,
2023-03-14 17:00:00,31.75,50.815,0.67,1.03,0.93,0.38,1.43,0.4875,1.07,0.057499999999999996,,,,0.0975,0.1175,24.9175,62.8425,0.3575,112.16,0.0,0.0,0.18,984.26,
2023-03-14 18:00:00,36.3125,54.375,0.67,1.03,0.93,0.38,1.43,0.6025,1.07,0.07250000000000001,,,,0.12,0.14250000000000002,23.775,66.8825,0.3625,197.055,0.0,0.0,,984.7675,
2023-03-14 19:00:00,39.2825,60.655,0.67,1.03,0.93,0.38,1.43,0.6475,1.07,0.07750000000000001,,,,0.1325,0.1625,22.927500000000002,70.72749999999999,0.35,193.5275,0.0,0.0,,985.6475,
2023-03-14 20:00:00,35.095,56.1575,0.67,1.03,0.93,0.38,1.43,0.6875,1.07,0.0825,,,,0.1375,0.165,21.6275,76.09,0.325,207.175,0.0,0.0,,986.38,
2023-03-14 21:00:00,38.61,61.5,0.67,1.03,0.93,0.38,1.43,0.87,1.07,0.105,,,,0.175,0.21,21.115,79.465,0.28500000000000003,229.51999999999998,0.0,0.0,,986.6675,
2023-03-14 22:00:00,36.5475,65.015,0.67,1.03,0.93,0.38,1.43,0.71,1.07,0.085,,,,0.14250000000000002,0.17250000000000001,21.169999999999998,78.33,0.6900000000000001,232.765,0.0,0.0,,986.64,
2023-03-14 23:00:00,35.833333333333336,67.25,0.67,1.03,0.93,0.38000000000000006,1.43,0.6833333333333332,1.07,0.08,,,,0.13333333333333333,0.16333333333333333,20.563333333333333,81.94333333333333,0.45333333333333337,190.53333333333333,0.0,0.0,,986.44,
2023-03-15 00:00:00,31.62,57.373333333333335,0.67,1.03,0.93,0.38000000000000006,1.43,0.6166666666666667,1.07,0.07,,,,0.1225,0.15,19.6775,85.33,0.27749999999999997,223.20000000000002,0.0,0.0,,986.5125,
2023-03-15 01:00:00,28.314999999999998,50.345,0.67,1.03,0.93,0.38,1.43,0.62,1.07,0.07,,,,0.12,0.15,19.7775,85.82249999999999,0.3,192.695,0.0,0.0,,986.2875,
2023-03-15 02:00:00,31.1725,48.095,0.67,1.03,0.93,0.38,1.43,0.59,1.07,0.07,,,,0.12,0.14,19.8,85.5375,0.2875,162.9625,0.0,0.0,,986.36,
2023-03-15 03:00:00,26.52,46.5,0.67,1.03,0.93,0.38,1.43,0.5475000000000001,1.07,0.0675,,,,0.1075,0.1325,19.695,85.58,0.2175,209.1375,0.0,0.0,,986.76,
2023-03-15 04:00:00,25.905,47.167500000000004,0.67,1.03,0.93,0.38,1.43,0.5,1.07,0.06,,,,0.0975,0.1175,19.63,84.5625,0.265,147.04,0.0,0.0,,987.4975,
2023-03-15 05:00:00,24.34,45.89,0.67,1.03,0.93,0.38,1.43,0.4425,1.07,0.05,,,,0.09,0.10500000000000001,19.7925,82.0025,0.265,166.6475,0.0,0.0,2.605,988.2025,
2023-03-15 06:00:00,23.314999999999998,46.3125,0.67,1.03,0.93,0.38,1.43,0.4725,1.07,0.057499999999999996,,,,0.095,0.11,19.84,81.84,0.37,180.1275,0.0,0.0,23.955,988.505,
2023-03-15 07:00:00,27.5925,48.7975,0.67,1.03,0.93,0.38,1.43,0.4375,1.07,0.052500000000000005,,,,0.09,0.10250000000000001,22.05,71.93,0.4925,130.5625,0.0,0.0,57.567499999999995,989.77,
2023-03-15 08:00:00,28.060000000000002,48.0,0.67,1.03,0.93,0.38,1.43,0.4025,1.07,0.0475,,,,0.08,0.0975,23.83,63.9825,0.465,113.36500000000001,0.0,0.0,124.2425,990.6275,
2023-03-15 09:00:00,23.0575,42.375,0.67,1.03,0.93,0.38,1.43,0.3675,1.07,0.0425,,,,0.07250000000000001,0.0875,26.5325,53.9125,0.7324999999999999,136.42000000000002,0.0,0.0,187.5075,990.41,
2023-03-15 10:00:00,28.22,42.28,0.67,1.03,0.93,0.38,1.43,0.43,1.07,0.05,,,,0.0875,0.1,28.017500000000002,48.4625,0.8325,130.4025,0.0,0.0,128.7375,989.755,
2023-03-15 11:00:00,27.68,55.5,0.67,1.03,0.93,0.38,1.43,0.39,1.07,0.05,,,,0.08,0.09,29.04,46.695,0.6799999999999999,106.10499999999999,0.0,0.0,194.70499999999998,988.995,
2023-03-15 12:00:00,,,,,,,,,,,,,,,,,,,,,0.0,,,
2023-03-15 13:00:00,0.17,,0.67,1.03,0.93,0.38,1.43,0.32999999999999996,1.07,0.035,,,,0.065,0.07500000000000001,27.195,50.254999999999995,0.515,182.02,0.0,0.0,41.475,986.8,
2023-03-15 14:00:00,17.116666666666667,41.335,0.67,1.03,0.93,0.38,1.43,0.395,1.07,0.0475,,,,0.08,0.095,26.215,53.1175,0.67,155.0275,0.0,0.0,18.7425,986.575,
2023-03-15 15:00:00,22.0,41.625,0.6825,1.0425,0.9550000000000001,0.3875,1.4675,0.42,1.1,0.0475,,,,0.085,0.0975,24.7625,60.942499999999995,0.365,175.6825,0.0,0.0,15.5775,985.8050000000001,
2023-03-15 16:00:00,25.0925,41.25,0.67,1.03,0.93,0.38,1.43,0.475,1.0775000000000001,0.057499999999999996,,,,0.0975,0.11,24.6825,61.31,0.395,128.24,0.0,0.0,25.375,985.3775,
2023-03-15 17:00:00,33.995000000000005,53.0625,0.6925,1.0575,0.9675,0.3925,1.4849999999999999,0.8275,1.1099999999999999,0.1,,,,0.1625,0.195,22.9575,68.11,0.29500000000000004,179.705,0.0,0.0,2.895,986.165,
2023-03-15 18:00:00,44.519999999999996,72.3325,0.6775,1.04,0.935,0.385,1.4475,0.71,1.0775000000000001,0.08499999999999999,,,,0.14250000000000002,0.1675,20.935,75.9675,0.255,186.64,0.0,0.0,,986.775,
2023-03-15 19:00:00,40.0,74.155,0.675,1.03,0.93,0.38,1.44,0.6875,1.07,0.0825,,,,0.1375,0.1675,20.225,79.16,0.2625,183.5075,0.0,0.0,,987.6725,
2023-03-15 20:00:00,39.31,66.095,0.67,1.03,0.93,0.38,1.43,0.96,1.07,0.11499999999999999,,,,0.1925,0.23,20.235,80.5375,0.45499999999999996,204.665,0.0,0.0,,988.4525,
2023-03-15 21:00:00,39.05,73.97,0.67,1.03,0.93,0.38,1.43,0.86,1.07,0.10250000000000001,,,,0.1725,0.205,19.965,82.68,0.79,202.755,0.0,0.0,,989.245,
2023-03-15 22:00:00,41.315,70.5,0.67,1.03,0.93,0.38,1.43,0.5725,1.07,0.0675,,,,0.115,0.1375,19.755000000000003,82.75999999999999,0.6925,207.5725,0.0,0.0,,990.0975,
2023-03-15 23:00:00,36.14666666666667,56.776666666666664,0.67,1.03,0.93,0.38000000000000006,1.43,0.4766666666666666,1.07,0.056666666666666664,,,,0.09666666666666668,0.11333333333333333,18.976666666666663,86.72666666666667,0.8166666666666668,204.62666666666667,0.0,0.0,,989.94,
2023-03-16 00:00:00,19.33,30.873333333333335,0.67,1.03,0.93,0.38000000000000006,1.43,0.3333333333333333,1.07,0.04,,,,0.07,0.08,18.0325,88.1975,0.9875,221.8625,0.0,0.0,,989.9725,
2023-03-16 01:00:00,13.7675,24.3325,0.67,1.03,0.93,0.38,1.43,0.3,1.07,0.0375,,,,0.06,0.07,17.7825,88.615,0.9125,169.1925,0.0025,0.0025,,990.025,
2023-03-16 02:00:00,11.0475,17.9175,0.67,1.03,0.93,0.38,1.43,0.2925,1.07,0.0325,,,,0.06,0.07250000000000001,17.405,91.0375,0.48,169.37,0.0,0.0,,989.0325,
2023-03-16 03:00:00,10.0625,16.97,0.67,1.03,0.935,0.38,1.43,0.28,1.07,0.03,,,,0.06,0.07,17.4075,92.07,0.2925,215.4425,0.0,0.0,,989.2225000000001,
2023-03-16 04:00:00,10.77,18.1675,0.67,1.03,0.93,0.38,1.43,0.2775,1.07,0.03,,,,0.06,0.07,16.9625,93.2125,0.2625,150.3175,0.0,0.0,,989.4775,
2023-03-16 05:00:00,8.7525,15.7975,0.67,1.03,0.93,0.38,1.43,0.28250000000000003,1.07,0.03,,,,0.06,0.07,17.0975,94.345,0.37,119.75,0.0,0.0,0.895,990.4075,
2023-03-16 06:00:00,12.2775,19.405,0.67,1.03,0.93,0.38,1.43,0.29,1.07,0.03,,,,0.06,0.07,17.665,92.27250000000001,0.5575,141.325,0.0,0.0,15.3125,992.3925,
2023-03-16 07:00:00,16.0325,25.6875,0.675,1.03,0.93,0.38,1.44,0.3075,1.0775000000000001,0.0375,,,,0.06,0.07,18.36,89.0025,0.64,142.1675,0.0,0.0,26.4625,993.5,
2023-03-16 08:00:00,14.4075,24.7025,0.67,1.03,0.93,0.38,1.43,0.31,1.07,0.04,,,,0.06,0.07,19.5425,83.5875,0.72,161.21,0.0,0.0,85.2575,994.3325,
2023-03-16 09:00:00,14.055,22.8325,0.67,1.03,0.93,0.38,1.43,0.295,1.07,0.0325,,,,0.06,0.07,21.235,74.8675,0.6375000000000001,147.8225,0.0,0.0,137.425,994.6075,
2023-03-16 10:00:00,9.205,17.5775,0.67,1.03,0.93,0.38,1.43,0.295,1.07,0.0325,,,,0.06,0.07,24.33,64.545,0.825,148.63,0.0,0.0,156.995,994.1775,
2023-03-16 11:00:00,12.25,19.5,0.6799999999999999,1.03,0.935,0.3825,1.45,0.2975,1.0775000000000001,0.035,,,,0.06,0.07,25.447499999999998,59.975,0.79,151.60500000000002,0.0,0.0,218.69,993.2275,
2023-03-16 12:00:00,21.1025,31.6075,0.6925,1.0550000000000002,0.955,0.39,1.47,0.2975,1.1,0.0375,,,,0.06,0.07,26.2175,56.8525,0.81,115.53,0.0,0.0,189.695,992.2475,
2023-03-16 13:00:00,20.6875,36.75,0.6825,1.0675000000000001,0.9650000000000001,0.39,1.46,0.29,1.0925,0.03,,,,0.06,0.07,26.685000000000002,54.21,0.8175,149.41750000000002,0.0,0.0,170.065,991.085,
2023-03-16 14:00:00,19.5025,31.03,0.6775,1.0350000000000001,0.93,0.385,1.4475,0.28500000000000003,1.0825,0.03,,,,0.06,0.07,26.605,54.269999999999996,0.7275,114.095,0.0,0.0,131.3125,990.42,
2023-03-16 15:00:00,16.03,27.9375,0.67,1.03,0.93,0.38,1.43,0.28250000000000003,1.07,0.03,,,,0.06,0.07,26.05,55.41,0.635,137.53,0.0,0.0,81.08,990.0550000000001,
2023-03-16 16:00:00,13.0,19.5,0.67,1.03,0.93,0.38,1.43,0.325,1.07,0.04,,,,0.0675,0.07500000000000001,24.3775,61.2675,0.5675,146.04,0.0,0.0,14.505,990.3075,
2023-03-16 17:00:00,12.1325,22.2,0.67,1.03,0.93,0.38,1.43,0.3225,1.07,0.04,,,,0.065,0.07500000000000001,23.18,66.38,0.275,112.1875,0.0,0.0,1.81,990.4075,
2023-03-16 18:00:00,14.915,24.125,0.67,1.03,0.93,0.38,1.43,0.4225,1.07,0.05,,,,0.09,0.1,21.8875,73.0675,0.335,172.67000000000002,0.0,0.0,,990.975,
2023-03-16 19:00:00,34.792500000000004,51.375,0.67,1.03,0.93,0.38,1.43,0.9325,1.07,0.1125,,,,0.1975,0.23249999999999998,20.395,80.74000000000001,0.36,126.7325,0.0,0.0,,991.77,
2023-03-16 20:00:00,66.1825,118.8125,0.67,1.03,0.93,0.38,1.43,0.685,1.07,0.08,,,,0.135,0.165,19.72,83.59,0.35750000000000004,179.7675,0.0,0.0,,992.4975000000001,
2023-03-16 21:00:00,65.9575,106.8,0.67,1.03,0.93,0.38,1.43,0.62,1.07,0.07250000000000001,,,,0.1225,0.15,18.9025,86.605,0.3875,196.245,0.0,0.0,,992.4825,
2023-03-16 22:00:00,38.207499999999996,57.3125,0.67,1.03,0.93,0.38,1.43,0.5875,1.07,0.0675,,,,0.1175,0.14,18.245,88.715,0.5025,213.045,0.0,0.0,,992.2950000000001,
2023-03-16 23:00:00,25.066666666666666,40.300000000000004,0.67,1.03,0.93,0.38000000000000006,1.43,0.5133333333333333,1.07,0.06,,,,0.10000000000000002,0.12,17.75,89.67666666666666,0.7333333333333334,243.25666666666666,0.0,0.0,,992.12,
2023-03-17 00:00:00,19.81,28.53333333333333,0.67,1.03,0.93,0.38000000000000006,1.43,0.44333333333333336,1.07,0.05000000000000001,,,,0.09,0.10500000000000001,16.9375,90.755,0.33,202.88750000000002,0.0,0.0,,991.4425,
2023-03-17 01:00:00,16.9675,33.075,0.67,1.03,0.93,0.38,1.43,0.42,1.07,0.05,,,,0.08499999999999999,0.0975,16.43,92.7425,0.4625,257.88,0.0,0.0,,990.9325,
2023-03-17 02:00:00,20.317500000000003,33.625,0.67,1.03,0.93,0.38,1.43,0.35250000000000004,1.07,0.0425,,,,0.07250000000000001,0.0825,16.1575,92.5225,0.3825,228.215,0.0,0.0,,990.6425,
2023-03-17 03:00:00,13.625,21.225,0.67,1.03,0.93,0.38,1.43,0.3175,1.07,0.04,,,,0.0625,0.07250000000000001,15.5075,93.64999999999999,0.48000000000000004,231.1575,0.0,0.0,,990.4124999999999,
2023-03-17 04:00:00,9.89,18.6875,0.67,1.03,0.93,0.38,1.43,0.29,1.07,0.03,,,,0.06,0.07,15.645,93.0525,0.5125,225.26000000000002,0.0,0.0,,990.9125,
2023-03-17 05:00:00,11.165,17.15,0.67,1.03,0.93,0.38,1.43,0.28500000000000003,1.07,0.03,,,,0.06,0.07,15.355,93.575,0.2625,203.09750000000003,0.0,0.0,8.14,991.335,
2023-03-17 06:00:00,9.025,17.1875,0.67,1.03,0.93,0.38,1.43,0.33,1.07,0.04,,,,0.065,0.0775,16.82,90.63,0.2875,186.465,0.0,0.0,71.8325,992.0375,
2023-03-17 07:00:00,14.2,21.225,0.67,1.03,0.93,0.38,1.43,0.3575,1.07,0.04,,,,0.07,0.08499999999999999,19.7075,79.7225,0.6174999999999999,176.6575,0.0,0.0,139.2,992.525,
2023-03-17 08:00:00,14.7575,26.325,0.67,1.03,0.93,0.38,1.4425,0.34750000000000003,1.07,0.04,,,,0.07250000000000001,0.0825,24.85,63.4225,0.4,138.2,0.0,0.0,241.225,993.0,
2023-03-17 09:00:00,16.915,27.5625,0.67,1.03,0.93,0.38,1.43,0.2875,1.07,0.0325,,,,0.06,0.07,28.634999999999998,48.5675,0.5775,199.46249999999998,0.0,0.0,239.975,993.3625,
2023-03-17 10:00:00,13.5,23.25,0.67,1.03,0.93,0.38,1.43,0.29,1.07,0.03,,,,0.06,0.07,30.13,45.625,0.6725,145.9225,0.0,0.0,131.995,992.78,
2023-03-17 11:00:00,11.975,19.125,0.675,1.0425,0.9550000000000001,0.38,1.43,0.29,1.07,0.0325,,,,0.06,0.07,28.72,49.1325,0.8999999999999999,151.73000000000002,0.0,0.0,217.695,991.7375,
2023-03-17 12:00:00,20.6225,34.5375,0.715,1.065,0.9675,0.405,1.53,0.295,1.1425,0.03,,,,0.06,0.07,27.85,50.515,1.4525000000000001,149.22,0.0,0.0,218.2525,990.735,
2023-03-17 13:00:00,25.25,36.6,0.73,1.1575,1.0425,0.4275,1.5575,0.2975,1.1775,0.0325,,,,0.06,0.07,28.885,49.839999999999996,0.9525,148.5025,0.0,0.0,188.3225,989.5450000000001,
2023-03-17 14:00:00,17.1675,26.875,0.7125,1.135,1.02,0.4175,1.5675,0.3025,1.1575,0.035,,,,0.06,0.07,30.1575,47.5375,0.5549999999999999,171.47,0.0,0.0,143.5375,988.4425,
2023-03-17 15:00:00,16.25,24.375,0.71,1.085,0.98,0.4,1.5075,0.2925,1.13,0.0325,,,,0.057499999999999996,0.0675,29.425,47.04,0.5775,148.1775,0.0,0.0,96.2775,988.055,
2023-03-17 16:00:00,12.95,22.2,0.675,1.0675000000000001,0.9400000000000001,0.39,1.4575,0.2975,1.09,0.0375,,,,0.06,0.07,28.105,51.5975,0.35000000000000003,188.995,0.0,0.0,39.14,988.03,
2023-03-17 17:00:00,10.2175,21.45,0.6775,1.0475,0.9575,0.385,1.4449999999999998,0.3125,1.08,0.04,,,,0.0625,0.07250000000000001,24.1075,64.4675,0.405,176.475,0.0,0.0,3.45,988.2975,
2023-03-17 18:00:00,16.015,26.345,0.67,1.03,0.93,0.38,1.43,0.41500000000000004,1.07,0.0525,,,,0.085,0.0975,21.5275,74.0125,0.3325,143.155,0.0,0.0,,989.1,
2023-03-17 19:00:00,21.747500000000002,40.405,0.67,1.03,0.93,0.38,1.43,0.5549999999999999,1.07,0.0675,,,,0.1125,0.1325,20.2375,79.7225,0.4225,225.0975,0.0,0.0,,990.02,
2023-03-17 20:00:00,26.6875,43.97,0.67,1.03,0.935,0.38,1.43,0.6625,1.07,0.0775,,,,0.1325,0.16,19.669999999999998,82.53,0.3575,208.45,0.0,0.0,,990.4225,
2023-03-17 21:00:00,27.625,47.2025,0.675,1.0350000000000001,0.935,0.3825,1.44,0.69,1.0775000000000001,0.0825,,,,0.14250000000000002,0.16749999999999998,18.91,85.3375,0.26,214.8425,0.0,0.0,,990.6525,
2023-03-17 22:00:00,30.595,45.89,0.67,1.03,0.935,0.38,1.43,0.635,1.07,0.07500000000000001,,,,0.125,0.155,18.255,87.06,0.2275,216.4975,0.0,0.0,,990.1825,
2023-03-17 23:00:00,23.25333333333333,40.18666666666667,0.6766666666666667,1.0433333333333332,0.9433333333333334,0.38000000000000006,1.4433333333333334,0.5566666666666666,1.08,0.06666666666666667,,,,0.11,0.13333333333333333,17.683333333333334,89.15333333333332,0.45,195.60333333333332,0.0,0.0,,990.0233333333334,
2023-03-18 00:00:00,20.0,40.0,0.67,1.03,0.9433333333333334,0.3833333333333333,1.43,0.5166666666666667,1.07,0.06,,,,0.10500000000000001,0.1275,17.695,89.81,0.6,213.0575,0.0,0.0,,989.5799999999999,
2023-03-18 01:00:00,23.5825,37.3925,0.67,1.03,0.935,0.38,1.4375,0.4475,1.07,0.055,,,,0.0925,0.10500000000000001,17.9025,88.2075,0.4325,254.75,0.0,0.0,,988.8100000000001,
2023-03-18 02:00:00,15.83,28.875,0.67,1.0350000000000001,0.93,0.3825,1.44,0.39249999999999996,1.0775000000000001,0.045,,,,0.0775,0.0925,18.1275,86.735,0.66,230.6075,0.0,0.0,,988.7075,
2023-03-18 03:00:00,15.5,23.25,0.67,1.03,0.93,0.38,1.43,0.345,1.07,0.04,,,,0.0675,0.08499999999999999,18.4175,85.58500000000001,0.5675,216.6375,0.0,0.0,,988.905,
2023-03-18 04:00:00,13.122499999999999,24.0,0.67,1.0350000000000001,0.935,0.38,1.44,0.32,1.07,0.04,,,,0.065,0.07500000000000001,18.41,86.6575,0.445,203.935,0.0,0.0,,989.415,
2023-03-18 05:00:00,14.9375,24.655,0.675,1.03,0.93,0.38,1.44,0.315,1.0775000000000001,0.04,,,,0.06,0.07,17.8875,90.88499999999999,0.39,242.385,0.0,0.0,1.14,990.39,
2023-03-18 06:00:00,12.985,24.7025,0.69,1.03,0.9550000000000001,0.39,1.4675,0.335,1.105,0.04,,,,0.0675,0.0775,18.072499999999998,92.50999999999999,0.2975,219.51250000000002,0.0,0.0,11.809999999999999,991.24,
2023-03-18 07:00:00,,,,,,,,,,,,,,,,,,,,,0.0,,,
2023-03-18 08:00:00,,,,,,,,,,,,,,,,,,,,,0.0,,,
2023-03-18 09:00:00,,,,,,,,,,,,,,,,,,,,,0.0,,,
2023-03-18 10:00:00,,,,,,,,,,,,,,,,,,,,,0.0,,,
2023-03-18 11:00:00,,,,,,,,,,,,,,,,,,,,,0.0,,,
2023-03-18 12:00:00,,,,,,,,,,,,,,,,,,,,,0.0,,,
2023-03-18 13:00:00,,,,,,,,,,,,,,,,,,,,,0.0,,,
2023-03-18 14:00:00,,,,,,,,,,,,,,,,,,,,,0.0,,,
2023-03-18 15:00:00,,,,,,,,,,,,,,,,,,,,,0.0,,,
2023-03-18 16:00:00,,,,,,,,,,,,,,,,,,,,,0.0,,,
2023-03-18 17:00:00,,,,,,,,,,,,,,,,,,,,,0.0,,,
2023-03-18 18:00:00,,,,,,,,,,,,,,,,,,,,,0.0,,,
2023-03-18 19:00:00,,,,,,,,,,,,,,,,,,,,,0.0,,,
2023-03-18 20:00:00,,,,,,,,,,,,,,,,,,,,,0.0,,,
2023-03-18 21:00:00,,,,,,,,,,,,,,,,,,,,,0.0,,,
2023-03-18 22:00:00,,,,,,,,,,,,,,,,,,,,,0.0,,,
2023-03-18 23:00:00,,,,,,,,,,,,,,,,,,,,,0.0,,,
2023-03-19 00:00:00,,,,,,,,,,,,,,,,,,,,,0.0,,,
2023-03-19 01:00:00,,,,,,,,,,,,,,,,,,,,,0.0,,,
2023-03-19 02:00:00,,,,,,,,,,,,,,,,,,,,,0.0,,,
2023-03-19 03:00:00,,,,,,,,,,,,,,,,,,,,,0.0,,,
2023-03-19 04:00:00,,,,,,,,,,,,,,,,,,,,,0.0,,,
2023-03-19 05:00:00,,,,,,,,,,,,,,,,,,,,,0.0,,,
2023-03-19 06:00:00,,,,,,,,,,,,,,,,,,,,,0.0,,,
2023-03-19 07:00:00,,,,,,,,,,,,,,,,,,,,,0.0,,,
2023-03-19 08:00:00,,,,,,,,,,,,,,,,,,,,,0.0,,,
2023-03-19 09:00:00,,,,,,,,,,,,,,,,,,,,,0.0,,,
2023-03-19 10:00:00,,,,,,,,,,,,,,,,,,,,,0.0,,,
2023-03-19 11:00:00,,,,,,,,,,,,,,,,,,,,,0.0,,,
2023-03-19 12:00:00,,,,,,,,,,,,,,,,,,,,,0.0,,,
2023-03-19 13:00:00,,,,,,,,,,,,,,,,,,,,,0.0,,,
2023-03-19 14:00:00,,,,,,,,,,,,,,,,,,,,,0.0,,,
2023-03-19 15:00:00,,,,,,,,,,,,,,,,,,,,,0.0,,,
2023-03-19 16:00:00,,,,,,,,,,,,,,,,,,,,,0.0,,,
2023-03-19 17:00:00,,,,,,,,,,,,,,,,,,,,,0.0,,,
2023-03-19 18:00:00,,,,,,,,,,,,,,,,,,,,,0.0,,,
2023-03-19 19:00:00,,,,,,,,,,,,,,,,,,,,,0.0,,,
2023-03-19 20:00:00,,,,,,,,,,,,,,,,,,,,,0.0,,,
2023-03-19 21:00:00,,,,,,,,,,,,,,,,,,,,,0.0,,,
2023-03-19 22:00:00,,,,,,,,,,,,,,,,,,,,,0.0,,,
2023-03-19 23:00:00,,,,,,,,,,,,,,,,,,,,,0.0,,,
2023-03-20 00:00:00,,,,,,,,,,,,,,,,,,,,,0.0,,,
2023-03-20 01:00:00,,,,,,,,,,,,,,,,,,,,,0.0,,,
2023-03-20 02:00:00,,,,,,,,,,,,,,,,,,,,,0.0,,,
2023-03-20 03:00:00,,,,,,,,,,,,,,,,,,,,,0.0,,,
2023-03-20 04:00:00,,,,,,,,,,,,,,,,,,,,,0.0,,,
2023-03-20 05:00:00,,,,,,,,,,,,,,,,,,,,,0.0,,,
2023-03-20 06:00:00,,,,,,,,,,,,,,,,,,,,,0.0,,,
2023-03-20 07:00:00,,,,,,,,,,,,,,,,,,,,,0.0,,,
2023-03-20 08:00:00,,,,,,,,,,,,,,,,,,,,,0.0,,,
2023-03-20 09:00:00,14.71,25.5,0.76,1.12,1.01,0.44,1.64,0.21,1.23,0.03,,,,0.04,0.05,19.3,94.67,0.35,97.99,0.0,0.0,58.7,990.3,
2023-03-20 10:00:00,9.987499999999999,21.25,0.6950000000000001,1.0775000000000001,0.9675,0.40249999999999997,1.4825,0.33999999999999997,1.1175,0.04,,,,0.0675,0.08,20.215,91.8175,0.185,137.14,0.0,0.0,47.03,990.04,
2023-03-20 11:00:00,3.4966666666666666,8.25,0.74,1.15,1.0425,0.425,1.565,0.345,1.1949999999999998,0.04,,,,0.07,0.0825,21.205,85.0125,0.43,114.25999999999999,0.0,0.0,66.7475,988.93,
2023-03-20 12:00:00,4.81,10.0,0.75,1.1524999999999999,1.0425,0.435,1.6375,0.34750000000000003,1.2275,0.04,,,,0.07,0.0825,22.7125,78.0875,0.475,114.17,0.0,0.0,124.345,987.735,
2023-03-20 13:00:00,11.44,28.125,0.7875000000000001,1.2125,1.0975000000000001,0.45,1.68,0.35,1.2575,0.04,,,,0.07,0.08,25.535,67.77250000000001,0.5325,104.3425,0.0,0.0,212.0875,986.29,
2023-03-20 14:00:00,21.1775,33.5625,0.7475,1.1175,1.0075,0.43,1.585,0.36,1.1975,0.04,,,,0.07,0.08499999999999999,24.5325,68.5625,0.6475,149.635,0.0,0.0,99.16,985.82,
2023-03-20 15:00:00,16.4975,27.0,0.6799999999999999,1.045,0.9475,0.39,1.4475,0.345,1.085,0.04,,,,0.07,0.08,23.490000000000002,72.6875,0.625,83.42999999999999,0.0,0.0,54.9575,985.3824999999999,
2023-03-20 16:00:00,15.435,25.3125,0.6775,1.0525,0.9425,0.3875,1.4575,0.3375,1.09,0.04,,,,0.07,0.08,21.785,78.865,0.5625,139.525,0.0,0.0,20.6675,985.435,
2023-03-20 17:00:00,11.065000000000001,18.0,0.6825,1.0575,0.94,0.3875,1.455,0.3625,1.105,0.04,,,,0.07250000000000001,0.0875,20.61,82.78,0.345,149.65,0.0,0.0,3.17,985.905,
2023-03-20 18:00:00,9.46,16.2075,0.675,1.0350000000000001,0.94,0.3825,1.44,0.385,1.0775000000000001,0.0425,,,,0.0775,0.09,19.33,88.2925,0.20750000000000002,185.935,0.0,0.0,,986.5825,
2023-03-20 19:00:00,12.0775,22.6875,0.67,1.03,0.935,0.38,1.43,0.47750000000000004,1.07,0.055,,,,0.0925,0.11499999999999999,18.7425,91.67,0.255,129.93,0.0,0.0,,987.4025,
2023-03-20 20:00:00,13.6375,25.5,0.6725000000000001,1.04,0.935,0.385,1.44,0.61,1.0775000000000001,0.07250000000000001,,,,0.12,0.14750000000000002,18.5375,92.6325,0.3225,139.6025,0.0,0.0,,987.755,
2023-03-20 21:00:00,13.58,27.6675,0.6725000000000001,1.04,0.9525,0.385,1.4475,0.53,1.0825,0.0625,,,,0.10500000000000001,0.125,18.2025,92.72749999999999,0.28,150.1375,0.0,0.0,,987.5625,
2023-03-20 22:00:00,17.1275,28.5,0.67,1.0350000000000001,0.94,0.38,1.43,0.46499999999999997,1.07,0.055,,,,0.0925,0.1125,18.1075,92.385,0.21750000000000003,187.1775,0.0,0.0,,987.4749999999999,
2023-03-20 23:00:00,14.79,27.25,0.68,1.03,0.93,0.3866666666666667,1.4533333333333331,0.42333333333333334,1.09,0.05333333333333334,,,,0.08666666666666667,0.09999999999999999,18.086666666666666,92.82000000000001,0.3,215.92,0.0,0.0,,987.6066666666666,
2023-03-21 00:00:00,12.0,16.746666666666666,0.67,1.03,0.93,0.38000000000000006,1.43,0.34,1.07,0.04,,,,0.07,0.08,17.982499999999998,93.2,0.195,186.525,0.0,0.0,,987.035,
2023-03-21 01:00:00,8.842500000000001,15.095,0.6799999999999999,1.03,0.935,0.385,1.45,0.3375,1.085,0.04,,,,0.07,0.08,18.0225,93.1025,0.265,131.3625,0.0,0.0,,986.14,
2023-03-21 02:00:00,9.1875,15.375,0.6775,1.0350000000000001,0.93,0.385,1.4475,0.335,1.0825,0.04,,,,0.07,0.08,17.855,93.5575,0.38,254.89499999999998,0.0025,0.0025,,985.6375,
2023-03-21 03:00:00,8.155,12.5625,0.67,1.03,0.93,0.38,1.43,0.3075,1.07,0.04,,,,0.06,0.07,17.65,94.50999999999999,0.47000000000000003,205.36,0.037500000000000006,0.037500000000000006,,986.205,
2023-03-21 04:00:00,8.475,14.1675,0.6775,1.0350000000000001,0.935,0.385,1.4475,0.2875,1.0775000000000001,0.0325,,,,0.06,0.07,17.445,95.4075,0.3425,118.87,0.0375,0.0375,,986.4475,
2023-03-21 05:00:00,9.465,14.6775,0.67,1.03,0.93,0.38,1.43,0.2725,1.07,0.03,,,,0.06,0.07,17.3375,95.9875,0.25,168.5325,0.0125,0.0125,1.7466666666666668,986.97,
2023-03-21 06:00:00,4.9375,9.655,0.6849999999999999,1.0350000000000001,0.9425,0.385,1.46,0.3,1.0925,0.035,,,,0.06,0.07250000000000001,17.515,96.2825,0.175,139.0825,0.0,0.0,7.5375,987.705,
2023-03-21 07:00:00,5.8125,9.75,0.6799999999999999,1.03,0.93,0.3825,1.45,0.3075,1.0775000000000001,0.04,,,,0.06,0.07,18.02,96.385,0.215,176.0725,0.0,0.0,32.745,988.5799999999999,
2023-03-21 08:00:00,8.0,12.0,0.67,1.0550000000000002,0.9550000000000001,0.385,1.45,0.305,1.085,0.035,,,,0.06,0.07,18.9,96.05,0.39,143.715,0.0,0.0,44.730000000000004,989.1600000000001,
2023-03-21 09:00:00,,,,,,,,,,,,,,,,,,,,,0.0,,,
2023-03-21 10:00:00,,,,,,,,,,,,,,,,,,,,,0.0,,,
2023-03-21 11:00:00,,,,,0.0,,,0.0,,0.0,,,,,,,,,,0.0,0.0,,,
2023-03-21 12:00:00,,,,,0.0,,,0.0,,0.0,,,,,,,,,,0.0,0.0,,,
2023-03-21 13:00:00,,,,,0.0,,,0.0,,0.0,,,,,,,,,,0.0,0.0,,,
2023-03-21 14:00:00,,,,,0.0,,,0.0,,0.0,,,,,,,,,,0.0,0.0,,,
2023-03-21 15:00:00,,,,,0.0,,,0.0,,0.0,,,,,,,,,,0.0,0.0,,,
2023-03-21 16:00:00,,,,,0.0,,,0.0,,0.0,,,,,,,,,,0.0,0.0,,,
2023-03-21 17:00:00,,,,,0.0,,,0.0,,0.0,,,,,,,,,,0.0,0.0,,,
2023-03-21 18:00:00,,,,,0.0,,,0.0,,0.0,,,,,,,,,,0.0,0.0,,,
2023-03-21 19:00:00,,,,,0.0,,,0.0,,0.0,,,,,,,,,,0.0,0.0,,,
2023-03-21 20:00:00,,,,,0.0,,,0.0,,0.0,,,,,,,,,,0.0,0.0,,,
2023-03-21 21:00:00,,,,,0.0,,,0.0,,0.0,,,,,,,,,,0.0,0.0,,,
2023-03-21 22:00:00,,,,,0.0,,,0.0,,0.0,,,,,,,,,,0.0,0.0,,,
2023-03-21 23:00:00,,,,,0.0,,,0.0,,0.0,,,,,,,,,,0.0,0.0,,,
2023-03-22 00:00:00,,,,,0.0,,,0.0,,0.0,,,,,,,,,,0.0,0.0,,,
2023-03-22 01:00:00,,,,,0.0,,,0.0,,0.0,,,,,,,,,,0.0,0.0,,,
2023-03-22 02:00:00,,,,,0.0,,,0.0,,0.0,,,,,,,,,,0.0,0.0,,,
2023-03-22 03:00:00,,,,,0.0,,,0.0,,0.0,,,,,,,,,,0.0,0.0,,,
2023-03-22 04:00:00,,,,,0.0,,,0.0,,0.0,,,,,,,,,,0.0,0.0,,,
2023-03-22 05:00:00,,,,,0.0,,,0.0,,0.0,,,,,,,,,,0.0,0.0,,,
2023-03-22 06:00:00,,,,,0.0,,,0.0,,0.0,,,,,,,,,,0.0,0.0,,,
2023-03-22 07:00:00,,,,,0.0,,,0.0,,0.0,,,,,,,,,,0.0,0.0,,,
2023-03-22 08:00:00,,,,,0.0,,,0.0,,0.0,,,,,,,,,,0.0,0.0,,,
2023-03-22 09:00:00,,,,,0.0,,,0.0,,0.0,,,,,,,,,,0.0,0.0,,,
2023-03-22 10:00:00,,,,,0.0,,,0.0,,0.0,,,,,,,,,,0.0,0.0,,,
2023-03-22 11:00:00,,,,,0.0,,,0.0,,0.0,,,,,,,,,,0.0,0.0,,,
2023-03-22 12:00:00,2.7133333333333334,6.0,0.5800000000000001,0.8566666666666668,0.5825,0.33,1.24,0.0775,0.9266666666666667,0.0075,,,,0.023333333333333334,0.02666666666666667,19.546666666666667,59.85666666666666,0.47333333333333333,131.29666666666665,0.0,0.0,100.17,984.92,
2023-03-22 13:00:00,0.12,,0.705,1.0925,0.9824999999999999,0.40249999999999997,1.5025,0.225,1.1324999999999998,0.03,,,,0.04,0.05,24.7775,68.03,0.38,142.155,0.0,0.0,85.915,983.9725,
2023-03-22 14:00:00,0.185,,0.715,1.065,0.985,0.40249999999999997,1.505,0.22,1.1324999999999998,0.03,,,,0.0425,0.052500000000000005,23.085,74.575,0.5325,121.36500000000001,0.0,0.0,28.682499999999997,982.885,
2023-03-22 15:00:00,0.12,,0.6849999999999999,1.0550000000000002,0.95,0.3825,1.45,0.225,1.0775000000000001,0.03,,,,0.0425,0.052500000000000005,21.2825,83.08500000000001,0.5975,131.985,0.0,0.0,18.1425,982.3625,
2023-03-22 16:00:00,0.12,,0.67,1.03,0.935,0.38,1.43,0.25,1.07,0.03,,,,0.052500000000000005,0.055,20.5375,86.135,0.365,140.065,0.0,0.0,5.98,982.27,
2023-03-22 17:00:00,0.12,,0.6725000000000001,1.04,0.935,0.385,1.4575,0.3275,1.09,0.035,,,,0.065,0.0775,19.9925,89.4225,0.2325,161.245,0.005,0.005,0.38,982.7175,
2023-03-22 18:00:00,0.12,,0.6975,1.065,0.9525,0.395,1.4675,0.39,1.1,0.0425,,,,0.07500000000000001,0.09,19.240000000000002,93.0125,0.375,142.735,0.005,0.005,,983.3725,
2023-03-22 19:00:00,0.16333333333333333,,0.6799999999999999,1.03,0.93,0.3825,1.4575,0.325,1.0775000000000001,0.04,,,,0.0675,0.08,18.8525,92.9675,0.6649999999999999,130.0625,0.0125,0.0125,,984.305,
2023-03-22 20:00:00,0.16999999999999998,,0.67,1.03,0.93,0.38,1.43,0.3025,1.07,0.0375,,,,0.06,0.07,18.1925,94.245,0.4325,127.69,0.0,0.0,,984.8675000000001,
2023-03-22 21:00:00,0.11,,0.675,1.0350000000000001,0.93,0.38,1.44,0.305,1.0775000000000001,0.0375,,,,0.0625,0.07250000000000001,17.9775,94.5625,0.57,125.60249999999999,0.02,0.02,,984.8924999999999,
2023-03-22 22:00:00,0.12,,0.675,1.0350000000000001,0.935,0.38,1.44,0.2775,1.0775000000000001,0.03,,,,0.057499999999999996,0.0675,17.822499999999998,94.8275,0.4175,118.47749999999999,0.0,0.0,,984.74,
2023-03-22 23:00:00,0.11,,0.68,1.0366666666666668,0.9366666666666666,0.3866666666666667,1.45,0.26333333333333336,1.0866666666666667,0.03,,,,0.05333333333333334,0.06333333333333334,17.76,95.50999999999999,0.54,173.96,0.01,0.0075,,985.02,
2023-03-23 00:00:00,0.11499999999999999,,0.67,1.03,0.93,0.3833333333333333,1.43,0.2333333333333333,1.0766666666666669,0.03,,,,0.045,0.055,17.7125,95.3075,0.7075,191.615,0.017499999999999998,0.017499999999999998,,984.485,
2023-03-23 01:00:00,0.15333333333333332,,0.67,1.0350000000000001,0.935,0.3825,1.43,0.2025,1.07,0.0225,,,,0.04,0.05,17.41,94.97749999999999,0.515,163.3975,0.01,0.01,,984.5425,
2023-03-23 02:00:00,0.18,,0.6725000000000001,1.03,0.93,0.38,1.4375,0.1975,1.07,0.02,,,,0.04,0.0475,17.305,95.615,0.4325,141.425,0.0,0.0,,984.3,
2023-03-23 03:00:00,0.12,,0.67,1.03,0.935,0.38,1.43,0.1875,1.07,0.02,,,,0.04,0.04,17.2375,95.73,0.4125,133.23499999999999,0.0,0.0,,984.135,
2023-03-23 04:00:00,0.16,,0.675,1.0350000000000001,0.935,0.38,1.44,0.1825,1.0775000000000001,0.02,,,,0.04,0.04,17.0275,95.3775,0.5775,134.2525,0.0025,0.0025,,984.3025,
2023-03-23 05:00:00,0.12,,0.67,1.0350000000000001,0.935,0.38,1.43,0.1825,1.07,0.02,,,,0.04,0.04,16.89,94.99249999999999,0.28500000000000003,129.51749999999998,0.0175,0.0175,0.27,985.1625,
2023-03-23 06:00:00,0.16333333333333333,,0.6799999999999999,1.0350000000000001,0.94,0.38,1.45,0.195,1.0775000000000001,0.02,,,,0.04,0.0425,16.8925,95.7575,0.3375,147.8075,0.030000000000000002,0.030000000000000002,2.3475,986.1775,
2023-03-23 07:00:00,0.29000000000000004,,0.675,1.0350000000000001,0.935,0.385,1.44,0.2025,1.085,0.025,,,,0.04,0.0475,16.86,96.17,0.43,133.2825,0.0,0.0,11.3425,987.265,
2023-03-23 08:00:00,0.16999999999999998,,0.675,1.0350000000000001,0.94,0.38,1.44,0.23,1.07,0.03,,,,0.04,0.05,16.805,95.96,0.5800000000000001,119.0825,0.0225,0.0225,11.2275,988.035,
2023-03-23 09:00:00,0.11,,0.6725000000000001,1.03,0.93,0.38,1.4375,0.20500000000000002,1.07,0.025,,,,0.04,0.05,16.2625,95.72999999999999,0.665,133.3225,0.005,0.005,15.497499999999999,988.59,
2023-03-23 10:00:00,0.1825,,0.67,1.0350000000000001,0.93,0.3825,1.43,0.2175,1.07,0.03,,,,0.04,0.05,16.1725,96.0275,0.54,137.8175,0.015,0.015,27.33,988.645,
2023-03-23 11:00:00,0.185,,0.6775,1.0350000000000001,0.935,0.3875,1.4475,0.22,1.085,0.03,,,,0.04,0.05,16.5875,95.4375,0.5925,155.04000000000002,0.015,0.015,37.0375,988.0625,
2023-03-23 12:00:00,0.12,,0.67,1.045,0.95,0.38,1.43,0.24,1.0775000000000001,0.03,,,,0.05,0.057499999999999996,16.805,95.035,0.44,132.1775,0.0,0.0,51.324999999999996,987.375,
2023-03-23 13:00:00,0.15333333333333332,,0.6875,1.06,0.9625,0.3925,1.46,0.22999999999999998,1.0975000000000001,0.03,,,,0.045,0.055,17.645,90.0275,0.5900000000000001,136.70499999999998,0.0,0.0,50.705,986.54,
2023-03-23 14:00:00,0.19666666666666666,,0.685,1.04,0.945,0.3875,1.455,0.225,1.09,0.03,,,,0.04,0.05,17.855,88.6225,0.6375,134.1525,0.0025,0.0025,85.875,985.7575,
2023-03-23 15:00:00,0.19666666666666666,,0.67,1.0350000000000001,0.935,0.3825,1.44,0.21,1.0775000000000001,0.03,,,,0.04,0.05,19.0225,84.005,0.7150000000000001,158.005,0.0,0.0,75.9875,985.575,
2023-03-23 16:00:00,0.185,,0.6925,1.0425,0.9425,0.39,1.46,0.21,1.1,0.0275,,,,0.04,0.05,18.63,83.81,0.65,106.1625,0.0,0.0,24.5925,985.9200000000001,
2023-03-23 17:00:00,0.11666666666666665,,0.695,1.0825,0.9675,0.3925,1.4825,0.255,1.105,0.03,,,,0.0525,0.060000000000000005,17.8325,87.4125,0.5175,128.6575,0.0,0.0,4.74,986.525,
2023-03-23 18:00:00,0.16333333333333333,,0.675,1.04,0.94,0.385,1.44,0.3125,1.0775000000000001,0.0375,,,,0.0625,0.07500000000000001,17.5225,89.19749999999999,0.4925,121.14,0.0,0.0,,987.1225,
2023-03-23 19:00:00,0.16,,0.6725000000000001,1.04,0.935,0.385,1.4475,0.415,1.0825,0.05,,,,0.08499999999999999,0.0975,17.335,89.93,0.375,143.45999999999998,0.0,0.0,,987.885,
2023-03-23 20:00:00,,,0.675,1.04,0.93,0.385,1.45,0.4975,1.085,0.06,,,,0.1,0.1175,17.315,90.0675,0.33749999999999997,152.875,0.0,0.0,,988.44,
2023-03-23 21:00:00,0.185,,0.675,1.0350000000000001,0.94,0.38,1.44,0.5175,1.0775000000000001,0.0625,,,,0.10250000000000001,0.125,17.3175,90.08500000000001,0.3475,168.015,0.0,0.0,,988.465,
2023-03-23 22:00:00,0.52,,0.6775,1.04,0.9575,0.3875,1.4575,0.4425,1.0825,0.05,,,,0.0875,0.10500000000000001,17.0975,90.545,0.31,242.095,0.0,0.0,,988.175,
2023-03-23 23:00:00,0.12,,0.6766666666666667,1.03,0.93,0.3866666666666667,1.4433333333333334,0.36333333333333334,1.09,0.04,,,,0.07666666666666667,0.08666666666666667,17.07,91.30666666666667,0.21666666666666667,165.72666666666666,0.0,0.0,,988.36,
2023-03-24 00:00:00,,,0.67,1.0466666666666666,0.9366666666666666,0.3833333333333333,1.43,0.30333333333333334,1.08,0.03666666666666667,,,,0.0625,0.075,16.4925,92.7675,0.71,177.60500000000002,0.030000000000000002,0.030000000000000002,,988.5,
2023-03-24 01:00:00,0.14,,0.67,1.03,0.93,0.38,1.43,0.25,1.07,0.03,,,,0.05,0.06,16.1075,95.1375,0.265,164.6725,0.0,0.0,,987.83,
2023-03-24 02:00:00,0.265,,0.67,1.03,0.9400000000000001,0.38,1.43,0.23249999999999998,1.07,0.03,,,,0.045,0.055,16.06,95.78999999999999,0.2325,115.325,0.0,0.0,,987.4675,
2023-03-24 03:00:00,0.17,,0.67,1.0550000000000002,0.9625,0.38,1.43,0.225,1.07,0.03,,,,0.0425,0.052500000000000005,16.18,96.2925,0.40249999999999997,174.625,0.0,0.0,,987.9075,
2023-03-24 04:00:00,0.18000000000000002,,0.7025,1.0375,0.9625,0.395,1.51,0.2225,1.1075,0.03,,,,0.04,0.05,16.2275,96.4825,0.38249999999999995,113.905,0.0,0.0,,988.11,
2023-03-24 05:00:00,0.25,,0.69,1.08,0.9675,0.3975,1.4725,0.2075,1.1275,0.0275,,,,0.04,0.05,16.0975,96.5825,0.2375,81.2325,0.0,0.0,1.5899999999999999,988.6125,
2023-03-24 06:00:00,0.16,,0.6799999999999999,1.04,0.945,0.3825,1.45,0.2025,1.0775000000000001,0.025,,,,0.04,0.05,16.165,96.2975,0.3875,119.5,0.0,0.0,12.5875,989.4549999999999,
2023-03-24 07:00:00,0.11,,0.68,1.0525,0.9525,0.39,1.455,0.215,1.09,0.03,,,,0.04,0.05,16.9075,94.165,0.485,175.4375,0.0,0.0,35.9725,990.39,
2023-03-24 08:00:00,0.33,,0.6925,1.0475,0.9525,0.3875,1.4649999999999999,0.215,1.085,0.03,,,,0.04,0.05,18.3275,87.8075,0.315,125.485,0.0,0.0,55.465,990.965,
2023-03-24 09:00:00,0.25,,0.6725000000000001,1.04,0.935,0.385,1.4449999999999998,0.27749999999999997,1.0875,0.0325,,,,0.057499999999999996,0.0675,19.9425,82.9475,0.3025,140.4475,0.0,0.0,80.5675,990.9275,
2023-03-24 10:00:00,0.195,,0.675,1.0350000000000001,0.935,0.3825,1.44,0.275,1.0775000000000001,0.0325,,,,0.055,0.065,22.8575,70.7375,0.495,115.3775,0.0,0.0,123.515,990.5075,
2023-03-24 11:00:00,0.20666666666666667,,0.6875,1.0550000000000002,0.945,0.3925,1.4675,0.235,1.0975000000000001,0.03,,,,0.045,0.057499999999999996,23.5925,65.4025,0.4725,118.57000000000001,0.0,0.0,116.525,989.7574999999999,
2023-03-24 12:00:00,0.25,,0.6924999999999999,1.04,0.9724999999999999,0.3925,1.4775,0.24,1.1,0.03,,,,0.0425,0.055,24.365,64.1725,0.3675,134.65,0.0,0.0,106.2475,988.7625,
2023-03-24 13:00:00,0.15,,0.695,1.0575,0.9525,0.39,1.4825,0.2475,1.095,0.03,,,,0.0475,0.06,24.29,65.72,0.4125,120.94,0.0,0.0,67.245,987.9525,
2023-03-24 14:00:00,0.16,,0.6925,1.07,0.9625,0.395,1.4725,0.2575,1.105,0.03,,,,0.05,0.0625,22.8175,71.61500000000001,0.51,136.6875,0.0,0.0,42.3525,987.1475,
2023-03-24 15:00:00,0.16333333333333333,,0.7,1.0525,0.965,0.3925,1.4675,0.305,1.1125,0.035,,,,0.060000000000000005,0.07,22.4875,74.8625,0.41000000000000003,108.69500000000001,0.0,0.0,21.4625,986.7725,
2023-03-24 16:00:00,0.11499999999999999,,0.6725000000000001,1.0475,0.935,0.3825,1.43,0.3125,1.0750000000000002,0.035,,,,0.0625,0.07500000000000001,21.1825,82.515,0.315,157.6725,0.0,0.0,8.455,986.8225,
2023-03-24 17:00:00,0.16999999999999998,,0.6799999999999999,1.045,0.94,0.3875,1.46,0.28500000000000003,1.0925,0.03,,,,0.06,0.07,20.0375,89.1325,0.14250000000000002,179.315,0.0,0.0,3.3949999999999996,987.17,
2023-03-24 18:00:00,0.12,,0.67,1.03,0.935,0.3825,1.45,0.405,1.085,0.0475,,,,0.0825,0.0975,19.3425,92.0675,0.2375,131.1575,0.0,0.0,,988.1275,
2023-03-24 19:00:00,0.185,,0.685,1.0575,0.955,0.3875,1.455,0.5675,1.1025,0.0675,,,,0.115,0.14,19.235,93.16,0.22750000000000004,190.815,0.0,0.0,,989.03,
2023-03-24 20:00:00,0.11,,0.67,1.0475,0.9475,0.3825,1.43,0.595,1.07,0.07,,,,0.1175,0.14250000000000002,18.97,93.63499999999999,0.2575,198.185,0.0,0.0,,989.765,
2023-03-24 21:00:00,0.11499999999999999,,0.6875,1.0725,0.975,0.4,1.475,0.5325,1.1125,0.0625,,,,0.10250000000000001,0.125,18.57,94.3475,0.3225,202.0975,0.0,0.0,,989.9675,
2023-03-24 22:00:00,0.18,,0.69,1.05,0.9475,0.39,1.4675,0.47,1.085,0.057499999999999996,,,,0.0975,0.1125,18.255,95.105,0.3275,164.6925,0.0,0.0,,990.0425,
2023-03-24 23:00:00,0.12,,0.67,1.0366666666666668,0.9366666666666666,0.3866666666666667,1.43,0.49333333333333335,1.07,0.06,,,,0.10000000000000002,0.11666666666666665,18.30666666666667,94.84333333333332,0.5533333333333333,207.63666666666666,0.0,0.0,,989.9766666666668,
2023-03-25 00:00:00,0.24333333333333332,,0.73,1.0433333333333332,0.9366666666666666,0.42,1.57,0.4566666666666666,1.1733333333333333,0.056666666666666664,,,,0.095,0.1075,17.955,95.07000000000001,0.37,264.0675,0.0,0.0,,989.575,
2023-03-25 01:00:00,0.11666666666666665,,0.6799999999999999,1.03,0.94,0.38,1.44,0.4125,1.0775000000000001,0.05,,,,0.08,0.0975,17.8325,94.86749999999999,0.33999999999999997,207.9075,0.0,0.0,,989.035,
2023-03-25 02:00:00,0.16333333333333333,,0.6975,1.0425,0.935,0.395,1.4825,0.3575,1.1099999999999999,0.04,,,,0.07,0.0875,17.3375,95.06,0.24250000000000002,182.3175,0.0,0.0,,988.5174999999999,
2023-03-25 03:00:00,0.11666666666666665,,0.685,1.0475,0.945,0.39,1.475,0.3275,1.0925,0.04,,,,0.065,0.0775,17.0925,95.615,0.3225,223.675,0.0,0.0,,988.4425,
2023-03-25 04:00:00,0.11499999999999999,,0.6799999999999999,1.06,0.9525,0.39,1.45,0.3275,1.0925,0.04,,,,0.065,0.0775,16.9375,95.985,0.2425,217.405,0.0,0.0,,988.9075,
2023-03-25 05:00:00,0.12,,0.6825,1.04,0.95,0.39,1.455,0.3425,1.0975000000000001,0.04,,,,0.07,0.08,17.0325,96.14500000000001,0.185,194.445,0.0,0.0,3.0700000000000003,989.4525,
2023-03-25 06:00:00,0.21,,0.6975,1.0725,0.98,0.405,1.4825,0.36,1.12,0.04,,,,0.07,0.08499999999999999,17.495,96.205,0.3175,176.585,0.0,0.0,34.105000000000004,990.46,
2023-03-25 07:00:00,0.185,,0.6925,1.045,0.9525,0.4,1.4675,0.3575,1.1125,0.04,,,,0.07,0.09,20.1425,90.745,0.225,159.6275,0.0,0.0,82.4675,991.21,
2023-03-25 08:00:00,0.24666666666666667,,0.6925,1.06,0.9575,0.3925,1.4825,0.355,1.105,0.0425,,,,0.07,0.08499999999999999,22.665,77.9825,0.375,195.8325,0.0,0.0,142.915,991.6675,
2023-03-25 09:00:00,0.235,,0.69,1.0625,0.9675,0.395,1.4825,0.28750000000000003,1.1175,0.0325,,,,0.06,0.07,25.005,67.6675,0.47250000000000003,197.8675,0.0,0.0,106.475,991.7574999999999,
2023-03-25 10:00:00,0.185,,0.6775,1.0625,0.9624999999999999,0.39,1.455,0.27,1.09,0.03,,,,0.052500000000000005,0.065,24.165,69.68,0.9275,182.79500000000002,0.0,0.0,98.3375,991.465,
2023-03-25 11:00:00,0.1175,,0.6825,1.0575,0.965,0.3875,1.475,0.2425,1.09,0.03,,,,0.05,0.057499999999999996,24.57,67.72749999999999,1.01,175.43,0.0,0.0,150.7625,990.555,
2023-03-25 12:00:00,0.19666666666666666,,0.675,1.045,0.9475,0.39,1.455,0.245,1.0975000000000001,0.03,,,,0.05,0.06,25.52,63.042500000000004,0.6975,166.695,0.0,0.0,112.565,989.3499999999999,
2023-03-25 13:00:00,0.16333333333333333,,0.695,1.0775000000000001,0.9724999999999999,0.3975,1.4849999999999999,0.245,1.1275,0.03,,,,0.0475,0.06,25.2275,63.455,0.7,200.905,0.0,0.0,65.195,988.0775,
2023-03-25 14:00:00,,,0.6825,1.07,0.975,0.395,1.475,0.22999999999999998,1.0975000000000001,0.03,,,,0.0475,0.057499999999999996,27.174999999999997,60.585,0.435,192.935,0.0,0.0,137.2625,986.9275,
2023-03-25 15:00:00,0.12,,0.69,1.0775000000000001,0.9675,0.39,1.4725,0.2425,1.0975000000000001,0.03,,,,0.05,0.06,29.9025,51.93,0.335,118.9975,0.0,0.0,133.35999999999999,986.0925,
2023-03-25 16:00:00,0.245,,0.7,1.095,0.9725,0.405,1.5,0.25,1.13,0.03,,,,0.05,0.06,27.1425,59.935,0.2725,157.15,0.0,0.0,45.4575,985.895,
2023-03-25 17:00:00,0.16,,0.6825,1.0525,0.9475,0.39,1.455,0.3375,1.09,0.0375,,,,0.0675,0.08,22.5925,78.5175,0.2975,99.475,0.0,0.0,5.515,986.255,
2023-03-25 18:00:00,0.19666666666666666,,0.69,1.0525,0.9525,0.3925,1.4725,0.325,1.0975000000000001,0.0375,,,,0.065,0.0775,20.4875,85.7925,0.27,168.895,0.0,0.0,,986.78,
2023-03-25 19:00:00,,,0.6925,1.0675000000000001,0.96,0.3975,1.4875,0.48,1.1125,0.0575,,,,0.0975,0.1175,19.955,88.805,0.3,200.565,0.0,0.0,,987.6525,
2023-03-25 20:00:00,0.20333333333333334,,0.705,1.0825,0.98,0.4075,1.5175,0.68,1.145,0.08,,,,0.135,0.165,19.3825,90.97,0.3,172.6175,0.0,0.0,,988.3924999999999,
2023-03-25 21:00:00,0.12,,0.6875,1.0575,0.9575,0.3875,1.4775,0.5925,1.1,0.07,,,,0.11499999999999999,0.14250000000000002,19.095,91.445,0.3775,200.38,0.0,0.0,,988.335,
2023-03-25 22:00:00,0.12,,0.7125,1.06,0.96,0.40249999999999997,1.51,0.575,1.125,0.0675,,,,0.11499999999999999,0.1375,19.17,91.93,0.48250000000000004,164.8325,0.0,0.0,,988.0575,
2023-03-25 23:00:00,0.12,,0.7133333333333333,1.0766666666666669,0.9899999999999999,0.4033333333333333,1.54,0.48666666666666664,1.1533333333333333,0.056666666666666664,,,,0.09666666666666668,0.12,19.14,91.81,0.7833333333333333,256.04333333333335,0.016666666666666666,0.0125,,987.93,
2023-03-26 00:00:00,0.185,,0.7033333333333333,1.0966666666666667,0.9700000000000001,0.4033333333333333,1.5166666666666666,0.3566666666666667,1.1366666666666665,0.04,,,,0.07250000000000001,0.09,18.5925,94.375,0.47,146.8825,0.06,0.06,,987.1725,
2023-03-26 01:00:00,0.11499999999999999,,0.7,1.0975000000000001,0.985,0.4,1.5175,0.34750000000000003,1.125,0.04,,,,0.0675,0.08,18.427500000000002,95.605,0.415,205.7575,0.015000000000000001,0.015000000000000001,,986.3325,
2023-03-26 02:00:00,0.185,,0.6849999999999999,1.04,0.93,0.3875,1.46,0.3075,1.0925,0.0375,,,,0.06,0.07,18.32,96.0375,0.39,239.58249999999998,0.0,0.0,,985.9975,
2023-03-26 03:00:00,0.18,,0.6925,1.0625,0.9525,0.4,1.4825,0.2875,1.1175,0.03,,,,0.06,0.07,18.275,96.3,0.5175000000000001,202.07,0.0075,0.0075,,985.9325,
2023-03-26 04:00:00,0.185,,0.6925,1.07,0.975,0.3975,1.4825,0.28,1.125,0.03,,,,0.06,0.07,18.32,96.5,0.45999999999999996,178.8225,0.0,0.0,,986.1525,
2023-03-26 05:00:00,0.11499999999999999,,0.7,1.085,1.0,0.4075,1.51,0.2875,1.18,0.0325,,,,0.06,0.07,18.3525,96.58250000000001,0.225,161.9675,0.0,0.0,0.06,986.785,
2023-03-26 06:00:00,0.12,,0.715,1.1075,1.0025,0.4075,1.5175,0.2975,1.13,0.035,,,,0.06,0.07,18.4875,96.6375,0.305,101.59,0.0075,0.0075,3.6575,987.52,
2023-03-26 07:00:00,0.11499999999999999,,0.7,1.0825,0.99,0.40249999999999997,1.5,0.335,1.125,0.04,,,,0.0675,0.0775,18.705,96.64,0.3125,174.755,0.0125,0.0125,8.0675,988.0275,
2023-03-26 08:00:00,0.25,,0.7075,1.0525,0.9825,0.41000000000000003,1.53,0.385,1.1400000000000001,0.045,,,,0.0775,0.0925,18.6375,96.5725,0.4475,185.585,0.0325,0.0325,5.032500000000001,988.7775,
2023-03-26 09:00:00,0.12,,0.725,1.1225,1.0075,0.415,1.5625,0.3875,1.1749999999999998,0.045,,,,0.0775,0.0925,18.747500000000002,96.4875,0.4175,144.88,0.0025,0.0025,13.6975,988.755,
2023-03-26 10:00:00,0.15333333333333332,,0.71,1.11,0.995,0.4075,1.525,0.47250000000000003,1.13,0.055,,,,0.095,0.1125,18.8725,96.13,0.3,155.2525,0.005,0.005,6.9675,988.3925,
2023-03-26 11:00:00,0.16333333333333333,,0.7424999999999999,1.1324999999999998,1.0175,0.4275,1.57,0.47250000000000003,1.1875,0.055,,,,0.095,0.1125,18.9875,96.01,0.25,125.8425,0.01,0.01,14.165000000000001,987.62,
2023-03-26 12:00:00,0.12,,0.7275,1.1324999999999998,1.025,0.42,1.5375,0.4975,1.1575,0.06,,,,0.1,0.1175,19.2675,95.4975,0.3,192.31,0.0,0.0,17.285,986.8525,
2023-03-26 13:00:00,,,0.745,1.1325,1.0275,0.425,1.5950000000000002,0.485,1.1975,0.06,,,,0.1,0.11499999999999999,20.060000000000002,93.2025,0.2125,176.5275,0.0,0.0,47.9625,985.79,
2023-03-26 14:00:00,0.15333333333333332,,0.73,1.1375,1.0125,0.42,1.5575,0.49,1.1625,0.06,,,,0.0975,0.11499999999999999,21.3275,87.735,0.28500000000000003,118.785,0.0,0.0,53.84,984.63,
2023-03-26 15:00:00,0.25,,0.7525,1.1600000000000001,1.0725,0.43,1.6275,0.4325,1.2125,0.05,,,,0.09,0.1,20.9425,89.5675,0.4625,161.495,0.0,0.0,18.38,983.93,
2023-03-26 16:00:00,0.11,,0.7175,1.0825,0.9875,0.405,1.51,0.3925,1.1324999999999998,0.0475,,,,0.08,0.0975,20.689999999999998,90.4125,0.5725,172.4475,0.0,0.0,8.83,983.91,
2023-03-26 17:00:00,0.11499999999999999,,0.7475,1.1824999999999999,1.0675000000000001,0.43,1.605,0.44,1.2149999999999999,0.052500000000000005,,,,0.0875,0.10250000000000001,20.23,91.2775,0.33999999999999997,161.7475,0.0,0.0,1.73,984.26,
2023-03-26 18:00:00,0.11,,0.73,1.13,1.04,0.43,1.5875,0.445,1.2025,0.05,,,,0.0875,0.1075,19.6525,92.89500000000001,0.215,136.95000000000002,0.0,0.0,,984.885,
2023-03-26 19:00:00,0.13,,0.745,1.16,1.065,0.43,1.6,0.49749999999999994,1.205,0.0575,,,,0.1,0.12,19.6025,93.7125,0.3175,158.825,0.0,0.0,,985.4175,
2023-03-26 20:00:00,0.11499999999999999,,0.7375,1.165,1.0425,0.4275,1.5875,0.5275000000000001,1.1949999999999998,0.0625,,,,0.10500000000000001,0.125,19.5975,93.235,0.385,159.97,0.0,0.0,,985.7975,
2023-03-26 21:00:00,0.16,,0.7525,1.16,1.0350000000000001,0.4325,1.6025,0.49,1.21,0.057499999999999996,,,,0.1,0.1175,19.552500000000002,92.1575,0.24,158.4025,0.0,0.0,,985.97,
2023-03-26 22:00:00,0.11499999999999999,,0.7575000000000001,1.14,1.0325,0.4375,1.6425,0.41,1.2275,0.0475,,,,0.0825,0.0975,19.225,92.77,0.2925,177.5875,0.0,0.0,,985.29,
2023-03-26 23:00:00,,,0.7399999999999999,1.1500000000000001,1.03,0.4266666666666667,1.5866666666666667,0.37333333333333335,1.2,0.043333333333333335,,,,0.07333333333333335,0.09000000000000001,19.06,93.63,0.3233333333333333,189.62,0.0,0.0,,984.77,
2023-03-27 00:00:00,0.2333333333333333,,0.7399999999999999,1.13,1.0233333333333334,0.4266666666666667,1.5899999999999999,0.3433333333333333,1.1933333333333334,0.04,,,,0.0675,0.08,19.09,93.01,0.365,185.2775,0.0,0.0,,984.6725,
2023-03-27 01:00:00,,,0.7175,1.1025,1.0075,0.4125,1.5425,0.36,1.1549999999999998,0.0425,,,,0.07,0.0825,18.805,94.47749999999999,0.3525,180.4225,0.0,0.0,,983.7775,
2023-03-27 02:00:00,0.185,,0.7375,1.125,1.0375,0.42,1.565,0.34500000000000003,1.175,0.04,,,,0.07,0.0825,18.735,95.1575,0.7925,224.6125,0.0,0.0,,983.855,
2023-03-27 03:00:00,0.1175,,0.705,1.1075,0.9975,0.405,1.5175,0.345,1.14,0.04,,,,0.0675,0.0825,18.785,94.7325,0.45499999999999996,166.0225,0.0,0.0,,984.1375,
2023-03-27 04:00:00,0.185,,0.71,1.1175,1.0150000000000001,0.405,1.5375,0.3525,1.1549999999999998,0.04,,,,0.07,0.0825,18.725,95.115,0.22,144.105,0.0,0.0,,984.41,
2023-03-27 05:00:00,0.12,,0.72,1.1099999999999999,1.0175,0.4125,1.5375,0.325,1.1475,0.04,,,,0.065,0.07500000000000001,18.7125,95.1725,0.40249999999999997,148.95749999999998,0.0,0.0,3.6533333333333338,985.3075,
2023-03-27 06:00:00,0.26666666666666666,,0.7375,1.15,1.0375,0.4275,1.5925,0.2975,1.1975,0.0375,,,,0.06,0.07,19.3775,92.305,0.4025,129.2275,0.0,0.0,38.394999999999996,986.1275,
2023-03-27 07:00:00,0.16333333333333333,,0.75,1.1824999999999999,1.05,0.4275,1.5675000000000001,0.3025,1.19,0.04,,,,0.06,0.07,20.0675,88.1175,0.2625,160.795,0.0,0.0,18.55,987.0074999999999,
2023-03-27 08:00:00,0.11499999999999999,,0.7424999999999999,1.165,1.045,0.43,1.585,0.3075,1.21,0.04,,,,0.0625,0.07250000000000001,19.9775,87.685,0.26,134.64499999999998,0.0,0.0,24.1,987.5575,
2023-03-27 09:00:00,0.1575,,0.775,1.1925,1.0775000000000001,0.44,1.645,0.2975,1.2325,0.035,,,,0.0625,0.07,21.5225,83.46000000000001,0.325,143.5475,0.0,0.0,85.36749999999999,987.505,
2023-03-27 10:00:00,0.17,,0.78,1.185,1.0750000000000002,0.44,1.65,0.2975,1.2375,0.035,,,,0.06,0.07250000000000001,22.7,79.1075,0.4575,117.1525,0.0,0.0,97.8175,987.1225,
2023-03-27 11:00:00,0.16333333333333333,,0.8,1.225,1.105,0.4575,1.71,0.2925,1.2825,0.0325,,,,0.06,0.07,23.424999999999997,76.24,0.49250000000000005,132.76,0.0,0.0,103.1,986.2975,
2023-03-27 12:00:00,7.775,25.5,0.8,1.225,1.11,0.46,1.72,0.28500000000000003,1.29,0.03,,,,0.06,0.07,24.1775,74.875,0.5275,117.1575,0.0,0.0,154.44,985.0275,
2023-03-27 13:00:00,14.585,22.9825,0.8,1.23,1.11,0.46,1.72,0.28,1.29,0.03,,,,0.06,0.07,26.939999999999998,67.35499999999999,0.445,110.1275,0.0,0.0,175.7125,983.7475,
2023-03-27 14:00:00,11.6875,20.485,0.795,1.23,1.11,0.46,1.72,0.2725,1.29,0.03,,,,0.055,0.065,25.28,71.55,0.4575,130.685,0.0,0.0,74.5075,982.89,
2023-03-27 15:00:00,14.25,21.89,0.8,1.23,1.11,0.46,1.72,0.2625,1.29,0.03,,,,0.05,0.06,26.415,68.45,0.34,127.1225,0.0,0.0,99.11,982.585,
2023-03-27 16:00:00,17.2375,29.4375,0.8,1.23,1.11,0.46,1.72,0.29500000000000004,1.29,0.0325,,,,0.057499999999999996,0.07,25.6625,71.9225,0.18,137.655,0.0,0.0,26.7175,982.3425,
2023-03-27 17:00:00,21.25,30.802500000000002,0.8,1.23,1.11,0.46,1.72,0.295,1.29,0.0325,,,,0.06,0.07,22.2675,84.655,0.305,147.3675,0.0,0.0,3.72,982.5075,
2023-03-27 18:00:00,24.310000000000002,41.4375,0.8,1.23,1.11,0.46,1.72,0.43,1.29,0.0525,,,,0.085,0.10250000000000001,20.535,90.9075,0.2525,166.1275,0.0,0.0,,982.9125,
2023-03-27 19:00:00,27.1475,44.625,0.8,1.23,1.11,0.46,1.72,0.49,1.29,0.0575,,,,0.1,0.12,19.8575,93.0675,0.195,175.5975,0.0,0.0,,983.6949999999999,
2023-03-27 20:00:00,36.3425,56.11,0.8,1.23,1.11,0.46,1.72,0.7225,1.29,0.085,,,,0.14,0.1725,19.6475,94.4675,0.255,193.64249999999998,0.0,0.0,,984.94,
2023-03-27 21:00:00,39.1925,67.64,0.8,1.23,1.11,0.46,1.72,0.67,1.29,0.08,,,,0.1325,0.1625,20.14,92.8775,0.8425,213.74,0.0,0.0,,985.515,
2023-03-27 22:00:00,38.6375,70.8275,0.8,1.23,1.11,0.46,1.72,0.455,1.29,0.055,,,,0.09,0.11,20.825,88.59,0.6475,172.91,0.0,0.0,,985.635,
2023-03-27 23:00:00,35.25,57.75,0.8000000000000002,1.23,1.11,0.46,1.72,0.3833333333333333,1.29,0.043333333333333335,,,,0.07333333333333335,0.09000000000000001,20.78333333333333,86.74333333333334,0.49666666666666665,176.29999999999998,0.0,0.0,,985.6333333333333,
2023-03-28 00:00:00,22.27333333333333,39.35666666666666,0.8000000000000002,1.23,1.11,0.46,1.72,0.31666666666666665,1.29,0.04,,,,0.0675,0.0775,20.28,86.995,0.42,171.26999999999998,0.0,0.0,,985.5175,
2023-03-28 01:00:00,20.4625,34.5475,0.8,1.23,1.11,0.46,1.72,0.29,1.29,0.0325,,,,0.057499999999999996,0.0675,19.880000000000003,87.41499999999999,0.625,192.66,0.0,0.0,,985.14,
2023-03-28 02:00:00,16.6875,27.5625,0.8,1.23,1.11,0.46,1.72,0.2625,1.29,0.03,,,,0.05,0.06,19.6825,86.5725,0.6325000000000001,174.38,0.0,0.0,,984.8824999999999,
2023-03-28 03:00:00,17.845,28.927500000000002,0.8,1.23,1.11,0.46,1.72,0.2425,1.29,0.03,,,,0.05,0.06,19.215,87.695,0.71,178.925,0.0,0.0,,984.7925,
2023-03-28 04:00:00,15.5275,28.03,0.8,1.23,1.11,0.46,1.72,0.2325,1.29,0.03,,,,0.0475,0.06,18.5475,90.85000000000001,0.33999999999999997,157.9525,0.0,0.0,,985.5225,
2023-03-28 05:00:00,19.2625,29.7325,0.8,1.23,1.11,0.46,1.72,0.2525,1.29,0.03,,,,0.05,0.06,18.567500000000003,91.905,0.395,150.7175,0.0,0.0,7.983333333333333,986.3175,
2023-03-28 06:00:00,20.317500000000003,31.9825,0.8,1.23,1.105,0.46,1.72,0.2525,1.29,0.03,,,,0.05,0.06,19.335,86.9825,0.425,119.9675,0.0,0.0,25.502499999999998,987.345,
2023-03-28 07:00:00,20.655,35.11,0.8,1.23,1.11,0.46,1.72,0.2725,1.29,0.03,,,,0.052500000000000005,0.0625,20.872500000000002,80.63,0.375,152.6675,0.0,0.0,47.6775,987.9875,
2023-03-28 08:00:00,26.215,36.59,0.8,1.23,1.11,0.46,1.72,0.28500000000000003,1.29,0.03,,,,0.057499999999999996,0.0675,22.512500000000003,74.45,0.61,164.665,0.0,0.0,92.9625,988.4625,
2023-03-28 09:00:00,20.189999999999998,34.5,0.8,1.23,1.11,0.46,1.72,0.265,1.29,0.03,,,,0.05,0.06,22.52,72.29499999999999,0.53,134.005,0.0,0.0,73.85,989.0,
2023-03-28 10:00:00,,,,,,,,,,,,,,,,,,,,,0.0,,,
2023-03-28 11:00:00,,,,,,,,,,,,,,,,,,,,,0.0,,,
2023-03-28 12:00:00,,,,,,,,,,,,,,,,,,,,,0.0,,,
2023-03-28 13:00:00,,,,,,,,,,,,,,,,,,,,,0.0,,,
2023-03-28 14:00:00,,,,,,,,,,,,,,,,,,,,,0.0,,,
2023-03-28 15:00:00,,,,,,,,,,,,,,,,,,,,,0.0,,,
2023-03-28 16:00:00,,,,,,,,,,,,,,,,,,,,,0.0,,,
2023-03-28 17:00:00,,,,,,,,,,,,,,,,,,,,,0.0,,,
2023-03-28 18:00:00,,,,,,,,,,,,,,,,,,,,,0.0,,,
2023-03-28 19:00:00,,,,,,,,,,,,,,,,,,,,,0.0,,,
2023-03-28 20:00:00,,,,,,,,,,,,,,,,,,,,,0.0,,,
2023-03-28 21:00:00,,,,,,,,,,,,,,,,,,,,,0.0,,,
2023-03-28 22:00:00,,,,,,,,,,,,,,,,,,,,,0.0,,,
2023-03-28 23:00:00,,,,,,,,,,,,,,,,,,,,,0.0,,,
2023-03-29 00:00:00,,,,,,,,,,,,,,,,,,,,,0.0,,,
2023-03-29 01:00:00,,,,,,,,,,,,,,,,,,,,,0.0,,,
2023-03-29 02:00:00,,,,,,,,,,,,,,,,,,,,,0.0,,,
2023-03-29 03:00:00,,,,,,,,,,,,,,,,,,,,,0.0,,,
2023-03-29 04:00:00,,,,,,,,,,,,,,,,,,,,,0.0,,,
2023-03-29 05:00:00,,,,,,,,,,,,,,,,,,,,,0.0,,,
2023-03-29 06:00:00,,,,,,,,,,,,,,,,,,,,,0.0,,,
2023-03-29 07:00:00,,,,,,,,,,,,,,,,,,,,,0.0,,,
2023-03-29 08:00:00,,,,,,,,,,,,,,,,,,,,,0.0,,,
2023-03-29 09:00:00,,,,,,,,,,,,,,,,,,,,,0.0,,,
2023-03-29 10:00:00,9.75,28.5,0.67,1.08,0.98,0.38,1.43,0.15,1.07,0.02,,,,0.03,0.03,25.67,59.78,0.62,60.92,0.0,0.0,270.43,990.26,
2023-03-29 11:00:00,11.355,24.936666666666667,0.795,1.2225,1.09,0.455,1.7,0.2575,1.275,0.0325,,,,0.05,0.06,25.975,58.3425,0.615,130.135,0.0,0.0,113.435,989.7075,
2023-03-29 12:00:00,22.62,56.25,0.8,1.23,1.11,0.46,1.72,0.2975,1.29,0.035,,,,0.06,0.07,24.35,63.63250000000001,0.7925,133.555,0.0,0.0,98.0275,988.8175,
2023-03-29 13:00:00,39.7175,68.345,0.8,1.23,1.11,0.46,1.72,0.2675,1.29,0.03,,,,0.055,0.065,26.3275,58.22,0.56,123.215,0.0,0.0,201.3975,988.0649999999999,
2023-03-29 14:00:00,13.2075,20.2975,0.8,1.23,1.11,0.46,1.72,0.2275,1.29,0.03,,,,0.0425,0.052500000000000005,25.89,58.739999999999995,0.87,126.5275,0.0,0.0,124.13,987.44,
2023-03-29 15:00:00,6.875,11.625,0.8,1.23,1.11,0.46,1.72,0.2175,1.29,0.03,,,,0.04,0.05,24.305,65.055,0.7825,99.0275,0.0,0.0,77.6275,986.94,
2023-03-29 16:00:00,12.5625,20.53,0.8,1.23,1.11,0.46,1.72,0.2525,1.29,0.03,,,,0.05,0.06,23.48,70.6525,0.515,126.99249999999999,0.0,0.0,37.472500000000004,986.8675000000001,
2023-03-29 17:00:00,17.475,31.78,0.8,1.23,1.11,0.46,1.72,0.3,1.29,0.035,,,,0.0625,0.07250000000000001,21.572499999999998,80.05250000000001,0.35250000000000004,168.145,0.0,0.0,3.3499999999999996,987.375,
2023-03-29 18:00:00,32.33,51.5625,0.8,1.23,1.11,0.46,1.72,0.33,1.29,0.04,,,,0.065,0.07500000000000001,20.3275,83.71,0.4525,178.595,0.0,0.0,,988.1324999999999,
2023-03-29 19:00:00,37.345,54.235,0.8,1.23,1.11,0.46,1.72,0.4225,1.29,0.0475,,,,0.0875,0.10250000000000001,19.13,87.125,0.3125,165.9675,0.0,0.0,,988.9325,
2023-03-29 20:00:00,32.9925,54.5,0.8,1.23,1.11,0.46,1.72,0.4725,1.29,0.057499999999999996,,,,0.0975,0.1125,18.31,89.15,0.35750000000000004,169.4775,0.0,0.0,,989.5825,
2023-03-29 21:00:00,25.765,46.0,0.8,1.23,1.11,0.46,1.72,0.4825,1.29,0.06,,,,0.1,0.1125,17.525,91.895,0.35750000000000004,165.33249999999998,0.0,0.0,,989.8299999999999,
2023-03-29 22:00:00,25.4575,43.125,0.8,1.23,1.11,0.46,1.72,0.45999999999999996,1.29,0.055,,,,0.0925,0.1125,17.535,92.395,0.3375,217.6325,0.0,0.0,,989.5425,
2023-03-29 23:00:00,31.876666666666665,46.0,0.8000000000000002,1.23,1.11,0.46,1.72,0.4266666666666667,1.29,0.05000000000000001,,,,0.08666666666666667,0.10000000000000002,17.313333333333333,92.73333333333333,0.20666666666666667,191.51666666666665,0.0,0.0,,989.1566666666668,
2023-03-30 00:00:00,19.13,42.0,0.8000000000000002,1.23,1.11,0.46,1.72,0.44333333333333336,1.29,0.05000000000000001,,,,0.09,0.1075,17.275,93.12,0.7975000000000001,201.9625,0.0,0.0,,988.6725,
2023-03-30 01:00:00,26.41,41.625,0.8,1.23,1.11,0.46,1.72,0.40249999999999997,1.29,0.0475,,,,0.08,0.0975,17.175,93.0025,0.6000000000000001,193.865,0.0,0.0,,987.9625,
2023-03-30 02:00:00,22.395,41.5,0.8,1.23,1.11,0.46,1.72,0.355,1.29,0.04,,,,0.07,0.08499999999999999,17.11,92.485,0.5775,240.3625,0.0,0.0,,987.4575,
2023-03-30 03:00:00,21.9375,38.11,0.8,1.23,1.11,0.46,1.72,0.3325,1.29,0.04,,,,0.07,0.08,17.38,92.1525,0.3975,185.7725,0.0,0.0,,987.4175,
2023-03-30 04:00:00,23.7825,37.03,0.8,1.23,1.11,0.46,1.72,0.3075,1.29,0.04,,,,0.06,0.07,17.3925,92.645,0.6675,212.7175,0.0025,0.0025,,987.9649999999999,
2023-03-30 05:00:00,15.7825,31.0775,0.8,1.23,1.11,0.46,1.72,0.2975,1.29,0.0375,,,,0.06,0.07,17.4075,92.8475,0.305,184.3675,0.0025,0.0025,1.4333333333333333,988.45,
2023-03-30 06:00:00,18.2925,30.0,0.8,1.23,1.11,0.46,1.72,0.315,1.29,0.0375,,,,0.0625,0.07250000000000001,17.425,94.16499999999999,0.4975,203.23000000000002,0.0,0.0,9.945,988.8924999999999,
2023-03-30 07:00:00,11.8125,18.845,0.8,1.23,1.11,0.46,1.72,0.295,1.29,0.035,,,,0.06,0.0675,19.52,87.905,0.345,205.3375,0.0,0.0,109.44,989.165,
2023-03-30 08:00:00,16.2075,25.595,0.8,1.23,1.11,0.46,1.72,0.2725,1.29,0.03,,,,0.055,0.0625,21.55,77.6675,0.67,197.48,0.0,0.0,140.95499999999998,989.2574999999999,
2023-03-30 09:00:00,18.5,28.405,0.8,1.23,1.11,0.46,1.72,0.275,1.29,0.03,,,,0.057499999999999996,0.0675,25.2625,64.62,0.43999999999999995,166.96,0.0,0.0,118.52,989.205,
2023-03-30 10:00:00,14.175,24.5,0.8,1.23,1.11,0.46,1.72,0.27,1.29,0.03,,,,0.055,0.0625,25.3675,63.555,0.535,218.51,0.0,0.0,152.17000000000002,988.705,
2023-03-30 11:00:00,19.9075,33.235,0.8,1.23,1.11,0.46,1.72,0.265,1.29,0.03,,,,0.055,0.065,28.990000000000002,55.45,0.505,131.8075,0.0,0.0,250.765,987.835,
2023-03-30 12:00:00,25.345,40.36,0.8,1.23,1.11,0.4575,1.71,0.2475,1.2825,0.03,,,,0.05,0.06,28.6025,50.754999999999995,0.505,135.72,0.0,0.0,107.965,986.8025,
2023-03-30 13:00:00,24.5,37.6875,0.78,1.2075,1.08,0.455,1.7,0.25,1.275,0.03,,,,0.05,0.06,27.1625,53.99,0.3325,112.4175,0.0,0.0,62.965,985.8275,
2023-03-30 14:00:00,27.6575,46.0775,0.78,1.2075,1.085,0.4525,1.68,0.265,1.26,0.03,,,,0.052500000000000005,0.0625,26.96,57.9025,0.355,121.7975,0.0,0.0,57.8775,984.9449999999999,
2023-03-30 15:00:00,25.5625,36.095,0.7675000000000001,1.1949999999999998,1.09,0.44,1.6475,0.265,1.225,0.03,,,,0.055,0.0625,25.4125,64.4475,0.3575,124.84,0.0,0.0,40.525,984.4449999999999,
2023-03-30 16:00:00,17.2825,27.61,0.795,1.225,1.105,0.4475,1.6925,0.2975,1.275,0.035,,,,0.06,0.07,25.115000000000002,67.155,0.3675,134.1275,0.0,0.0,34.545,984.6325,
2023-03-30 17:00:00,18.785,33.655,0.8,1.23,1.11,0.46,1.72,0.325,1.29,0.04,,,,0.0625,0.07500000000000001,22.9825,76.0175,0.295,128.8375,0.0,0.0,4.945,985.0525,
2023-03-30 18:00:00,24.75,42.655,0.79,1.225,1.105,0.4575,1.7,0.5025,1.2825,0.06,,,,0.10250000000000001,0.12,21.5525,82.955,0.275,173.8775,0.0,0.0,,985.9325,
2023-03-30 19:00:00,28.75,46.0775,0.7925,1.2075,1.0950000000000002,0.455,1.7025,0.5675,1.275,0.065,,,,0.1125,0.135,20.697499999999998,86.2875,0.20500000000000002,194.0975,0.0,0.0,,986.855,
2023-03-30 20:00:00,22.185,37.5,0.795,1.2075,1.105,0.4575,1.71,0.4625,1.2825,0.055,,,,0.095,0.11,19.4425,88.435,0.3625,202.5675,0.0,0.0,,987.485,
2023-03-30 21:00:00,21.9375,35.155,0.78,1.22,1.105,0.4525,1.69,0.435,1.275,0.05,,,,0.09,0.1,18.525,91.685,0.31,150.165,0.0,0.0,,988.11,
2023-03-30 22:00:00,24.73,41.785,0.785,1.2,1.0950000000000002,0.4575,1.6949999999999998,0.45999999999999996,1.275,0.057499999999999996,,,,0.0925,0.11,18.035,93.11500000000001,0.26,176.01,0.0,0.0,,987.72,
2023-03-30 23:00:00,22.043333333333333,37.93666666666667,0.79,1.23,1.09,0.4566666666666667,1.7066666666666668,0.4266666666666667,1.2833333333333334,0.049999999999999996,,,,0.08666666666666667,0.09999999999999999,17.91333333333333,93.83666666666666,0.3333333333333333,191.3033333333333,0.0,0.0,,987.5266666666666,
2023-03-31 00:00:00,16.633333333333336,28.126666666666665,0.79,1.2166666666666666,1.0966666666666667,0.45333333333333337,1.6866666666666665,0.4366666666666667,1.2633333333333334,0.05000000000000001,,,,0.08499999999999999,0.10500000000000001,18.205,93.0825,0.35,177.2275,0.0,0.0,,986.745,
2023-03-31 01:00:00,17.625,29.015,0.7825,1.225,1.11,0.455,1.7025,0.43,1.275,0.05,,,,0.0875,0.10250000000000001,17.8475,93.1975,0.4575,215.725,0.0,0.0,,985.86,
2023-03-31 02:00:00,16.965,28.0,0.8,1.225,1.105,0.4575,1.72,0.375,1.2825,0.045,,,,0.07500000000000001,0.0875,17.565,94.155,0.645,199.4725,0.0,0.0,,986.1925,
2023-03-31 03:00:00,12.6075,20.4375,0.79,1.22,1.1,0.4525,1.7,0.3325,1.275,0.04,,,,0.0675,0.08,17.31,93.8475,0.3675,224.595,0.0,0.0,,986.1575,
2023-03-31 04:00:00,8.095,12.9375,0.765,1.185,1.0775000000000001,0.445,1.6425,0.2925,1.2425,0.0325,,,,0.06,0.07,17.1,94.325,0.4525,199.4725,0.0,0.0,,986.4024999999999,
2023-03-31 05:00:00,5.7825,10.03,0.7775000000000001,1.1975,1.09,0.455,1.6925,0.26,1.2775,0.03,,,,0.052500000000000005,0.06,16.9375,94.1575,0.2125,139.3375,0.0,0.0,9.3,986.95,
2023-03-31 06:00:00,7.8425,12.1875,0.8,1.225,1.105,0.455,1.72,0.295,1.29,0.0325,,,,0.06,0.07,18.71,91.845,0.1975,174.4925,0.0,0.0,82.89750000000001,987.775,
2023-03-31 07:00:00,7.0649999999999995,13.4525,0.7825,1.22,1.08,0.45,1.6775,0.3275,1.2575,0.04,,,,0.0675,0.0775,21.7,78.9225,0.37,160.34,0.0,0.0,148.97,989.04,
2023-03-31 08:00:00,8.407499999999999,15.14,0.7925,1.22,1.105,0.4525,1.7125,0.295,1.2775,0.035,,,,0.06,0.07,26.965,59.1175,0.4025,161.745,0.0,0.0,268.9575,989.9025,
2023-03-31 09:00:00,14.315,23.4575,0.7875000000000001,1.22,1.105,0.455,1.7025,0.26,1.275,0.03,,,,0.05,0.06,29.22,50.9925,0.47250000000000003,169.5125,0.0,0.0,268.94,990.0975,
2023-03-31 10:00:00,12.4675,20.625,0.795,1.225,1.1,0.4575,1.71,0.25,1.2825,0.03,,,,0.05,0.06,29.7575,49.2,0.5375,137.8975,0.0,0.0,261.8825,989.6975,
2023-03-31 11:00:00,15.7825,24.845,0.8,1.23,1.11,0.46,1.72,0.2575,1.29,0.03,,,,0.05,0.06,29.89,47.900000000000006,0.9225,114.325,0.0,0.0,247.5775,989.0775,
2023-03-31 12:00:00,16.4375,30.47,0.8,1.23,1.11,0.46,1.72,0.25,1.29,0.03,,,,0.05,0.06,31.8025,45.215,0.5225,145.1975,0.0,0.0,219.1125,988.15,
2023-03-31 13:00:00,11.7275,22.5,0.8,1.23,1.11,0.46,1.72,0.25,1.29,0.03,,,,0.05,0.06,32.5175,44.11,0.62,141.81,0.0,0.0,205.4425,987.005,
2023-03-31 14:00:00,12.1075,22.0,0.8,1.23,1.11,0.46,1.72,0.2375,1.29,0.03,,,,0.05,0.06,33.1875,39.6125,0.4825,144.435,0.0,0.0,170.8475,985.9449999999999,
2023-03-31 15:00:00,7.6075,17.5,0.8,1.23,1.11,0.46,1.72,0.2425,1.29,0.03,,,,0.05,0.06,31.625,44.66,0.39,142.73000000000002,0.0,0.0,60.955,985.3675000000001,
2023-03-31 16:00:00,6.166666666666667,18.0,0.8,1.23,1.11,0.46,1.72,0.265,1.29,0.03,,,,0.052500000000000005,0.06,26.72,60.4575,0.415,97.5275,0.0,0.0,17.2175,985.2225000000001,
2023-03-31 17:00:00,12.85,22.8,0.8,1.23,1.11,0.46,1.72,0.2925,1.29,0.0325,,,,0.057499999999999996,0.07,24.25,69.9,0.295,210.9725,0.0,0.0,2.79,985.2325000000001,
2023-03-31 18:00:00,8.5075,16.0,0.8,1.23,1.11,0.46,1.72,0.3825,1.29,0.045,,,,0.07500000000000001,0.0875,22.674999999999997,73.52,0.395,171.075,0.0,0.0,,985.76,
2023-03-31 19:00:00,14.7325,24.3,0.8,1.23,1.1,0.46,1.72,0.5325,1.29,0.0625,,,,0.1075,0.13,21.1275,79.7225,0.455,190.2575,0.0,0.0,,986.4300000000001,
2023-03-31 20:00:00,20.4575,40.725,0.795,1.23,1.11,0.4575,1.7075,0.515,1.28,0.065,,,,0.10250000000000001,0.1225,20.365000000000002,82.6325,0.33,150.9675,0.0,0.0,,987.3275,
2023-03-31 21:00:00,25.6175,43.5,0.7925,1.23,1.11,0.455,1.705,0.5925,1.28,0.07250000000000001,,,,0.1175,0.145,19.8575,85.235,0.3175,233.9425,0.0,0.0,,987.53,
2023-03-31 22:00:00,20.057499999999997,34.65,0.8,1.23,1.11,0.46,1.72,0.575,1.29,0.0675,,,,0.1175,0.1375,19.7875,84.27,0.5975,228.6275,0.0,0.0,,987.755,
2023-03-31 23:00:00,26.2,39.300000000000004,0.8000000000000002,1.23,1.11,0.46,1.72,0.5066666666666667,1.29,0.06,,,,0.10333333333333333,0.12333333333333334,19.676666666666666,85.27333333333333,0.36333333333333334,239.50666666666666,0.0,0.0,,987.3100000000001,
2023-04-01 00:00:00,22.3,33.6,0.8000000000000002,1.23,1.11,0.46,1.72,0.45,1.29,0.05333333333333334,,,,0.0925,0.10500000000000001,19.4675,87.68,0.30000000000000004,227.3775,0.0,0.0,,986.7825,
2023-04-01 01:00:00,18.6675,37.5,0.8,1.23,1.11,0.46,1.72,0.4,1.29,0.0475,,,,0.0825,0.095,19.330000000000002,88.5275,0.365,206.3825,0.0,0.0,,985.98,
2023-04-01 02:00:00,17.575,32.55,0.8,1.23,1.11,0.46,1.72,0.4275,1.29,0.052500000000000005,,,,0.08499999999999999,0.10500000000000001,19.29,89.32,0.335,210.4625,0.0,0.0,,985.575,
2023-04-01 03:00:00,17.974999999999998,31.275,0.8,1.23,1.11,0.46,1.72,0.3325,1.29,0.04,,,,0.0675,0.0775,19.1875,89.6225,0.225,234.78750000000002,0.0,0.0,,985.295,
2023-04-01 04:00:00,12.9,21.45,0.8,1.23,1.11,0.46,1.72,0.335,1.29,0.0425,,,,0.065,0.0775,19.17,89.57249999999999,0.52,237.73000000000002,0.0,0.0,,985.605,
2023-04-01 05:00:00,13.55,21.075,0.8,1.23,1.11,0.46,1.72,0.3,1.29,0.0325,,,,0.0625,0.07250000000000001,19.1025,90.3225,0.355,208.085,0.0,0.0,7.936666666666667,985.86,
2023-04-01 06:00:00,12.425,22.95,0.8,1.23,1.11,0.46,1.72,0.32,1.29,0.04,,,,0.065,0.07500000000000001,19.932499999999997,87.995,0.3175,201.905,0.0,0.0,17.7675,986.58,
2023-04-01 07:00:00,13.365,20.8125,0.8,1.23,1.11,0.46,1.72,0.3425,1.29,0.04,,,,0.0675,0.08,20.86,84.705,0.3725,198.2075,0.0,0.0,13.775,987.63,
2023-04-01 08:00:00,15.75,26.015,0.8,1.23,1.11,0.46,1.72,0.3975,1.29,0.05,,,,0.08,0.0925,21.54,83.7,0.29,160.7725,0.0,0.0,39.0775,987.8575,
2023-04-01 09:00:00,23.373333333333335,33.5,0.8000000000000002,1.23,1.11,0.46,1.72,0.42,1.29,0.05000000000000001,,,,0.08333333333333333,0.10333333333333333,23.89,74.16333333333334,0.29000000000000004,179.45000000000002,0.0,0.0,69.81333333333333,987.7233333333334,
2023-04-01 10:00:00,,,,,,,,,,,,,,,,,,,,,0.0,,,
2023-04-01 11:00:00,,,,,,,,,,,,,,,,,,,,,0.0,,,
2023-04-01 12:00:00,,,,,,,,,,,,,,,,,,,,,0.0,,,
2023-04-01 13:00:00,,,,,,,,,,,,,,,,,,,,,0.0,,,
2023-04-01 14:00:00,,,,,,,,,,,,,,,,,,,,,0.0,,,
2023-04-01 15:00:00,,,,,,,,,,,,,,,,,,,,,0.0,,,
2023-04-01 16:00:00,,,,,,,,,,,,,,,,,,,,,0.0,,,
2023-04-01 17:00:00,,,,,,,,,,,,,,,,,,,,,0.0,,,
2023-04-01 18:00:00,,,,,,,,,,,,,,,,,,,,,0.0,,,
2023-04-01 19:00:00,,,,,,,,,,,,,,,,,,,,,0.0,,,
2023-04-01 20:00:00,,,,,,,,,,,,,,,,,,,,,0.0,,,
2023-04-01 21:00:00,,,,,,,,,,,,,,,,,,,,,0.0,,,
2023-04-01 22:00:00,,,,,,,,,,,,,,,,,,,,,0.0,,,
2023-04-01 23:00:00,,,,,,,,,,,,,,,,,,,,,0.0,,,
2023-04-02 00:00:00,,,,,,,,,,,,,,,,,,,,,0.0,,,
2023-04-02 01:00:00,,,,,,,,,,,,,,,,,,,,,0.0,,,
2023-04-02 02:00:00,,,,,,,,,,,,,,,,,,,,,0.0,,,
2023-04-02 03:00:00,,,,,,,,,,,,,,,,,,,,,0.0,,,
2023-04-02 04:00:00,,,,,,,,,,,,,,,,,,,,,0.0,,,
2023-04-02 05:00:00,,,,,,,,,,,,,,,,,,,,,0.0,,,
2023-04-02 06:00:00,,,,,,,,,,,,,,,,,,,,,0.0,,,
2023-04-02 07:00:00,,,,,,,,,,,,,,,,,,,,,0.0,,,
2023-04-02 08:00:00,,,,,,,,,,,,,,,,,,,,,0.0,,,
2023-04-02 09:00:00,,,,,,,,,,,,,,,,,,,,,0.0,,,
2023-04-02 10:00:00,,,,,,,,,,,,,,,,,,,,,0.0,,,
2023-04-02 11:00:00,,,,,,,,,,,,,,,,,,,,,0.0,,,
2023-04-02 12:00:00,,,,,,,,,,,,,,,,,,,,,0.0,,,
2023-04-02 13:00:00,,,,,,,,,,,,,,,,,,,,,0.0,,,
2023-04-02 14:00:00,,,,,,,,,,,,,,,,,,,,,0.0,,,
2023-04-02 15:00:00,,,,,,,,,,,,,,,,,,,,,0.0,,,
2023-04-02 16:00:00,,,,,,,,,,,,,,,,,,,,,0.0,,,
2023-04-02 17:00:00,,,,,,,,,,,,,,,,,,,,,0.0,,,
2023-04-02 18:00:00,,,,,,,,,,,,,,,,,,,,,0.0,,,
2023-04-02 19:00:00,,,,,,,,,,,,,,,,,,,,,0.0,,,
2023-04-02 20:00:00,,,,,,,,,,,,,,,,,,,,,0.0,,,
2023-04-02 21:00:00,,,,,,,,,,,,,,,,,,,,,0.0,,,
2023-04-02 22:00:00,,,,,,,,,,,,,,,,,,,,,0.0,,,
2023-04-02 23:00:00,,,,,,,,,,,,,,,,,,,,,0.0,,,
2023-04-03 00:00:00,,,,,,,,,,,,,,,,,,,,,0.0,,,
2023-04-03 01:00:00,,,,,,,,,,,,,,,,,,,,,0.0,,,
2023-04-03 02:00:00,,,,,,,,,,,,,,,,,,,,,0.0,,,
2023-04-03 03:00:00,,,,,,,,,,,,,,,,,,,,,0.0,,,
2023-04-03 04:00:00,,,,,,,,,,,,,,,,,,,,,0.0,,,
2023-04-03 05:00:00,,,,,,,,,,,,,,,,,,,,,0.0,,,
2023-04-03 06:00:00,,,,,,,,,,,,,,,,,,,,,0.0,,,
2023-04-03 07:00:00,,,,,,,,,,,,,,,,,,,,,0.0,,,
2023-04-03 08:00:00,,,,,,,,,,,,,,,,,,,,,0.0,,,
2023-04-03 09:00:00,,,,,,,,,,,,,,,,,,,,,0.0,,,
2023-04-03 10:00:00,21.25,42.0,0.8,1.18,1.07,0.46,1.72,0.12,1.29,0.01,,,,0.02,0.03,21.06,73.94,0.64,86.15,0.0,0.0,32.96,987.31,
2023-04-03 11:00:00,15.875,38.5,0.8,1.23,1.11,0.46,1.72,0.175,1.29,0.02,,,,0.035,0.04,21.215,72.80250000000001,0.66,116.455,0.0,0.0,65.47,987.1975,
2023-04-03 12:00:00,0.14500000000000002,,0.8,1.23,1.11,0.46,1.72,0.18,1.29,0.02,,,,0.04,0.04,21.535,70.92,0.7,116.375,0.0,0.0,54.4475,986.5174999999999,
2023-04-03 13:00:00,0.14,,0.8,1.23,1.11,0.46,1.72,0.1925,1.29,0.02,,,,0.04,0.0425,21.192500000000003,72.0675,0.61,125.3425,0.0,0.0,58.5325,985.635,
2023-04-03 14:00:00,0.33,,0.8,1.23,1.11,0.46,1.72,0.2,1.29,0.025,,,,0.04,0.045,20.6525,74.97749999999999,0.655,110.815,0.0,0.0,27.82,985.1725,
2023-04-03 15:00:00,0.185,,0.8,1.23,1.11,0.46,1.72,0.2225,1.29,0.03,,,,0.0425,0.052500000000000005,19.8125,81.325,0.41000000000000003,127.08500000000001,0.0,0.0,34.1425,985.0174999999999,
2023-04-03 16:00:00,2.0,3.0,0.8,1.23,1.11,0.46,1.72,0.2225,1.29,0.03,,,,0.04,0.05,20.17,78.5325,0.6275,103.2175,0.0,0.0,33.1575,985.35,
2023-04-03 17:00:00,1.5,2.6266666666666665,0.8,1.23,1.11,0.46,1.72,0.235,1.29,0.03,,,,0.0475,0.057499999999999996,19.165,82.025,0.52,118.46000000000001,0.0,0.0,4.29,986.1475,
2023-04-03 18:00:00,1.96,10.5,0.8,1.23,1.11,0.46,1.72,0.2975,1.29,0.035,,,,0.06,0.07250000000000001,18.425,83.77000000000001,0.48250000000000004,130.0825,0.0,0.0,,986.6700000000001,
2023-04-03 19:00:00,11.2625,17.5,0.8,1.23,1.11,0.46,1.72,0.4925,1.29,0.06,,,,0.1,0.1175,18.035,86.05,0.3325,143.3675,0.0,0.0,,987.21,
2023-04-03 20:00:00,20.0575,34.3125,0.8,1.23,1.11,0.46,1.72,0.5475,1.29,0.0625,,,,0.1125,0.1325,17.8775,86.9925,0.305,170.31,0.0,0.0,,987.805,
2023-04-03 21:00:00,19.46,33.9375,0.8,1.23,1.11,0.46,1.72,0.49,1.29,0.06,,,,0.0975,0.11499999999999999,17.8375,87.5025,0.3375,152.87,0.0,0.0,,988.0725,
2023-04-03 22:00:00,13.095,23.25,0.8,1.23,1.11,0.46,1.72,0.4325,1.29,0.052500000000000005,,,,0.08499999999999999,0.10250000000000001,17.765,88.27,0.255,163.9,0.0,0.0,,987.5425,
2023-04-03 23:00:00,17.35,30.75,0.8000000000000002,1.23,1.11,0.46,1.72,0.4066666666666667,1.29,0.05000000000000001,,,,0.08,0.10000000000000002,17.569999999999997,90.11333333333333,0.3,187.24666666666667,0.0,0.0,,986.9033333333333,
2023-04-04 00:00:00,12.340000000000002,20.57,0.8000000000000002,1.23,1.11,0.46,1.72,0.3633333333333333,1.29,0.04,,,,0.07,0.09,17.5775,89.89750000000001,0.4375,220.265,0.0,0.0,,986.355,
2023-04-04 01:00:00,7.7725,14.0625,0.8,1.23,1.11,0.46,1.72,0.33499999999999996,1.29,0.0375,,,,0.065,0.0775,17.3425,91.99,0.865,207.2575,0.0,0.0,,985.9275,
2023-04-04 02:00:00,5.405,9.4225,0.8,1.23,1.11,0.46,1.72,0.2925,1.29,0.0325,,,,0.06,0.0675,17.045,93.4725,0.35750000000000004,202.825,0.0,0.0,,985.3575000000001,
2023-04-04 03:00:00,5.734999999999999,9.06,0.8,1.23,1.11,0.46,1.72,0.2525,1.29,0.03,,,,0.05,0.06,17.14,93.8125,0.5025000000000001,162.695,0.0,0.0,,985.42,
2023-04-04 04:00:00,11.095,17.5,0.8,1.23,1.11,0.46,1.72,0.24,1.29,0.03,,,,0.05,0.06,17.1925,93.825,0.3775,179.2875,0.0,0.0,,985.61,
2023-04-04 05:00:00,6.9375,11.25,0.8,1.23,1.11,0.46,1.72,0.24,1.29,0.03,,,,0.05,0.06,17.2775,93.985,0.21,129.2875,0.0,0.0,3.1266666666666665,986.4075,
2023-04-04 06:00:00,8.375,12.655,0.8,1.23,1.11,0.46,1.72,0.2525,1.29,0.03,,,,0.05,0.06,17.55,93.6375,0.3425,120.9325,0.0,0.0,10.305,987.1,
2023-04-04 07:00:00,6.5649999999999995,12.0,0.8,1.23,1.11,0.46,1.72,0.2725,1.29,0.03,,,,0.055,0.065,17.8325,92.8875,0.385,178.26749999999998,0.0,0.0,16.59,988.08,
2023-04-04 08:00:00,10.435,20.155,0.8,1.23,1.11,0.46,1.72,0.29,1.29,0.03,,,,0.06,0.07,19.085,87.965,0.4225,101.8175,0.0,0.0,35.2775,988.4449999999999,
2023-04-04 09:00:00,15.805,24.5,0.8,1.23,1.11,0.46,1.72,0.31,1.29,0.0375,,,,0.06,0.07,19.1075,86.83,0.2475,157.735,0.0,0.0,13.3,988.7225000000001,
2023-04-04 10:00:00,10.6425,17.3575,0.8,1.23,1.11,0.46,1.72,0.325,1.29,0.04,,,,0.065,0.0775,19.435000000000002,87.1175,0.14,105.285,0.0,0.0,13.36,988.675,
2023-04-04 11:00:00,12.555,20.25,0.6000000000000001,0.77,0.34750000000000003,0.34500000000000003,1.29,0.13999999999999999,0.9650000000000001,0.0175,,,,0.05500000000000001,0.065,14.419999999999998,65.945,0.23,117.685,0.0,0.0,11.675,988.24,
2023-04-04 12:00:00,4.5,,,0.31,0.07,,,0.0,,0.0,,,,,,4.72,22.36,0.05,11.9,0.0,0.0,3.99,,
2023-04-04 13:00:00,8.6375,18.93,0.8,1.23,1.11,0.4575,1.72,0.355,1.28,0.04,,,,0.07,0.08499999999999999,18.8,90.205,0.4225,112.82499999999999,0.0025,0.0025,41.785,986.385,
2023-04-04 14:00:00,3.4966666666666666,7.715,0.8,1.23,1.11,0.46,1.72,0.32,1.29,0.0375,,,,0.065,0.0775,20.1475,82.725,0.5175,121.36250000000001,0.0,0.0,83.09,985.585,
2023-04-04 15:00:00,6.9525,10.595,0.8,1.23,1.11,0.46,1.72,0.2875,1.29,0.03,,,,0.06,0.07,19.7825,80.84,0.5725,109.4925,0.0,0.0,16.3525,985.1800000000001,
2023-04-04 16:00:00,5.1274999999999995,8.53,0.8,1.23,1.11,0.46,1.72,0.28500000000000003,1.29,0.03,,,,0.06,0.07,19.08,82.52,0.67,121.1975,0.0,0.0,3.3075,985.2850000000001,
2023-04-04 17:00:00,8.870000000000001,15.28,0.8,1.23,1.11,0.46,1.72,0.3025,1.29,0.035,,,,0.06,0.07,18.61,86.3825,0.5125,131.4975,0.0,0.0,0.05,985.5025,
2023-04-04 18:00:00,9.21,17.345,0.8,1.23,1.11,0.46,1.72,0.3375,1.29,0.04,,,,0.0675,0.0775,18.442500000000003,87.5475,0.5,138.055,0.0,0.0,,985.9275,
2023-04-04 19:00:00,5.0625,8.2025,0.8,1.23,1.11,0.46,1.72,0.3625,1.29,0.04,,,,0.07,0.09,18.29,88.30250000000001,0.4275,109.945,0.0,0.0,,986.485,
2023-04-04 20:00:00,8.125,14.25,0.8,1.23,1.11,0.46,1.72,0.3725,1.29,0.0425,,,,0.07250000000000001,0.09,18.0325,89.7525,0.3825,126.9925,0.0,0.0,,986.9375,
2023-04-04 21:00:00,12.515,20.1225,0.8,1.23,1.11,0.46,1.72,0.395,1.29,0.0475,,,,0.08,0.095,17.8625,90.785,0.3725,189.75,0.0,0.0,,986.8299999999999,
2023-04-04 22:00:00,11.125,21.845,0.8,1.23,1.11,0.46,1.72,0.415,1.29,0.05,,,,0.08499999999999999,0.0975,17.84,91.305,0.33999999999999997,143.3875,0.0,0.0,,986.23,
2023-04-04 23:00:00,15.226666666666667,25.0,0.8000000000000002,1.23,1.11,0.46,1.72,0.41333333333333333,1.29,0.05000000000000001,,,,0.08333333333333333,0.10000000000000002,17.793333333333333,91.78666666666668,0.47,208.70000000000002,0.0,0.0,,985.8299999999999,
2023-04-05 00:00:00,16.11,24.166666666666668,0.8000000000000002,1.23,1.11,0.46,1.72,0.36333333333333334,1.29,0.043333333333333335,,,,0.07500000000000001,0.09,17.6575,92.33500000000001,0.4375,150.39749999999998,0.0,0.0,,985.1175000000001,
2023-04-05 01:00:00,18.1675,27.25,0.8,1.23,1.11,0.46,1.72,0.3175,1.29,0.0375,,,,0.065,0.07500000000000001,17.0875,93.88250000000001,0.2325,177.475,0.0,0.0,,983.88,
2023-04-05 02:00:00,11.45,19.65,0.8,1.23,1.11,0.46,1.72,0.2825,1.29,0.03,,,,0.057499999999999996,0.065,17.1625,94.695,0.5975,166.685,0.0,0.0,,983.345,
2023-04-05 03:00:00,6.08,9.28,0.8,1.23,1.11,0.46,1.72,0.26,1.29,0.03,,,,0.05,0.06,17.3175,94.175,0.5725,188.8675,0.0,0.0,,983.4125,
2023-04-05 04:00:00,11.6525,18.825,0.8,1.23,1.11,0.46,1.72,0.2575,1.29,0.03,,,,0.05,0.06,17.39,94.24000000000001,0.455,149.1775,0.0,0.0,,983.6725,
2023-04-05 05:00:00,12.335,21.225,0.8,1.23,1.11,0.46,1.72,0.24,1.29,0.03,,,,0.05,0.06,17.5375,93.4425,0.475,174.28,0.0,0.0,3.71,984.285,
2023-04-05 06:00:00,8.657499999999999,13.22,0.8,1.23,1.11,0.46,1.72,0.25,1.29,0.03,,,,0.05,0.06,17.9525,92.855,0.2425,170.44,0.0,0.0,11.219999999999999,985.3725000000001,
2023-04-05 07:00:00,14.4075,22.97,0.8,1.23,1.11,0.46,1.72,0.26,1.29,0.03,,,,0.05,0.06,19.4325,87.0175,0.29000000000000004,118.465,0.0,0.0,44.6675,986.075,
2023-04-05 08:00:00,13.4525,23.25,0.8,1.23,1.11,0.46,1.72,0.25,1.29,0.03,,,,0.05,0.06,20.17,83.4275,0.32,130.5325,0.0,0.0,38.835,986.6899999999999,
2023-04-05 09:00:00,13.455,21.1875,0.8,1.23,1.11,0.46,1.72,0.25,1.29,0.03,,,,0.05,0.06,20.6775,81.98,0.33499999999999996,124.81,0.0,0.0,59.9225,986.725,
2023-04-05 10:00:00,11.8025,18.75,0.8,1.23,1.11,0.46,1.72,0.26,1.29,0.03,,,,0.05,0.06,21.127499999999998,81.05,0.405,101.0375,0.0,0.0,37.5675,986.53,
2023-04-05 11:00:00,13.9375,23.5,0.8,1.23,1.11,0.46,1.72,0.255,1.29,0.03,,,,0.05,0.06,22.502499999999998,76.735,0.4525,176.70499999999998,0.0,0.0,126.92,985.8425,
2023-04-05 12:00:00,9.575,15.5375,0.8,1.23,1.11,0.46,1.72,0.2475,1.29,0.03,,,,0.05,0.06,24.47,69.57,0.4375,122.9225,0.0,0.0,111.0475,984.725,
2023-04-05 13:00:00,14.1675,22.1875,0.8,1.23,1.11,0.46,1.72,0.2375,1.29,0.03,,,,0.05,0.06,25.7775,66.3275,0.4425,173.805,0.0,0.0,148.9875,983.8025,
2023-04-05 14:00:00,17.5425,30.45,0.8,1.23,1.11,0.46,1.72,0.23,1.29,0.03,,,,0.0425,0.052500000000000005,27.365000000000002,62.3525,0.6675,162.5975,0.0,0.0,156.1025,983.2075,
2023-04-05 15:00:00,21.28,36.215,0.8,1.23,1.11,0.46,1.72,0.235,1.29,0.03,,,,0.045,0.057499999999999996,27.455,61.135,0.6475,133.1,0.0,0.0,118.38749999999999,982.995,
2023-04-05 16:00:00,32.802499999999995,51.2825,0.8,1.23,1.11,0.46,1.72,0.235,1.29,0.03,,,,0.045,0.055,25.3525,67.0075,0.685,145.8325,0.0,0.0,50.405,983.3275,
2023-04-05 17:00:00,26.38,48.6975,0.8,1.23,1.11,0.46,1.72,0.275,1.29,0.0325,,,,0.055,0.065,23.2775,73.755,0.45999999999999996,122.69749999999999,0.0,0.0,7.505,984.0125,
2023-04-05 18:00:00,23.86,43.595,0.8,1.23,1.11,0.46,1.72,0.33499999999999996,1.29,0.04,,,,0.065,0.0775,21.615,81.0,0.3425,166.1875,0.0,0.0,,985.01,
2023-04-05 19:00:00,29.455,51.8775,0.8,1.23,1.11,0.46,1.72,0.3975,1.29,0.045,,,,0.0775,0.095,20.0075,87.51,0.21,214.67499999999998,0.0,0.0,,986.15,
2023-04-05 20:00:00,29.3725,48.28,0.8,1.23,1.11,0.46,1.72,0.43000000000000005,1.29,0.05,,,,0.085,0.10250000000000001,18.9225,91.72,0.275,106.92,0.0,0.0,,987.34,
2023-04-05 21:00:00,27.405,41.625,0.8,1.23,1.11,0.46,1.72,0.5125,1.29,0.0625,,,,0.105,0.125,19.035,91.95,0.58,154.485,0.0,0.0,,987.785,
2023-04-05 22:00:00,27.98,51.7375,0.8,1.23,1.11,0.46,1.72,0.5650000000000001,1.29,0.065,,,,0.1125,0.135,18.875,91.4925,0.4125,213.7675,0.0,0.0,,987.4525,
2023-04-05 23:00:00,30.0,45.0,0.8000000000000002,1.23,1.11,0.46,1.72,0.5866666666666667,1.29,0.07,,,,0.11666666666666665,0.14,18.593333333333334,93.21333333333332,0.5,215.74,0.0,0.0,,987.3299999999999,
2023-04-06 00:00:00,21.706666666666667,43.126666666666665,0.8000000000000002,1.23,1.11,0.46,1.72,0.47,1.29,0.056666666666666664,,,,0.0975,0.1125,18.447499999999998,93.2525,0.6025,207.79,0.0,0.0,,987.165,
2023-04-06 01:00:00,22.375,37.6875,0.8,1.23,1.11,0.46,1.72,0.4425,1.29,0.05,,,,0.09,0.10500000000000001,18.5075,93.17750000000001,0.49750000000000005,241.495,0.0,0.0,,986.8199999999999,
2023-04-06 02:00:00,18.8125,30.095,0.8,1.23,1.11,0.46,1.72,0.4075,1.29,0.0475,,,,0.08,0.0975,18.0925,93.5575,0.2925,162.605,0.0,0.0,,986.4024999999999,
2023-04-06 03:00:00,12.502500000000001,22.78,0.8,1.23,1.11,0.46,1.72,0.3575,1.29,0.04,,,,0.07,0.0875,18.2,94.2,0.435,189.95749999999998,0.0,0.0,,986.4425,
2023-04-06 04:00:00,10.49,15.2075,0.8,1.23,1.11,0.46,1.72,0.33,1.29,0.04,,,,0.0675,0.0775,18.4125,93.61500000000001,0.7525,172.525,0.0,0.0,,986.88,
2023-04-06 05:00:00,14.559999999999999,24.91,0.8,1.23,1.11,0.46,1.72,0.31,1.29,0.04,,,,0.0625,0.07250000000000001,18.692500000000003,92.20750000000001,0.41000000000000003,148.8075,0.0,0.0,9.665000000000001,987.875,
2023-04-06 06:00:00,21.2625,32.78,0.8,1.23,1.11,0.46,1.72,0.31,1.29,0.04,,,,0.0625,0.07250000000000001,19.955,87.825,0.46,142.01,0.0,0.0,28.6475,988.88,
2023-04-06 07:00:00,26.285,44.09,0.8,1.23,1.11,0.46,1.72,0.3075,1.29,0.0375,,,,0.0625,0.07250000000000001,22.0425,79.49000000000001,0.39249999999999996,124.66749999999999,0.0,0.0,119.35499999999999,989.5475,
2023-04-06 08:00:00,21.4225,35.625,0.8,1.23,1.11,0.46,1.72,0.2775,1.29,0.03,,,,0.057499999999999996,0.0675,22.0775,78.3175,0.4925,166.0425,0.0025,0.0025,92.58,990.295,
2023-04-06 09:00:00,18.7325,31.3125,0.8,1.23,1.11,0.46,1.72,0.26,1.29,0.03,,,,0.052500000000000005,0.0625,25.59,66.795,0.5625,130.5075,0.0,0.0,236.185,990.4525000000001,
2023-04-06 10:00:00,19.302500000000002,34.715,0.8,1.23,1.11,0.46,1.72,0.2475,1.29,0.03,,,,0.0475,0.06,27.1,61.225,0.72,128.5925,0.0,0.0,194.01749999999998,990.2425,
2023-04-06 11:00:00,26.0625,38.0625,0.8,1.23,1.11,0.46,1.72,0.2325,1.29,0.03,,,,0.0475,0.057499999999999996,27.935,58.3275,0.905,160.6825,0.0,0.0,232.1825,989.635,
2023-04-06 12:00:00,26.67,42.1175,0.8,1.23,1.11,0.46,1.72,0.225,1.29,0.03,,,,0.0425,0.052500000000000005,27.622500000000002,56.5575,0.89,122.0925,0.0,0.0,112.295,989.01,
2023-04-06 13:00:00,19.25,33.1875,0.8,1.23,1.11,0.46,1.72,0.2225,1.29,0.03,,,,0.04,0.05,26.195,59.1625,0.7375,113.66,0.0,0.0,44.105,988.275,
2023-04-06 14:00:00,23.2825,36.985,0.8,1.23,1.11,0.46,1.72,0.2275,1.29,0.03,,,,0.0425,0.052500000000000005,25.310000000000002,63.957499999999996,0.5575,186.8125,0.0,0.0,34.6075,987.7,
2023-04-06 15:00:00,12.6125,24.655,0.8,1.23,1.11,0.46,1.72,0.2175,1.29,0.03,,,,0.04,0.05,25.38,63.4075,0.4525,144.345,0.0,0.0,42.0175,987.4075,
2023-04-06 16:00:00,13.8625,23.0,0.8,1.23,1.11,0.46,1.72,0.2225,1.29,0.03,,,,0.04,0.05,25.4875,62.974999999999994,0.435,124.2,0.0,0.0,48.95,987.2075,
2023-04-06 17:00:00,18.47,30.47,0.8,1.23,1.11,0.46,1.72,0.26749999999999996,1.29,0.03,,,,0.055,0.065,23.240000000000002,72.8575,0.24000000000000002,196.5925,0.0,0.0,4.04,987.4449999999999,
2023-04-06 18:00:00,25.0,38.39,0.8,1.23,1.11,0.46,1.72,0.38749999999999996,1.29,0.0475,,,,0.0775,0.0925,21.345,82.99,0.295,231.03,0.0,0.0,,988.19,
2023-04-06 19:00:00,37.78,64.405,0.8,1.23,1.11,0.46,1.72,0.53,1.29,0.065,,,,0.10500000000000001,0.1275,20.4175,87.8325,0.29,180.7475,0.0,0.0,,989.0699999999999,
2023-04-06 20:00:00,34.1525,66.0525,0.8,1.23,1.11,0.46,1.72,0.5625,1.29,0.07,,,,0.1125,0.135,20.302500000000002,88.89,0.255,213.6975,0.0,0.0,,989.5975,
2023-04-06 21:00:00,36.2525,63.9825,0.8,1.23,1.11,0.46,1.72,0.64,1.29,0.0775,,,,0.1275,0.1525,20.325,88.54,0.4825,217.5,0.0025,0.0025,,989.9225,
2023-04-06 22:00:00,29.275,65.11,0.8,1.23,1.11,0.46,1.72,0.6125,1.29,0.07250000000000001,,,,0.1225,0.1475,19.939999999999998,90.815,0.4075,217.325,0.0,0.0,,989.785,
2023-04-06 23:00:00,33.25,52.0,0.8000000000000002,1.23,1.11,0.46,1.72,0.5833333333333334,1.29,0.07,,,,0.11666666666666665,0.14,19.726666666666667,91.88333333333333,0.37999999999999995,263.58,0.0,0.0,,989.2733333333334,
2023-04-07 00:00:00,23.293333333333333,40.873333333333335,0.8000000000000002,1.23,1.11,0.46,1.72,0.47333333333333333,1.29,0.05333333333333334,,,,0.095,0.11499999999999999,19.62,91.665,0.3725,210.8475,0.0,0.0,,988.9025,
2023-04-07 01:00:00,20.4075,30.355,0.8,1.23,1.11,0.46,1.72,0.3825,1.29,0.045,,,,0.07500000000000001,0.09,19.555,90.5325,0.39749999999999996,243.935,0.0,0.0,,988.4,
2023-04-07 02:00:00,18.8125,28.1725,0.8,1.23,1.11,0.46,1.72,0.325,1.29,0.04,,,,0.0675,0.0775,19.502499999999998,90.265,0.425,221.57,0.0,0.0,,987.9300000000001,
2023-04-07 03:00:00,13.5625,23.0625,0.8,1.23,1.11,0.46,1.72,0.2975,1.29,0.0375,,,,0.06,0.07,19.425,90.1925,0.365,219.35000000000002,0.0,0.0,,988.09,
2023-04-07 04:00:00,11.7425,21.697499999999998,0.8,1.23,1.11,0.46,1.72,0.265,1.29,0.03,,,,0.055,0.0625,18.995,90.9975,0.3125,198.575,0.0,0.0,,988.4975000000001,
2023-04-07 05:00:00,13.09,24.0,0.8,1.23,1.11,0.46,1.72,0.25,1.29,0.03,,,,0.05,0.06,18.625,92.7125,0.1975,203.35750000000002,0.0,0.0,8.61,989.2975,
2023-04-07 06:00:00,12.3325,21.0,0.8,1.23,1.11,0.46,1.72,0.26,1.29,0.03,,,,0.052500000000000005,0.065,19.65,91.8925,0.125,170.34,0.0,0.0,27.505,990.3924999999999,
2023-04-07 07:00:00,12.725,22.0,0.8,1.23,1.11,0.46,1.72,0.28500000000000003,1.29,0.0325,,,,0.06,0.07,22.18,81.68,0.255,212.4825,0.0,0.0,63.55500000000001,991.3375,
2023-04-07 08:00:00,13.4675,26.0,0.8,1.23,1.11,0.46,1.72,0.3,1.29,0.0375,,,,0.06,0.07,24.1325,70.155,0.2325,142.14249999999998,0.0,0.0,67.12,991.865,
2023-04-07 09:00:00,17.732499999999998,29.0,0.8,1.23,1.11,0.46,1.72,0.2875,1.29,0.03,,,,0.06,0.07,25.2475,64.0075,0.2025,98.105,0.0,0.0,77.42,992.085,
2023-04-07 10:00:00,15.7325,32.4,0.8,1.23,1.11,0.46,1.72,0.29,1.29,0.03,,,,0.06,0.07,27.572499999999998,57.01,0.34750000000000003,152.56,0.0,0.0,215.56,991.8275,
2023-04-07 11:00:00,21.74,40.3125,0.8,1.23,1.11,0.46,1.72,0.2875,1.29,0.0325,,,,0.06,0.07,30.385,49.4625,0.4525,138.8375,0.0,0.0,190.3575,991.085,
2023-04-07 12:00:00,14.8575,30.5,0.8,1.23,1.11,0.46,1.72,0.25,1.29,0.03,,,,0.05,0.06,31.205000000000002,46.15,0.645,144.0025,0.0,0.0,226.8525,990.1975,
2023-04-07 13:00:00,18.1675,30.1875,0.8,1.23,1.11,0.46,1.72,0.24,1.29,0.03,,,,0.045,0.055,33.3575,38.1625,0.4875,131.11,0.0,0.0,202.7375,989.2225000000001,
2023-04-07 14:00:00,17.8425,31.97,0.8,1.23,1.11,0.46,1.72,0.2175,1.29,0.03,,,,0.04,0.05,33.075,36.3625,0.42500000000000004,96.88,0.0,0.0,122.93,988.72,
2023-04-07 15:00:00,18.1425,30.16,0.8,1.23,1.11,0.46,1.72,0.2175,1.29,0.03,,,,0.04,0.05,32.2525,42.575,0.28500000000000003,129.7125,0.0,0.0,74.4275,988.4549999999999,
2023-04-07 16:00:00,14.785,24.0,0.8,1.23,1.11,0.46,1.72,0.2175,1.29,0.03,,,,0.04,0.05,28.195,56.87,0.3,173.03,0.0,0.0,22.8975,988.385,
2023-04-07 17:00:00,9.635,18.8,0.8,1.23,1.11,0.46,1.72,0.21,1.29,0.0275,,,,0.04,0.05,24.5525,68.2,0.4075,191.295,0.0,0.0,3.033333333333333,988.6324999999999,
2023-04-07 18:00:00,15.0,28.5,0.8,1.23,1.11,0.46,1.72,0.2825,1.29,0.0325,,,,0.057499999999999996,0.07,22.705,76.585,0.27249999999999996,207.10999999999999,0.0,0.0,,989.3775,
2023-04-07 19:00:00,21.825,38.4375,0.8,1.23,1.11,0.46,1.72,0.4625,1.29,0.05500000000000001,,,,0.09,0.1075,21.9525,80.6225,0.31,193.4575,0.0,0.0,,990.1949999999999,
2023-04-07 20:00:00,33.6975,59.72,0.8,1.23,1.11,0.46,1.72,0.5625,1.29,0.0675,,,,0.115,0.1375,21.3325,83.29249999999999,0.28,198.435,0.0,0.0,,990.99,
2023-04-07 21:00:00,55.17,90.75,0.8,1.23,1.11,0.46,1.72,0.5325,1.29,0.065,,,,0.10500000000000001,0.1275,20.115000000000002,85.6775,0.395,183.88,0.0,0.0,,991.03,
2023-04-07 22:00:00,42.095,65.0625,0.8,1.23,1.11,0.46,1.72,0.55,1.29,0.0625,,,,0.11,0.1325,19.2225,88.56,0.5125,229.64749999999998,0.0,0.0,,990.8875,
2023-04-07 23:00:00,34.11333333333334,62.1,0.8000000000000002,1.23,1.11,0.46,1.72,0.51,1.29,0.06,,,,0.10000000000000002,0.12333333333333334,19.103333333333335,88.03333333333335,0.8700000000000001,212.78333333333333,0.0,0.0,,990.7566666666667,
2023-04-08 00:00:00,27.633333333333336,50.166666666666664,0.8000000000000002,1.23,1.11,0.46,1.72,0.4066666666666667,1.29,0.04666666666666667,,,,0.0825,0.1,18.46,88.5875,0.515,256.07,0.0,0.0,,990.57,
2023-04-08 01:00:00,25.682499999999997,46.5,0.8,1.23,1.11,0.46,1.72,0.345,1.29,0.04,,,,0.07,0.08,17.9525,88.7225,0.46499999999999997,194.06,0.0,0.0,,990.0799999999999,
2023-04-08 02:00:00,20.2675,35.0,0.8,1.23,1.11,0.46,1.72,0.3,1.29,0.0375,,,,0.06,0.07,17.5225,89.5025,0.4425,230.4825,0.0,0.0,,989.76,
2023-04-08 03:00:00,18.5325,29.6875,0.8,1.23,1.11,0.46,1.72,0.255,1.29,0.03,,,,0.052500000000000005,0.0625,17.02,90.7175,0.3675,170.7925,0.0,0.0,,990.1225000000001,
2023-04-08 04:00:00,15.7675,26.0,0.8,1.23,1.11,0.46,1.72,0.23249999999999998,1.29,0.03,,,,0.0475,0.052500000000000005,16.4,93.2575,0.2475,171.3575,0.0,0.0,1.6,990.585,
2023-04-08 05:00:00,16.35,27.0,0.8,1.23,1.11,0.46,1.72,0.23,1.29,0.03,,,,0.045,0.052500000000000005,16.6675,93.96,0.3225,207.1925,0.0,0.0,18.4575,991.54,
2023-04-08 06:00:00,21.375,34.0,0.8,1.23,1.11,0.46,1.72,0.28,1.29,0.03,,,,0.057499999999999996,0.07,18.6725,87.86749999999999,0.5425,243.375,0.0,0.0,92.285,992.295,
2023-04-08 07:00:00,35.3,52.95,0.8,1.23,1.11,0.46,1.72,0.29,1.29,0.0325,,,,0.0625,0.07250000000000001,22.2675,74.125,0.5425,161.6825,0.0,0.0,148.6,992.8050000000001,
2023-04-08 08:00:00,36.9525,60.215,0.8,1.23,1.11,0.46,1.72,0.275,1.29,0.03,,,,0.057499999999999996,0.0675,27.5475,55.010000000000005,0.3975,184.165,0.0,0.0,250.4275,993.1625,
2023-04-08 09:00:00,26.1175,41.4375,0.8,1.23,1.11,0.46,1.72,0.2525,1.29,0.03,,,,0.05,0.06,31.3425,47.33,0.40499999999999997,126.8475,0.0,0.0,272.03,993.025,
2023-04-08 10:00:00,19.064999999999998,35.25,0.8,1.23,1.11,0.46,1.72,0.245,1.29,0.03,,,,0.05,0.06,32.055,46.1,0.49,111.97,0.0,0.0,250.665,992.44,
2023-04-08 11:00:00,25.89,43.5,0.8,1.23,1.11,0.46,1.72,0.24,1.29,0.03,,,,0.05,0.06,33.18,43.495000000000005,0.495,108.82499999999999,0.0,0.0,245.3,991.8050000000001,
2023-04-08 12:00:00,,,,,,,,,,,,,,,,,,,,,0.0,,,
2023-04-08 13:00:00,,,,,,,,,,,,,,,,,,,,,0.0,,,
2023-04-08 14:00:00,,,,,,,,,,,,,,,,,,,,,0.0,,,
2023-04-08 15:00:00,,,,,,,,,,,,,,,,,,,,,0.0,,,
2023-04-08 16:00:00,,,,,,,,,,,,,,,,,,,,,0.0,,,
2023-04-08 17:00:00,,,,,,,,,,,,,,,,,,,,,0.0,,,
2023-04-08 18:00:00,,,,,,,,,,,,,,,,,,,,,0.0,,,
2023-04-08 19:00:00,,,,,,,,,,,,,,,,,,,,,0.0,,,
2023-04-08 20:00:00,,,,,,,,,,,,,,,,,,,,,0.0,,,
2023-04-08 21:00:00,,,,,,,,,,,,,,,,,,,,,0.0,,,
2023-04-08 22:00:00,,,,,,,,,,,,,,,,,,,,,0.0,,,
2023-04-08 23:00:00,,,,,,,,,,,,,,,,,,,,,0.0,,,
2023-04-09 00:00:00,,,,,,,,,,,,,,,,,,,,,0.0,,,
2023-04-09 01:00:00,,,,,,,,,,,,,,,,,,,,,0.0,,,
2023-04-09 02:00:00,,,,,,,,,,,,,,,,,,,,,0.0,,,
2023-04-09 03:00:00,,,,,,,,,,,,,,,,,,,,,0.0,,,
2023-04-09 04:00:00,,,,,,,,,,,,,,,,,,,,,0.0,,,
2023-04-09 05:00:00,,,,,,,,,,,,,,,,,,,,,0.0,,,
2023-04-09 06:00:00,,,,,,,,,,,,,,,,,,,,,0.0,,,
2023-04-09 07:00:00,,,,,,,,,,,,,,,,,,,,,0.0,,,
2023-04-09 08:00:00,,,,,,,,,,,,,,,,,,,,,0.0,,,
2023-04-09 09:00:00,,,,,,,,,,,,,,,,,,,,,0.0,,,
2023-04-09 10:00:00,,,,,,,,,,,,,,,,,,,,,0.0,,,
2023-04-09 11:00:00,,,,,,,,,,,,,,,,,,,,,0.0,,,
2023-04-09 12:00:00,,,,,,,,,,,,,,,,,,,,,0.0,,,
2023-04-09 13:00:00,,,,,,,,,,,,,,,,,,,,,0.0,,,
2023-04-09 14:00:00,,,,,,,,,,,,,,,,,,,,,0.0,,,
2023-04-09 15:00:00,,,,,,,,,,,,,,,,,,,,,0.0,,,
2023-04-09 16:00:00,,,,,,,,,,,,,,,,,,,,,0.0,,,
2023-04-09 17:00:00,,,,,,,,,,,,,,,,,,,,,0.0,,,
2023-04-09 18:00:00,,,,,,,,,,,,,,,,,,,,,0.0,,,
2023-04-09 19:00:00,,,,,,,,,,,,,,,,,,,,,0.0,,,
2023-04-09 20:00:00,,,,,,,,,,,,,,,,,,,,,0.0,,,
2023-04-09 21:00:00,,,,,,,,,,,,,,,,,,,,,0.0,,,
2023-04-09 22:00:00,,,,,,,,,,,,,,,,,,,,,0.0,,,
2023-04-09 23:00:00,,,,,,,,,,,,,,,,,,,,,0.0,,,
2023-04-10 00:00:00,,,,,,,,,,,,,,,,,,,,,0.0,,,
2023-04-10 01:00:00,,,,,,,,,,,,,,,,,,,,,0.0,,,
2023-04-10 02:00:00,,,,,,,,,,,,,,,,,,,,,0.0,,,
2023-04-10 03:00:00,,,,,,,,,,,,,,,,,,,,,0.0,,,
2023-04-10 04:00:00,,,,,,,,,,,,,,,,,,,,,0.0,,,
2023-04-10 05:00:00,,,,,,,,,,,,,,,,,,,,,0.0,,,
2023-04-10 06:00:00,,,,,,,,,,,,,,,,,,,,,0.0,,,
2023-04-10 07:00:00,,,,,,,,,,,,,,,,,,,,,0.0,,,
2023-04-10 08:00:00,,,,,,,,,,,,,,,,,,,,,0.0,,,
2023-04-10 09:00:00,,,,,,,,,,,,,,,,,,,,,0.0,,,
2023-04-10 10:00:00,6.25,9.38,0.2,0.56,0.51,0.12,0.43,0.0,0.32,0.0,,,,,,16.03,24.22,0.32,23.49,0.0,0.0,116.16,,
2023-04-10 11:00:00,17.583333333333332,34.373333333333335,0.8,1.23,1.11,0.46,1.72,0.25,1.29,0.0275,,,,0.05,0.057499999999999996,32.879999999999995,46.8175,0.5525,119.0325,0.0,0.0,201.1175,988.055,
2023-04-10 12:00:00,7.956666666666667,17.72,0.8,1.23,1.11,0.46,1.72,0.2825,1.29,0.03,,,,0.057499999999999996,0.0675,34.2775,44.4675,0.53,145.66,0.0,0.0,204.34,986.88,
2023-04-10 13:00:00,24.095,38.25,0.8,1.23,1.11,0.46,1.72,0.295,1.29,0.0325,,,,0.06,0.07,35.0375,43.5625,0.665,150.8475,0.0,0.0,190.6175,985.4125,
2023-04-10 14:00:00,29.03,50.345,0.8,1.23,1.11,0.46,1.72,0.3,1.29,0.04,,,,0.06,0.07,34.8575,44.595,0.5,143.155,0.0,0.0,148.5425,984.265,
2023-04-10 15:00:00,20.97,41.345,0.8,1.23,1.11,0.46,1.72,0.31,1.29,0.04,,,,0.0625,0.07250000000000001,33.955,46.79,0.565,150.285,0.0,0.0,102.8475,983.7175,
2023-04-10 16:00:00,30.3425,45.515,0.8,1.23,1.11,0.46,1.72,0.34,1.29,0.04,,,,0.07,0.08,32.019999999999996,50.5375,0.5575,140.76,0.0,0.0,50.4775,983.5575,
2023-04-10 17:00:00,29.5,50.345,0.8,1.23,1.11,0.46,1.72,0.335,1.29,0.04,,,,0.07,0.08,28.2425,61.807500000000005,0.435,161.69,0.0,0.0,5.203333333333334,984.6775,
2023-04-10 18:00:00,32.97,51.1875,0.8,1.23,1.11,0.46,1.72,0.3875,1.29,0.0475,,,,0.0775,0.0875,25.8975,70.3325,0.42,206.745,0.0,0.0,,985.75,
2023-04-10 19:00:00,33.9975,56.25,0.8,1.23,1.11,0.46,1.72,0.4875,1.29,0.057499999999999996,,,,0.0975,0.11499999999999999,24.3525,77.13,0.3,173.7825,0.0,0.0,,986.87,
2023-04-10 20:00:00,39.555,63.095,0.8,1.23,1.11,0.46,1.72,0.47250000000000003,1.29,0.055,,,,0.095,0.1075,23.18,79.395,0.405,210.735,0.0,0.0,,987.945,
2023-04-10 21:00:00,29.715,55.4075,0.8,1.23,1.11,0.46,1.72,0.5275,1.29,0.0625,,,,0.10500000000000001,0.1275,22.7425,80.17,0.5325,249.1475,0.0,0.0,,988.495,
2023-04-10 22:00:00,28.425,54.25,0.8,1.23,1.11,0.46,1.72,0.4975,1.29,0.06,,,,0.10250000000000001,0.12,21.915,83.02,0.3775,169.2925,0.0,0.0,,988.4549999999999,
2023-04-10 23:00:00,27.603333333333335,49.0,0.8000000000000002,1.23,1.11,0.46,1.72,0.52,1.29,0.06,,,,0.10000000000000002,0.12666666666666668,21.513333333333332,85.56333333333333,0.41333333333333333,252.57666666666668,0.0,0.0,,988.2833333333333,
2023-04-11 00:00:00,37.156666666666666,59.39000000000001,0.8000000000000002,1.23,1.11,0.46,1.72,0.4666666666666666,1.29,0.05333333333333334,,,,0.095,0.11499999999999999,21.15,86.2975,0.44,196.6175,0.0,0.0,,988.0274999999999,
2023-04-11 01:00:00,36.59,65.7175,0.8,1.23,1.11,0.46,1.72,0.4325,1.29,0.05,,,,0.0875,0.10250000000000001,20.615,88.1225,0.2725,213.4,0.0,0.0,,987.6125,
2023-04-11 02:00:00,32.0275,48.042500000000004,0.8,1.23,1.11,0.46,1.72,0.385,1.29,0.045,,,,0.07500000000000001,0.0925,20.5075,88.49000000000001,0.3,167.01000000000002,0.0,0.0,,987.4625,
2023-04-11 03:00:00,21.22,36.375,0.8,1.23,1.11,0.46,1.72,0.375,1.29,0.04,,,,0.07,0.09,20.0275,89.455,0.26,206.72,0.0,0.0,,987.585,
2023-04-11 04:00:00,25.3125,39.215,0.8,1.23,1.11,0.46,1.72,0.3475,1.29,0.04,,,,0.07,0.08,19.2275,91.03999999999999,0.195,172.3125,0.0,0.0,0.18,987.76,
2023-04-11 05:00:00,20.375,34.875,0.8,1.23,1.11,0.46,1.72,0.34750000000000003,1.29,0.04,,,,0.07,0.0825,19.064999999999998,91.3875,0.275,215.2425,0.0,0.0,17.17,988.3775,
2023-04-11 06:00:00,25.31,44.25,0.8,1.23,1.11,0.46,1.72,0.3825,1.29,0.045,,,,0.07500000000000001,0.0925,21.405,85.0725,0.28,195.35500000000002,0.0,0.0,98.82249999999999,989.245,
2023-04-11 07:00:00,30.9575,60.042500000000004,0.8,1.23,1.11,0.46,1.72,0.3975,1.29,0.0475,,,,0.08,0.0975,26.052500000000002,65.6425,0.395,134.2175,0.0,0.0,180.7275,990.1525,
2023-04-11 08:00:00,30.56,48.6575,0.8,1.23,1.11,0.46,1.72,0.3925,1.29,0.045,,,,0.0775,0.095,29.605,52.225,0.4475,154.2725,0.0,0.0,240.4275,990.3075,
2023-04-11 09:00:00,32.9375,59.2025,0.8,1.23,1.11,0.46,1.72,0.4,1.29,0.05,,,,0.08,0.1,32.0575,48.345,0.4,157.505,0.0,0.0,254.4975,989.9875,
2023-04-11 10:00:00,36.8675,60.47,0.8,1.23,1.11,0.46,1.72,0.365,1.29,0.0425,,,,0.07,0.0875,32.8425,44.565,0.7125,112.7675,0.0,0.0,243.82,989.48,
2023-04-11 11:00:00,35.085,53.707499999999996,0.8,1.23,1.11,0.46,1.72,0.3525,1.29,0.04,,,,0.07,0.08,33.317499999999995,40.655,0.71,152.1875,0.0,0.0,229.18,988.88,
2023-04-11 12:00:00,20.335,38.53,0.8,1.23,1.11,0.46,1.72,0.3475,1.29,0.04,,,,0.07,0.0825,34.7625,39.7625,0.5700000000000001,151.31,0.0,0.0,202.495,987.955,
2023-04-11 13:00:00,26.127499999999998,41.905,0.8,1.23,1.11,0.46,1.72,0.3425,1.29,0.04,,,,0.07,0.08,35.24,40.025,0.62,170.51749999999998,0.0,0.0,184.985,986.8525,
2023-04-11 14:00:00,21.105,39.47,0.8,1.23,1.11,0.46,1.72,0.3725,1.29,0.0425,,,,0.07250000000000001,0.09,35.1375,41.21,0.4375,146.42000000000002,0.0,0.0,144.4725,985.8575000000001,
2023-04-11 15:00:00,22.935000000000002,41.765,0.8,1.23,1.11,0.46,1.72,0.42500000000000004,1.29,0.05,,,,0.08499999999999999,0.10250000000000001,34.25,42.76,0.5075000000000001,145.7375,0.0,0.0,88.68,985.1225,
2023-04-11 16:00:00,32.0625,51.0475,0.8,1.23,1.11,0.46,1.72,0.4525,1.29,0.052500000000000005,,,,0.09,0.1075,31.752499999999998,49.052499999999995,0.51,134.87,0.0,0.0,40.27,985.035,
2023-04-11 17:00:00,35.265,59.905,0.8,1.23,1.11,0.46,1.72,0.4425,1.29,0.05,,,,0.09,0.1,27.72,61.4625,0.4,160.5525,0.0,0.0,4.983333333333333,985.7175,
2023-04-11 18:00:00,25.305,46.042500000000004,0.8,1.23,1.11,0.46,1.72,0.495,1.29,0.0575,,,,0.1,0.115,24.47,73.0975,0.35750000000000004,166.14,0.0,0.0,,986.65,
2023-04-11 19:00:00,32.285,48.94,0.8,1.23,1.11,0.46,1.72,0.5775,1.29,0.07,,,,0.1175,0.1375,23.5625,77.03999999999999,0.3225,237.0025,0.0,0.0,,987.4975,
2023-04-11 20:00:00,38.25,73.125,0.8,1.23,1.11,0.46,1.72,0.6950000000000001,1.29,0.0825,,,,0.14,0.1675,23.2625,79.31,0.315,221.3875,0.0,0.0,,988.4399999999999,
2023-04-11 21:00:00,51.3425,74.39,0.8,1.23,1.11,0.46,1.72,0.67,1.29,0.08,,,,0.135,0.165,22.5125,82.3775,0.265,218.7425,0.0,0.0,,989.015,
2023-04-11 22:00:00,42.475,67.875,0.8,1.23,1.11,0.46,1.72,0.6625,1.29,0.0775,,,,0.135,0.1575,21.715,85.8175,0.2975,176.575,0.0,0.0,,989.015,
2023-04-11 23:00:00,38.123333333333335,57.18666666666667,0.8000000000000002,1.23,1.11,0.46,1.72,0.6433333333333334,1.29,0.08,,,,0.13,0.16,21.346666666666664,87.53333333333335,0.4266666666666667,205.08666666666667,0.0,0.0,,988.7666666666668,
2023-04-12 00:00:00,41.46,65.12666666666667,0.8000000000000002,1.23,1.11,0.46,1.72,0.5233333333333333,1.29,0.06333333333333334,,,,0.1075,0.13,20.76,87.17750000000001,0.6225,255.025,0.0,0.0,,988.1475,
2023-04-12 01:00:00,30.427500000000002,50.0,0.8,1.23,1.11,0.46,1.72,0.47,1.29,0.055,,,,0.095,0.1125,20.3375,86.94999999999999,0.5675,251.87,0.0,0.0,,987.6225,
2023-04-12 02:00:00,21.67,37.0725,0.8,1.23,1.11,0.46,1.72,0.3975,1.29,0.045,,,,0.0775,0.095,20.04,86.5025,0.605,233.795,0.0,0.0,,987.2425000000001,
2023-04-12 03:00:00,19.3925,33.655,0.8,1.23,1.11,0.46,1.72,0.37,1.29,0.04,,,,0.07,0.0875,19.775,85.9425,0.48,244.26749999999998,0.0,0.0,,987.135,
2023-04-12 04:00:00,14.48,27.5825,0.8,1.23,1.11,0.46,1.72,0.345,1.29,0.04,,,,0.07,0.08,19.3975,86.445,0.5225,242.15,0.0,0.0,0.31,987.3100000000001,
2023-04-12 05:00:00,15.75,27.0475,0.8,1.23,1.11,0.46,1.72,0.34,1.29,0.04,,,,0.07,0.08,19.39,85.7825,0.5975,243.2975,0.0,0.0,12.8225,987.635,
2023-04-12 06:00:00,20.0,33.4675,0.8,1.23,1.11,0.46,1.72,0.37,1.29,0.0425,,,,0.07,0.08499999999999999,21.412499999999998,79.0275,0.5349999999999999,197.985,0.0,0.0,103.795,988.1424999999999,
2023-04-12 07:00:00,26.185000000000002,46.6875,0.8,1.23,1.11,0.46,1.72,0.3975,1.29,0.0475,,,,0.0775,0.0975,25.41,66.3325,0.47250000000000003,222.42000000000002,0.0,0.0,192.0975,988.765,
2023-04-12 08:00:00,34.16,54.707499999999996,0.8,1.23,1.11,0.46,1.72,0.385,1.29,0.0425,,,,0.07500000000000001,0.0925,29.740000000000002,51.9475,0.5025,174.85750000000002,0.0,0.0,250.34750000000003,988.965,
2023-04-12 09:00:00,23.97,45.0,0.8,1.23,1.11,0.46,1.72,0.3475,1.29,0.04,,,,0.07,0.08,33.475,41.93,0.505,127.25999999999999,0.0,0.0,251.76,988.7225,
2023-04-12 10:00:00,20.955,41.345,0.8,1.23,1.11,0.46,1.72,0.36,1.29,0.04,,,,0.07,0.08,34.6225,41.8375,0.45499999999999996,109.29,0.0,0.0,251.8225,988.1275,
2023-04-12 11:00:00,32.815,54.9375,0.8,1.23,1.11,0.46,1.72,0.3625,1.29,0.04,,,,0.07,0.0875,35.754999999999995,40.332499999999996,0.515,115.41499999999999,0.0,0.0,236.555,986.9425,
2023-04-12 12:00:00,44.5625,75.845,0.8,1.23,1.11,0.46,1.72,0.4125,1.29,0.0475,,,,0.08499999999999999,0.1,36.3075,38.3725,0.545,151.03,0.0,0.0,209.03,985.8025,
2023-04-12 13:00:00,46.4675,79.875,0.8,1.23,1.11,0.46,1.72,0.425,1.29,0.05,,,,0.0875,0.1,36.5625,38.6975,0.5925,135.1,0.0,0.0,179.085,984.69,
2023-04-12 14:00:00,42.3575,71.7325,0.8,1.23,1.11,0.46,1.72,0.3875,1.29,0.045,,,,0.07500000000000001,0.0925,36.932500000000005,38.1525,0.5275,189.60750000000002,0.0,0.0,140.9775,983.8025,
2023-04-12 15:00:00,34.445,51.667500000000004,0.8,1.23,1.11,0.46,1.72,0.42,1.29,0.05,,,,0.08499999999999999,0.10250000000000001,34.7,41.959999999999994,0.77,178.695,0.0,0.0,93.5575,983.4525,
2023-04-12 16:00:00,35.0,52.4525,0.8,1.23,1.11,0.46,1.72,0.40249999999999997,1.29,0.05,,,,0.08,0.0975,31.927500000000002,52.2975,0.435,194.945,0.0,0.0,29.4675,983.5024999999999,
2023-04-12 17:00:00,27.25,47.5775,0.8,1.23,1.11,0.46,1.72,0.3875,1.29,0.045,,,,0.08,0.09,27.2575,65.495,0.415,135.16,0.0,0.0,3.283333333333333,984.0625,
2023-04-12 18:00:00,30.935,53.2975,0.8,1.23,1.11,0.46,1.72,0.53,1.29,0.0625,,,,0.10500000000000001,0.1275,25.41,71.955,0.3025,186.60250000000002,0.0,0.0,,984.805,
2023-04-12 19:00:00,33.4075,57.515,0.8,1.23,1.11,0.46,1.72,0.5375,1.29,0.065,,,,0.11,0.1325,24.6425,71.6,0.3725,207.42,0.0,0.0,,985.72,
2023-04-12 20:00:00,41.2675,68.84,0.8,1.23,1.11,0.46,1.72,0.635,1.29,0.07500000000000001,,,,0.125,0.155,23.7125,76.9225,0.3325,201.89749999999998,0.0,0.0,,986.5125,
2023-04-12 21:00:00,42.785,72.4275,0.8,1.23,1.11,0.46,1.72,0.7375,1.29,0.0875,,,,0.14500000000000002,0.175,22.7275,81.5825,0.305,215.1125,0.0,0.0,,987.065,
2023-04-12 22:00:00,36.8125,65.53,0.8,1.23,1.11,0.46,1.72,0.6275,1.29,0.07500000000000001,,,,0.125,0.1525,22.2575,82.7325,0.4275,245.4625,0.0,0.0,,986.9825,
2023-04-12 23:00:00,50.95333333333334,80.28666666666668,0.8000000000000002,1.23,1.11,0.46,1.72,0.5666666666666667,1.29,0.07,,,,0.11333333333333333,0.1366666666666667,21.643333333333334,83.72333333333334,0.4266666666666667,229.9,0.0,0.0,,986.7433333333333,
2023-04-13 00:00:00,33.70666666666667,51.25333333333333,0.8000000000000002,1.23,1.11,0.46,1.72,0.48666666666666664,1.29,0.06,,,,0.10250000000000001,0.12,21.02,84.5575,0.385,227.20999999999998,0.0,0.0,,986.16,
2023-04-13 01:00:00,24.689999999999998,43.64,0.8,1.23,1.11,0.46,1.72,0.45,1.29,0.05,,,,0.09,0.1075,20.7725,84.37,0.7250000000000001,233.7925,0.0,0.0,,985.8325,
2023-04-13 02:00:00,24.5925,42.0,0.8,1.23,1.11,0.46,1.72,0.41000000000000003,1.29,0.05,,,,0.0825,0.1,20.377499999999998,84.33,0.4875,264.155,0.0,0.0,,985.6275,
2023-04-13 03:00:00,19.9375,34.3125,0.8,1.23,1.11,0.46,1.72,0.385,1.29,0.0425,,,,0.07250000000000001,0.0925,19.9025,85.935,0.3725,264.885,0.0,0.0,,985.675,
2023-04-13 04:00:00,15.3125,22.9225,0.8,1.23,1.11,0.46,1.72,0.3525,1.29,0.04,,,,0.07,0.0825,19.5475,87.4075,0.3675,245.125,0.0,0.0,0.34,986.0325,
2023-04-13 05:00:00,16.125,26.4375,0.8,1.23,1.11,0.46,1.72,0.3425,1.29,0.04,,,,0.07,0.08,19.2875,90.275,0.2975,183.385,0.0,0.0,12.7425,986.775,
2023-04-13 06:00:00,19.0,29.4375,0.8,1.23,1.11,0.46,1.72,0.4,1.29,0.0475,,,,0.08,0.095,21.8525,81.41499999999999,0.39749999999999996,163.0325,0.0,0.0,97.2875,987.71,
2023-04-13 07:00:00,22.39,42.042500000000004,0.8,1.23,1.11,0.46,1.72,0.4275,1.29,0.05,,,,0.09,0.1,25.7775,67.0375,0.3625,158.9975,0.0,0.0,179.805,988.2775,
2023-04-13 08:00:00,36.78,59.25,0.8,1.23,1.11,0.46,1.72,0.4125,1.29,0.05,,,,0.0825,0.1,30.5025,52.5775,0.3225,162.4425,0.0,0.0,233.8275,988.275,
2023-04-13 09:00:00,31.905,49.405,0.8,1.23,1.11,0.46,1.72,0.4025,1.29,0.05,,,,0.08,0.1,33.445,45.2975,0.435,149.0625,0.0,0.0,237.1525,987.8825,
2023-04-13 10:00:00,34.5325,53.345,0.8,1.23,1.11,0.46,1.72,0.4,1.29,0.05,,,,0.08,0.1,34.942499999999995,43.28,0.4325,118.2325,0.0,0.0,241.125,987.02,
2023-04-13 11:00:00,17.81,50.84,0.8,1.23,1.11,0.46,1.72,0.395,1.29,0.05,,,,0.08,0.1,35.8575,41.625,0.4375,146.9625,0.0,0.0,206.715,985.9625,
2023-04-13 12:00:00,9.040000000000001,36.56,0.8,1.23,1.11,0.46,1.72,0.3875,1.29,0.0475,,,,0.07500000000000001,0.09,36.37,42.5125,0.4875,136.5325,0.0,0.0,180.62,984.8775,
2023-04-13 13:00:00,30.065,51.89,0.8,1.23,1.11,0.46,1.72,0.3925,1.29,0.0475,,,,0.0775,0.095,36.1425,43.2975,0.5775,153.34,0.0,0.0,171.14,983.855,
2023-04-13 14:00:00,29.345,48.47,0.8,1.23,1.11,0.46,1.72,0.3825,1.29,0.04,,,,0.07,0.09,35.235,43.945,0.815,164.775,0.0,0.0,136.6025,982.98,
2023-04-13 15:00:00,30.125,45.4225,0.8,1.23,1.11,0.46,1.72,0.39,1.29,0.045,,,,0.07500000000000001,0.095,36.275,43.59,0.3325,124.535,0.0,0.0,84.87,982.46,
2023-04-13 16:00:00,27.345,42.515,0.8,1.23,1.11,0.46,1.72,0.395,1.29,0.05,,,,0.08,0.095,33.6725,51.515,0.3325,138.2675,0.0,0.0,40.1325,982.6725,
2023-04-13 17:00:00,28.375,46.595,0.8,1.23,1.11,0.46,1.72,0.4075,1.29,0.0475,,,,0.08499999999999999,0.0975,28.2,67.3,0.4125,109.2,0.0,0.0,4.83,983.3,
2023-04-13 18:00:00,27.9075,44.485,0.8,1.23,1.11,0.46,1.72,0.4225,1.29,0.052500000000000005,,,,0.085,0.1,25.85,74.53999999999999,0.4975,89.685,0.0,0.0,,984.19,
2023-04-13 19:00:00,32.75,50.765,0.8,1.23,1.11,0.46,1.72,0.495,1.29,0.0575,,,,0.10250000000000001,0.12,24.8475,78.38,0.2925,233.15,0.0,0.0,,985.235,
2023-04-13 20:00:00,29.5,54.75,0.8,1.23,1.11,0.46,1.72,0.6799999999999999,1.29,0.08499999999999999,,,,0.135,0.165,24.0275,82.5825,0.305,248.6575,0.0,0.0,,986.125,
2023-04-13 21:00:00,42.815,64.125,0.8,1.23,1.11,0.46,1.72,0.73,1.29,0.0875,,,,0.14750000000000002,0.1775,23.4025,84.9675,0.23500000000000001,202.88,0.0,0.0,,986.735,
2023-04-13 22:00:00,44.7025,81.9175,0.8,1.23,1.11,0.46,1.72,0.7,1.29,0.08499999999999999,,,,0.14,0.1675,23.1375,85.5675,0.36,223.505,0.0,0.0,,986.73,
2023-04-13 23:00:00,41.25,79.0,0.8000000000000002,1.23,1.11,0.46,1.72,0.65,1.29,0.08,,,,0.13,0.16,22.376666666666665,87.56333333333333,0.46,230.75,0.0,0.0,,986.4233333333333,
2023-04-14 00:00:00,36.946666666666665,55.5,0.8000000000000002,1.23,1.11,0.46,1.72,0.5833333333333334,1.29,0.06666666666666667,,,,0.1175,0.14250000000000002,21.7975,87.3175,0.6950000000000001,198.075,0.0,0.0,,985.66,
2023-04-14 01:00:00,28.655,47.345,0.8,1.23,1.11,0.46,1.72,0.5175000000000001,1.29,0.06,,,,0.10250000000000001,0.125,21.34,85.36,0.615,242.36,0.0,0.0,,985.14,
2023-04-14 02:00:00,19.655,38.8125,0.8,1.23,1.11,0.46,1.72,0.475,1.29,0.057499999999999996,,,,0.095,0.11499999999999999,20.785,86.8725,0.4125,181.015,0.0,0.0,,985.0250000000001,
2023-04-14 03:00:00,22.895,41.72,0.8,1.23,1.11,0.46,1.72,0.42,1.29,0.05,,,,0.08499999999999999,0.1,20.15,87.71,0.445,206.725,0.0,0.0,,985.265,
2023-04-14 04:00:00,19.545,33.582499999999996,0.8,1.23,1.11,0.46,1.72,0.395,1.29,0.05,,,,0.08,0.0925,20.105,85.755,0.4625,205.95999999999998,0.0,0.0,0.53,985.8875,
2023-04-14 05:00:00,18.875,32.4375,0.8,1.23,1.11,0.46,1.72,0.3925,1.29,0.045,,,,0.07500000000000001,0.095,20.08,85.7775,0.62,236.35500000000002,0.0,0.0,14.287500000000001,986.6175000000001,
2023-04-14 06:00:00,19.775,35.875,0.8,1.23,1.11,0.46,1.72,0.4075,1.29,0.05,,,,0.08,0.1,21.447499999999998,80.2225,0.825,224.9475,0.0,0.0,89.6475,987.26,
2023-04-14 07:00:00,20.065,34.78,0.8,1.23,1.11,0.46,1.72,0.4125,1.29,0.05,,,,0.0825,0.1,26.325,62.317499999999995,0.2675,125.60249999999999,0.0,0.0,174.7975,988.1725,
2023-04-14 08:00:00,17.47,29.625,0.8,1.23,1.11,0.46,1.72,0.4,1.29,0.05,,,,0.08,0.1,30.8625,50.0275,0.3625,180.325,0.0,0.0,229.245,988.2574999999999,
2023-04-14 09:00:00,25.845,39.8925,0.8,1.23,1.11,0.46,1.72,0.3975,1.29,0.05,,,,0.08,0.1,32.7425,47.9975,0.395,133.3625,0.0,0.0,244.8325,987.98,
2023-04-14 10:00:00,27.5925,45.5625,0.8,1.23,1.11,0.46,1.72,0.3925,1.29,0.05,,,,0.0775,0.0925,34.335,44.91,0.4375,154.895,0.0,0.0,223.965,987.4325,
2023-04-14 11:00:00,21.3425,42.5625,0.8,1.23,1.11,0.46,1.72,0.39,1.29,0.05,,,,0.08,0.09,35.6125,43.8575,0.5075000000000001,121.60499999999999,0.0,0.0,226.0025,986.3575,
2023-04-14 12:00:00,26.2175,39.235,0.8,1.23,1.11,0.46,1.72,0.39,1.29,0.05,,,,0.08,0.0925,36.9125,41.945,0.4125,141.9525,0.0,0.0,195.555,985.2,
2023-04-14 13:00:00,29.695,48.667500000000004,0.8,1.23,1.11,0.46,1.72,0.39,1.29,0.05,,,,0.08,0.0925,37.207499999999996,41.7425,0.5325,149.355,0.0,0.0,183.45499999999998,983.8925,
2023-04-14 14:00:00,28.4675,49.64,0.8,1.23,1.11,0.46,1.72,0.4025,1.29,0.05,,,,0.08,0.0975,36.205,43.45,0.635,117.78500000000001,0.0,0.0,136.3925,983.0475,
2023-04-14 15:00:00,26.095,41.625,0.8,1.23,1.11,0.46,1.72,0.4125,1.29,0.05,,,,0.0825,0.1,36.214999999999996,43.79,0.3975,154.7125,0.0,0.0,92.32499999999999,982.7425000000001,
2023-04-14 16:00:00,27.53,42.75,0.8,1.23,1.11,0.46,1.72,0.4425,1.29,0.052500000000000005,,,,0.0925,0.10250000000000001,34.239999999999995,49.8275,0.3075,141.515,0.0,0.0,40.955,982.8625,
2023-04-14 17:00:00,26.875,45.61,0.8,1.23,1.11,0.46,1.72,0.53,1.29,0.0625,,,,0.10500000000000001,0.1275,28.7575,64.74000000000001,0.4475,134.2325,0.0,0.0,4.6866666666666665,983.0899999999999,
2023-04-14 18:00:00,29.125,53.345,0.8,1.23,1.11,0.46,1.72,0.5575,1.29,0.065,,,,0.1125,0.1325,26.29,73.11,0.35750000000000004,166.71,0.0,0.0,,984.11,
2023-04-14 19:00:00,34.7525,55.4375,0.8,1.23,1.11,0.46,1.72,0.5875,1.29,0.0675,,,,0.115,0.14,25.655,75.2825,0.38749999999999996,198.4775,0.0,0.0,,985.1625,
2023-04-14 20:00:00,37.625,54.9375,0.8,1.23,1.11,0.46,1.72,0.7275,1.29,0.0875,,,,0.14750000000000002,0.1775,24.98,77.3575,0.76,209.2875,0.0,0.0,,985.8199999999999,
2023-04-14 21:00:00,42.56,77.345,0.8,1.23,1.11,0.46,1.72,0.71,1.29,0.08499999999999999,,,,0.14,0.17,24.1575,81.2375,0.505,255.53,0.0,0.0,,986.1175000000001,
2023-04-14 22:00:00,46.2475,73.595,0.8,1.23,1.11,0.46,1.72,0.6025,1.29,0.07,,,,0.12,0.1475,23.03,84.475,0.3175,177.825,0.0,0.0,,986.4825,
2023-04-14 23:00:00,34.70666666666667,52.0,0.8000000000000002,1.23,1.11,0.46,1.72,0.58,1.29,0.07,,,,0.11666666666666665,0.14,22.796666666666667,84.64,0.27,251.29666666666665,0.0,0.0,,986.4899999999999,
2023-04-15 00:00:00,36.29666666666667,59.57,0.8000000000000002,1.23,1.11,0.46,1.72,0.56,1.29,0.07,,,,0.1125,0.1375,22.7575,85.10249999999999,0.3275,203.7125,0.0,0.0,,985.975,
2023-04-15 01:00:00,35.144999999999996,59.7675,0.8,1.23,1.11,0.46,1.72,0.5075000000000001,1.29,0.06,,,,0.1,0.12,22.09,86.8225,0.5725,202.655,0.0,0.0,,985.435,
2023-04-15 02:00:00,34.97,51.0475,0.8,1.23,1.11,0.46,1.72,0.47,1.29,0.057499999999999996,,,,0.0975,0.11499999999999999,21.51,87.73,0.355,250.945,0.0,0.0,,985.0975,
2023-04-15 03:00:00,25.6875,42.75,0.8,1.23,1.11,0.46,1.72,0.4375,1.29,0.05,,,,0.0875,0.10500000000000001,21.015,88.82249999999999,0.42,216.2375,0.0,0.0,,985.1825,
2023-04-15 04:00:00,24.3425,37.405,0.8,1.23,1.11,0.46,1.72,0.41,1.29,0.05,,,,0.0825,0.1,20.475,90.4225,0.36,176.13,0.0,0.0,1.88,985.72,
2023-04-15 05:00:00,18.8525,33.845,0.8,1.23,1.11,0.46,1.72,0.40249999999999997,1.29,0.05,,,,0.08,0.0975,20.825,88.9025,0.42,200.1325,0.0,0.0,18.4025,986.5374999999999,
2023-04-15 06:00:00,21.615000000000002,38.5175,0.8,1.23,1.11,0.46,1.72,0.4425,1.29,0.055,,,,0.0875,0.10500000000000001,23.395,80.1,0.31,218.335,0.0,0.0,105.97,987.285,
2023-04-15 07:00:00,23.856666666666666,36.68666666666667,0.8000000000000002,1.23,1.11,0.46,1.72,0.4633333333333334,1.29,0.06,,,,0.09666666666666668,0.11333333333333333,27.27333333333333,66.47333333333333,0.30333333333333334,194.02666666666667,0.0,0.0,178.09333333333333,987.6766666666666,
2023-04-15 08:00:00,,,,,,,,,,,,,,,,,,,,,0.0,,,
2023-04-15 09:00:00,,,,,,,,,,,,,,,,,,,,,0.0,,,
2023-04-15 10:00:00,,,,,,,,,,,,,,,,,,,,,0.0,,,
2023-04-15 11:00:00,,,,,,,,,,,,,,,,,,,,,0.0,,,
2023-04-15 12:00:00,,,,,,,,,,,,,,,,,,,,,0.0,,,
2023-04-15 13:00:00,,,,,,,,,,,,,,,,,,,,,0.0,,,
2023-04-15 14:00:00,,,,,,,,,,,,,,,,,,,,,0.0,,,
2023-04-15 15:00:00,,,,,,,,,,,,,,,,,,,,,0.0,,,
2023-04-15 16:00:00,,,,,,,,,,,,,,,,,,,,,0.0,,,
2023-04-15 17:00:00,,,,,,,,,,,,,,,,,,,,,0.0,,,
2023-04-15 18:00:00,,,,,,,,,,,,,,,,,,,,,0.0,,,
2023-04-15 19:00:00,,,,,,,,,,,,,,,,,,,,,0.0,,,
2023-04-15 20:00:00,,,,,,,,,,,,,,,,,,,,,0.0,,,
2023-04-15 21:00:00,,,,,,,,,,,,,,,,,,,,,0.0,,,
2023-04-15 22:00:00,,,,,,,,,,,,,,,,,,,,,0.0,,,
2023-04-15 23:00:00,,,,,,,,,,,,,,,,,,,,,0.0,,,
2023-04-16 00:00:00,,,,,,,,,,,,,,,,,,,,,0.0,,,
2023-04-16 01:00:00,,,,,,,,,,,,,,,,,,,,,0.0,,,
2023-04-16 02:00:00,,,,,,,,,,,,,,,,,,,,,0.0,,,
2023-04-16 03:00:00,,,,,,,,,,,,,,,,,,,,,0.0,,,
2023-04-16 04:00:00,,,,,,,,,,,,,,,,,,,,,0.0,,,
2023-04-16 05:00:00,,,,,,,,,,,,,,,,,,,,,0.0,,,
2023-04-16 06:00:00,,,,,,,,,,,,,,,,,,,,,0.0,,,
2023-04-16 07:00:00,,,,,,,,,,,,,,,,,,,,,0.0,,,
2023-04-16 08:00:00,,,,,,,,,,,,,,,,,,,,,0.0,,,
2023-04-16 09:00:00,,,,,,,,,,,,,,,,,,,,,0.0,,,
2023-04-16 10:00:00,,,,,,,,,,,,,,,,,,,,,0.0,,,
2023-04-16 11:00:00,,,,,,,,,,,,,,,,,,,,,0.0,,,
2023-04-16 12:00:00,,,,,,,,,,,,,,,,,,,,,0.0,,,
2023-04-16 13:00:00,,,,,,,,,,,,,,,,,,,,,0.0,,,
2023-04-16 14:00:00,,,,,,,,,,,,,,,,,,,,,0.0,,,
2023-04-16 15:00:00,,,,,,,,,,,,,,,,,,,,,0.0,,,
2023-04-16 16:00:00,,,,,,,,,,,,,,,,,,,,,0.0,,,
2023-04-16 17:00:00,,,,,,,,,,,,,,,,,,,,,0.0,,,
2023-04-16 18:00:00,,,,,,,,,,,,,,,,,,,,,0.0,,,
2023-04-16 19:00:00,,,,,,,,,,,,,,,,,,,,,0.0,,,
2023-04-16 20:00:00,,,,,,,,,,,,,,,,,,,,,0.0,,,
2023-04-16 21:00:00,,,,,,,,,,,,,,,,,,,,,0.0,,,
2023-04-16 22:00:00,,,,,,,,,,,,,,,,,,,,,0.0,,,
2023-04-16 23:00:00,,,,,,,,,,,,,,,,,,,,,0.0,,,
2023-04-17 00:00:00,,,,,,,,,,,,,,,,,,,,,0.0,,,
2023-04-17 01:00:00,,,,,,,,,,,,,,,,,,,,,0.0,,,
2023-04-17 02:00:00,,,,,,,,,,,,,,,,,,,,,0.0,,,
2023-04-17 03:00:00,,,,,,,,,,,,,,,,,,,,,0.0,,,
2023-04-17 04:00:00,,,,,,,,,,,,,,,,,,,,,0.0,,,
2023-04-17 05:00:00,,,,,,,,,,,,,,,,,,,,,0.0,,,
2023-04-17 06:00:00,,,,,,,,,,,,,,,,,,,,,0.0,,,
2023-04-17 07:00:00,,,,,,,,,,,,,,,,,,,,,0.0,,,
2023-04-17 08:00:00,,,,,,,,,,,,,,,,,,,,,0.0,,,
2023-04-17 09:00:00,,,,,,,,,,,,,,,,,,,,,0.0,,,
2023-04-17 10:00:00,18.5,27.75,0.4,0.82,0.37,0.23,0.86,0.055,0.64,0.005,,,,0.02,0.02,21.71,35.35,0.34,46.07,0.0,0.0,140.39,,
2023-04-17 11:00:00,32.20333333333333,50.873333333333335,0.8,1.23,1.11,0.46,1.72,0.3875,1.29,0.0475,,,,0.0775,0.095,32.8125,51.894999999999996,0.82,133.2425,0.0,0.0,191.8625,985.4375,
2023-04-17 12:00:00,5.08,22.5,0.8,1.23,1.11,0.46,1.72,0.4125,1.29,0.05,,,,0.08,0.1,33.9975,49.04,0.6950000000000001,152.60500000000002,0.0,0.0,176.5,984.6675,
2023-04-17 13:00:00,14.592500000000001,27.655,0.8,1.23,1.11,0.46,1.72,0.415,1.29,0.05,,,,0.08,0.1,34.269999999999996,46.29,0.735,123.9825,0.0,0.0,162.91750000000002,983.5225,
2023-04-17 14:00:00,22.365000000000002,37.285,0.8,1.23,1.11,0.46,1.72,0.425,1.29,0.05,,,,0.09,0.1,34.16,45.5325,0.7275,114.1875,0.0,0.0,138.7175,982.905,
2023-04-17 15:00:00,17.8875,29.25,0.8,1.23,1.11,0.46,1.72,0.4125,1.29,0.05,,,,0.0825,0.1,33.5525,48.144999999999996,0.6425000000000001,124.1725,0.0,0.0,90.5175,982.28,
2023-04-17 16:00:00,21.1875,32.485,0.8,1.23,1.11,0.46,1.72,0.4575,1.29,0.052500000000000005,,,,0.0925,0.1075,31.65,53.9075,0.39749999999999996,105.19,0.0,0.0,27.58,982.47,
2023-04-17 17:00:00,33.655,52.0775,0.8,1.23,1.11,0.46,1.72,0.47,1.29,0.055,,,,0.095,0.1125,28.252499999999998,65.5375,0.38,153.7575,0.0,0.0,3.85,983.3975,
2023-04-17 18:00:00,36.025,54.035,0.8,1.23,1.11,0.46,1.72,0.615,1.29,0.07250000000000001,,,,0.12,0.14750000000000002,27.075,67.59,0.2675,172.76749999999998,0.0,0.0,,984.8225,
2023-04-17 19:00:00,33.5975,65.25,0.8,1.23,1.11,0.46,1.72,0.585,1.29,0.07,,,,0.1175,0.14250000000000002,25.6425,73.22,0.3425,127.84,0.0,0.0,,985.415,
2023-04-17 20:00:00,36.292500000000004,68.72,0.8,1.23,1.11,0.46,1.72,0.6325000000000001,1.29,0.07250000000000001,,,,0.1225,0.1525,25.3925,74.80250000000001,0.28,228.45,0.0,0.0,,985.9925000000001,
2023-04-17 21:00:00,38.6775,69.455,0.8,1.23,1.11,0.46,1.72,0.6625,1.29,0.0775,,,,0.135,0.1625,24.785,77.8575,0.4425,219.375,0.0,0.0,,986.2725,
2023-04-17 22:00:00,31.7,62.625,0.8,1.23,1.11,0.46,1.72,0.665,1.29,0.08,,,,0.13,0.16,24.195,81.0125,0.4375,195.73250000000002,0.0,0.0,,986.245,
2023-04-17 23:00:00,34.916666666666664,54.626666666666665,0.8000000000000002,1.23,1.11,0.46,1.72,0.6433333333333334,1.29,0.07666666666666667,,,,0.12666666666666668,0.15666666666666665,23.58666666666667,83.27333333333333,0.4566666666666667,209.47000000000003,0.0,0.0,,985.9699999999999,
2023-04-18 00:00:00,37.626666666666665,58.75333333333333,0.8000000000000002,1.23,1.11,0.46,1.72,0.5866666666666666,1.29,0.07,,,,0.12,0.14,22.8075,85.78,0.37,228.73000000000002,0.0,0.0,,985.5225,
2023-04-18 01:00:00,37.6875,58.265,0.8,1.23,1.11,0.46,1.72,0.545,1.29,0.065,,,,0.11,0.1325,22.564999999999998,85.53,0.6525,242.2275,0.0,0.0,,985.2725,
2023-04-18 02:00:00,33.94,54.655,0.8,1.23,1.11,0.46,1.72,0.4825,1.29,0.06,,,,0.1,0.11499999999999999,21.9525,86.76,0.34750000000000003,233.025,0.0,0.0,,984.8575,
2023-04-18 03:00:00,27.2175,42.89,0.8,1.23,1.11,0.46,1.72,0.4525,1.29,0.055,,,,0.09,0.11,21.6725,87.555,0.655,254.2375,0.0,0.0,,984.7075,
2023-04-18 04:00:00,19.5775,29.955,0.8,1.23,1.11,0.46,1.72,0.43,1.29,0.05,,,,0.09,0.10250000000000001,21.3625,87.7925,0.4375,216.2675,0.0,0.0,1.54,984.945,
2023-04-18 05:00:00,21.0,34.6875,0.8,1.23,1.11,0.46,1.72,0.4125,1.29,0.05,,,,0.0825,0.1,21.7575,85.4525,0.385,192.89499999999998,0.0,0.0,16.27,985.8425,
2023-04-18 06:00:00,23.365,39.4275,0.8,1.23,1.11,0.46,1.72,0.44,1.29,0.055,,,,0.0875,0.10500000000000001,23.9775,79.5425,0.2725,142.4675,0.0,0.0,88.58500000000001,986.8675000000001,
2023-04-18 07:00:00,27.009999999999998,50.0625,0.8,1.23,1.11,0.46,1.72,0.4725,1.29,0.055,,,,0.0925,0.1125,27.1325,66.9775,0.615,175.12,0.0,0.0,161.07999999999998,987.3575,
2023-04-18 08:00:00,34.125,58.36,0.8,1.23,1.11,0.46,1.72,0.4825,1.29,0.055,,,,0.095,0.1125,31.72,51.0375,0.32,136.33,0.0,0.0,212.5025,987.75,
2023-04-18 09:00:00,28.5325,47.5775,0.8,1.23,1.11,0.46,1.72,0.48,1.29,0.057499999999999996,,,,0.0975,0.115,33.72,47.04,0.5075000000000001,133.0775,0.0,0.0,227.7475,987.5975,
2023-04-18 10:00:00,32.865,52.2,0.8,1.23,1.11,0.46,1.72,0.4325,1.29,0.05,,,,0.09,0.1,34.11,46.042500000000004,0.6275,118.60499999999999,0.0,0.0,235.91750000000002,986.995,
2023-04-18 11:00:00,33.815,51.9375,0.8,1.23,1.11,0.46,1.72,0.44,1.29,0.05,,,,0.0875,0.10500000000000001,35.555,44.019999999999996,0.61,132.655,0.0,0.0,208.73250000000002,986.1575,
2023-04-18 12:00:00,31.46666666666667,60.373333333333335,0.8,1.23,1.11,0.46,1.72,0.4125,1.29,0.05,,,,0.08499999999999999,0.1,36.235,42.415,0.595,130.465,0.0,0.0,197.1025,984.975,
2023-04-18 13:00:00,5.7775,25.31,0.8,1.23,1.11,0.46,1.72,0.4175,1.29,0.05,,,,0.08499999999999999,0.1,37.76,39.64,0.49,139.0725,0.0,0.0,174.1775,983.9300000000001,
2023-04-18 14:00:00,27.7725,44.1425,0.8,1.23,1.11,0.46,1.72,0.405,1.29,0.05,,,,0.08,0.1,38.1,40.075,0.5075000000000001,150.485,0.0,0.0,146.8825,983.2950000000001,
2023-04-18 15:00:00,22.955,41.0625,0.8,1.23,1.11,0.46,1.72,0.4175,1.29,0.05,,,,0.0825,0.1,36.525,42.7975,0.39749999999999996,130.1125,0.0,0.0,87.42,982.8,
2023-04-18 16:00:00,19.085,40.875,0.8,1.23,1.11,0.46,1.72,0.4675,1.29,0.055,,,,0.0925,0.1125,34.7625,47.57,0.5175,133.89749999999998,0.0,0.0,44.385,982.5074999999999,
2023-04-18 17:00:00,30.465,45.965,0.8,1.23,1.11,0.46,1.72,0.4675,1.29,0.052500000000000005,,,,0.095,0.1075,31.5625,57.67,0.375,195.0925,0.0,0.0,4.11,982.6075,
2023-04-18 18:00:00,29.095,53.155,0.8,1.23,1.11,0.46,1.72,0.4825,1.29,0.06,,,,0.1,0.11499999999999999,28.555,68.5775,0.375,150.27,0.0,0.0,,983.21,
2023-04-18 19:00:00,30.1375,50.8925,0.8,1.23,1.11,0.46,1.72,0.5275000000000001,1.29,0.06,,,,0.10250000000000001,0.125,26.8525,75.245,0.3625,177.2225,0.0,0.0,,983.8399999999999,
2023-04-18 20:00:00,30.7925,54.1075,0.8,1.23,1.11,0.46,1.72,0.585,1.29,0.07,,,,0.1175,0.1375,25.942500000000003,78.06,0.2775,220.7725,0.0,0.0,,984.6675,
2023-04-18 21:00:00,34.8725,53.72,0.8,1.23,1.11,0.46,1.72,0.7275,1.29,0.0875,,,,0.15000000000000002,0.1775,25.2975,80.9125,0.33999999999999997,201.99,0.0,0.0,,984.8825,
2023-04-18 22:00:00,29.82,53.015,0.8,1.23,1.11,0.46,1.72,0.6725,1.29,0.07750000000000001,,,,0.135,0.1625,24.8175,82.7725,0.35,209.9525,0.0,0.0,,984.5125,
2023-04-18 23:00:00,33.916666666666664,55.43666666666667,0.8000000000000002,1.23,1.11,0.46,1.72,0.63,1.29,0.07333333333333335,,,,0.12666666666666668,0.15333333333333332,24.206666666666667,84.93,0.4166666666666667,208.85333333333332,0.0,0.0,,984.09,
2023-04-19 00:00:00,32.126666666666665,57.126666666666665,0.8000000000000002,1.23,1.11,0.46,1.72,0.5733333333333334,1.29,0.07,,,,0.1175,0.14,24.0925,85.46,0.3825,211.94,0.0,0.0,,983.345,
2023-04-19 01:00:00,31.626666666666665,52.373333333333335,0.8000000000000002,1.23,1.11,0.46,1.72,0.5766666666666667,1.29,0.07,,,,0.11666666666666665,0.1366666666666667,23.97666666666667,86.44666666666666,0.5433333333333333,214.87666666666667,0.0,0.0,,982.5133333333333,
2023-04-19 02:00:00,28.6125,46.9225,0.8,1.23,1.11,0.46,1.72,0.6525,1.29,0.0775,,,,0.13,0.1525,24.065,86.33,0.8325,208.655,0.0,0.0,,982.5699999999999,
2023-04-19 03:00:00,24.5675,43.125,0.8,1.23,1.11,0.46,1.72,0.53,1.29,0.06,,,,0.10500000000000001,0.13,24.3525,83.46000000000001,0.5025000000000001,197.94,0.0,0.0,,983.0625,
2023-04-19 04:00:00,24.1575,41.345,0.8,1.23,1.11,0.46,1.72,0.4775,1.29,0.06,,,,0.0975,0.1125,23.43,86.6525,0.29500000000000004,179.6375,0.0,0.0,1.24,983.115,
2023-04-19 05:00:00,27.5625,42.655,0.8,1.23,1.11,0.46,1.72,0.4725,1.29,0.057499999999999996,,,,0.0975,0.1125,23.4825,87.4975,0.3175,201.22250000000003,0.0,0.0,15.35,983.3975,
2023-04-19 06:00:00,25.1525,44.2975,0.8,1.23,1.11,0.46,1.72,0.495,1.29,0.06,,,,0.10250000000000001,0.11499999999999999,24.855,83.35499999999999,0.40249999999999997,167.48250000000002,0.0,0.0,48.9725,983.5925,
2023-04-19 07:00:00,30.05,47.8925,0.8,1.23,1.11,0.46,1.72,0.505,1.29,0.06,,,,0.10250000000000001,0.1225,26.875,74.56,0.4225,165.36,0.0,0.0,64.005,984.2525,
2023-04-19 08:00:00,25.490000000000002,45.535,0.8,1.23,1.11,0.46,1.72,0.5075000000000001,1.29,0.06,,,,0.1,0.12,30.145,62.7675,0.375,145.9675,0.0,0.0,173.19,984.6525,
2023-04-19 09:00:00,37.625,56.4375,0.8,1.23,1.11,0.46,1.72,0.495,1.29,0.06,,,,0.1,0.12,32.27,55.795,0.6925,150.4375,0.0,0.0,201.8875,984.6125,
2023-04-19 10:00:00,28.375,61.1875,0.8,1.23,1.11,0.46,1.72,0.48250000000000004,1.29,0.057499999999999996,,,,0.0975,0.1175,31.005,59.260000000000005,0.9225,98.265,0.0,0.0,181.3325,983.995,
2023-04-19 11:00:00,36.805,59.85,0.8,1.23,1.11,0.46,1.72,0.525,1.29,0.0625,,,,0.1075,0.1275,32.085,57.305,0.8175000000000001,133.2975,0.0,0.0,182.49,982.9649999999999,
2023-04-19 12:00:00,47.56,78.515,0.8,1.23,1.11,0.46,1.72,0.5175000000000001,1.29,0.06,,,,0.1,0.12,31.6375,58.1775,0.7875,130.0325,0.0,0.0,123.355,981.63,
2023-04-19 13:00:00,35.0925,59.86,0.8,1.23,1.11,0.46,1.72,0.4825,1.29,0.06,,,,0.0975,0.11499999999999999,32.21,56.91,0.875,108.3475,0.0,0.0,109.3575,980.17,
2023-04-19 14:00:00,29.9525,49.285,0.8,1.23,1.11,0.46,1.72,0.49,1.29,0.06,,,,0.0975,0.11499999999999999,29.9625,63.59,0.4175,122.715,0.0,0.0,8.9625,979.3975,
2023-04-19 15:00:00,33.75,55.4525,0.8,1.23,1.11,0.46,1.72,0.51,1.29,0.06,,,,0.1,0.12,27.052500000000002,75.815,0.6875,135.9125,0.0125,0.0125,0.9475,979.3525,
2023-04-19 16:00:00,33.4025,61.167500000000004,0.8,1.23,1.11,0.46,1.72,0.5075000000000001,1.29,0.06,,,,0.1,0.1225,23.810000000000002,89.20750000000001,0.7475,188.3,0.0,0.0,2.5549999999999997,979.31,
2023-04-19 17:00:00,30.095,52.36,0.8,1.23,1.11,0.46,1.72,0.5025,1.29,0.06,,,,0.1,0.12,23.439999999999998,88.39750000000001,0.4025,140.1325,0.0,0.0,3.39,979.6800000000001,
2023-04-19 18:00:00,23.975,39.644999999999996,0.8,1.23,1.11,0.46,1.72,0.5175000000000001,1.29,0.06,,,,0.10250000000000001,0.125,23.2725,90.3475,0.295,136.215,0.0,0.0,,980.5425,
2023-04-19 19:00:00,20.84,37.394999999999996,0.8,1.23,1.11,0.46,1.72,0.5175000000000001,1.29,0.06,,,,0.1,0.1275,22.97,90.305,0.3025,160.39,0.0,0.0,,981.565,
2023-04-19 20:00:00,15.3125,31.265,0.8,1.23,1.11,0.46,1.72,0.5375000000000001,1.29,0.065,,,,0.1075,0.1275,22.802500000000002,90.43,0.42000000000000004,188.795,0.005,0.005,,982.235,
2023-04-19 21:00:00,19.79,33.655,0.8,1.23,1.11,0.46,1.72,0.555,1.29,0.065,,,,0.11,0.135,22.4225,94.13,0.2675,134.5825,0.0,0.0,,983.5075,
2023-04-19 22:00:00,18.4375,33.61,0.8,1.23,1.11,0.46,1.72,0.46499999999999997,1.29,0.055,,,,0.095,0.1075,21.955,93.5525,0.4675,152.6225,0.0025,0.0025,,983.87,
2023-04-19 23:00:00,20.94333333333333,37.556666666666665,0.8000000000000002,1.23,1.11,0.46,1.72,0.39666666666666667,1.29,0.043333333333333335,,,,0.07666666666666667,0.09333333333333334,21.290000000000003,93.16666666666667,0.5733333333333334,140.00666666666666,0.0,0.0,,982.38,
2023-04-20 00:00:00,9.456666666666667,14.936666666666667,0.8000000000000002,1.23,1.11,0.46,1.72,0.3333333333333333,1.29,0.04,,,,0.0675,0.0775,20.8125,91.045,0.585,106.42,0.0,0.0,,982.9475,
2023-04-20 01:00:00,5.6225000000000005,10.5,0.8,1.23,1.11,0.46,1.72,0.28500000000000003,1.29,0.0325,,,,0.06,0.07,20.89,88.4675,0.765,108.025,0.0,0.0,,982.3375,
2023-04-20 02:00:00,5.055,9.4175,0.8,1.23,1.11,0.46,1.72,0.265,1.29,0.03,,,,0.052500000000000005,0.06,21.2625,86.3325,0.5375,114.08,0.0,0.0,,982.665,
2023-04-20 03:00:00,6.035,9.5425,0.8,1.23,1.11,0.46,1.72,0.255,1.29,0.03,,,,0.05,0.06,21.305,85.955,0.345,139.01749999999998,0.0,0.0,,982.8075,
2023-04-20 04:00:00,7.6875,12.5625,0.8,1.23,1.11,0.46,1.72,0.25,1.29,0.03,,,,0.05,0.06,21.0575,87.1725,0.2925,123.815,0.0,0.0,,982.0575,
2023-04-20 05:00:00,5.5024999999999995,10.5,0.8,1.23,1.11,0.46,1.72,0.2575,1.29,0.03,,,,0.05,0.06,21.2075,86.5775,0.3,124.5675,0.0,0.0,7.7700000000000005,981.515,
2023-04-20 06:00:00,7.25,13.125,0.8,1.23,1.11,0.46,1.72,0.27,1.29,0.03,,,,0.055,0.06,22.24,82.8475,0.4775,149.9425,0.0,0.0,70.625,982.11,
2023-04-20 07:00:00,10.1,16.8,0.8,1.23,1.11,0.46,1.72,0.2725,1.29,0.03,,,,0.052500000000000005,0.065,23.945,74.88499999999999,0.8325,117.83000000000001,0.0,0.0,172.4275,983.52,
2023-04-20 08:00:00,7.2325,14.0,0.8,1.23,1.11,0.46,1.72,0.275,1.29,0.03,,,,0.057499999999999996,0.07,25.415,71.175,0.9175,111.77,0.0,0.0,194.9075,983.6725,
2023-04-20 09:00:00,13.9,21.6,0.8,1.23,1.11,0.46,1.72,0.29,1.29,0.03,,,,0.06,0.07,26.4975,67.53999999999999,0.6575,163.735,0.0,0.0,146.1475,983.3,
2023-04-20 10:00:00,10.615,18.6875,0.8,1.23,1.11,0.46,1.72,0.29,1.29,0.03,,,,0.06,0.07,27.6475,64.13,0.6475,141.2075,0.0,0.0,133.905,982.56,
2023-04-20 11:00:00,12.6,22.2,0.8,1.23,1.11,0.46,1.72,0.3025,1.29,0.0375,,,,0.06,0.07,29.04,61.4,0.4775,155.6425,0.0,0.0,158.0075,981.9375,
2023-04-20 12:00:00,11.4,17.1,0.48,1.48,0.3566666666666667,0.28,1.03,0.049999999999999996,0.77,0.006666666666666667,,,,0.03,0.04,17.65,35.78,0.49,114.3,0.0,0.0,136.57,,
2023-04-20 13:00:00,11.435,27.313333333333333,0.8,1.23,1.11,0.46,1.72,0.2575,1.29,0.03,,,,0.0525,0.0625,29.86,58.415,0.6325,109.11,0.0,0.0,116.96,979.53,
2023-04-20 14:00:00,4.260000000000001,16.5,0.8,1.23,1.11,0.46,1.72,0.29,1.29,0.03,,,,0.06,0.07,29.259999999999998,59.5475,0.4875,127.02250000000001,0.0,0.0,54.227500000000006,978.3675000000001,
2023-04-20 15:00:00,8.5275,16.0775,0.8,1.23,1.11,0.46,1.72,0.3,1.29,0.035,,,,0.06,0.07250000000000001,28.67,61.7825,0.485,143.4125,0.0,0.0,58.9675,977.9075,
2023-04-20 16:00:00,9.5675,15.75,0.8,1.23,1.11,0.46,1.72,0.3325,1.29,0.04,,,,0.0675,0.08,27.302500000000002,68.1425,0.4175,139.7225,0.0,0.0,10.805,977.4024999999999,
2023-04-20 17:00:00,11.1875,18.89,0.8,1.23,1.11,0.46,1.72,0.325,1.29,0.04,,,,0.065,0.07250000000000001,25.2575,75.6625,0.5,117.1525,0.0,0.0,1.095,978.26,
2023-04-20 18:00:00,8.915,14.625,0.8,1.23,1.11,0.46,1.72,0.34,1.29,0.04,,,,0.0675,0.08,23.395,83.1975,0.36,116.0375,0.005,0.005,,979.5325,
2023-04-20 19:00:00,10.122499999999999,16.735,0.8,1.23,1.11,0.46,1.72,0.355,1.29,0.04,,,,0.07250000000000001,0.0825,22.255,89.5875,0.3875,112.225,0.0,0.0,,980.4875,
2023-04-20 20:00:00,8.47,14.345,0.8,1.23,1.11,0.46,1.72,0.41000000000000003,1.29,0.0475,,,,0.0825,0.0975,22.1175,90.44749999999999,0.2675,178.1875,0.0,0.0,,980.99,
2023-04-20 21:00:00,8.5625,15.469999999999999,0.8,1.23,1.11,0.46,1.72,0.38,1.29,0.0425,,,,0.07250000000000001,0.0925,21.97,89.16,0.41750000000000004,125.42,0.0,0.0,,981.3375,
2023-04-20 22:00:00,4.8425,8.4375,0.8,1.23,1.11,0.46,1.72,0.3275,1.29,0.04,,,,0.0675,0.08,22.1,88.1825,0.2925,141.2675,0.0,0.0,,981.6725,
2023-04-20 23:00:00,5.08,8.873333333333333,0.8000000000000002,1.23,1.11,0.46,1.72,0.31,1.29,0.04,,,,0.06,0.07,22.133333333333336,88.56,0.45,138.37666666666667,0.0,0.0,,980.8466666666667,
2023-04-21 00:00:00,11.21,19.5,0.8000000000000002,1.23,1.11,0.46,1.72,0.2933333333333333,1.29,0.03,,,,0.06,0.07,21.125,92.39750000000001,0.6625000000000001,112.105,0.0125,0.0125,,980.335,
2023-04-21 01:00:00,13.75,27.0,0.8,1.23,1.11,0.46,1.72,0.28,1.29,0.03,,,,0.06,0.07,20.78,94.41499999999999,0.755,95.89500000000001,0.0,0.0,,980.1949999999999,
2023-04-21 02:00:00,,,,,,,,,,,,,,,,,,,,,0.0,,,
2023-04-21 03:00:00,,,,,,,,,,,,,,,,,,,,,0.0,,,
2023-04-21 04:00:00,,,,,,,,,,,,,,,,,,,,,0.0,,,
2023-04-21 05:00:00,,,,,,,,,,,,,,,,,,,,,0.0,,,
2023-04-21 06:00:00,,,,,,,,,,,,,,,,,,,,,0.0,,,
2023-04-21 07:00:00,,,,,,,,,,,,,,,,,,,,,0.0,,,
2023-04-21 08:00:00,,,,,,,,,,,,,,,,,,,,,0.0,,,
2023-04-21 09:00:00,,,,,,,,,,,,,,,,,,,,,0.0,,,
2023-04-21 10:00:00,,,,,0.0,,,0.0,,0.0,,,,,,,,,,0.0,0.0,,,
2023-04-21 11:00:00,8.35,20.25,0.6666666666666666,1.1466666666666667,0.775,0.3833333333333333,1.4333333333333333,0.11,1.0733333333333335,0.0125,,,,0.03,0.03333333333333333,20.62333333333333,66.76666666666667,0.2333333333333333,97.52999999999999,0.0,0.0,61.63666666666666,983.665,
2023-04-21 12:00:00,0.12,,0.8,1.23,1.11,0.46,1.72,0.255,1.29,0.03,,,,0.05,0.06,26.845,73.8875,0.3175,141.3725,0.0,0.0,124.41499999999999,983.075,
2023-04-21 13:00:00,1.0833333333333333,2.25,0.8,1.23,1.11,0.46,1.72,0.25,1.29,0.03,,,,0.05,0.06,27.8925,69.595,0.49,140.915,0.0,0.0,130.60750000000002,981.965,
2023-04-21 14:00:00,3.1625,4.935,0.8,1.23,1.11,0.46,1.72,0.25,1.29,0.03,,,,0.05,0.06,27.015,70.7525,0.5225,140.1875,0.0,0.0,60.9275,981.0925,
2023-04-21 15:00:00,4.64,6.9975,0.8,1.23,1.11,0.46,1.72,0.255,1.29,0.03,,,,0.05,0.06,26.2225,72.8375,0.5,136.965,0.0,0.0,40.4475,980.41,
2023-04-21 16:00:00,4.359999999999999,6.8275,0.8,1.23,1.11,0.46,1.72,0.2625,1.29,0.03,,,,0.055,0.065,25.4425,75.27250000000001,0.405,138.215,0.0,0.0,12.495000000000001,980.0575,
2023-04-21 17:00:00,3.5,6.0,0.8,1.23,1.11,0.46,1.72,0.27,1.29,0.03,,,,0.05,0.06,24.88,76.84,0.48,165.29,0.0,0.0,1.67,980.08,
2023-04-21 18:00:00,,,,,,,,,,,,,,,,,,,,,0.0,,,
2023-04-21 19:00:00,,,,,,,,,,,,,,,,,,,,,0.0,,,
2023-04-21 20:00:00,,,,,,,,,,,,,,,,,,,,,0.0,,,
2023-04-21 21:00:00,,,,,,,,,,,,,,,,,,,,,0.0,,,
2023-04-21 22:00:00,,,,,,,,,,,,,,,,,,,,,0.0,,,
2023-04-21 23:00:00,,,,,,,,,,,,,,,,,,,,,0.0,,,
2023-04-22 00:00:00,,,,,,,,,,,,,,,,,,,,,0.0,,,
2023-04-22 01:00:00,,,,,,,,,,,,,,,,,,,,,0.0,,,
2023-04-22 02:00:00,,,,,,,,,,,,,,,,,,,,,0.0,,,
2023-04-22 03:00:00,,,,,,,,,,,,,,,,,,,,,0.0,,,
2023-04-22 04:00:00,,,,,,,,,,,,,,,,,,,,,0.0,,,
2023-04-22 05:00:00,,,,,,,,,,,,,,,,,,,,,0.0,,,
2023-04-22 06:00:00,,,,,,,,,,,,,,,,,,,,,0.0,,,
2023-04-22 07:00:00,,,,,,,,,,,,,,,,,,,,,0.0,,,
2023-04-22 08:00:00,,,,,,,,,,,,,,,,,,,,,0.0,,,
2023-04-22 09:00:00,,,,,,,,,,,,,,,,,,,,,0.0,,,
2023-04-22 10:00:00,,,,,,,,,,,,,,,,,,,,,0.0,,,
2023-04-22 11:00:00,,,,,,,,,,,,,,,,,,,,,0.0,,,
2023-04-22 12:00:00,,,,,,,,,,,,,,,,,,,,,0.0,,,
2023-04-22 13:00:00,,,,,,,,,,,,,,,,,,,,,0.0,,,
2023-04-22 14:00:00,,,,,,,,,,,,,,,,,,,,,0.0,,,
2023-04-22 15:00:00,,,,,,,,,,,,,,,,,,,,,0.0,,,
2023-04-22 16:00:00,,,,,,,,,,,,,,,,,,,,,0.0,,,
2023-04-22 17:00:00,,,,,,,,,,,,,,,,,,,,,0.0,,,
2023-04-22 18:00:00,,,,,,,,,,,,,,,,,,,,,0.0,,,
2023-04-22 19:00:00,,,,,,,,,,,,,,,,,,,,,0.0,,,
2023-04-22 20:00:00,,,,,,,,,,,,,,,,,,,,,0.0,,,
2023-04-22 21:00:00,,,,,,,,,,,,,,,,,,,,,0.0,,,
2023-04-22 22:00:00,,,,,,,,,,,,,,,,,,,,,0.0,,,
2023-04-22 23:00:00,,,,,,,,,,,,,,,,,,,,,0.0,,,
2023-04-23 00:00:00,,,,,,,,,,,,,,,,,,,,,0.0,,,
2023-04-23 01:00:00,,,,,,,,,,,,,,,,,,,,,0.0,,,
2023-04-23 02:00:00,,,,,,,,,,,,,,,,,,,,,0.0,,,
2023-04-23 03:00:00,,,,,,,,,,,,,,,,,,,,,0.0,,,
2023-04-23 04:00:00,,,,,,,,,,,,,,,,,,,,,0.0,,,
2023-04-23 05:00:00,,,,,,,,,,,,,,,,,,,,,0.0,,,
2023-04-23 06:00:00,,,,,,,,,,,,,,,,,,,,,0.0,,,
2023-04-23 07:00:00,,,,,,,,,,,,,,,,,,,,,0.0,,,
2023-04-23 08:00:00,,,,,,,,,,,,,,,,,,,,,0.0,,,
2023-04-23 09:00:00,,,,,,,,,,,,,,,,,,,,,0.0,,,
2023-04-23 10:00:00,,,,,,,,,,,,,,,,,,,,,0.0,,,
2023-04-23 11:00:00,,,,,,,,,,,,,,,,,,,,,0.0,,,
2023-04-23 12:00:00,,,,,,,,,,,,,,,,,,,,,0.0,,,
2023-04-23 13:00:00,,,,,,,,,,,,,,,,,,,,,0.0,,,
2023-04-23 14:00:00,,,,,,,,,,,,,,,,,,,,,0.0,,,
2023-04-23 15:00:00,,,,,,,,,,,,,,,,,,,,,0.0,,,
2023-04-23 16:00:00,,,,,,,,,,,,,,,,,,,,,0.0,,,
2023-04-23 17:00:00,,,,,,,,,,,,,,,,,,,,,0.0,,,
2023-04-23 18:00:00,,,,,,,,,,,,,,,,,,,,,0.0,,,
2023-04-23 19:00:00,,,,,,,,,,,,,,,,,,,,,0.0,,,
2023-04-23 20:00:00,,,,,,,,,,,,,,,,,,,,,0.0,,,
2023-04-23 21:00:00,,,,,,,,,,,,,,,,,,,,,0.0,,,
2023-04-23 22:00:00,,,,,,,,,,,,,,,,,,,,,0.0,,,
2023-04-23 23:00:00,,,,,,,,,,,,,,,,,,,,,0.0,,,
2023-04-24 00:00:00,,,,,,,,,,,,,,,,,,,,,0.0,,,
2023-04-24 01:00:00,,,,,,,,,,,,,,,,,,,,,0.0,,,
2023-04-24 02:00:00,,,,,,,,,,,,,,,,,,,,,0.0,,,
2023-04-24 03:00:00,,,,,,,,,,,,,,,,,,,,,0.0,,,
2023-04-24 04:00:00,,,,,,,,,,,,,,,,,,,,,0.0,,,
2023-04-24 05:00:00,,,,,,,,,,,,,,,,,,,,,0.0,,,
2023-04-24 06:00:00,,,,,,,,,,,,,,,,,,,,,0.0,,,
2023-04-24 07:00:00,,,,,,,,,,,,,,,,,,,,,0.0,,,
2023-04-24 08:00:00,,,,,,,,,,,,,,,,,,,,,0.0,,,
2023-04-24 09:00:00,,,,,,,,,,,,,,,,,,,,,0.0,,,
2023-04-24 10:00:00,3.375,5.625,0.8000000000000002,1.23,1.11,0.46,1.72,0.15333333333333335,1.29,0.013333333333333334,,,,0.03,0.03666666666666667,30.026666666666667,57.60666666666666,0.49,100.78000000000002,0.0,0.0,250.81333333333336,990.9499999999999,
2023-04-24 11:00:00,,,,,0.0,,,0.0,,0.0,,,,,,,,,,0.0,0.0,,,
2023-04-24 12:00:00,,,,,0.0,,,0.0,,0.0,,,,,,,,,,0.0,0.0,,,
2023-04-24 13:00:00,,,,,0.0,,,0.0,,0.0,,,,,,,,,,0.0,0.0,,,
2023-04-24 14:00:00,,,,,0.0,,,0.0,,0.0,,,,,,,,,,0.0,0.0,,,
2023-04-24 15:00:00,,,,,0.0,,,0.0,,0.0,,,,,,,,,,0.0,0.0,,,
2023-04-24 16:00:00,,,,,0.0,,,0.0,,0.0,,,,,,,,,,0.0,0.0,,,
2023-04-24 17:00:00,,,,,0.0,,,0.0,,0.0,,,,,,,,,,0.0,0.0,,,
2023-04-24 18:00:00,,,,,0.0,,,0.0,,0.0,,,,,,,,,,0.0,0.0,,,
2023-04-24 19:00:00,,,,,0.0,,,0.0,,0.0,,,,,,,,,,0.0,0.0,,,
2023-04-24 20:00:00,,,,,0.0,,,0.0,,0.0,,,,,,,,,,0.0,0.0,,,
2023-04-24 21:00:00,,,,,0.0,,,0.0,,0.0,,,,,,,,,,0.0,0.0,,,
2023-04-24 22:00:00,,,,,0.0,,,0.0,,0.0,,,,,,,,,,0.0,0.0,,,
2023-04-24 23:00:00,,,,,0.0,,,0.0,,0.0,,,,,,,,,,0.0,0.0,,,
2023-04-25 00:00:00,,,,,0.0,,,0.0,,0.0,,,,,,,,,,0.0,0.0,,,
2023-04-25 01:00:00,,,,,0.0,,,0.0,,0.0,,,,,,,,,,0.0,0.0,,,
2023-04-25 02:00:00,,,,,0.0,,,0.0,,0.0,,,,,,,,,,0.0,0.0,,,
2023-04-25 03:00:00,,,,,0.0,,,0.0,,0.0,,,,,,,,,,0.0,0.0,,,
2023-04-25 04:00:00,,,,,0.0,,,0.0,,0.0,,,,,,,,,,0.0,0.0,,,
2023-04-25 05:00:00,,,,,0.0,,,0.0,,0.0,,,,,,,,,,0.0,0.0,,,
2023-04-25 06:00:00,,,,,0.0,,,0.0,,0.0,,,,,,,,,,0.0,0.0,,,
2023-04-25 07:00:00,,,,,0.0,,,0.0,,0.0,,,,,,,,,,0.0,0.0,,,
2023-04-25 08:00:00,,,,,0.0,,,0.0,,0.0,,,,,,,,,,0.0,0.0,,,
2023-04-25 09:00:00,,,,,0.0,,,0.0,,0.0,,,,,,,,,,0.0,0.0,,,
2023-04-25 10:00:00,,,0.6,1.0266666666666666,0.6950000000000001,0.3466666666666667,1.29,0.085,0.9666666666666668,0.01,,,,0.03333333333333333,0.04666666666666667,27.24666666666667,37.870000000000005,0.56,133.52666666666667,0.0,0.0,186.03999999999996,989.395,
2023-04-25 11:00:00,,,0.665,1.025,0.6166666666666667,0.385,1.435,0.14333333333333334,1.075,0.016666666666666666,,,,0.045,0.05,27.409999999999997,38.335,0.83,106.37,0.0,0.0,199.185,989.07,
2023-04-25 12:00:00,,,,,,,,,,,,,,,,,,,,,0.0,,,
2023-04-25 13:00:00,,,,,,,,,,,,,,,,,,,,,0.0,,,
2023-04-25 14:00:00,,,,,,,,,,,,,,,,,,,,,0.0,,,
2023-04-25 15:00:00,,,,,,,,,,,,,,,,,,,,,0.0,,,
2023-04-25 16:00:00,,,,,,,,,,,,,,,,,,,,,0.0,,,
2023-04-25 17:00:00,,,,,,,,,,,,,,,,,,,,,0.0,,,
2023-04-25 18:00:00,,,,,,,,,,,,,,,,,,,,,0.0,,,
2023-04-25 19:00:00,,,,,,,,,,,,,,,,,,,,,0.0,,,
2023-04-25 20:00:00,,,,,,,,,,,,,,,,,,,,,0.0,,,
2023-04-25 21:00:00,,,,,,,,,,,,,,,,,,,,,0.0,,,
2023-04-25 22:00:00,,,,,,,,,,,,,,,,,,,,,0.0,,,
2023-04-25 23:00:00,,,,,,,,,,,,,,,,,,,,,0.0,,,
2023-04-26 00:00:00,,,,,,,,,,,,,,,,,,,,,0.0,,,
2023-04-26 01:00:00,,,,,,,,,,,,,,,,,,,,,0.0,,,
2023-04-26 02:00:00,,,,,,,,,,,,,,,,,,,,,0.0,,,
2023-04-26 03:00:00,,,,,,,,,,,,,,,,,,,,,0.0,,,
2023-04-26 04:00:00,,,,,,,,,,,,,,,,,,,,,0.0,,,
2023-04-26 05:00:00,,,,,,,,,,,,,,,,,,,,,0.0,,,
2023-04-26 06:00:00,,,,,,,,,,,,,,,,,,,,,0.0,,,
2023-04-26 07:00:00,,,,,,,,,,,,,,,,,,,,,0.0,,,
2023-04-26 08:00:00,,,,,,,,,,,,,,,,,,,,,0.0,,,
2023-04-26 09:00:00,,,,,,,,,,,,,,,,,,,,,0.0,,,
2023-04-26 10:00:00,,,,,,,,,,,,,,,,,,,,,0.0,,,
2023-04-26 11:00:00,,,,,,,,,,,,,,,,,,,,,0.0,,,
2023-04-26 12:00:00,,,,,,,,,,,,,,,,,,,,,0.0,,,
2023-04-26 13:00:00,,,,,,,,,,,,,,,,,,,,,0.0,,,
2023-04-26 14:00:00,,,,,,,,,,,,,,,,,,,,,0.0,,,
2023-04-26 15:00:00,,,,,,,,,,,,,,,,,,,,,0.0,,,
2023-04-26 16:00:00,,,,,,,,,,,,,,,,,,,,,0.0,,,
2023-04-26 17:00:00,,,,,,,,,,,,,,,,,,,,,0.0,,,
2023-04-26 18:00:00,,,,,,,,,,,,,,,,,,,,,0.0,,,
2023-04-26 19:00:00,,,,,,,,,,,,,,,,,,,,,0.0,,,
2023-04-26 20:00:00,,,,,,,,,,,,,,,,,,,,,0.0,,,
2023-04-26 21:00:00,,,,,,,,,,,,,,,,,,,,,0.0,,,
2023-04-26 22:00:00,,,,,,,,,,,,,,,,,,,,,0.0,,,
2023-04-26 23:00:00,,,,,,,,,,,,,,,,,,,,,0.0,,,
2023-04-27 00:00:00,,,,,,,,,,,,,,,,,,,,,0.0,,,
2023-04-27 01:00:00,,,,,,,,,,,,,,,,,,,,,0.0,,,
2023-04-27 02:00:00,,,,,,,,,,,,,,,,,,,,,0.0,,,
2023-04-27 03:00:00,,,,,,,,,,,,,,,,,,,,,0.0,,,
2023-04-27 04:00:00,,,,,,,,,,,,,,,,,,,,,0.0,,,
2023-04-27 05:00:00,,,,,,,,,,,,,,,,,,,,,0.0,,,
2023-04-27 06:00:00,,,,,,,,,,,,,,,,,,,,,0.0,,,
2023-04-27 07:00:00,,,,,,,,,,,,,,,,,,,,,0.0,,,
2023-04-27 08:00:00,,,,,,,,,,,,,,,,,,,,,0.0,,,
2023-04-27 09:00:00,,,,,,,,,,,,,,,,,,,,,0.0,,,
2023-04-27 10:00:00,,,,,,,,,,,,,,,,,,,,,0.0,,,
2023-04-27 11:00:00,,,,,,,,,,,,,,,,,,,,,0.0,,,
2023-04-27 12:00:00,,,,,,,,,,,,,,,,,,,,,0.0,,,
2023-04-27 13:00:00,,,,,,,,,,,,,,,,,,,,,0.0,,,
2023-04-27 14:00:00,,,,,,,,,,,,,,,,,,,,,0.0,,,
2023-04-27 15:00:00,,,,,,,,,,,,,,,,,,,,,0.0,,,
2023-04-27 16:00:00,,,,,,,,,,,,,,,,,,,,,0.0,,,
2023-04-27 17:00:00,,,,,,,,,,,,,,,,,,,,,0.0,,,
2023-04-27 18:00:00,,,,,,,,,,,,,,,,,,,,,0.0,,,
2023-04-27 19:00:00,,,,,,,,,,,,,,,,,,,,,0.0,,,
2023-04-27 20:00:00,,,,,,,,,,,,,,,,,,,,,0.0,,,
2023-04-27 21:00:00,,,,,,,,,,,,,,,,,,,,,0.0,,,
2023-04-27 22:00:00,,,,,,,,,,,,,,,,,,,,,0.0,,,
2023-04-27 23:00:00,,,,,,,,,,,,,,,,,,,,,0.0,,,
2023-04-28 00:00:00,,,,,,,,,,,,,,,,,,,,,0.0,,,
2023-04-28 01:00:00,,,,,,,,,,,,,,,,,,,,,0.0,,,
2023-04-28 02:00:00,,,,,,,,,,,,,,,,,,,,,0.0,,,
2023-04-28 03:00:00,,,,,,,,,,,,,,,,,,,,,0.0,,,
2023-04-28 04:00:00,,,,,,,,,,,,,,,,,,,,,0.0,,,
2023-04-28 05:00:00,,,,,,,,,,,,,,,,,,,,,0.0,,,
2023-04-28 06:00:00,,,,,,,,,,,,,,,,,,,,,0.0,,,
2023-04-28 07:00:00,,,,,,,,,,,,,,,,,,,,,0.0,,,
2023-04-28 08:00:00,,,,,,,,,,,,,,,,,,,,,0.0,,,
2023-04-28 09:00:00,,,,,,,,,,,,,,,,,,,,,0.0,,,
2023-04-28 10:00:00,,,,,,,,,,,,,,,,,,,,,0.0,,,
2023-04-28 11:00:00,,,,,,,,,,,,,,,,,,,,,0.0,,,
2023-04-28 12:00:00,,,,,,,,,,,,,,,,,,,,,0.0,,,
2023-04-28 13:00:00,,,,,,,,,,,,,,,,,,,,,0.0,,,
2023-04-28 14:00:00,,,,,,,,,,,,,,,,,,,,,0.0,,,
2023-04-28 15:00:00,,,,,,,,,,,,,,,,,,,,,0.0,,,
2023-04-28 16:00:00,,,,,,,,,,,,,,,,,,,,,0.0,,,
2023-04-28 17:00:00,,,,,,,,,,,,,,,,,,,,,0.0,,,
2023-04-28 18:00:00,,,,,,,,,,,,,,,,,,,,,0.0,,,
2023-04-28 19:00:00,,,,,,,,,,,,,,,,,,,,,0.0,,,
2023-04-28 20:00:00,,,,,,,,,,,,,,,,,,,,,0.0,,,
2023-04-28 21:00:00,,,,,,,,,,,,,,,,,,,,,0.0,,,
2023-04-28 22:00:00,,,,,,,,,,,,,,,,,,,,,0.0,,,
2023-04-28 23:00:00,,,,,,,,,,,,,,,,,,,,,0.0,,,
2023-04-29 00:00:00,,,,,,,,,,,,,,,,,,,,,0.0,,,
2023-04-29 01:00:00,,,,,,,,,,,,,,,,,,,,,0.0,,,
2023-04-29 02:00:00,,,,,,,,,,,,,,,,,,,,,0.0,,,
2023-04-29 03:00:00,,,,,,,,,,,,,,,,,,,,,0.0,,,
2023-04-29 04:00:00,,,,,,,,,,,,,,,,,,,,,0.0,,,
2023-04-29 05:00:00,,,,,,,,,,,,,,,,,,,,,0.0,,,
2023-04-29 06:00:00,,,,,,,,,,,,,,,,,,,,,0.0,,,
2023-04-29 07:00:00,,,,,,,,,,,,,,,,,,,,,0.0,,,
2023-04-29 08:00:00,,,,,,,,,,,,,,,,,,,,,0.0,,,
2023-04-29 09:00:00,,,,,,,,,,,,,,,,,,,,,0.0,,,
2023-04-29 10:00:00,,,,,,,,,,,,,,,,,,,,,0.0,,,
2023-04-29 11:00:00,,,,,,,,,,,,,,,,,,,,,0.0,,,
2023-04-29 12:00:00,,,,,,,,,,,,,,,,,,,,,0.0,,,
2023-04-29 13:00:00,,,,,,,,,,,,,,,,,,,,,0.0,,,
2023-04-29 14:00:00,,,,,,,,,,,,,,,,,,,,,0.0,,,
2023-04-29 15:00:00,,,,,,,,,,,,,,,,,,,,,0.0,,,
2023-04-29 16:00:00,,,,,,,,,,,,,,,,,,,,,0.0,,,
2023-04-29 17:00:00,,,,,,,,,,,,,,,,,,,,,0.0,,,
2023-04-29 18:00:00,,,,,,,,,,,,,,,,,,,,,0.0,,,
2023-04-29 19:00:00,,,,,,,,,,,,,,,,,,,,,0.0,,,
2023-04-29 20:00:00,,,,,,,,,,,,,,,,,,,,,0.0,,,
2023-04-29 21:00:00,,,,,,,,,,,,,,,,,,,,,0.0,,,
2023-04-29 22:00:00,,,,,,,,,,,,,,,,,,,,,0.0,,,
2023-04-29 23:00:00,,,,,,,,,,,,,,,,,,,,,0.0,,,
2023-04-30 00:00:00,,,,,,,,,,,,,,,,,,,,,0.0,,,
2023-04-30 01:00:00,,,,,,,,,,,,,,,,,,,,,0.0,,,
2023-04-30 02:00:00,,,,,,,,,,,,,,,,,,,,,0.0,,,
2023-04-30 03:00:00,,,,,,,,,,,,,,,,,,,,,0.0,,,
2023-04-30 04:00:00,,,,,,,,,,,,,,,,,,,,,0.0,,,
2023-04-30 05:00:00,,,,,,,,,,,,,,,,,,,,,0.0,,,
2023-04-30 06:00:00,,,,,,,,,,,,,,,,,,,,,0.0,,,
2023-04-30 07:00:00,,,,,,,,,,,,,,,,,,,,,0.0,,,
2023-04-30 08:00:00,,,,,,,,,,,,,,,,,,,,,0.0,,,
2023-04-30 09:00:00,,,,,,,,,,,,,,,,,,,,,0.0,,,
2023-04-30 10:00:00,,,,,,,,,,,,,,,,,,,,,0.0,,,
2023-04-30 11:00:00,,,,,,,,,,,,,,,,,,,,,0.0,,,
2023-04-30 12:00:00,,,,,,,,,,,,,,,,,,,,,0.0,,,
2023-04-30 13:00:00,,,,,,,,,,,,,,,,,,,,,0.0,,,
2023-04-30 14:00:00,,,,,,,,,,,,,,,,,,,,,0.0,,,
2023-04-30 15:00:00,,,,,,,,,,,,,,,,,,,,,0.0,,,
2023-04-30 16:00:00,,,,,,,,,,,,,,,,,,,,,0.0,,,
2023-04-30 17:00:00,,,,,,,,,,,,,,,,,,,,,0.0,,,
2023-04-30 18:00:00,,,,,,,,,,,,,,,,,,,,,0.0,,,
2023-04-30 19:00:00,,,,,,,,,,,,,,,,,,,,,0.0,,,
2023-04-30 20:00:00,,,,,,,,,,,,,,,,,,,,,0.0,,,
2023-04-30 21:00:00,,,,,,,,,,,,,,,,,,,,,0.0,,,
2023-04-30 22:00:00,,,,,,,,,,,,,,,,,,,,,0.0,,,
2023-04-30 23:00:00,,,,,,,,,,,,,,,,,,,,,0.0,,,
2023-05-01 00:00:00,,,,,,,,,,,,,,,,,,,,,0.0,,,
2023-05-01 01:00:00,,,,,,,,,,,,,,,,,,,,,0.0,,,
2023-05-01 02:00:00,,,,,,,,,,,,,,,,,,,,,0.0,,,
2023-05-01 03:00:00,,,,,,,,,,,,,,,,,,,,,0.0,,,
2023-05-01 04:00:00,,,,,,,,,,,,,,,,,,,,,0.0,,,
2023-05-01 05:00:00,,,,,,,,,,,,,,,,,,,,,0.0,,,
2023-05-01 06:00:00,,,,,,,,,,,,,,,,,,,,,0.0,,,
2023-05-01 07:00:00,,,,,,,,,,,,,,,,,,,,,0.0,,,
2023-05-01 08:00:00,,,,,,,,,,,,,,,,,,,,,0.0,,,
2023-05-01 09:00:00,,,,,,,,,,,,,,,,,,,,,0.0,,,
2023-05-01 10:00:00,,,,,0.0,,,0.0,,0.0,,,,,,,,,,0.0,0.0,,,
2023-05-01 11:00:00,,,,,0.0,,,0.0,,0.0,,,,,,,,,,0.0,0.0,,,
2023-05-01 12:00:00,,,,,0.0,,,0.0,,0.0,,,,,,,,,,0.0,0.0,,,
2023-05-01 13:00:00,,,,,,,,,,,,,,,,,,,,,0.0,,,
2023-05-01 14:00:00,,,,,,,,,,,,,,,,,,,,,0.0,,,
2023-05-01 15:00:00,,,,,,,,,,,,,,,,,,,,,0.0,,,
2023-05-01 16:00:00,,,,,,,,,,,,,,,,,,,,,0.0,,,
2023-05-01 17:00:00,,,,,,,,,,,,,,,,,,,,,0.0,,,
2023-05-01 18:00:00,,,,,,,,,,,,,,,,,,,,,0.0,,,
2023-05-01 19:00:00,,,,,,,,,,,,,,,,,,,,,0.0,,,
2023-05-01 20:00:00,,,,,,,,,,,,,,,,,,,,,0.0,,,
2023-05-01 21:00:00,,,,,,,,,,,,,,,,,,,,,0.0,,,
2023-05-01 22:00:00,,,,,,,,,,,,,,,,,,,,,0.0,,,
2023-05-01 23:00:00,,,,,,,,,,,,,,,,,,,,,0.0,,,
2023-05-02 00:00:00,,,,,,,,,,,,,,,,,,,,,0.0,,,
2023-05-02 01:00:00,,,,,,,,,,,,,,,,,,,,,0.0,,,
2023-05-02 02:00:00,,,,,,,,,,,,,,,,,,,,,0.0,,,
2023-05-02 03:00:00,,,,,,,,,,,,,,,,,,,,,0.0,,,
2023-05-02 04:00:00,,,,,,,,,,,,,,,,,,,,,0.0,,,
2023-05-02 05:00:00,,,,,,,,,,,,,,,,,,,,,0.0,,,
2023-05-02 06:00:00,,,,,,,,,,,,,,,,,,,,,0.0,,,
2023-05-02 07:00:00,,,,,,,,,,,,,,,,,,,,,0.0,,,
2023-05-02 08:00:00,,,,,,,,,,,,,,,,,,,,,0.0,,,
2023-05-02 09:00:00,,,,,,,,,,,,,,,,,,,,,0.0,,,
2023-05-02 10:00:00,,,,,,,,,,,,,,,,,,,,,0.0,,,
2023-05-02 11:00:00,,,,,,,,,,,,,,,,,,,,,0.0,,,
2023-05-02 12:00:00,,,,,,,,,,,,,,,,,,,,,0.0,,,
2023-05-02 13:00:00,,,,,,,,,,,,,,,,,,,,,0.0,,,
2023-05-02 14:00:00,,,,,,,,,,,,,,,,,,,,,0.0,,,
2023-05-02 15:00:00,,,,,,,,,,,,,,,,,,,,,0.0,,,
2023-05-02 16:00:00,,,,,,,,,,,,,,,,,,,,,0.0,,,
2023-05-02 17:00:00,,,,,,,,,,,,,,,,,,,,,0.0,,,
2023-05-02 18:00:00,,,,,,,,,,,,,,,,,,,,,0.0,,,
2023-05-02 19:00:00,,,,,,,,,,,,,,,,,,,,,0.0,,,
2023-05-02 20:00:00,,,,,,,,,,,,,,,,,,,,,0.0,,,
2023-05-02 21:00:00,,,,,,,,,,,,,,,,,,,,,0.0,,,
2023-05-02 22:00:00,,,,,,,,,,,,,,,,,,,,,0.0,,,
2023-05-02 23:00:00,,,,,,,,,,,,,,,,,,,,,0.0,,,
2023-05-03 00:00:00,,,,,,,,,,,,,,,,,,,,,0.0,,,
2023-05-03 01:00:00,,,,,,,,,,,,,,,,,,,,,0.0,,,
2023-05-03 02:00:00,,,,,,,,,,,,,,,,,,,,,0.0,,,
2023-05-03 03:00:00,,,,,,,,,,,,,,,,,,,,,0.0,,,
2023-05-03 04:00:00,,,,,,,,,,,,,,,,,,,,,0.0,,,
2023-05-03 05:00:00,,,,,,,,,,,,,,,,,,,,,0.0,,,
2023-05-03 06:00:00,,,,,,,,,,,,,,,,,,,,,0.0,,,
2023-05-03 07:00:00,,,,,,,,,,,,,,,,,,,,,0.0,,,
2023-05-03 08:00:00,,,,,,,,,,,,,,,,,,,,,0.0,,,
2023-05-03 09:00:00,,,,,,,,,,,,,,,,,,,,,0.0,,,
2023-05-03 10:00:00,,,,,,,,,,,,,,,,,,,,,0.0,,,
2023-05-03 11:00:00,,,,,,,,,,,,,,,,,,,,,0.0,,,
2023-05-03 12:00:00,,,,,,,,,,,,,,,,,,,,,0.0,,,
2023-05-03 13:00:00,,,,,,,,,,,,,,,,,,,,,0.0,,,
2023-05-03 14:00:00,,,,,,,,,,,,,,,,,,,,,0.0,,,
2023-05-03 15:00:00,,,,,,,,,,,,,,,,,,,,,0.0,,,
2023-05-03 16:00:00,,,,,,,,,,,,,,,,,,,,,0.0,,,
2023-05-03 17:00:00,,,,,,,,,,,,,,,,,,,,,0.0,,,
2023-05-03 18:00:00,,,,,,,,,,,,,,,,,,,,,0.0,,,
2023-05-03 19:00:00,,,,,,,,,,,,,,,,,,,,,0.0,,,
2023-05-03 20:00:00,,,,,,,,,,,,,,,,,,,,,0.0,,,
2023-05-03 21:00:00,,,,,,,,,,,,,,,,,,,,,0.0,,,
2023-05-03 22:00:00,,,,,,,,,,,,,,,,,,,,,0.0,,,
2023-05-03 23:00:00,,,,,,,,,,,,,,,,,,,,,0.0,,,
2023-05-04 00:00:00,,,,,,,,,,,,,,,,,,,,,0.0,,,
2023-05-04 01:00:00,,,,,,,,,,,,,,,,,,,,,0.0,,,
2023-05-04 02:00:00,,,,,,,,,,,,,,,,,,,,,0.0,,,
2023-05-04 03:00:00,,,,,,,,,,,,,,,,,,,,,0.0,,,
2023-05-04 04:00:00,,,,,,,,,,,,,,,,,,,,,0.0,,,
2023-05-04 05:00:00,,,,,,,,,,,,,,,,,,,,,0.0,,,
2023-05-04 06:00:00,,,,,,,,,,,,,,,,,,,,,0.0,,,
2023-05-04 07:00:00,,,,,,,,,,,,,,,,,,,,,0.0,,,
2023-05-04 08:00:00,,,,,,,,,,,,,,,,,,,,,0.0,,,
2023-05-04 09:00:00,,,,,,,,,,,,,,,,,,,,,0.0,,,
2023-05-04 10:00:00,,,,,,,,,,,,,,,,,,,,,0.0,,,
2023-05-04 11:00:00,,,,,,,,,,,,,,,,,,,,,0.0,,,
2023-05-04 12:00:00,,,,,,,,,,,,,,,,,,,,,0.0,,,
2023-05-04 13:00:00,,,,,,,,,,,,,,,,,,,,,0.0,,,
2023-05-04 14:00:00,,,,,,,,,,,,,,,,,,,,,0.0,,,
2023-05-04 15:00:00,,,,,,,,,,,,,,,,,,,,,0.0,,,
2023-05-04 16:00:00,,,,,,,,,,,,,,,,,,,,,0.0,,,
2023-05-04 17:00:00,,,,,,,,,,,,,,,,,,,,,0.0,,,
2023-05-04 18:00:00,,,,,,,,,,,,,,,,,,,,,0.0,,,
2023-05-04 19:00:00,,,,,,,,,,,,,,,,,,,,,0.0,,,
2023-05-04 20:00:00,,,,,,,,,,,,,,,,,,,,,0.0,,,
2023-05-04 21:00:00,,,,,,,,,,,,,,,,,,,,,0.0,,,
2023-05-04 22:00:00,,,,,,,,,,,,,,,,,,,,,0.0,,,
2023-05-04 23:00:00,,,,,,,,,,,,,,,,,,,,,0.0,,,
2023-05-05 00:00:00,,,,,,,,,,,,,,,,,,,,,0.0,,,
2023-05-05 01:00:00,,,,,,,,,,,,,,,,,,,,,0.0,,,
2023-05-05 02:00:00,,,,,,,,,,,,,,,,,,,,,0.0,,,
2023-05-05 03:00:00,,,,,,,,,,,,,,,,,,,,,0.0,,,
2023-05-05 04:00:00,,,,,,,,,,,,,,,,,,,,,0.0,,,
2023-05-05 05:00:00,,,,,,,,,,,,,,,,,,,,,0.0,,,
2023-05-05 06:00:00,,,,,,,,,,,,,,,,,,,,,0.0,,,
2023-05-05 07:00:00,,,,,,,,,,,,,,,,,,,,,0.0,,,
2023-05-05 08:00:00,,,,,,,,,,,,,,,,,,,,,0.0,,,
2023-05-05 09:00:00,,,,,,,,,,,,,,,,,,,,,0.0,,,
2023-05-05 10:00:00,,,,,,,,,,,,,,,,,,,,,0.0,,,
2023-05-05 11:00:00,,,,,,,,,,,,,,,,,,,,,0.0,,,
2023-05-05 12:00:00,,,,,,,,,,,,,,,,,,,,,0.0,,,
2023-05-05 13:00:00,,,,,,,,,,,,,,,,,,,,,0.0,,,
2023-05-05 14:00:00,,,,,,,,,,,,,,,,,,,,,0.0,,,
2023-05-05 15:00:00,,,,,,,,,,,,,,,,,,,,,0.0,,,
2023-05-05 16:00:00,,,,,,,,,,,,,,,,,,,,,0.0,,,
2023-05-05 17:00:00,,,,,,,,,,,,,,,,,,,,,0.0,,,
2023-05-05 18:00:00,,,,,,,,,,,,,,,,,,,,,0.0,,,
2023-05-05 19:00:00,,,,,,,,,,,,,,,,,,,,,0.0,,,
2023-05-05 20:00:00,,,,,,,,,,,,,,,,,,,,,0.0,,,
2023-05-05 21:00:00,,,,,,,,,,,,,,,,,,,,,0.0,,,
2023-05-05 22:00:00,,,,,,,,,,,,,,,,,,,,,0.0,,,
2023-05-05 23:00:00,,,,,,,,,,,,,,,,,,,,,0.0,,,
2023-05-06 00:00:00,,,,,,,,,,,,,,,,,,,,,0.0,,,
2023-05-06 01:00:00,,,,,,,,,,,,,,,,,,,,,0.0,,,
2023-05-06 02:00:00,,,,,,,,,,,,,,,,,,,,,0.0,,,
2023-05-06 03:00:00,,,,,,,,,,,,,,,,,,,,,0.0,,,
2023-05-06 04:00:00,,,,,,,,,,,,,,,,,,,,,0.0,,,
2023-05-06 05:00:00,,,,,,,,,,,,,,,,,,,,,0.0,,,
2023-05-06 06:00:00,,,,,,,,,,,,,,,,,,,,,0.0,,,
2023-05-06 07:00:00,,,,,,,,,,,,,,,,,,,,,0.0,,,
2023-05-06 08:00:00,,,,,,,,,,,,,,,,,,,,,0.0,,,
2023-05-06 09:00:00,,,,,,,,,,,,,,,,,,,,,0.0,,,
2023-05-06 10:00:00,,,,,,,,,,,,,,,,,,,,,0.0,,,
2023-05-06 11:00:00,,,,,,,,,,,,,,,,,,,,,0.0,,,
2023-05-06 12:00:00,,,,,,,,,,,,,,,,,,,,,0.0,,,
2023-05-06 13:00:00,,,,,,,,,,,,,,,,,,,,,0.0,,,
2023-05-06 14:00:00,,,,,,,,,,,,,,,,,,,,,0.0,,,
2023-05-06 15:00:00,,,,,,,,,,,,,,,,,,,,,0.0,,,
2023-05-06 16:00:00,,,,,,,,,,,,,,,,,,,,,0.0,,,
2023-05-06 17:00:00,,,,,,,,,,,,,,,,,,,,,0.0,,,
2023-05-06 18:00:00,,,,,,,,,,,,,,,,,,,,,0.0,,,
2023-05-06 19:00:00,,,,,,,,,,,,,,,,,,,,,0.0,,,
2023-05-06 20:00:00,,,,,,,,,,,,,,,,,,,,,0.0,,,
2023-05-06 21:00:00,,,,,,,,,,,,,,,,,,,,,0.0,,,
2023-05-06 22:00:00,,,,,,,,,,,,,,,,,,,,,0.0,,,
2023-05-06 23:00:00,,,,,,,,,,,,,,,,,,,,,0.0,,,
2023-05-07 00:00:00,,,,,,,,,,,,,,,,,,,,,0.0,,,
2023-05-07 01:00:00,,,,,,,,,,,,,,,,,,,,,0.0,,,
2023-05-07 02:00:00,,,,,,,,,,,,,,,,,,,,,0.0,,,
2023-05-07 03:00:00,,,,,,,,,,,,,,,,,,,,,0.0,,,
2023-05-07 04:00:00,,,,,,,,,,,,,,,,,,,,,0.0,,,
2023-05-07 05:00:00,,,,,,,,,,,,,,,,,,,,,0.0,,,
2023-05-07 06:00:00,,,,,,,,,,,,,,,,,,,,,0.0,,,
2023-05-07 07:00:00,,,,,,,,,,,,,,,,,,,,,0.0,,,
2023-05-07 08:00:00,,,,,,,,,,,,,,,,,,,,,0.0,,,
2023-05-07 09:00:00,,,,,,,,,,,,,,,,,,,,,0.0,,,
2023-05-07 10:00:00,,,,,,,,,,,,,,,,,,,,,0.0,,,
2023-05-07 11:00:00,,,,,,,,,,,,,,,,,,,,,0.0,,,
2023-05-07 12:00:00,,,,,,,,,,,,,,,,,,,,,0.0,,,
2023-05-07 13:00:00,,,,,,,,,,,,,,,,,,,,,0.0,,,
2023-05-07 14:00:00,,,,,,,,,,,,,,,,,,,,,0.0,,,
2023-05-07 15:00:00,,,,,,,,,,,,,,,,,,,,,0.0,,,
2023-05-07 16:00:00,,,,,,,,,,,,,,,,,,,,,0.0,,,
2023-05-07 17:00:00,,,,,,,,,,,,,,,,,,,,,0.0,,,
2023-05-07 18:00:00,,,,,,,,,,,,,,,,,,,,,0.0,,,
2023-05-07 19:00:00,,,,,,,,,,,,,,,,,,,,,0.0,,,
2023-05-07 20:00:00,,,,,,,,,,,,,,,,,,,,,0.0,,,
2023-05-07 21:00:00,,,,,,,,,,,,,,,,,,,,,0.0,,,
2023-05-07 22:00:00,,,,,,,,,,,,,,,,,,,,,0.0,,,
2023-05-07 23:00:00,,,,,,,,,,,,,,,,,,,,,0.0,,,
2023-05-08 00:00:00,,,,,,,,,,,,,,,,,,,,,0.0,,,
2023-05-08 01:00:00,,,,,,,,,,,,,,,,,,,,,0.0,,,
2023-05-08 02:00:00,,,,,,,,,,,,,,,,,,,,,0.0,,,
2023-05-08 03:00:00,,,,,,,,,,,,,,,,,,,,,0.0,,,
2023-05-08 04:00:00,,,,,,,,,,,,,,,,,,,,,0.0,,,
2023-05-08 05:00:00,,,,,,,,,,,,,,,,,,,,,0.0,,,
2023-05-08 06:00:00,,,,,,,,,,,,,,,,,,,,,0.0,,,
2023-05-08 07:00:00,,,,,,,,,,,,,,,,,,,,,0.0,,,
2023-05-08 08:00:00,,,,,,,,,,,,,,,,,,,,,0.0,,,
2023-05-08 09:00:00,,,,,,,,,,,,,,,,,,,,,0.0,,,
2023-05-08 10:00:00,,,,,0.0,,,0.0,,0.0,,,,,,,,,,0.0,0.0,,,
2023-05-08 11:00:00,,,0.8,1.23,1.11,0.46,1.72,0.04,1.29,0.0,,,,0.01,0.01,28.01,63.23,0.54,151.03,0.0,0.0,133.16,985.86,
2023-05-08 12:00:00,0.12,,0.8,1.23,1.11,0.46,1.72,0.08,1.29,0.01,,,,0.02,0.03,28.96,55.8,0.7,120.93,0.0,0.0,206.55,984.56,
2023-05-08 13:00:00,0.21333333333333335,,0.8,1.23,1.11,0.46,1.72,0.21,1.29,0.0275,,,,0.04,0.0475,29.995,56.1875,0.6275,133.085,0.0,0.0,199.31,984.1775,
2023-05-08 14:00:00,1.025,7.88,0.8,1.23,1.11,0.46,1.72,0.23249999999999998,1.29,0.03,,,,0.045,0.057499999999999996,29.767500000000002,58.0275,0.72,134.395,0.0,0.0,154.0,983.5125,
2023-05-08 15:00:00,5.4399999999999995,10.5,0.8,1.23,1.11,0.46,1.72,0.245,1.29,0.03,,,,0.045,0.06,29.490000000000002,60.16,0.825,120.27000000000001,0.0,0.0,126.205,982.79,
2023-05-08 16:00:00,,,,,,,,,,,,,,,,,,,,,0.0,,,
2023-05-08 17:00:00,,,,,,,,,,,,,,,,,,,,,0.0,,,
2023-05-08 18:00:00,,,,,,,,,,,,,,,,,,,,,0.0,,,
2023-05-08 19:00:00,,,,,,,,,,,,,,,,,,,,,0.0,,,
2023-05-08 20:00:00,,,,,,,,,,,,,,,,,,,,,0.0,,,
2023-05-08 21:00:00,,,,,,,,,,,,,,,,,,,,,0.0,,,
2023-05-08 22:00:00,,,,,,,,,,,,,,,,,,,,,0.0,,,
2023-05-08 23:00:00,,,,,,,,,,,,,,,,,,,,,0.0,,,
2023-05-09 00:00:00,,,,,,,,,,,,,,,,,,,,,0.0,,,
2023-05-09 01:00:00,,,,,,,,,,,,,,,,,,,,,0.0,,,
2023-05-09 02:00:00,,,,,,,,,,,,,,,,,,,,,0.0,,,
2023-05-09 03:00:00,,,,,,,,,,,,,,,,,,,,,0.0,,,
2023-05-09 04:00:00,,,,,,,,,,,,,,,,,,,,,0.0,,,
2023-05-09 05:00:00,,,,,,,,,,,,,,,,,,,,,0.0,,,
2023-05-09 06:00:00,,,,,,,,,,,,,,,,,,,,,0.0,,,
2023-05-09 07:00:00,,,,,,,,,,,,,,,,,,,,,0.0,,,
2023-05-09 08:00:00,,,,,,,,,,,,,,,,,,,,,0.0,,,
2023-05-09 09:00:00,,,,,,,,,,,,,,,,,,,,,0.0,,,
2023-05-09 10:00:00,12.665,26.25,0.465,1.025,0.6166666666666667,0.27,1.005,0.049999999999999996,0.75,0.006666666666666667,,,,0.03,0.04,17.455,34.465,0.195,115.74000000000001,0.0,0.0,177.32999999999998,,
2023-05-09 11:00:00,17.746666666666666,33.43,0.71,1.1466666666666667,1.0366666666666668,0.4066666666666667,1.5233333333333334,0.15333333333333332,1.1433333333333333,0.016666666666666666,,,,0.03,0.036666666666666674,29.87,47.973333333333336,0.51,99.26666666666667,0.0,0.0,225.65666666666667,918.18,
2023-05-09 12:00:00,0.13,,0.7325,1.1275,1.0175,0.4225,1.5775,0.23,1.1825,0.0275,,,,0.0425,0.0525,30.375,44.795,0.5425,125.98249999999999,0.0,0.0,204.485,982.9866666666667,
2023-05-09 13:00:00,,,,,0.0,,,0.0,,0.0,,,,,,,,,,0.0,0.0,,,
2023-05-09 14:00:00,,,,,0.0,,,0.0,,0.0,,,,,,,,,,0.0,0.0,,,
2023-05-09 15:00:00,,,,,0.0,,,0.0,,0.0,,,,,,,,,,0.0,0.0,,,
2023-05-09 16:00:00,,,,,0.0,,,0.0,,0.0,,,,,,,,,,0.0,0.0,,,
2023-05-09 17:00:00,,,,,0.0,,,0.0,,0.0,,,,,,,,,,0.0,0.0,,,
2023-05-09 18:00:00,,,,,0.0,,,0.0,,0.0,,,,,,,,,,0.0,0.0,,,
2023-05-09 19:00:00,,,,,0.0,,,0.0,,0.0,,,,,,,,,,0.0,0.0,,,
2023-05-09 20:00:00,,,,,0.0,,,0.0,,0.0,,,,,,,,,,0.0,0.0,,,
2023-05-09 21:00:00,,,,,0.0,,,0.0,,0.0,,,,,,,,,,0.0,0.0,,,
2023-05-09 22:00:00,,,,,0.0,,,0.0,,0.0,,,,,,,,,,0.0,0.0,,,
2023-05-09 23:00:00,,,,,0.0,,,0.0,,0.0,,,,,,,,,,0.0,0.0,,,
2023-05-10 00:00:00,,,,,0.0,,,0.0,,0.0,,,,,,,,,,0.0,0.0,,,
2023-05-10 01:00:00,,,,,0.0,,,0.0,,0.0,,,,,,,,,,0.0,0.0,,,
2023-05-10 02:00:00,,,,,0.0,,,0.0,,0.0,,,,,,,,,,0.0,0.0,,,
2023-05-10 03:00:00,,,,,0.0,,,0.0,,0.0,,,,,,,,,,0.0,0.0,,,
2023-05-10 04:00:00,,,,,0.0,,,0.0,,0.0,,,,,,,,,,0.0,0.0,,,
2023-05-10 05:00:00,,,,,0.0,,,0.0,,0.0,,,,,,,,,,0.0,0.0,,,
2023-05-10 06:00:00,,,,,0.0,,,0.0,,0.0,,,,,,,,,,0.0,0.0,,,
2023-05-10 07:00:00,,,,,0.0,,,0.0,,0.0,,,,,,,,,,0.0,0.0,,,
2023-05-10 08:00:00,,,,,0.0,,,0.0,,0.0,,,,,,,,,,0.0,0.0,,,
2023-05-10 09:00:00,,,,,0.0,,,0.0,,0.0,,,,,,,,,,0.0,0.0,,,
2023-05-10 10:00:00,,,,,0.0,,,0.0,,0.0,,,,,,,,,,0.0,0.0,,,
2023-05-10 11:00:00,,,,,0.0,,,0.0,,0.0,,,,,,,,,,0.0,0.0,,,
2023-05-10 12:00:00,,,,,0.0,,,0.0,,0.0,,,,,,,,,,0.0,0.0,,,
2023-05-10 13:00:00,,,,,0.0,,,0.0,,0.0,,,,,,,,,,0.0,0.0,,,
2023-05-10 14:00:00,,,,,0.0,,,0.0,,0.0,,,,,,,,,,0.0,0.0,,,
2023-05-10 15:00:00,,,,,0.0,,,0.0,,0.0,,,,,,,,,,0.0,0.0,,,
2023-05-10 16:00:00,,,,,0.0,,,0.0,,0.0,,,,,,,,,,0.0,0.0,,,
2023-05-10 17:00:00,,,,,0.0,,,0.0,,0.0,,,,,,,,,,0.0,0.0,,,
2023-05-10 18:00:00,,,,,0.0,,,0.0,,0.0,,,,,,,,,,0.0,0.0,,,
2023-05-10 19:00:00,,,,,0.0,,,0.0,,0.0,,,,,,,,,,0.0,0.0,,,
2023-05-10 20:00:00,,,,,0.0,,,0.0,,0.0,,,,,,,,,,0.0,0.0,,,
2023-05-10 21:00:00,,,,,0.0,,,0.0,,0.0,,,,,,,,,,0.0,0.0,,,
2023-05-10 22:00:00,,,,,0.0,,,0.0,,0.0,,,,,,,,,,0.0,0.0,,,
2023-05-10 23:00:00,,,,,0.0,,,0.0,,0.0,,,,,,,,,,0.0,0.0,,,
2023-05-11 00:00:00,,,,,0.0,,,0.0,,0.0,,,,,,,,,,0.0,0.0,,,
2023-05-11 01:00:00,,,,,0.0,,,0.0,,0.0,,,,,,,,,,0.0,0.0,,,
2023-05-11 02:00:00,,,,,0.0,,,0.0,,0.0,,,,,,,,,,0.0,0.0,,,
2023-05-11 03:00:00,,,,,0.0,,,0.0,,0.0,,,,,,,,,,0.0,0.0,,,
2023-05-11 04:00:00,,,,,0.0,,,0.0,,0.0,,,,,,,,,,0.0,0.0,,,
2023-05-11 05:00:00,,,,,0.0,,,0.0,,0.0,,,,,,,,,,0.0,0.0,,,
2023-05-11 06:00:00,,,,,0.0,,,0.0,,0.0,,,,,,,,,,0.0,0.0,,,
2023-05-11 07:00:00,,,,,0.0,,,0.0,,0.0,,,,,,,,,,0.0,0.0,,,
2023-05-11 08:00:00,,,,,0.0,,,0.0,,0.0,,,,,,,,,,0.0,0.0,,,
2023-05-11 09:00:00,,,,,0.0,,,0.0,,0.0,,,,,,,,,,0.0,0.0,,,
2023-05-11 10:00:00,,,,,0.0,,,0.0,,0.0,,,,,,,,,,0.0,0.0,,,
2023-05-11 11:00:00,,,,,0.0,,,0.0,,0.0,,,,,,,,,,0.0,0.0,,,
2023-05-11 12:00:00,,,,,0.0,,,0.0,,0.0,,,,,,,,,,0.0,0.0,,,
2023-05-11 13:00:00,,,,,0.0,,,0.0,,0.0,,,,,,,,,,0.0,0.0,,,
2023-05-11 14:00:00,,,,,0.0,,,0.0,,0.0,,,,,,,,,,0.0,0.0,,,
2023-05-11 15:00:00,,,,,0.0,,,0.0,,0.0,,,,,,,,,,0.0,0.0,,,
2023-05-11 16:00:00,,,,,0.0,,,0.0,,0.0,,,,,,,,,,0.0,0.0,,,
2023-05-11 17:00:00,,,,,0.0,,,0.0,,0.0,,,,,,,,,,0.0,0.0,,,
2023-05-11 18:00:00,,,,,0.0,,,0.0,,0.0,,,,,,,,,,0.0,0.0,,,
2023-05-11 19:00:00,,,,,0.0,,,0.0,,0.0,,,,,,,,,,0.0,0.0,,,
2023-05-11 20:00:00,,,,,0.0,,,0.0,,0.0,,,,,,,,,,0.0,0.0,,,
2023-05-11 21:00:00,,,,,0.0,,,0.0,,0.0,,,,,,,,,,0.0,0.0,,,
2023-05-11 22:00:00,,,,,0.0,,,0.0,,0.0,,,,,,,,,,0.0,0.0,,,
2023-05-11 23:00:00,,,,,0.0,,,0.0,,0.0,,,,,,,,,,0.0,0.0,,,
2023-05-12 00:00:00,,,,,0.0,,,0.0,,0.0,,,,,,,,,,0.0,0.0,,,
2023-05-12 01:00:00,,,,,0.0,,,0.0,,0.0,,,,,,,,,,0.0,0.0,,,
2023-05-12 02:00:00,,,,,0.0,,,0.0,,0.0,,,,,,,,,,0.0,0.0,,,
2023-05-12 03:00:00,,,,,0.0,,,0.0,,0.0,,,,,,,,,,0.0,0.0,,,
2023-05-12 04:00:00,,,,,0.0,,,0.0,,0.0,,,,,,,,,,0.0,0.0,,,
2023-05-12 05:00:00,,,,,0.0,,,0.0,,0.0,,,,,,,,,,0.0,0.0,,,
2023-05-12 06:00:00,,,,,0.0,,,0.0,,0.0,,,,,,,,,,0.0,0.0,,,
2023-05-12 07:00:00,,,,,0.0,,,0.0,,0.0,,,,,,,,,,0.0,0.0,,,
2023-05-12 08:00:00,,,,,0.0,,,0.0,,0.0,,,,,,,,,,0.0,0.0,,,
2023-05-12 09:00:00,,,,,0.0,,,0.0,,0.0,,,,,,,,,,0.0,0.0,,,
2023-05-12 10:00:00,,,,,0.0,,,0.0,,0.0,,,,,,,,,,0.0,0.0,,,
2023-05-12 11:00:00,,,,,0.0,,,0.0,,0.0,,,,,,,,,,0.0,0.0,,,
2023-05-12 12:00:00,,,,,0.0,,,0.0,,0.0,,,,,,,,,,0.0,0.0,,,
2023-05-12 13:00:00,,,,,0.0,,,0.0,,0.0,,,,,,,,,,0.0,0.0,,,
2023-05-12 14:00:00,,,,,0.0,,,0.0,,0.0,,,,,,,,,,0.0,0.0,,,
2023-05-12 15:00:00,,,,,0.0,,,0.0,,0.0,,,,,,,,,,0.0,0.0,,,
2023-05-12 16:00:00,,,,,0.0,,,0.0,,0.0,,,,,,,,,,0.0,0.0,,,
2023-05-12 17:00:00,,,,,0.0,,,0.0,,0.0,,,,,,,,,,0.0,0.0,,,
2023-05-12 18:00:00,,,,,0.0,,,0.0,,0.0,,,,,,,,,,0.0,0.0,,,
2023-05-12 19:00:00,,,,,0.0,,,0.0,,0.0,,,,,,,,,,0.0,0.0,,,
2023-05-12 20:00:00,,,,,0.0,,,0.0,,0.0,,,,,,,,,,0.0,0.0,,,
2023-05-12 21:00:00,,,,,0.0,,,0.0,,0.0,,,,,,,,,,0.0,0.0,,,
2023-05-12 22:00:00,,,,,0.0,,,0.0,,0.0,,,,,,,,,,0.0,0.0,,,
2023-05-12 23:00:00,,,,,0.0,,,0.0,,0.0,,,,,,,,,,0.0,0.0,,,
2023-05-13 00:00:00,,,,,0.0,,,0.0,,0.0,,,,,,,,,,0.0,0.0,,,
2023-05-13 01:00:00,,,,,0.0,,,0.0,,0.0,,,,,,,,,,0.0,0.0,,,
2023-05-13 02:00:00,,,,,0.0,,,0.0,,0.0,,,,,,,,,,0.0,0.0,,,
2023-05-13 03:00:00,,,,,0.0,,,0.0,,0.0,,,,,,,,,,0.0,0.0,,,
2023-05-13 04:00:00,,,,,0.0,,,0.0,,0.0,,,,,,,,,,0.0,0.0,,,
2023-05-13 05:00:00,,,,,0.0,,,0.0,,0.0,,,,,,,,,,0.0,0.0,,,
2023-05-13 06:00:00,,,,,0.0,,,0.0,,0.0,,,,,,,,,,0.0,0.0,,,
2023-05-13 07:00:00,,,,,0.0,,,0.0,,0.0,,,,,,,,,,0.0,0.0,,,
2023-05-13 08:00:00,,,,,0.0,,,0.0,,0.0,,,,,,,,,,0.0,0.0,,,
2023-05-13 09:00:00,,,,,0.0,,,0.0,,0.0,,,,,,,,,,0.0,0.0,,,
2023-05-13 10:00:00,,,,,0.0,,,0.0,,0.0,,,,,,,,,,0.0,0.0,,,
2023-05-13 11:00:00,,,,,0.0,,,0.0,,0.0,,,,,,,,,,0.0,0.0,,,
2023-05-13 12:00:00,,,,,0.0,,,0.0,,0.0,,,,,,,,,,0.0,0.0,,,
2023-05-13 13:00:00,,,,,0.0,,,0.0,,0.0,,,,,,,,,,0.0,0.0,,,
2023-05-13 14:00:00,,,,,0.0,,,0.0,,0.0,,,,,,,,,,0.0,0.0,,,
2023-05-13 15:00:00,,,,,0.0,,,0.0,,0.0,,,,,,,,,,0.0,0.0,,,
2023-05-13 16:00:00,,,,,0.0,,,0.0,,0.0,,,,,,,,,,0.0,0.0,,,
2023-05-13 17:00:00,,,,,0.0,,,0.0,,0.0,,,,,,,,,,0.0,0.0,,,
2023-05-13 18:00:00,,,,,0.0,,,0.0,,0.0,,,,,,,,,,0.0,0.0,,,
2023-05-13 19:00:00,,,,,0.0,,,0.0,,0.0,,,,,,,,,,0.0,0.0,,,
2023-05-13 20:00:00,,,,,0.0,,,0.0,,0.0,,,,,,,,,,0.0,0.0,,,
2023-05-13 21:00:00,,,,,0.0,,,0.0,,0.0,,,,,,,,,,0.0,0.0,,,
2023-05-13 22:00:00,,,,,0.0,,,0.0,,0.0,,,,,,,,,,0.0,0.0,,,
2023-05-13 23:00:00,,,,,0.0,,,0.0,,0.0,,,,,,,,,,0.0,0.0,,,
2023-05-14 00:00:00,,,,,0.0,,,0.0,,0.0,,,,,,,,,,0.0,0.0,,,
2023-05-14 01:00:00,,,,,0.0,,,0.0,,0.0,,,,,,,,,,0.0,0.0,,,
2023-05-14 02:00:00,,,,,0.0,,,0.0,,0.0,,,,,,,,,,0.0,0.0,,,
2023-05-14 03:00:00,,,,,0.0,,,0.0,,0.0,,,,,,,,,,0.0,0.0,,,
2023-05-14 04:00:00,,,,,0.0,,,0.0,,0.0,,,,,,,,,,0.0,0.0,,,
2023-05-14 05:00:00,,,,,0.0,,,0.0,,0.0,,,,,,,,,,0.0,0.0,,,
2023-05-14 06:00:00,,,,,0.0,,,0.0,,0.0,,,,,,,,,,0.0,0.0,,,
2023-05-14 07:00:00,,,,,0.0,,,0.0,,0.0,,,,,,,,,,0.0,0.0,,,
2023-05-14 08:00:00,,,,,0.0,,,0.0,,0.0,,,,,,,,,,0.0,0.0,,,
2023-05-14 09:00:00,,,,,0.0,,,0.0,,0.0,,,,,,,,,,0.0,0.0,,,
2023-05-14 10:00:00,,,,,0.0,,,0.0,,0.0,,,,,,,,,,0.0,0.0,,,
2023-05-14 11:00:00,,,,,0.0,,,0.0,,0.0,,,,,,,,,,0.0,0.0,,,
2023-05-14 12:00:00,,,,,0.0,,,0.0,,0.0,,,,,,,,,,0.0,0.0,,,
2023-05-14 13:00:00,,,,,0.0,,,0.0,,0.0,,,,,,,,,,0.0,0.0,,,
2023-05-14 14:00:00,,,,,0.0,,,0.0,,0.0,,,,,,,,,,0.0,0.0,,,
2023-05-14 15:00:00,,,,,0.0,,,0.0,,0.0,,,,,,,,,,0.0,0.0,,,
2023-05-14 16:00:00,,,,,0.0,,,0.0,,0.0,,,,,,,,,,0.0,0.0,,,
2023-05-14 17:00:00,,,,,0.0,,,0.0,,0.0,,,,,,,,,,0.0,0.0,,,
2023-05-14 18:00:00,,,,,0.0,,,0.0,,0.0,,,,,,,,,,0.0,0.0,,,
2023-05-14 19:00:00,,,,,0.0,,,0.0,,0.0,,,,,,,,,,0.0,0.0,,,
2023-05-14 20:00:00,,,,,0.0,,,0.0,,0.0,,,,,,,,,,0.0,0.0,,,
2023-05-14 21:00:00,,,,,0.0,,,0.0,,0.0,,,,,,,,,,0.0,0.0,,,
2023-05-14 22:00:00,,,,,0.0,,,0.0,,0.0,,,,,,,,,,0.0,0.0,,,
2023-05-14 23:00:00,,,,,0.0,,,0.0,,0.0,,,,,,,,,,0.0,0.0,,,
2023-05-15 00:00:00,,,,,0.0,,,0.0,,0.0,,,,,,,,,,0.0,0.0,,,
2023-05-15 01:00:00,,,,,0.0,,,0.0,,0.0,,,,,,,,,,0.0,0.0,,,
2023-05-15 02:00:00,,,,,0.0,,,0.0,,0.0,,,,,,,,,,0.0,0.0,,,
2023-05-15 03:00:00,,,,,0.0,,,0.0,,0.0,,,,,,,,,,0.0,0.0,,,
2023-05-15 04:00:00,,,,,0.0,,,0.0,,0.0,,,,,,,,,,0.0,0.0,,,
2023-05-15 05:00:00,,,,,0.0,,,0.0,,0.0,,,,,,,,,,0.0,0.0,,,
2023-05-15 06:00:00,,,,,0.0,,,0.0,,0.0,,,,,,,,,,0.0,0.0,,,
2023-05-15 07:00:00,,,,,0.0,,,0.0,,0.0,,,,,,,,,,0.0,0.0,,,
2023-05-15 08:00:00,,,,,0.0,,,0.0,,0.0,,,,,,,,,,0.0,0.0,,,
2023-05-15 09:00:00,,,,,0.0,,,0.0,,0.0,,,,,,,,,,0.0,0.0,,,
2023-05-15 10:00:00,0.225,,0.5,0.925,0.5566666666666668,0.29000000000000004,1.075,0.06,0.805,0.006666666666666667,,,,0.19,0.28,18.61,32.85,0.78,89.27,0.0,0.0,78.94,981.19,
2023-05-15 11:00:00,,,0.8,1.23,1.11,0.46,1.72,0.2375,1.29,0.0275,,,,0.045,0.052500000000000005,29.765,51.9275,1.065,139.85,0.0,0.0,105.7825,981.015,
2023-05-15 12:00:00,0.16,,0.56,0.985,0.44500000000000006,0.32,1.205,0.055,0.905,0.0125,,,,0.03,0.045,23.275,44.754999999999995,0.435,154.82999999999998,0.0,0.0,50.93,980.72,
2023-05-15 13:00:00,5.43,7.71,0.8,1.23,1.11,0.46,1.72,0.2025,1.29,0.0225,,,,0.0425,0.045,30.884999999999998,52.29,0.3875,155.125,0.0,0.0,77.8775,980.48,
2023-05-15 14:00:00,,,,,,,,,,,,,,,,,,,,,0.0,,,
2023-05-15 15:00:00,,,,,,,,,,,,,,,,,,,,,0.0,,,
2023-05-15 16:00:00,,,,,,,,,,,,,,,,,,,,,0.0,,,
2023-05-15 17:00:00,,,,,,,,,,,,,,,,,,,,,0.0,,,
2023-05-15 18:00:00,,,,,,,,,,,,,,,,,,,,,0.0,,,
2023-05-15 19:00:00,,,,,,,,,,,,,,,,,,,,,0.0,,,
2023-05-15 20:00:00,,,,,,,,,,,,,,,,,,,,,0.0,,,
2023-05-15 21:00:00,,,,,,,,,,,,,,,,,,,,,0.0,,,
2023-05-15 22:00:00,,,,,,,,,,,,,,,,,,,,,0.0,,,
2023-05-15 23:00:00,,,,,,,,,,,,,,,,,,,,,0.0,,,
2023-05-16 00:00:00,,,,,,,,,,,,,,,,,,,,,0.0,,,
2023-05-16 01:00:00,,,,,,,,,,,,,,,,,,,,,0.0,,,
2023-05-16 02:00:00,,,,,,,,,,,,,,,,,,,,,0.0,,,
2023-05-16 03:00:00,,,,,,,,,,,,,,,,,,,,,0.0,,,
2023-05-16 04:00:00,,,,,,,,,,,,,,,,,,,,,0.0,,,
2023-05-16 05:00:00,,,,,,,,,,,,,,,,,,,,,0.0,,,
2023-05-16 06:00:00,,,,,,,,,,,,,,,,,,,,,0.0,,,
2023-05-16 07:00:00,,,,,,,,,,,,,,,,,,,,,0.0,,,
2023-05-16 08:00:00,,,,,,,,,,,,,,,,,,,,,0.0,,,
2023-05-16 09:00:00,,,,,,,,,,,,,,,,,,,,,0.0,,,
2023-05-16 10:00:00,9.12,13.5,0.8,1.23,1.11,0.46,1.72,0.1,1.29,0.01,,,,0.02,0.02,22.91,88.04,0.22,145.44,0.0,0.0,15.45,986.9,
2023-05-16 11:00:00,,,0.8000000000000002,1.23,1.11,0.46,1.72,0.19666666666666668,1.29,0.02,,,,0.04,0.04666666666666667,23.13,86.57666666666667,0.39666666666666667,161.79,0.0,0.0,30.409999999999997,986.5033333333334,
2023-05-16 12:00:00,,,,,0.0,,,0.0,,0.0,,,,,,,,,,0.0,0.0,,,
2023-05-16 13:00:00,,,,,0.0,,,0.0,,0.0,,,,,,,,,,0.0,0.0,,,
2023-05-16 14:00:00,,,,,,,,,,,,,,,,,,,,,0.0,,,
2023-05-16 15:00:00,0.12,,0.8,1.23,1.11,0.46,1.72,0.135,1.29,0.015,,,,0.03,0.03,24.835,76.94,0.79,76.985,0.0,0.0,15.465,983.78,
2023-05-16 16:00:00,2.1933333333333334,9.5,0.8,1.23,1.11,0.46,1.72,0.225,1.29,0.03,,,,0.045,0.055,24.52,79.16,0.655,105.8425,0.0,0.0,15.73,983.6975,
2023-05-16 17:00:00,14.705,26.8575,0.8,1.23,1.11,0.46,1.72,0.24,1.29,0.03,,,,0.045,0.055,23.68,81.985,0.7425,92.86,0.0,0.0,3.12,983.6825,
2023-05-16 18:00:00,12.5925,20.72,0.8,1.23,1.11,0.46,1.72,0.26,1.29,0.03,,,,0.05,0.06,23.060000000000002,84.97,0.6425,131.0075,0.0,0.0,,984.52,
2023-05-16 19:00:00,11.6525,19.22,0.8,1.23,1.11,0.46,1.72,0.26,1.29,0.03,,,,0.05,0.06,22.6175,86.72,0.6275000000000001,98.295,0.0,0.0,,985.1375,
2023-05-16 20:00:00,26.622500000000002,43.125,0.8,1.23,1.11,0.46,1.72,0.2425,1.29,0.03,,,,0.05,0.057499999999999996,21.445,92.0625,0.635,113.515,0.0125,0.0125,,985.88,
2023-05-16 21:00:00,,,,,,,,,,,,,,,,,,,,,0.0,,,
2023-05-16 22:00:00,,,,,,,,,,,,,,,,,,,,,0.0,,,
2023-05-16 23:00:00,,,,,,,,,,,,,,,,,,,,,0.0,,,
2023-05-17 00:00:00,,,,,,,,,,,,,,,,,,,,,0.0,,,
2023-05-17 01:00:00,,,,,,,,,,,,,,,,,,,,,0.0,,,
2023-05-17 02:00:00,,,,,,,,,,,,,,,,,,,,,0.0,,,
2023-05-17 03:00:00,,,,,,,,,,,,,,,,,,,,,0.0,,,
2023-05-17 04:00:00,,,,,,,,,,,,,,,,,,,,,0.0,,,
2023-05-17 05:00:00,,,,,,,,,,,,,,,,,,,,,0.0,,,
2023-05-17 06:00:00,,,,,,,,,,,,,,,,,,,,,0.0,,,
2023-05-17 07:00:00,,,,,,,,,,,,,,,,,,,,,0.0,,,
2023-05-17 08:00:00,,,,,,,,,,,,,,,,,,,,,0.0,,,
2023-05-17 09:00:00,,,,,,,,,,,,,,,,,,,,,0.0,,,
2023-05-17 10:00:00,5.6899999999999995,8.53,0.8,1.23,1.11,0.46,1.72,0.17,1.29,0.02,,,,0.035,0.04,24.15,83.03999999999999,0.45999999999999996,153.015,0.0,0.0,96.58500000000001,989.8499999999999,
2023-05-17 11:00:00,0.205,,0.8,1.23,1.11,0.46,1.72,0.25,1.29,0.03,,,,0.05,0.06,26.6025,74.795,0.49,165.35250000000002,0.0,0.0,99.305,989.4925000000001,
2023-05-17 12:00:00,2.8725,4.71,0.8,1.23,1.11,0.46,1.72,0.255,1.29,0.03,,,,0.05,0.06,26.285,75.32,0.40750000000000003,122.535,0.0,0.0,74.275,988.51,
2023-05-17 13:00:00,9.425,15.72,0.8,1.23,1.11,0.46,1.72,0.265,1.29,0.03,,,,0.052500000000000005,0.0625,26.2275,76.245,0.5,107.595,0.0,0.0,83.1125,987.3675000000001,
2023-05-17 14:00:00,8.815000000000001,13.9275,0.8,1.23,1.11,0.46,1.72,0.31,1.29,0.04,,,,0.065,0.07500000000000001,25.59,78.705,0.44,142.91,0.0,0.0,61.754999999999995,987.09,
2023-05-17 15:00:00,23.6575,37.78,0.8,1.23,1.11,0.46,1.72,0.28500000000000003,1.29,0.03,,,,0.06,0.07,25.9625,77.13,0.6074999999999999,94.65,0.0,0.0,59.379999999999995,986.7574999999999,
2023-05-17 16:00:00,23.17,38.2625,0.8,1.23,1.11,0.46,1.72,0.2675,1.29,0.03,,,,0.052500000000000005,0.065,25.63,78.7675,0.515,163.2625,0.0,0.0,59.942499999999995,986.5875,
2023-05-17 17:00:00,28.6025,48.655,0.8,1.23,1.11,0.46,1.72,0.275,1.29,0.03,,,,0.055,0.065,24.567500000000003,82.1375,0.5725,123.9675,0.0,0.0,11.645,986.81,
2023-05-17 18:00:00,26.7825,41.905,0.8,1.23,1.11,0.46,1.72,0.3625,1.29,0.04,,,,0.07250000000000001,0.09,23.285,87.28,0.3025,119.4775,0.0,0.0,,987.4200000000001,
2023-05-17 19:00:00,33.972500000000004,60.56,0.8,1.23,1.11,0.46,1.72,0.385,1.29,0.045,,,,0.07250000000000001,0.09,22.9125,87.19,0.395,113.36,0.0,0.0,,987.865,
2023-05-17 20:00:00,29.87,54.5,0.8,1.23,1.11,0.46,1.72,0.3775,1.29,0.0425,,,,0.07500000000000001,0.0925,22.715,88.4875,0.3475,137.6725,0.0,0.0,,988.8199999999999,
2023-05-17 21:00:00,27.8125,41.6725,0.8,1.23,1.11,0.46,1.72,0.35,1.29,0.04,,,,0.07,0.08,22.8075,88.795,0.1925,245.64249999999998,0.0,0.0,,989.3475,
2023-05-17 22:00:00,23.747500000000002,38.905,0.8,1.23,1.11,0.46,1.72,0.3375,1.29,0.04,,,,0.07,0.08,22.635,89.66749999999999,0.2575,232.565,0.0,0.0,,989.165,
2023-05-17 23:00:00,52.75,82.5,0.8000000000000002,1.23,1.11,0.46,1.72,0.3333333333333333,1.29,0.04,,,,0.06666666666666667,0.07666666666666667,22.546666666666667,90.59666666666668,0.15666666666666668,176.31000000000003,0.0,0.0,,988.4699999999999,
2023-05-18 00:00:00,32.126666666666665,55.0,0.8000000000000002,1.23,1.11,0.46,1.72,0.29666666666666663,1.29,0.03666666666666667,,,,0.06,0.07,22.07,91.8625,0.295,239.6,0.0,0.0,,987.6825,
2023-05-18 01:00:00,30.735,47.5775,0.8,1.23,1.11,0.46,1.72,0.2925,1.29,0.0325,,,,0.06,0.07,21.965,92.44,0.16999999999999998,188.05,0.0,0.0,,987.325,
2023-05-18 02:00:00,25.22,41.8125,0.8,1.23,1.11,0.46,1.72,0.275,1.29,0.03,,,,0.057499999999999996,0.0675,21.855,93.02,0.2725,192.06,0.0,0.0,,986.9575,
2023-05-18 03:00:00,10.695,17.625,0.8,1.23,1.11,0.46,1.72,0.275,1.29,0.03,,,,0.057499999999999996,0.07,21.8175,93.515,0.41250000000000003,235.15,0.0,0.0,,987.3925,
2023-05-18 04:00:00,18.7325,35.765,0.8,1.23,1.11,0.46,1.72,0.28,1.29,0.03,,,,0.057499999999999996,0.07,21.825,93.7325,0.22,174.185,0.0,0.0,1.4466666666666665,987.8675000000001,
2023-05-18 05:00:00,28.1725,47.775,0.8,1.23,1.11,0.46,1.72,0.295,1.29,0.03,,,,0.06,0.07,22.165,93.1875,0.19,140.2875,0.0,0.0,5.98,988.665,
2023-05-18 06:00:00,25.5625,42.37,0.8,1.23,1.11,0.46,1.72,0.31,1.29,0.0375,,,,0.0625,0.07250000000000001,22.63,91.5625,0.3725,188.95499999999998,0.0,0.0,36.185,989.4825000000001,
2023-05-18 07:00:00,29.595,49.595,0.8,1.23,1.11,0.46,1.72,0.315,1.29,0.04,,,,0.0625,0.07500000000000001,25.0425,82.76,0.33499999999999996,168.41250000000002,0.0,0.0,74.49,990.1875,
2023-05-18 08:00:00,46.8225,71.86,0.8,1.23,1.11,0.46,1.72,0.3,1.29,0.0375,,,,0.0625,0.07250000000000001,26.485,75.1625,0.35,115.17750000000001,0.0,0.0,68.56,990.345,
2023-05-18 09:00:00,48.9675,83.8125,0.8,1.23,1.11,0.46,1.72,0.295,1.29,0.035,,,,0.06,0.07,27.94,70.3625,0.3425,162.5825,0.0,0.0,130.9,990.0925,
2023-05-18 10:00:00,48.8775,75.7975,0.8,1.23,1.11,0.46,1.72,0.2675,1.29,0.03,,,,0.055,0.065,29.89,62.2175,0.59,152.655,0.0,0.0,182.8025,989.7,
2023-05-18 11:00:00,31.0625,51.375,0.8,1.23,1.11,0.46,1.72,0.2575,1.29,0.03,,,,0.052500000000000005,0.0625,31.0225,57.2775,0.6275000000000001,143.7725,0.0,0.0,235.08749999999998,988.8575,
2023-05-18 12:00:00,19.0425,35.125,0.8,1.23,1.11,0.46,1.72,0.2525,1.29,0.03,,,,0.05,0.06,32.1225,55.2775,0.415,162.83249999999998,0.0,0.0,197.66750000000002,987.8125,
2023-05-18 13:00:00,25.525,42.0,0.8,1.23,1.11,0.46,1.72,0.2525,1.29,0.03,,,,0.05,0.06,31.9575,56.065,0.4425,147.8975,0.0,0.0,141.5825,986.7375,
2023-05-18 14:00:00,21.85,40.78,0.8,1.23,1.11,0.46,1.72,0.2525,1.29,0.03,,,,0.05,0.06,30.240000000000002,61.57,0.375,174.7225,0.0,0.0,60.7,985.7725,
2023-05-18 15:00:00,13.3825,21.9225,0.8,1.23,1.11,0.46,1.72,0.2625,1.29,0.03,,,,0.05,0.06,29.745,62.575,0.3775,167.565,0.0,0.0,48.572500000000005,985.1225,
2023-05-18 16:00:00,15.4075,26.0,0.8,1.23,1.11,0.46,1.72,0.27,1.29,0.03,,,,0.055,0.065,28.872500000000002,66.4525,0.3225,147.23,0.0,0.0,23.4925,984.5975,
2023-05-18 17:00:00,27.905,47.72,0.8,1.23,1.11,0.46,1.72,0.2725,1.29,0.03,,,,0.052500000000000005,0.0625,26.8675,76.58,0.2875,138.94,0.0,0.0,2.79,984.895,
2023-05-18 18:00:00,25.6925,42.3275,0.8,1.23,1.11,0.46,1.72,0.28250000000000003,1.29,0.0325,,,,0.06,0.07,25.1475,83.235,0.3225,137.57999999999998,0.0,0.0,,985.635,
2023-05-18 19:00:00,24.4375,46.78,0.8,1.23,1.11,0.46,1.72,0.3625,1.29,0.04,,,,0.07,0.0875,24.73,85.6625,0.20500000000000002,225.60000000000002,0.0,0.0,,986.05,
2023-05-18 20:00:00,32.22,51.3275,0.8,1.23,1.11,0.46,1.72,0.4275,1.29,0.0475,,,,0.0825,0.1,24.2375,88.055,0.35,247.35250000000002,0.0,0.0,,986.5174999999999,
2023-05-18 21:00:00,42.6625,67.97,0.8,1.23,1.11,0.46,1.72,0.4625,1.29,0.055,,,,0.0925,0.1075,24.1325,87.28,0.4675,212.1575,0.0,0.0,,986.8025,
2023-05-18 22:00:00,45.3425,78.7025,0.8,1.23,1.11,0.46,1.72,0.4175,1.29,0.05,,,,0.08499999999999999,0.1,23.8,88.58500000000001,0.3025,213.41000000000003,0.0,0.0,,986.6975,
2023-05-18 23:00:00,40.29333333333333,63.0,0.8000000000000002,1.23,1.11,0.46,1.72,0.4033333333333333,1.29,0.05000000000000001,,,,0.08,0.09666666666666668,23.570000000000004,89.82666666666667,0.2333333333333333,229.46,0.0,0.0,,986.2033333333334,
2023-05-19 00:00:00,23.790000000000003,37.25,0.8000000000000002,1.23,1.11,0.46,1.72,0.38666666666666666,1.29,0.043333333333333335,,,,0.07500000000000001,0.095,23.4075,90.5525,0.35500000000000004,207.5025,0.0,0.0,,985.28,
2023-05-19 01:00:00,20.9375,37.03,0.8,1.23,1.11,0.46,1.72,0.35,1.29,0.04,,,,0.07,0.0825,23.1475,91.705,0.35250000000000004,266.1075,0.0,0.0,,984.9175,
2023-05-19 02:00:00,16.53,29.25,0.8,1.23,1.11,0.46,1.72,0.325,1.29,0.04,,,,0.065,0.0775,23.060000000000002,92.005,0.5825,200.63,0.0,0.0,,984.5575,
2023-05-19 03:00:00,12.2825,20.72,0.8,1.23,1.11,0.46,1.72,0.2875,1.29,0.03,,,,0.06,0.07,22.95,91.365,0.5449999999999999,240.55,0.0,0.0,,984.3325,
2023-05-19 04:00:00,16.97,26.25,0.8,1.23,1.11,0.46,1.72,0.2625,1.29,0.03,,,,0.052500000000000005,0.0625,22.905,90.985,0.475,156.4975,0.0,0.0,0.845,984.5225,
2023-05-19 05:00:00,7.609999999999999,15.25,0.8,1.23,1.11,0.46,1.72,0.27,1.29,0.03,,,,0.055,0.0675,23.055,91.59,0.325,182.8325,0.0,0.0,8.27,985.335,
2023-05-19 06:00:00,10.03,17.72,0.8,1.23,1.11,0.46,1.72,0.275,1.29,0.03,,,,0.055,0.065,24.005,88.275,0.23500000000000001,135.5875,0.0,0.0,25.1475,986.2,
2023-05-19 07:00:00,8.6875,15.0,0.8,1.23,1.11,0.46,1.72,0.28250000000000003,1.29,0.0325,,,,0.057499999999999996,0.0675,26.005000000000003,80.515,0.305,127.9825,0.0,0.0,73.35499999999999,986.5225,
2023-05-19 08:00:00,14.375,23.485,0.8,1.23,1.11,0.46,1.72,0.2975,1.29,0.035,,,,0.06,0.07,27.87,72.895,0.5225,135.1825,0.0,0.0,130.33249999999998,986.8774999999999,
2023-05-19 09:00:00,28.0975,46.8275,0.8,1.23,1.11,0.46,1.72,0.28500000000000003,1.29,0.0325,,,,0.06,0.07,30.035,66.32,0.47000000000000003,122.3275,0.0,0.0,190.79250000000002,986.98,
2023-05-19 10:00:00,19.6625,32.53,0.8,1.23,1.11,0.46,1.72,0.28250000000000003,1.29,0.03,,,,0.06,0.07,29.5175,67.0125,0.33999999999999997,132.17,0.0,0.0,62.885,986.5925,
2023-05-19 11:00:00,27.8525,45.91,0.8,1.23,1.11,0.46,1.72,0.28250000000000003,1.29,0.0325,,,,0.057499999999999996,0.065,27.7975,75.875,0.5325,178.5875,0.0,0.0,68.035,986.0125,
2023-05-19 12:00:00,17.655,30.0,0.8,1.23,1.11,0.46,1.72,0.3225,1.29,0.0375,,,,0.065,0.07500000000000001,25.3425,86.9575,0.9775,202.235,0.0,0.0,90.2975,985.38,
2023-05-19 13:00:00,23.3,45.525,0.8,1.23,1.11,0.46,1.72,0.295,1.29,0.035,,,,0.06,0.07,25.89,84.89750000000001,1.0175,193.81,0.0,0.0,90.5775,984.58,
2023-05-19 14:00:00,16.875,26.3125,0.8,1.23,1.11,0.46,1.72,0.29000000000000004,1.29,0.03,,,,0.06,0.07,27.195,78.94,1.1724999999999999,180.8375,0.0,0.0,112.1875,983.5825,
2023-05-19 15:00:00,23.55,36.75,0.8,1.23,1.11,0.46,1.72,0.2775,1.29,0.03,,,,0.057499999999999996,0.0675,27.759999999999998,74.94500000000001,1.1275,174.255,0.0,0.0,88.995,982.9725000000001,
2023-05-19 16:00:00,27.285,47.3425,0.8,1.23,1.11,0.46,1.72,0.2825,1.29,0.03,,,,0.057499999999999996,0.0675,27.8825,73.8725,0.5075000000000001,210.685,0.0,0.0,31.745,982.63,
2023-05-19 17:00:00,10.8825,19.6875,0.8,1.23,1.11,0.46,1.72,0.2975,1.29,0.0325,,,,0.0625,0.07250000000000001,27.1725,79.6925,0.1975,214.78,0.0,0.0,10.2475,982.6925,
2023-05-19 18:00:00,27.97,44.72,0.8,1.23,1.11,0.46,1.72,0.31,1.29,0.035,,,,0.0625,0.07500000000000001,25.23,86.62,0.3575,131.3975,0.0,0.0,,983.1325,
2023-05-19 19:00:00,26.3325,39.5,0.8,1.23,1.11,0.46,1.72,0.3675,1.29,0.04,,,,0.07,0.0875,24.3275,88.1725,0.245,206.595,0.0,0.0,,983.5675,
2023-05-19 20:00:00,6.8475,13.780000000000001,0.8,1.23,1.11,0.46,1.72,0.4175,1.29,0.045,,,,0.085,0.0975,24.23,85.5325,0.475,248.6075,0.0,0.0,,984.1525,
2023-05-19 21:00:00,25.3125,41.5725,0.8,1.23,1.11,0.46,1.72,0.4825,1.29,0.057499999999999996,,,,0.0975,0.1175,24.2125,88.2475,0.2625,198.54000000000002,0.0,0.0,,984.4549999999999,
2023-05-19 22:00:00,30.622500000000002,55.125,0.8,1.23,1.11,0.46,1.72,0.46249999999999997,1.29,0.057499999999999996,,,,0.095,0.1075,23.7575,90.25,0.47750000000000004,201.355,0.0125,0.0125,,984.7175,
2023-05-19 23:00:00,27.043333333333333,51.0,0.8000000000000002,1.23,1.11,0.46,1.72,0.42333333333333334,1.29,0.05000000000000001,,,,0.08666666666666667,0.10000000000000002,23.133333333333336,93.79666666666667,0.2933333333333334,175.65333333333334,0.0,0.0,,984.4,
2023-05-20 00:00:00,27.540000000000003,52.25,0.8000000000000002,1.23,1.11,0.46,1.72,0.38999999999999996,1.29,0.04666666666666667,,,,0.0775,0.0975,22.99,94.6675,0.4325,153.9325,0.0,0.0,,983.415,
2023-05-20 01:00:00,20.875,32.25,0.8,1.23,1.11,0.46,1.72,0.355,1.29,0.04,,,,0.07,0.08499999999999999,22.79,94.635,0.39,206.28,0.0,0.0,,982.645,
2023-05-20 02:00:00,21.1875,34.97,0.8,1.23,1.11,0.46,1.72,0.32,1.29,0.04,,,,0.0625,0.07250000000000001,22.7375,95.32,0.2,145.20499999999998,0.0,0.0,,982.3,
2023-05-20 03:00:00,21.5,35.5775,0.8,1.23,1.11,0.46,1.72,0.31,1.29,0.04,,,,0.06,0.07,22.735,95.6825,0.32499999999999996,180.42499999999998,0.0025,0.0025,,982.355,
2023-05-20 04:00:00,16.9375,26.155,0.8,1.23,1.11,0.46,1.72,0.2775,1.29,0.03,,,,0.06,0.07,22.655,95.725,0.265,142.10000000000002,0.02,0.02,2.15,982.51,
2023-05-20 05:00:00,19.59,32.625,0.8,1.23,1.11,0.46,1.72,0.2725,1.29,0.03,,,,0.057499999999999996,0.0675,22.77,95.8925,0.2875,133.455,0.0,0.0,13.587499999999999,983.115,
2023-05-20 06:00:00,0.45333333333333337,1.69,0.8,1.23,1.11,0.46,1.72,0.28,1.29,0.0325,,,,0.057499999999999996,0.0675,23.2225,95.355,0.35500000000000004,141.9025,0.0,0.0,32.1025,983.9575,
2023-05-20 07:00:00,4.8125,7.4525,0.8,1.23,1.11,0.46,1.72,0.28500000000000003,1.29,0.03,,,,0.06,0.07,24.49,90.235,0.35000000000000003,180.0775,0.035,0.035,35.59,984.6475,
2023-05-20 08:00:00,20.4775,36.845,0.8,1.23,1.11,0.46,1.72,0.29,1.29,0.03,,,,0.06,0.07,24.247500000000002,93.615,0.44,145.6675,0.0,0.0,118.2975,985.16,
2023-05-20 09:00:00,25.939999999999998,42.0325,0.8,1.23,1.11,0.46,1.72,0.2675,1.29,0.03,,,,0.052500000000000005,0.0625,26.0375,84.5625,0.445,133.9425,0.0,0.0,86.83,985.1800000000001,
2023-05-20 10:00:00,4.9825,7.4875,0.8,1.23,1.11,0.46,1.72,0.26,1.29,0.03,,,,0.05,0.06,26.0225,84.6175,0.5,152.165,0.0025,0.0025,103.7025,984.86,
2023-05-20 11:00:00,10.4275,17.39,0.8,1.23,1.11,0.46,1.72,0.2625,1.29,0.03,,,,0.05,0.06,25.77,86.5875,0.425,120.70500000000001,0.0,0.0,39.7475,984.2775,
2023-05-20 12:00:00,22.27,38.625,0.8,1.23,1.11,0.46,1.72,0.2625,1.29,0.03,,,,0.055,0.065,24.060000000000002,92.72749999999999,0.61,204.53750000000002,0.0125,0.0125,70.0775,983.5450000000001,
2023-05-20 13:00:00,6.2524999999999995,10.6875,0.8,1.23,1.11,0.46,1.72,0.2825,1.29,0.0325,,,,0.055,0.065,25.177500000000002,88.9775,0.5025,131.91,0.0025,0.0025,71.1225,983.08,
2023-05-20 14:00:00,8.625,13.64,0.8,1.23,1.11,0.46,1.72,0.3175,1.29,0.035,,,,0.06,0.0775,22.745,91.525,0.8424999999999999,167.945,0.049999999999999996,0.049999999999999996,4.4225,983.155,
2023-05-20 15:00:00,12.54,22.5,0.8000000000000002,1.23,1.11,0.46,1.72,0.28,1.29,0.03,,,,0.056666666666666664,0.06666666666666667,21.646666666666665,93.39666666666666,0.6699999999999999,160.69,0.04,0.030000000000000002,5.783333333333334,983.09,
2023-05-20 16:00:00,,,,,,,,,,,,,,,,,,,,,0.0,,,
2023-05-20 17:00:00,,,,,,,,,,,,,,,,,,,,,0.0,,,
2023-05-20 18:00:00,,,,,,,,,,,,,,,,,,,,,0.0,,,
2023-05-20 19:00:00,,,,,,,,,,,,,,,,,,,,,0.0,,,
2023-05-20 20:00:00,,,,,,,,,,,,,,,,,,,,,0.0,,,
2023-05-20 21:00:00,,,,,,,,,,,,,,,,,,,,,0.0,,,
2023-05-20 22:00:00,,,,,,,,,,,,,,,,,,,,,0.0,,,
2023-05-20 23:00:00,,,,,,,,,,,,,,,,,,,,,0.0,,,
2023-05-21 00:00:00,,,,,,,,,,,,,,,,,,,,,0.0,,,
2023-05-21 01:00:00,,,,,,,,,,,,,,,,,,,,,0.0,,,
2023-05-21 02:00:00,,,,,,,,,,,,,,,,,,,,,0.0,,,
2023-05-21 03:00:00,,,,,,,,,,,,,,,,,,,,,0.0,,,
2023-05-21 04:00:00,,,,,,,,,,,,,,,,,,,,,0.0,,,
2023-05-21 05:00:00,,,,,,,,,,,,,,,,,,,,,0.0,,,
2023-05-21 06:00:00,,,,,,,,,,,,,,,,,,,,,0.0,,,
2023-05-21 07:00:00,,,,,,,,,,,,,,,,,,,,,0.0,,,
2023-05-21 08:00:00,,,,,,,,,,,,,,,,,,,,,0.0,,,
2023-05-21 09:00:00,,,,,,,,,,,,,,,,,,,,,0.0,,,
2023-05-21 10:00:00,,,,,,,,,,,,,,,,,,,,,0.0,,,
2023-05-21 11:00:00,,,,,,,,,,,,,,,,,,,,,0.0,,,
2023-05-21 12:00:00,,,,,,,,,,,,,,,,,,,,,0.0,,,
2023-05-21 13:00:00,,,,,,,,,,,,,,,,,,,,,0.0,,,
2023-05-21 14:00:00,,,,,,,,,,,,,,,,,,,,,0.0,,,
2023-05-21 15:00:00,,,,,,,,,,,,,,,,,,,,,0.0,,,
2023-05-21 16:00:00,,,,,,,,,,,,,,,,,,,,,0.0,,,
2023-05-21 17:00:00,,,,,,,,,,,,,,,,,,,,,0.0,,,
2023-05-21 18:00:00,,,,,,,,,,,,,,,,,,,,,0.0,,,
2023-05-21 19:00:00,,,,,,,,,,,,,,,,,,,,,0.0,,,
2023-05-21 20:00:00,,,,,,,,,,,,,,,,,,,,,0.0,,,
2023-05-21 21:00:00,,,,,,,,,,,,,,,,,,,,,0.0,,,
2023-05-21 22:00:00,,,,,,,,,,,,,,,,,,,,,0.0,,,
2023-05-21 23:00:00,,,,,,,,,,,,,,,,,,,,,0.0,,,
2023-05-22 00:00:00,,,,,,,,,,,,,,,,,,,,,0.0,,,
2023-05-22 01:00:00,,,,,,,,,,,,,,,,,,,,,0.0,,,
2023-05-22 02:00:00,,,,,,,,,,,,,,,,,,,,,0.0,,,
2023-05-22 03:00:00,,,,,,,,,,,,,,,,,,,,,0.0,,,
2023-05-22 04:00:00,,,,,,,,,,,,,,,,,,,,,0.0,,,
2023-05-22 05:00:00,,,,,,,,,,,,,,,,,,,,,0.0,,,
2023-05-22 06:00:00,,,,,,,,,,,,,,,,,,,,,0.0,,,
2023-05-22 07:00:00,,,,,,,,,,,,,,,,,,,,,0.0,,,
2023-05-22 08:00:00,,,,,,,,,,,,,,,,,,,,,0.0,,,
2023-05-22 09:00:00,,,,,,,,,,,,,,,,,,,,,0.0,,,
2023-05-22 10:00:00,10.5,19.686666666666667,0.8000000000000002,1.23,1.11,0.46,1.72,0.15666666666666668,1.29,0.02,,,,0.03,0.03666666666666667,28.603333333333335,69.52333333333333,0.6933333333333334,83.21333333333332,0.0,0.0,178.22,989.3066666666667,
2023-05-22 11:00:00,0.12,,0.8,1.23,1.11,0.46,1.72,0.23,1.29,0.03,,,,0.0425,0.052500000000000005,29.4575,66.005,0.6275,159.515,0.0,0.0,183.575,988.975,
2023-05-22 12:00:00,0.25,,0.8,1.23,1.11,0.46,1.72,0.24,1.29,0.03,,,,0.0475,0.057499999999999996,28.65,68.035,0.7625,106.805,0.0,0.0,178.98250000000002,988.35,
2023-05-22 13:00:00,0.12333333333333334,,0.8,1.23,1.11,0.46,1.72,0.2175,1.29,0.03,,,,0.04,0.05,28.8925,66.01249999999999,0.7975,123.7475,0.0,0.0,156.64,987.585,
2023-05-22 14:00:00,3.81,11.25,0.8,1.23,1.11,0.46,1.72,0.2125,1.29,0.03,,,,0.04,0.05,30.3125,63.055,0.635,134.985,0.0,0.0,161.91,986.9200000000001,
2023-05-22 15:00:00,17.145,30.47,0.8,1.23,1.11,0.46,1.72,0.2275,1.29,0.03,,,,0.04,0.055,29.1625,65.61,0.6775,121.6825,0.0,0.0,90.1225,986.495,
2023-05-22 16:00:00,,,,,,,,,,,,,,,,,,,,,0.0,,,
2023-05-22 17:00:00,,,,,,,,,,,,,,,,,,,,,0.0,,,
2023-05-22 18:00:00,,,,,,,,,,,,,,,,,,,,,0.0,,,
2023-05-22 19:00:00,,,,,,,,,,,,,,,,,,,,,0.0,,,
2023-05-22 20:00:00,,,,,,,,,,,,,,,,,,,,,0.0,,,
2023-05-22 21:00:00,,,,,,,,,,,,,,,,,,,,,0.0,,,
2023-05-22 22:00:00,,,,,,,,,,,,,,,,,,,,,0.0,,,
2023-05-22 23:00:00,,,,,,,,,,,,,,,,,,,,,0.0,,,
2023-05-23 00:00:00,,,,,,,,,,,,,,,,,,,,,0.0,,,
2023-05-23 01:00:00,,,,,,,,,,,,,,,,,,,,,0.0,,,
2023-05-23 02:00:00,,,,,,,,,,,,,,,,,,,,,0.0,,,
2023-05-23 03:00:00,,,,,,,,,,,,,,,,,,,,,0.0,,,
2023-05-23 04:00:00,,,,,,,,,,,,,,,,,,,,,0.0,,,
2023-05-23 05:00:00,,,,,,,,,,,,,,,,,,,,,0.0,,,
2023-05-23 06:00:00,,,,,,,,,,,,,,,,,,,,,0.0,,,
2023-05-23 07:00:00,,,,,,,,,,,,,,,,,,,,,0.0,,,
2023-05-23 08:00:00,,,,,,,,,,,,,,,,,,,,,0.0,,,
2023-05-23 09:00:00,,,,,,,,,,,,,,,,,,,,,0.0,,,
2023-05-23 10:00:00,25.0,37.5,0.8,1.23,1.11,0.46,1.72,0.04,1.29,0.005,,,,0.030000000000000002,0.04,33.870000000000005,51.55,0.51,196.305,0.0,0.0,237.12,987.995,
2023-05-23 11:00:00,25.0,37.5,0.8,1.23,1.11,0.46,1.72,0.195,1.29,0.0225,,,,0.0375,0.0475,34.665,49.3725,0.5975,142.9225,0.0,0.0,232.56,987.415,
2023-05-23 12:00:00,21.25,31.875,0.8,1.23,1.11,0.46,1.72,0.2025,1.29,0.0225,,,,0.04,0.05,35.875,46.9725,0.465,166.7625,0.0,0.0,221.7375,986.09,
2023-05-23 13:00:00,16.563333333333333,26.563333333333333,0.8,1.23,1.11,0.46,1.72,0.2075,1.29,0.0275,,,,0.04,0.05,36.35,45.9875,0.47250000000000003,129.2075,0.0,0.0,151.5025,984.8775,
2023-05-23 14:00:00,13.579999999999998,32.81,0.8,1.23,1.11,0.46,1.72,0.2025,1.29,0.025,,,,0.04,0.05,34.835,48.957499999999996,0.5975,158.3675,0.0,0.0,135.39,983.875,
2023-05-23 15:00:00,20.6425,33.89,0.8,1.23,1.11,0.46,1.72,0.21,1.29,0.03,,,,0.04,0.05,36.292500000000004,47.0675,0.43,121.57499999999999,0.0,0.0,102.355,983.28,
2023-05-23 16:00:00,17.6875,27.75,0.8,1.23,1.11,0.46,1.72,0.2175,1.29,0.03,,,,0.04,0.05,36.065,48.3775,0.27,145.725,0.0,0.0,61.3125,982.9625,
2023-05-23 17:00:00,24.1875,44.39,0.8,1.23,1.11,0.46,1.72,0.22,1.29,0.0275,,,,0.0425,0.052500000000000005,30.2825,66.8375,0.43,156.5075,0.0,0.0,7.9725,983.2375,
2023-05-23 18:00:00,30.935,52.3125,0.8,1.23,1.11,0.46,1.72,0.2475,1.29,0.03,,,,0.05,0.06,27.3375,76.3375,0.3825,143.525,0.0,0.0,,983.3399999999999,
2023-05-23 19:00:00,17.0,25.5,0.8,1.23,1.11,0.46,1.72,0.315,1.29,0.0375,,,,0.0625,0.075,26.3,79.53999999999999,0.32,207.35,0.0,0.0,,983.61,
2023-05-23 20:00:00,29.43,47.4375,0.8,1.23,1.11,0.46,1.72,0.4175,1.29,0.0475,,,,0.08,0.1,25.625,82.52499999999999,0.7175,242.4075,0.0,0.0,,984.425,
2023-05-23 21:00:00,43.0,64.5,0.8,1.23,1.11,0.46,1.72,0.38,1.29,0.0425,,,,0.07250000000000001,0.09,24.84,86.045,0.3725,174.44750000000002,0.0,0.0,,985.01,
2023-05-23 22:00:00,43.0,64.5,0.8,1.23,1.11,0.46,1.72,0.4525,1.29,0.052500000000000005,,,,0.0925,0.1125,24.395,88.35,0.47250000000000003,225.93,0.0,0.0,,985.0975,
2023-05-23 23:00:00,43.0,64.5,0.8000000000000002,1.23,1.11,0.46,1.72,0.38666666666666666,1.29,0.043333333333333335,,,,0.08,0.09000000000000001,24.179999999999996,88.44666666666667,0.4566666666666667,236.01333333333332,0.0,0.0,,984.4866666666667,
2023-05-24 00:00:00,49.123333333333335,80.0,0.8000000000000002,1.23,1.11,0.46,1.72,0.32,1.29,0.04,,,,0.065,0.07500000000000001,23.669999999999998,90.295,0.3675,147.1375,0.0,0.0,,984.025,
2023-05-24 01:00:00,31.33,65.33,0.8,1.23,1.11,0.46,1.72,0.305,1.29,0.0375,,,,0.0625,0.07250000000000001,23.880000000000003,89.61500000000001,0.51,202.215,0.0,0.0,,983.8175,
2023-05-24 02:00:00,14.184999999999999,36.0,0.8,1.23,1.11,0.46,1.72,0.2725,1.29,0.03,,,,0.057499999999999996,0.0675,23.91,89.1,0.6825,238.2075,0.0,0.0,,983.665,
2023-05-24 03:00:00,30.265,46.6875,0.8,1.23,1.11,0.46,1.72,0.2425,1.29,0.03,,,,0.05,0.06,23.5575,90.205,0.2875,175.655,0.0,0.0,,983.36,
2023-05-24 04:00:00,26.875,42.94,0.8,1.23,1.11,0.46,1.72,0.24,1.29,0.03,,,,0.045,0.055,23.2675,91.35,0.2825,200.35250000000002,0.0,0.0,5.26,983.95,
2023-05-24 05:00:00,23.53,37.875,0.8,1.23,1.11,0.46,1.72,0.23,1.29,0.03,,,,0.045,0.057499999999999996,23.97,89.16499999999999,0.47500000000000003,199.0825,0.0,0.0,29.4575,984.5825,
2023-05-24 06:00:00,21.905,35.015,0.8,1.23,1.11,0.46,1.72,0.25,1.29,0.03,,,,0.05,0.06,26.4725,80.185,0.3075,170.9525,0.0,0.0,93.2,985.135,
2023-05-24 07:00:00,23.75,39.095,0.8,1.23,1.11,0.46,1.72,0.2625,1.29,0.03,,,,0.052500000000000005,0.06,31.055,64.07000000000001,0.365,151.01999999999998,0.0,0.0,170.575,985.2725,
2023-05-24 08:00:00,31.75,46.8275,0.8,1.23,1.11,0.46,1.72,0.245,1.29,0.03,,,,0.0475,0.057499999999999996,33.6325,54.6275,0.41500000000000004,119.43,0.0,0.0,191.32999999999998,985.1575,
2023-05-24 09:00:00,26.845,47.72,0.8,1.23,1.11,0.46,1.72,0.2275,1.29,0.03,,,,0.045,0.055,35.1725,50.88,0.465,146.48,0.0,0.0,215.62,984.815,
2023-05-24 10:00:00,22.130000000000003,37.735,0.8,1.23,1.11,0.46,1.72,0.2175,1.29,0.03,,,,0.04,0.05,35.8925,48.3925,0.7025000000000001,137.71249999999998,0.0,0.0,269.08,984.0600000000001,
2023-05-24 11:00:00,26.125,41.56,0.8,1.23,1.11,0.46,1.72,0.23,1.29,0.03,,,,0.045,0.055,33.7075,53.46,1.18,194.3075,0.0,0.0,178.9775,982.5375,
2023-05-24 12:00:00,19.567500000000003,36.0,0.8,1.23,1.11,0.46,1.72,0.2475,1.29,0.03,,,,0.05,0.06,33.165,57.525,1.3675000000000002,175.65,0.0,0.0,196.44,981.7675,
2023-05-24 13:00:00,25.345,42.25,0.8,1.23,1.11,0.46,1.72,0.2675,1.29,0.03,,,,0.052500000000000005,0.0625,32.269999999999996,61.405,2.0375,173.0575,0.0,0.0,182.93,981.51,
2023-05-24 14:00:00,31.905,66.225,0.8,1.23,1.11,0.46,1.72,0.27,1.29,0.03,,,,0.057499999999999996,0.0675,29.302500000000002,67.4725,1.5875,207.8625,0.0,0.0,15.225000000000001,981.76,
2023-05-24 15:00:00,39.0925,66.75,0.8,1.23,1.11,0.46,1.72,0.2675,1.29,0.03,,,,0.055,0.065,28.2025,69.9525,1.1225,189.1775,0.0,0.0,7.755,982.21,
2023-05-24 16:00:00,39.59,70.5,0.8,1.23,1.11,0.46,1.72,0.29,1.29,0.0325,,,,0.057499999999999996,0.0675,27.485,72.345,0.86,194.625,0.0,0.0,18.9225,982.015,
2023-05-24 17:00:00,38.56,64.3125,0.8,1.23,1.11,0.46,1.72,0.2875,1.29,0.035,,,,0.057499999999999996,0.0675,26.544999999999998,76.535,0.8025,183.6525,0.0,0.0,4.6875,982.225,
2023-05-24 18:00:00,26.0925,44.625,0.8,1.23,1.11,0.46,1.72,0.29,1.29,0.03,,,,0.057499999999999996,0.0675,25.6675,80.7475,0.5775,206.905,0.0,0.0,,982.2675,
2023-05-24 19:00:00,31.03,48.0,0.8,1.23,1.11,0.46,1.72,0.3525,1.29,0.0425,,,,0.07,0.0825,24.955,84.9775,0.29500000000000004,206.89249999999998,0.0,0.0,,983.0325,
2023-05-24 20:00:00,26.497500000000002,46.78,0.8,1.23,1.11,0.46,1.72,0.4075,1.29,0.0475,,,,0.0825,0.0975,24.7075,86.54,0.2525,181.25,0.0,0.0,,983.8924999999999,
2023-05-24 21:00:00,20.5775,36.25,0.8,1.23,1.11,0.46,1.72,0.3725,1.29,0.045,,,,0.07250000000000001,0.0875,24.6325,86.6125,0.34750000000000003,144.695,0.0,0.0,,984.5025,
2023-05-24 22:00:00,15.2875,25.25,0.8,1.23,1.11,0.46,1.72,0.355,1.29,0.04,,,,0.07,0.08499999999999999,23.75,89.42,0.6725,261.7175,0.0,0.0,,984.0,
2023-05-24 23:00:00,16.75,27.186666666666667,0.8000000000000002,1.23,1.11,0.46,1.72,0.36999999999999994,1.29,0.04,,,,0.07333333333333335,0.08666666666666667,23.343333333333334,91.23333333333335,0.3566666666666667,159.25,0.0,0.0,,983.4733333333334,
2023-05-25 00:00:00,17.0,28.5,0.8000000000000002,1.23,1.11,0.46,1.72,0.33,1.29,0.04,,,,0.0675,0.0775,23.2425,91.535,0.315,147.4025,0.0,0.0,,983.63,
2023-05-25 01:00:00,11.845,18.89,0.8,1.23,1.11,0.46,1.72,0.2575,1.29,0.03,,,,0.052500000000000005,0.0625,23.54,89.3075,0.2725,146.225,0.0,0.0,,983.53,
2023-05-25 02:00:00,9.5125,16.25,0.8,1.23,1.11,0.46,1.72,0.24,1.29,0.03,,,,0.0475,0.057499999999999996,23.4625,89.5625,0.255,154.79,0.0,0.0,,983.61,
2023-05-25 03:00:00,7.0,10.1725,0.8,1.23,1.11,0.46,1.72,0.2375,1.29,0.03,,,,0.045,0.055,23.2575,90.5825,0.47250000000000003,214.7475,0.0,0.0,,983.71,
2023-05-25 04:00:00,9.2625,15.0,0.8,1.23,1.11,0.46,1.72,0.2425,1.29,0.03,,,,0.05,0.06,22.96,92.0875,0.53,243.53250000000003,0.0,0.0,5.283333333333333,983.97,
2023-05-25 05:00:00,14.0325,25.5,0.8,1.23,1.11,0.46,1.72,0.25,1.29,0.03,,,,0.05,0.06,23.697499999999998,88.65,0.625,203.26,0.0,0.0,39.855000000000004,984.385,
2023-05-25 06:00:00,14.7925,23.3125,0.8,1.23,1.11,0.46,1.72,0.23,1.29,0.03,,,,0.0425,0.052500000000000005,26.4825,77.455,0.565,190.14749999999998,0.0,0.0,142.5475,984.9525,
2023-05-25 07:00:00,13.135,21.5625,0.8,1.23,1.11,0.46,1.72,0.245,1.29,0.03,,,,0.05,0.06,31.0775,63.2175,0.375,121.065,0.0,0.0,225.54,985.2175,
2023-05-25 08:00:00,18.134999999999998,31.0,0.8,1.23,1.11,0.46,1.72,0.2425,1.29,0.03,,,,0.0475,0.057499999999999996,33.2,57.3225,0.49,131.1625,0.0,0.0,273.865,985.065,
2023-05-25 09:00:00,17.607499999999998,29.1,0.8,1.23,1.11,0.46,1.72,0.24,1.29,0.03,,,,0.05,0.06,32.3875,59.19,0.765,157.61,0.0,0.0,204.0375,984.7575,
2023-05-25 10:00:00,16.2175,28.575,0.8,1.23,1.11,0.46,1.72,0.275,1.29,0.03,,,,0.057499999999999996,0.0675,30.8825,63.02,0.66,160.505,0.0,0.0,94.41,984.52,
2023-05-25 11:00:00,8.135,14.4,0.8,1.23,1.11,0.46,1.72,0.255,1.29,0.03,,,,0.05,0.0625,32.595,58.6325,0.5075,138.45999999999998,0.0,0.0,145.1475,983.835,
2023-05-25 12:00:00,4.565,21.56,0.8,1.23,1.11,0.46,1.72,0.25,1.29,0.03,,,,0.05,0.06,32.6,58.945,0.4575,167.025,0.0,0.0,56.0025,983.0825,
2023-05-25 13:00:00,19.94,35.2025,0.8,1.23,1.11,0.46,1.72,0.25,1.29,0.03,,,,0.05,0.06,29.2375,72.97,0.83,211.9625,0.0,0.0,47.8975,982.375,
2023-05-25 14:00:00,21.875,35.72,0.8,1.23,1.11,0.46,1.72,0.2425,1.29,0.03,,,,0.0475,0.057499999999999996,28.0575,78.905,0.7375,192.6475,0.0,0.0,138.7825,981.995,
2023-05-25 15:00:00,16.5625,30.235,0.8,1.23,1.11,0.46,1.72,0.26,1.29,0.03,,,,0.052500000000000005,0.06,31.2625,67.425,0.7275,189.8575,0.0,0.0,102.05,981.3975,
2023-05-25 16:00:00,16.625,26.6575,0.8,1.23,1.11,0.46,1.72,0.265,1.29,0.03,,,,0.052500000000000005,0.0625,31.7275,67.3675,0.4,179.345,0.0,0.0,42.927499999999995,981.0725,
2023-05-25 17:00:00,9.44,16.5,0.8,1.23,1.11,0.46,1.72,0.28,1.29,0.0325,,,,0.057499999999999996,0.07,29.0475,78.72749999999999,0.26,160.7775,0.0,0.0,10.3725,981.225,
2023-05-25 18:00:00,10.345,16.5,0.8,1.23,1.11,0.46,1.72,0.265,1.29,0.03,,,,0.052500000000000005,0.0625,26.53,85.825,0.39,151.2925,0.0,0.0,0.04,981.7774999999999,
2023-05-25 19:00:00,11.0,16.5,0.8,1.23,1.11,0.46,1.72,0.3025,1.29,0.0325,,,,0.06,0.07250000000000001,25.27,89.4875,0.2825,157.865,0.0,0.0,,982.6975,
2023-05-25 20:00:00,11.0,16.5,0.8,1.23,1.11,0.46,1.72,0.385,1.29,0.045,,,,0.0775,0.095,24.7475,90.67,0.315,203.42,0.0,0.0,,983.6075000000001,
2023-05-25 21:00:00,11.0,16.5,0.8,1.23,1.11,0.46,1.72,0.4575,1.29,0.057499999999999996,,,,0.095,0.1075,24.4875,91.0925,0.385,227.895,0.0,0.0,,984.03,
2023-05-25 22:00:00,11.0,16.5,0.8,1.23,1.11,0.46,1.72,0.4275,1.29,0.05,,,,0.0875,0.10250000000000001,24.295,91.88,0.61,236.5825,0.0,0.0,,983.765,
2023-05-25 23:00:00,11.0,16.5,0.8000000000000002,1.23,1.11,0.46,1.72,0.39666666666666667,1.29,0.043333333333333335,,,,0.08,0.09333333333333334,24.21666666666667,90.83,0.5433333333333333,212.41666666666666,0.0,0.0,,983.04,
2023-05-26 00:00:00,11.0,16.5,0.8000000000000002,1.23,1.11,0.46,1.72,0.36333333333333334,1.29,0.04,,,,0.07,0.09,24.1725,90.5875,0.55,184.27749999999997,0.0075,0.0075,,982.7675,
2023-05-26 01:00:00,17.685,27.89,0.8,1.23,1.11,0.46,1.72,0.315,1.29,0.04,,,,0.0625,0.07250000000000001,23.435,94.9825,0.5925,152.165,0.0325,0.0325,,982.8050000000001,
2023-05-26 02:00:00,20.0,30.0,0.8,1.23,1.11,0.46,1.72,0.2725,1.29,0.03,,,,0.055,0.065,23.0625,96.2175,0.3475,122.7575,0.0,0.0,,982.4625,
2023-05-26 03:00:00,20.0,29.0625,0.8,1.23,1.11,0.46,1.72,0.2425,1.29,0.03,,,,0.045,0.055,22.7675,96.2875,0.7825,163.75,0.0575,0.0575,,983.06,
2023-05-26 04:00:00,13.274999999999999,23.572499999999998,0.8,1.23,1.11,0.46,1.72,0.2125,1.29,0.03,,,,0.04,0.05,22.2875,96.7025,0.505,157.1575,0.0425,0.0425,,983.98,
2023-05-26 05:00:00,4.3125,6.5625,0.8,1.23,1.11,0.46,1.72,0.22,1.29,0.03,,,,0.04,0.05,22.34,96.8775,0.5625,180.6725,0.0075,0.0075,1.085,985.1700000000001,
2023-05-26 06:00:00,2.8333333333333335,4.3133333333333335,0.8000000000000002,1.23,1.11,0.46,1.72,0.21333333333333335,1.29,0.03,,,,0.04,0.05000000000000001,21.873333333333335,96.82333333333334,0.51,205.96666666666667,0.05000000000000001,0.037500000000000006,3.23,986.7066666666666,
2023-05-26 07:00:00,,,,,,,,,,,,,,,,,,,,,0.0,,,
2023-05-26 08:00:00,,,,,,,,,,,,,,,,,,,,,0.0,,,
2023-05-26 09:00:00,,,,,,,,,,,,,,,,,,,,,0.0,,,
2023-05-26 10:00:00,1.77,2.655,0.8200000000000001,1.23,1.11,0.46,1.72,0.13,1.29,0.02,,,,0.03,0.04,27.705,75.62,0.605,142.075,0.0,0.0,87.445,986.875,
2023-05-26 11:00:00,0.12666666666666668,,0.8,1.23,1.11,0.46,1.72,0.2575,1.29,0.03,,,,0.05,0.06,27.9075,77.115,0.315,185.51,0.0,0.0,56.6025,986.385,
2023-05-26 12:00:00,2.37,6.75,0.8,1.23,1.11,0.46,1.72,0.2525,1.29,0.03,,,,0.05,0.06,29.675,69.7225,0.42000000000000004,145.025,0.0,0.0,122.025,985.575,
2023-05-26 13:00:00,9.1875,14.4825,0.8,1.23,1.11,0.46,1.72,0.255,1.29,0.03,,,,0.05,0.0625,30.485,64.7,0.4925,135.0125,0.0,0.0,158.585,984.75,
2023-05-26 14:00:00,14.845,22.3125,0.8,1.23,1.11,0.46,1.72,0.245,1.29,0.03,,,,0.05,0.06,33.582499999999996,58.0025,0.4025,108.0425,0.0,0.0,183.42000000000002,983.755,
2023-05-26 15:00:00,17.565,27.5625,0.8,1.23,1.11,0.46,1.72,0.2875,1.29,0.035,,,,0.06,0.07,31.0375,64.565,0.4225,122.5825,0.0,0.0,43.2575,983.0174999999999,
2023-05-26 16:00:00,38.644999999999996,66.47,0.8,1.23,1.11,0.46,1.72,0.25,1.29,0.03,,,,0.05,0.06,29.314999999999998,69.5925,0.37,138.235,0.0,0.0,45.725,982.9475,
2023-05-26 17:00:00,17.405,28.875,0.8,1.23,1.11,0.46,1.72,0.29000000000000004,1.29,0.035,,,,0.06,0.0675,27.495,76.9125,0.27,161.4975,0.0,0.0,6.510000000000001,983.29,
2023-05-26 18:00:00,17.705,33.015,0.8,1.23,1.11,0.46,1.72,0.28500000000000003,1.29,0.0325,,,,0.0575,0.07,25.990000000000002,83.1275,0.22,186.8675,0.0,0.0,,983.7775,
2023-05-26 19:00:00,26.955,51.582499999999996,0.8,1.23,1.11,0.46,1.72,0.37,1.29,0.045,,,,0.08,0.095,25.0875,87.74,0.29250000000000004,151.0825,0.0,0.0,,984.47,
2023-05-26 20:00:00,33.22,61.6875,0.8,1.23,1.11,0.46,1.72,0.41500000000000004,1.29,0.05,,,,0.0825,0.1,24.8375,89.6675,0.24,183.765,0.0,0.0,,985.1225,
2023-05-26 21:00:00,23.7175,44.155,0.8,1.23,1.11,0.46,1.72,0.34500000000000003,1.29,0.04,,,,0.0675,0.08,24.89,88.5825,0.36,134.94,0.0,0.0,,985.51,
2023-05-26 22:00:00,18.5,29.015,0.8,1.23,1.11,0.46,1.72,0.295,1.29,0.0325,,,,0.06,0.07,24.5125,88.425,0.3625,159.52,0.0,0.0,,985.1775,
2023-05-26 23:00:00,11.96,19.5,0.8000000000000002,1.23,1.11,0.46,1.72,0.2833333333333334,1.29,0.03,,,,0.05333333333333334,0.06666666666666667,24.19,89.94333333333333,0.2966666666666667,182.64666666666668,0.0,0.0,,984.8833333333333,
2023-05-27 00:00:00,8.37,15.056666666666667,0.8000000000000002,1.23,1.11,0.46,1.72,0.29,1.29,0.03333333333333333,,,,0.055,0.065,23.835,91.3075,0.2775,167.25,0.0,0.0,,984.0999999999999,
2023-05-27 01:00:00,14.530000000000001,24.985,0.8,1.23,1.11,0.46,1.72,0.2475,1.29,0.03,,,,0.052500000000000005,0.06,23.79,91.9125,0.255,173.905,0.0,0.0,,983.3025,
2023-05-27 02:00:00,4.845,8.4375,0.8,1.23,1.11,0.46,1.72,0.225,1.29,0.03,,,,0.0425,0.052500000000000005,23.65,93.065,0.3325,130.4975,0.0025,0.0025,,982.9325,
2023-05-27 03:00:00,8.157499999999999,12.375,0.8,1.23,1.11,0.46,1.72,0.215,1.29,0.03,,,,0.04,0.05,22.9475,94.2,0.38,143.695,0.0175,0.0175,,982.9625,
2023-05-27 04:00:00,6.57,11.9575,0.8,1.23,1.11,0.46,1.72,0.2125,1.29,0.03,,,,0.04,0.05,22.3925,95.7175,0.4075,133.5925,0.0625,0.0625,0.27,983.6625,
2023-05-27 05:00:00,11.502500000000001,19.8275,0.8,1.23,1.11,0.46,1.72,0.20500000000000002,1.29,0.0225,,,,0.04,0.05,22.255,96.4075,0.355,114.52,0.0,0.0,9.22,984.0775,
2023-05-27 06:00:00,8.345,13.265,0.8,1.23,1.11,0.46,1.72,0.2125,1.29,0.0275,,,,0.04,0.05,22.725,96.4625,0.3325,132.05249999999998,0.0,0.0,28.36,985.165,
2023-05-27 07:00:00,6.17,10.75,0.8,1.23,1.11,0.46,1.72,0.21,1.29,0.03,,,,0.04,0.05,23.4625,93.87,0.425,125.885,0.0,0.0,41.915,986.2025,
2023-05-27 08:00:00,1.72,2.625,0.8,1.23,1.11,0.46,1.72,0.2,1.29,0.02,,,,0.04,0.05,24.197499999999998,86.27,0.55,111.405,0.0,0.0,90.26,986.5425,
2023-05-27 09:00:00,0.16999999999999998,,0.8,1.23,1.11,0.46,1.72,0.2,1.29,0.02,,,,0.04,0.0475,26.715,76.4875,0.6749999999999999,149.41,0.0,0.0,195.69,986.5475,
2023-05-27 10:00:00,,,,,,,,,,,,,,,,,,,,,0.0,,,
2023-05-27 11:00:00,,,,,,,,,,,,,,,,,,,,,0.0,,,
2023-05-27 12:00:00,,,,,,,,,,,,,,,,,,,,,0.0,,,
2023-05-27 13:00:00,,,,,,,,,,,,,,,,,,,,,0.0,,,
2023-05-27 14:00:00,,,,,,,,,,,,,,,,,,,,,0.0,,,
2023-05-27 15:00:00,,,,,,,,,,,,,,,,,,,,,0.0,,,
2023-05-27 16:00:00,,,,,,,,,,,,,,,,,,,,,0.0,,,
2023-05-27 17:00:00,,,,,,,,,,,,,,,,,,,,,0.0,,,
2023-05-27 18:00:00,,,,,,,,,,,,,,,,,,,,,0.0,,,
2023-05-27 19:00:00,,,,,,,,,,,,,,,,,,,,,0.0,,,
2023-05-27 20:00:00,,,,,,,,,,,,,,,,,,,,,0.0,,,
2023-05-27 21:00:00,,,,,,,,,,,,,,,,,,,,,0.0,,,
2023-05-27 22:00:00,,,,,,,,,,,,,,,,,,,,,0.0,,,
2023-05-27 23:00:00,,,,,,,,,,,,,,,,,,,,,0.0,,,
2023-05-28 00:00:00,,,,,,,,,,,,,,,,,,,,,0.0,,,
2023-05-28 01:00:00,,,,,,,,,,,,,,,,,,,,,0.0,,,
2023-05-28 02:00:00,,,,,,,,,,,,,,,,,,,,,0.0,,,
2023-05-28 03:00:00,,,,,,,,,,,,,,,,,,,,,0.0,,,
2023-05-28 04:00:00,,,,,,,,,,,,,,,,,,,,,0.0,,,
2023-05-28 05:00:00,,,,,,,,,,,,,,,,,,,,,0.0,,,
2023-05-28 06:00:00,,,,,,,,,,,,,,,,,,,,,0.0,,,
2023-05-28 07:00:00,,,,,,,,,,,,,,,,,,,,,0.0,,,
2023-05-28 08:00:00,,,,,,,,,,,,,,,,,,,,,0.0,,,
2023-05-28 09:00:00,,,,,,,,,,,,,,,,,,,,,0.0,,,
2023-05-28 10:00:00,,,,,,,,,,,,,,,,,,,,,0.0,,,
2023-05-28 11:00:00,,,,,,,,,,,,,,,,,,,,,0.0,,,
2023-05-28 12:00:00,,,,,,,,,,,,,,,,,,,,,0.0,,,
2023-05-28 13:00:00,,,,,,,,,,,,,,,,,,,,,0.0,,,
2023-05-28 14:00:00,,,,,,,,,,,,,,,,,,,,,0.0,,,
2023-05-28 15:00:00,,,,,,,,,,,,,,,,,,,,,0.0,,,
2023-05-28 16:00:00,,,,,,,,,,,,,,,,,,,,,0.0,,,
2023-05-28 17:00:00,,,,,,,,,,,,,,,,,,,,,0.0,,,
2023-05-28 18:00:00,,,,,,,,,,,,,,,,,,,,,0.0,,,
2023-05-28 19:00:00,,,,,,,,,,,,,,,,,,,,,0.0,,,
2023-05-28 20:00:00,,,,,,,,,,,,,,,,,,,,,0.0,,,
2023-05-28 21:00:00,,,,,,,,,,,,,,,,,,,,,0.0,,,
2023-05-28 22:00:00,,,,,,,,,,,,,,,,,,,,,0.0,,,
2023-05-28 23:00:00,,,,,,,,,,,,,,,,,,,,,0.0,,,
2023-05-29 00:00:00,,,,,,,,,,,,,,,,,,,,,0.0,,,
2023-05-29 01:00:00,,,,,,,,,,,,,,,,,,,,,0.0,,,
2023-05-29 02:00:00,,,,,,,,,,,,,,,,,,,,,0.0,,,
2023-05-29 03:00:00,,,,,,,,,,,,,,,,,,,,,0.0,,,
2023-05-29 04:00:00,,,,,,,,,,,,,,,,,,,,,0.0,,,
2023-05-29 05:00:00,,,,,,,,,,,,,,,,,,,,,0.0,,,
2023-05-29 06:00:00,,,,,,,,,,,,,,,,,,,,,0.0,,,
2023-05-29 07:00:00,,,,,,,,,,,,,,,,,,,,,0.0,,,
2023-05-29 08:00:00,,,,,,,,,,,,,,,,,,,,,0.0,,,
2023-05-29 09:00:00,,,,,,,,,,,,,,,,,,,,,0.0,,,
2023-05-29 10:00:00,0.13333333333333333,,0.8000000000000002,1.23,1.11,0.46,1.72,0.18333333333333335,1.29,0.02,,,,0.036666666666666674,0.04666666666666667,35.836666666666666,52.98,0.5266666666666667,143.13333333333333,0.0,0.0,196.84333333333333,986.3566666666667,
2023-05-29 11:00:00,0.12,,0.8,1.23,1.11,0.46,1.72,0.24,1.29,0.03,,,,0.05,0.06,35.805,52.4275,0.61,166.5275,0.0,0.0,167.445,985.8375000000001,
2023-05-29 12:00:00,0.195,,0.8,1.23,1.11,0.46,1.72,0.23,1.29,0.03,,,,0.0475,0.055,36.42,49.205,0.8475,158.1875,0.0,0.0,214.7875,984.905,
2023-05-29 13:00:00,1.16,4.5,0.8,1.23,1.11,0.46,1.72,0.22,1.29,0.03,,,,0.0425,0.05,37.61,45.8575,0.7324999999999999,146.7975,0.0,0.0,188.14,983.8525,
2023-05-29 14:00:00,8.4375,14.6725,0.8,1.23,1.11,0.46,1.72,0.2125,1.29,0.025,,,,0.04,0.05,39.3975,43.3725,0.49,197.2475,0.0,0.0,172.1325,983.2025,
2023-05-29 15:00:00,24.345,38.9525,0.8,1.23,1.11,0.46,1.72,0.215,1.29,0.03,,,,0.04,0.05,39.78,43.335,0.6225,175.24,0.0,0.0,124.685,982.6025,
2023-05-29 16:00:00,14.6125,25.3125,0.8,1.23,1.11,0.46,1.72,0.2275,1.29,0.03,,,,0.04,0.057499999999999996,38.5475,45.4,0.5575,194.49,0.0,0.0,80.5925,982.3975,
2023-05-29 17:00:00,33.625,53.155,0.8,1.23,1.11,0.46,1.72,0.215,1.29,0.0275,,,,0.04,0.052500000000000005,31.8825,65.23750000000001,0.5275000000000001,115.19,0.0,0.0,5.1275,982.8325,
2023-05-29 18:00:00,12.655,23.345,0.8,1.23,1.11,0.46,1.72,0.245,1.29,0.03,,,,0.0475,0.057499999999999996,28.685,76.71,0.47750000000000004,217.75500000000002,0.0,0.0,0.17,983.4275,
2023-05-29 19:00:00,11.905000000000001,17.4375,0.8,1.23,1.11,0.46,1.72,0.39,1.29,0.045,,,,0.08,0.095,27.48,82.83500000000001,0.3675,212.725,0.0,0.0,,984.255,
2023-05-29 20:00:00,35.4375,58.595,0.8,1.23,1.11,0.46,1.72,0.4275,1.29,0.05,,,,0.0875,0.10250000000000001,26.8175,83.1425,0.3825,236.935,0.0,0.0,,985.1800000000001,
2023-05-29 21:00:00,40.875,67.5,0.8,1.23,1.11,0.46,1.72,0.515,1.29,0.06,,,,0.10250000000000001,0.12,25.985,86.075,0.4975,232.845,0.0,0.0,,985.895,
2023-05-29 22:00:00,44.44,82.125,0.8,1.23,1.11,0.46,1.72,0.4475,1.29,0.052500000000000005,,,,0.09,0.10500000000000001,25.4325,87.56,0.4,206.60000000000002,0.0,0.0,,985.7625,
2023-05-29 23:00:00,40.29333333333333,64.0,0.8000000000000002,1.23,1.11,0.46,1.72,0.42333333333333334,1.29,0.05000000000000001,,,,0.08333333333333333,0.10000000000000002,24.819999999999997,89.36666666666667,0.3933333333333333,226.49666666666667,0.0,0.0,,985.6133333333333,
2023-05-30 00:00:00,20.713333333333335,34.15,0.8000000000000002,1.23,1.11,0.46,1.72,0.33666666666666667,1.29,0.04,,,,0.07,0.08,24.4625,88.8875,0.5025,243.85,0.0,0.0,,985.35,
2023-05-30 01:00:00,25.0175,44.25,0.8,1.23,1.11,0.46,1.72,0.2925,1.29,0.0325,,,,0.06,0.07,23.9225,90.6625,0.43,237.745,0.0,0.0,,984.9825000000001,
2023-05-30 02:00:00,18.375,33.1875,0.8,1.23,1.11,0.46,1.72,0.255,1.29,0.03,,,,0.05,0.06,23.62,90.27250000000001,0.4925,233.4075,0.0,0.0,,984.715,
2023-05-30 03:00:00,16.97,28.875,0.8,1.23,1.11,0.46,1.72,0.22749999999999998,1.29,0.03,,,,0.045,0.055,23.240000000000002,90.62,0.46499999999999997,250.3925,0.0,0.0,,984.735,
2023-05-30 04:00:00,17.19,25.6875,0.8,1.23,1.11,0.46,1.72,0.215,1.29,0.03,,,,0.04,0.052500000000000005,23.037499999999998,90.61,0.6525,224.53,0.0,0.0,5.163333333333333,985.005,
2023-05-30 05:00:00,9.8425,15.375,0.8,1.23,1.11,0.46,1.72,0.21,1.29,0.03,,,,0.04,0.05,24.05,86.0775,0.5075000000000001,222.5275,0.0,0.0,40.57,985.4825000000001,
2023-05-30 06:00:00,11.3275,18.75,0.8,1.23,1.11,0.46,1.72,0.2175,1.29,0.03,,,,0.04,0.05,27.765,72.935,0.605,195.19,0.0,0.0,136.615,985.9225,
2023-05-30 07:00:00,17.125,28.875,0.8,1.23,1.11,0.46,1.72,0.225,1.29,0.03,,,,0.0425,0.052500000000000005,32.33,58.5975,0.5175000000000001,191.0025,0.0,0.0,228.845,986.2850000000001,
2023-05-30 08:00:00,25.5,36.985,0.8,1.23,1.11,0.46,1.72,0.2175,1.29,0.0275,,,,0.0425,0.052500000000000005,36.335,48.915,0.52,173.565,0.0,0.0,269.575,986.2175,
2023-05-30 09:00:00,22.5575,37.125,0.8,1.23,1.11,0.46,1.72,0.20750000000000002,1.29,0.025,,,,0.04,0.0475,36.4675,48.9225,0.6625,188.0275,0.0,0.0,263.4725,985.7025,
2023-05-30 10:00:00,11.6175,18.5625,0.8,1.23,1.11,0.46,1.72,0.215,1.29,0.03,,,,0.04,0.05,36.375,50.1275,0.9400000000000001,163.1925,0.0,0.0,252.3525,985.1025,
2023-05-30 11:00:00,17.2075,28.125,0.8,1.23,1.11,0.46,1.72,0.245,1.29,0.03,,,,0.0475,0.057499999999999996,37.2875,49.235,0.9524999999999999,109.22,0.0,0.0,248.51749999999998,984.3425,
2023-05-30 12:00:00,32.805,60.0,0.8,1.23,1.11,0.46,1.72,0.25,1.29,0.03,,,,0.05,0.06,38.235,47.8125,0.75,183.845,0.0,0.0,217.48000000000002,983.35,
2023-05-30 13:00:00,23.5625,40.875,0.8,1.23,1.11,0.46,1.72,0.2475,1.29,0.03,,,,0.05,0.06,39.93,46.9975,0.51,160.69,0.0,0.0,193.1875,982.5675,
2023-05-30 14:00:00,25.225,47.25,0.8,1.23,1.11,0.46,1.72,0.25,1.29,0.03,,,,0.05,0.06,40.7325,46.2775,0.5675,145.95749999999998,0.0,0.0,159.73250000000002,981.715,
2023-05-30 15:00:00,22.4575,40.125,0.8,1.23,1.11,0.46,1.72,0.27,1.29,0.03,,,,0.052500000000000005,0.0625,39.505,46.9625,0.7775000000000001,160.6525,0.0,0.0,129.01749999999998,980.845,
2023-05-30 16:00:00,32.7425,56.25,0.8,1.23,1.11,0.46,1.72,0.2675,1.29,0.03,,,,0.052500000000000005,0.0625,38.192499999999995,48.315,0.6675,166.70499999999998,0.0,0.0,81.8725,980.4675,
2023-05-30 17:00:00,26.375,41.625,0.8,1.23,1.11,0.46,1.72,0.265,1.29,0.03,,,,0.052500000000000005,0.0625,34.027499999999996,64.015,0.46749999999999997,144.5375,0.0,0.0,13.7475,980.7925,
2023-05-30 18:00:00,20.634999999999998,35.625,0.8,1.23,1.11,0.46,1.72,0.265,1.29,0.03,,,,0.052500000000000005,0.0625,30.3425,77.55250000000001,0.39749999999999996,137.255,0.0,0.0,0.21,981.6225,
2023-05-30 19:00:00,28.65,57.375,0.8,1.23,1.11,0.46,1.72,0.315,1.29,0.0375,,,,0.0625,0.0775,28.98,81.5375,0.4525,137.8125,0.0,0.0,,982.505,
2023-05-30 20:00:00,37.75,56.625,0.8,1.23,1.11,0.46,1.72,0.4475,1.29,0.0525,,,,0.0875,0.10250000000000001,28.4075,81.355,0.655,212.70499999999998,0.0,0.0,,982.99,
2023-05-30 21:00:00,49.875,81.5,0.8,1.23,1.11,0.46,1.72,0.46,1.29,0.052500000000000005,,,,0.0925,0.1125,27.42,83.5525,0.5974999999999999,240.29250000000002,0.0,0.0,,983.4100000000001,
2023-05-30 22:00:00,58.1775,90.375,0.8,1.23,1.11,0.46,1.72,0.455,1.29,0.05,,,,0.09,0.11,26.6475,85.7525,0.445,231.5525,0.0,0.0,,983.675,
2023-05-30 23:00:00,43.45666666666667,70.0,0.8000000000000002,1.23,1.11,0.46,1.72,0.3933333333333333,1.29,0.05000000000000001,,,,0.08,0.09333333333333334,25.936666666666667,86.62,0.31,264.13666666666666,0.0,0.0,,983.54,
2023-05-31 00:00:00,29.723333333333333,54.0,0.8000000000000002,1.23,1.11,0.46,1.72,0.33666666666666667,1.29,0.04,,,,0.0675,0.0825,25.4125,87.58,0.5725,222.275,0.0,0.0,,983.19,
2023-05-31 01:00:00,28.65,45.0,0.8,1.23,1.11,0.46,1.72,0.305,1.29,0.035,,,,0.0625,0.07,24.765,88.7125,0.48250000000000004,242.48499999999999,0.0,0.0,,982.8775,
2023-05-31 02:00:00,22.4,37.0625,0.8,1.23,1.11,0.46,1.72,0.26,1.29,0.03,,,,0.05,0.06,24.325,88.67,0.4675,267.155,0.0,0.0,,983.0474999999999,
2023-05-31 03:00:00,24.9,40.875,0.8,1.23,1.11,0.46,1.72,0.2375,1.29,0.03,,,,0.0475,0.057499999999999996,23.9675,89.7375,0.44999999999999996,242.5875,0.0,0.0,,983.1225,
2023-05-31 04:00:00,21.0,33.0,0.8,1.23,1.11,0.46,1.72,0.21,1.29,0.03,,,,0.04,0.05,23.835,88.0675,0.4875,216.54500000000002,0.0,0.0,4.33,983.52,
2023-05-31 05:00:00,15.565,26.625,0.8,1.23,1.11,0.46,1.72,0.2125,1.29,0.0275,,,,0.04,0.05,24.9125,82.85249999999999,0.405,178.7875,0.0,0.0,39.8875,983.965,
2023-05-31 06:00:00,20.865,34.0,0.8,1.23,1.11,0.46,1.72,0.235,1.29,0.03,,,,0.0475,0.057499999999999996,28.6025,70.7675,0.435,179.7125,0.0,0.0,122.6675,984.3299999999999,
2023-05-31 07:00:00,29.5425,50.6875,0.8,1.23,1.11,0.46,1.72,0.2425,1.29,0.03,,,,0.05,0.06,32.2975,59.557500000000005,0.4975,164.5975,0.0,0.0,212.255,984.59,
2023-05-31 08:00:00,22.2825,39.75,0.8,1.23,1.11,0.46,1.72,0.2325,1.29,0.03,,,,0.045,0.055,36.495,48.7775,0.51,167.085,0.0,0.0,244.8325,984.565,
2023-05-31 09:00:00,17.425,33.825,0.8,1.23,1.11,0.46,1.72,0.24,1.29,0.03,,,,0.05,0.06,37.95,47.0275,0.6074999999999999,101.295,0.0,0.0,261.7275,984.095,
2023-05-31 10:00:00,29.55,43.5625,0.8,1.23,1.11,0.46,1.72,0.2275,1.29,0.03,,,,0.045,0.052500000000000005,38.2675,46.917500000000004,0.6725,138.1025,0.0,0.0,246.63,983.3375,
2023-05-31 11:00:00,27.5,45.0625,0.8,1.23,1.11,0.46,1.72,0.2375,1.29,0.03,,,,0.045,0.055,38.57,46.2675,0.765,144.285,0.0,0.0,199.38,982.38,
2023-05-31 12:00:00,24.0875,42.0,0.8,1.23,1.11,0.46,1.72,0.2525,1.29,0.03,,,,0.05,0.06,37.815,48.72,0.89,164.4725,0.0,0.0,206.0725,981.28,
2023-05-31 13:00:00,27.6375,60.0,0.8,1.23,1.11,0.46,1.72,0.2475,1.29,0.03,,,,0.05,0.06,37.9375,49.0775,0.99,158.91250000000002,0.0,0.0,190.475,980.2525,
2023-05-31 14:00:00,36.75,57.0,0.8,1.23,1.11,0.46,1.72,0.245,1.29,0.03,,,,0.05,0.06,40.2975,45.4825,0.635,190.3875,0.0,0.0,167.785,979.3475,
2023-05-31 15:00:00,30.615,50.75,0.8,1.23,1.11,0.46,1.72,0.2625,1.29,0.03,,,,0.055,0.06,40.81,43.769999999999996,0.505,170.0925,0.0,0.0,123.0725,978.635,
2023-05-31 16:00:00,33.0,49.5,0.8,1.23,1.11,0.46,1.72,0.2725,1.29,0.03,,,,0.055,0.065,39.1325,47.980000000000004,0.43000000000000005,207.9425,0.0,0.0,63.767500000000005,978.3725,
2023-05-31 17:00:00,33.0,49.5,0.8,1.23,1.11,0.46,1.72,0.27,1.29,0.03,,,,0.052500000000000005,0.0625,34.545,61.985,0.435,166.755,0.0,0.0,16.884999999999998,978.385,
2023-05-31 18:00:00,33.0,49.5,0.8,1.23,1.11,0.46,1.72,0.2825,1.29,0.0325,,,,0.057499999999999996,0.065,30.8375,71.7675,0.4125,127.8975,0.0,0.0,0.12,978.84,
2023-05-31 19:00:00,33.0,49.5,0.8,1.23,1.11,0.46,1.72,0.33499999999999996,1.29,0.04,,,,0.0675,0.08,29.6375,75.7525,0.48,230.42000000000002,0.0,0.0,,979.74,
2023-05-31 20:00:00,33.0,49.5,0.8,1.23,1.11,0.46,1.72,0.41,1.29,0.0475,,,,0.0825,0.0975,29.18,76.85249999999999,0.5225,228.3825,0.0,0.0,,980.6524999999999,
2023-05-31 21:00:00,33.0,49.5,0.8,1.23,1.11,0.46,1.72,0.4825,1.29,0.06,,,,0.1,0.11499999999999999,28.3625,80.5425,0.525,238.49,0.0,0.0,,981.3675000000001,
2023-05-31 22:00:00,33.0,49.5,0.8,1.23,1.11,0.46,1.72,0.47,1.29,0.057499999999999996,,,,0.0975,0.11,27.7375,81.1425,0.66,232.575,0.0,0.0,,981.41,
2023-05-31 23:00:00,33.0,49.5,0.8000000000000002,1.23,1.11,0.46,1.72,0.4066666666666667,1.29,0.05000000000000001,,,,0.08,0.09666666666666668,27.453333333333333,80.40333333333334,0.6333333333333333,239.19666666666663,0.0,0.0,,981.0466666666666,
2023-06-01 00:00:00,33.0,49.5,0.8000000000000002,1.23,1.11,0.46,1.72,0.35333333333333333,1.29,0.04,,,,0.07,0.08499999999999999,26.4925,83.62,0.3925,225.57999999999998,0.0,0.0,,980.3275,
2023-06-01 01:00:00,33.0,49.5,0.8,1.23,1.11,0.46,1.72,0.315,1.29,0.04,,,,0.0625,0.07,25.955,85.0175,0.5175,262.03,0.0,0.0,,980.56,
2023-06-01 02:00:00,33.0,49.5,0.8,1.23,1.11,0.46,1.72,0.28,1.29,0.0325,,,,0.0575,0.0675,25.41,85.4525,0.4175,244.01,0.0,0.0,,980.885,
2023-06-01 03:00:00,33.0,49.5,0.8,1.23,1.11,0.46,1.72,0.2575,1.29,0.03,,,,0.052500000000000005,0.0625,25.04,86.04249999999999,0.3325,241.835,0.0,0.0,,981.25,
2023-06-01 04:00:00,33.0,49.5,0.8,1.23,1.11,0.46,1.72,0.2375,1.29,0.03,,,,0.045,0.055,24.72,86.0325,0.3575,215.2875,0.0,0.0,5.145,981.4625,
2023-06-01 05:00:00,33.0,49.5,0.8,1.23,1.11,0.46,1.72,0.22999999999999998,1.29,0.03,,,,0.045,0.055,25.5425,81.88,0.5475,176.3675,0.0,0.0,39.385,982.0350000000001,
2023-06-01 06:00:00,33.0,49.5,0.8,1.23,1.11,0.46,1.72,0.2425,1.29,0.03,,,,0.0475,0.057499999999999996,29.2975,69.29,0.3425,168.5975,0.0,0.0,115.7125,982.5725,
2023-06-01 07:00:00,33.0,49.5,0.8,1.23,1.11,0.46,1.72,0.27,1.29,0.03,,,,0.052500000000000005,0.0625,32.305,61.0325,0.67,167.125,0.0,0.0,192.6375,982.8025,
2023-06-01 08:00:00,33.0,49.5,0.8,1.23,1.11,0.46,1.72,0.2575,1.29,0.03,,,,0.05,0.06,36.059999999999995,51.69,0.4975,150.035,0.0,0.0,252.33999999999997,982.77,
2023-06-01 09:00:00,33.0,49.5,0.8,1.23,1.11,0.46,1.72,0.265,1.29,0.03,,,,0.05,0.06,37.9425,48.79,0.505,102.17750000000001,0.0,0.0,251.83499999999998,982.3475000000001,
2023-06-01 10:00:00,33.0,49.5,0.8,1.23,1.11,0.46,1.72,0.2675,1.29,0.03,,,,0.055,0.065,37.269999999999996,50.025,1.055,154.12,0.0,0.0,190.4525,981.825,
2023-06-01 11:00:00,33.0,49.5,0.8,1.23,1.11,0.46,1.72,0.275,1.29,0.03,,,,0.057499999999999996,0.065,36.1925,51.8,0.99,210.23,0.0,0.0,175.8425,981.1,
2023-06-01 12:00:00,33.0,49.5,0.8,1.23,1.11,0.46,1.72,0.275,1.29,0.03,,,,0.055,0.065,36.7875,52.3425,0.4325,178.4075,0.0,0.0,61.2525,980.0925,
2023-06-01 13:00:00,33.0,49.5,0.8,1.23,1.11,0.46,1.72,0.2925,1.29,0.0325,,,,0.06,0.07,28.4975,82.465,1.18,235.78,0.0175,0.0175,73.0625,979.5675,
2023-06-01 14:00:00,33.0,49.5,0.8,1.23,1.11,0.46,1.72,0.31,1.29,0.0375,,,,0.0625,0.07250000000000001,31.6125,74.57249999999999,0.56,150.48250000000002,0.0,0.0,147.5675,978.8199999999999,
2023-06-01 15:00:00,33.0,49.5,0.8,1.23,1.11,0.46,1.72,0.345,1.29,0.04,,,,0.07,0.0825,33.795,69.2225,0.5375,198.0,0.0,0.0,104.835,977.7525,
2023-06-01 16:00:00,33.0,49.5,0.8,1.23,1.11,0.46,1.72,0.355,1.29,0.04,,,,0.07250000000000001,0.0825,34.575,67.545,0.3425,213.3975,0.0,0.0,44.57,977.5350000000001,
2023-06-01 17:00:00,33.0,49.5,0.8,1.23,1.11,0.46,1.72,0.3575,1.29,0.04,,,,0.07,0.0825,31.3825,81.465,0.3075,158.5925,0.0,0.0,7.7375,978.0825,
2023-06-01 18:00:00,33.0,49.5,0.8,1.23,1.11,0.46,1.72,0.3725,1.29,0.04,,,,0.07250000000000001,0.09,29.355,87.5675,0.3775,137.05,0.0,0.0,,978.5625,
2023-06-01 19:00:00,33.0,49.5,0.8,1.23,1.11,0.46,1.72,0.395,1.29,0.045,,,,0.08,0.0925,28.877499999999998,85.80499999999999,0.445,233.4175,0.0,0.0,,979.4,
2023-06-01 20:00:00,33.0,49.5,0.8,1.23,1.11,0.46,1.72,0.42,1.29,0.05,,,,0.0825,0.10250000000000001,28.4525,86.3775,0.44999999999999996,205.73000000000002,0.0,0.0,,979.965,
2023-06-01 21:00:00,33.0,49.5,0.8,1.23,1.11,0.46,1.72,0.365,1.29,0.0425,,,,0.07250000000000001,0.0875,27.017500000000002,83.1875,1.3675,209.3975,0.0025,0.0025,,980.4525,
2023-06-01 22:00:00,33.0,49.5,0.8,1.23,1.11,0.46,1.72,0.3375,1.29,0.04,,,,0.07,0.0775,25.3275,90.2025,0.5325,247.64,0.0,0.0,,980.505,
2023-06-01 23:00:00,33.0,49.5,0.8000000000000002,1.23,1.11,0.46,1.72,0.3233333333333333,1.29,0.04,,,,0.07,0.08,25.169999999999998,92.16666666666667,0.57,268.2266666666667,0.0,0.0,,980.0666666666666,
2023-06-02 00:00:00,33.0,49.5,0.8000000000000002,1.23,1.11,0.46,1.72,0.3033333333333333,1.29,0.04,,,,0.06,0.07,25.08,92.02,0.485,215.03500000000003,0.0025,0.0025,,979.645,
2023-06-02 01:00:00,33.0,49.5,0.8,1.23,1.11,0.46,1.72,0.2975,1.29,0.035,,,,0.06,0.07,24.85,93.4225,0.47500000000000003,164.4075,0.0025,0.0025,,979.53,
2023-06-02 02:00:00,33.0,49.5,0.8,1.23,1.11,0.46,1.72,0.31,1.29,0.04,,,,0.0625,0.07250000000000001,24.73,94.2175,0.23249999999999998,213.645,0.0,0.0,,979.2225000000001,
2023-06-02 03:00:00,33.0,49.5,0.8,1.23,1.11,0.46,1.72,0.295,1.29,0.03,,,,0.06,0.07,24.6,95.01,0.42000000000000004,229.23,0.0,0.0,,979.315,
2023-06-02 04:00:00,33.0,49.5,0.8,1.23,1.11,0.46,1.72,0.2875,1.29,0.03,,,,0.06,0.07,24.63,94.99,0.275,225.27,0.0,0.0,3.5566666666666666,980.105,
2023-06-02 05:00:00,33.0,49.5,0.8,1.23,1.11,0.46,1.72,0.2925,1.29,0.0325,,,,0.06,0.07,25.22,94.77,0.20750000000000002,196.605,0.0,0.0,25.532500000000002,981.06,
2023-06-02 06:00:00,33.0,49.5,0.8,1.23,1.11,0.46,1.72,0.3125,1.29,0.04,,,,0.06,0.07,27.317500000000003,86.845,0.3325,168.5875,0.0,0.0,90.00750000000001,981.96,
2023-06-02 07:00:00,33.0,49.5,0.8,1.23,1.11,0.46,1.72,0.3125,1.29,0.04,,,,0.06,0.07,30.1325,75.33,0.32,139.745,0.0,0.0,164.49,982.4075,
2023-06-02 08:00:00,33.0,49.5,0.8,1.23,1.11,0.46,1.72,0.305,1.29,0.04,,,,0.06,0.07,32.6625,66.4125,0.415,149.97,0.0,0.0,220.60750000000002,982.7750000000001,
2023-06-02 09:00:00,33.0,49.5,0.8,1.23,1.11,0.46,1.72,0.2975,1.29,0.0375,,,,0.06,0.07,32.6225,66.925,0.7375,157.895,0.0,0.0,199.59,982.73,
2023-06-02 10:00:00,33.0,49.5,0.8,1.23,1.11,0.46,1.72,0.3025,1.29,0.04,,,,0.06,0.07,31.76,70.0825,0.78,116.375,0.0,0.0,143.6775,982.7125,
2023-06-02 11:00:00,33.0,49.5,0.8,1.23,1.11,0.46,1.72,0.2975,1.29,0.035,,,,0.06,0.07,33.019999999999996,66.315,0.52,128.0375,0.0,0.0,182.675,982.28,
2023-06-02 12:00:00,33.0,49.5,0.8,1.23,1.11,0.46,1.72,0.2875,1.29,0.0325,,,,0.06,0.07,33.9975,63.2325,0.65,110.38,0.0,0.0,192.8875,981.4425,
2023-06-02 13:00:00,33.0,49.5,0.8,1.23,1.11,0.46,1.72,0.2875,1.29,0.03,,,,0.06,0.07,34.915,61.17,0.5449999999999999,136.96749999999997,0.0,0.0,161.265,980.4,
2023-06-02 14:00:00,33.0,49.5,0.8,1.23,1.11,0.46,1.72,0.29,1.29,0.03,,,,0.06,0.07,36.5975,56.01,0.5325,134.98000000000002,0.0,0.0,166.945,979.505,
2023-06-02 15:00:00,33.0,49.5,0.8,1.23,1.11,0.46,1.72,0.29,1.29,0.03,,,,0.06,0.07,35.365,58.2475,0.4675,115.5475,0.0,0.0,101.05,978.7825,
2023-06-02 16:00:00,33.0,49.5,0.8,1.23,1.11,0.46,1.72,0.29,1.29,0.0325,,,,0.06,0.07,33.3825,63.925,0.5475,131.45,0.0,0.0,50.5375,978.5174999999999,
2023-06-02 17:00:00,33.0,49.5,0.8,1.23,1.11,0.46,1.72,0.3075,1.29,0.0375,,,,0.0625,0.07250000000000001,31.085,71.3225,0.5275,167.2025,0.0,0.0,8.27,978.9625,
2023-06-02 18:00:00,33.0,49.5,0.8,1.23,1.11,0.46,1.72,0.3175,1.29,0.04,,,,0.0625,0.07500000000000001,29.215,79.07249999999999,0.21,213.2625,0.0,0.0,0.18,979.985,
2023-06-02 19:00:00,33.0,49.5,0.8,1.23,1.11,0.46,1.72,0.35250000000000004,1.29,0.04,,,,0.07,0.0825,27.8525,84.74,0.28,185.59,0.0,0.0,,980.895,
2023-06-02 20:00:00,33.0,49.5,0.8,1.23,1.11,0.46,1.72,0.375,1.29,0.0425,,,,0.0775,0.09,26.997500000000002,88.1125,0.35,191.7725,0.0,0.0,,981.2325,
2023-06-02 21:00:00,33.0,49.5,0.8,1.23,1.11,0.46,1.72,0.4275,1.29,0.05,,,,0.0875,0.1,26.7725,88.9375,0.4425,232.41,0.0,0.0,,981.62,
2023-06-02 22:00:00,33.0,49.5,0.8,1.23,1.11,0.46,1.72,0.4475,1.29,0.052500000000000005,,,,0.0925,0.1075,26.655,89.3675,0.65,222.51999999999998,0.0,0.0,,981.94,
2023-06-02 23:00:00,33.0,49.5,0.8000000000000002,1.23,1.11,0.46,1.72,0.4533333333333333,1.29,0.05333333333333334,,,,0.09000000000000001,0.11,26.3,90.44666666666666,0.25333333333333335,179.3133333333333,0.0,0.0,,981.6666666666666,
2023-06-03 00:00:00,33.0,49.5,0.8000000000000002,1.23,1.11,0.46,1.72,0.4033333333333333,1.29,0.05000000000000001,,,,0.0825,0.1,26.21,91.5525,0.3925,231.6425,0.0,0.0,,981.3075,
2023-06-03 01:00:00,33.0,49.5,0.8,1.23,1.11,0.46,1.72,0.3975,1.29,0.045,,,,0.0775,0.095,26.14,91.585,0.26249999999999996,205.535,0.0,0.0,,981.2175,
2023-06-03 02:00:00,33.0,49.5,0.8,1.23,1.11,0.46,1.72,0.3825,1.29,0.0425,,,,0.07250000000000001,0.09,25.8325,92.5925,0.23500000000000001,180.5675,0.0,0.0,,981.2,
2023-06-03 03:00:00,33.0,49.5,0.8,1.23,1.11,0.46,1.72,0.3325,1.29,0.04,,,,0.065,0.0775,25.71,90.7425,0.3175,156.655,0.0,0.0,,981.6324999999999,
2023-06-03 04:00:00,33.0,49.5,0.8,1.23,1.11,0.46,1.72,0.29,1.29,0.03,,,,0.06,0.07,25.4025,89.8475,0.2425,196.97,0.0,0.0,2.8666666666666667,982.0799999999999,
2023-06-03 05:00:00,33.0,49.5,0.8,1.23,1.11,0.46,1.72,0.29,1.29,0.03,,,,0.06,0.07,25.855,89.39500000000001,0.2525,191.915,0.0,0.0,24.509999999999998,982.5025,
2023-06-03 06:00:00,33.0,49.5,0.8,1.23,1.11,0.46,1.72,0.32,1.29,0.04,,,,0.065,0.07250000000000001,28.29,78.9375,0.41,149.2275,0.0,0.0,76.6775,983.105,
2023-06-03 07:00:00,33.0,49.5,0.8,1.23,1.11,0.46,1.72,0.31,1.29,0.04,,,,0.06,0.07,28.745,77.1275,0.5875,219.5925,0.0,0.0,50.8475,983.975,
2023-06-03 08:00:00,33.0,49.5,0.8,1.23,1.11,0.46,1.72,0.2975,1.29,0.035,,,,0.06,0.07,29.3275,71.4325,0.59,131.375,0.0025,0.0025,108.195,984.7525,
2023-06-03 09:00:00,33.0,49.5,0.8,1.23,1.11,0.46,1.72,0.29,1.29,0.0325,,,,0.06,0.07,27.775,80.62,0.41000000000000003,153.6325,0.0025,0.0025,140.6975,984.7925,
2023-06-03 10:00:00,33.0,49.5,0.8,1.23,1.11,0.46,1.72,0.2925,1.29,0.0325,,,,0.06,0.07,32.36,65.8775,0.43,136.4725,0.0,0.0,238.5375,984.565,
2023-06-03 11:00:00,33.0,49.5,0.8,1.23,1.11,0.46,1.72,0.29,1.29,0.03,,,,0.06,0.07,35.125,55.36,0.6950000000000001,122.85499999999999,0.0,0.0,237.485,984.0350000000001,
2023-06-03 12:00:00,,,,,,,,,,,,,,,,,,,,,0.0,,,
2023-06-03 13:00:00,,,,,,,,,,,,,,,,,,,,,0.0,,,
2023-06-03 14:00:00,,,,,,,,,,,,,,,,,,,,,0.0,,,
2023-06-03 15:00:00,,,,,,,,,,,,,,,,,,,,,0.0,,,
2023-06-03 16:00:00,,,,,,,,,,,,,,,,,,,,,0.0,,,
2023-06-03 17:00:00,,,,,,,,,,,,,,,,,,,,,0.0,,,
2023-06-03 18:00:00,,,,,,,,,,,,,,,,,,,,,0.0,,,
2023-06-03 19:00:00,,,,,,,,,,,,,,,,,,,,,0.0,,,
2023-06-03 20:00:00,,,,,,,,,,,,,,,,,,,,,0.0,,,
2023-06-03 21:00:00,,,,,,,,,,,,,,,,,,,,,0.0,,,
2023-06-03 22:00:00,,,,,,,,,,,,,,,,,,,,,0.0,,,
2023-06-03 23:00:00,,,,,,,,,,,,,,,,,,,,,0.0,,,
2023-06-04 00:00:00,,,,,,,,,,,,,,,,,,,,,0.0,,,
2023-06-04 01:00:00,,,,,,,,,,,,,,,,,,,,,0.0,,,
2023-06-04 02:00:00,,,,,,,,,,,,,,,,,,,,,0.0,,,
2023-06-04 03:00:00,,,,,,,,,,,,,,,,,,,,,0.0,,,
2023-06-04 04:00:00,,,,,,,,,,,,,,,,,,,,,0.0,,,
2023-06-04 05:00:00,,,,,,,,,,,,,,,,,,,,,0.0,,,
2023-06-04 06:00:00,,,,,,,,,,,,,,,,,,,,,0.0,,,
2023-06-04 07:00:00,,,,,,,,,,,,,,,,,,,,,0.0,,,
2023-06-04 08:00:00,,,,,,,,,,,,,,,,,,,,,0.0,,,
2023-06-04 09:00:00,,,,,,,,,,,,,,,,,,,,,0.0,,,
2023-06-04 10:00:00,,,,,,,,,,,,,,,,,,,,,0.0,,,
2023-06-04 11:00:00,,,,,,,,,,,,,,,,,,,,,0.0,,,
2023-06-04 12:00:00,,,,,,,,,,,,,,,,,,,,,0.0,,,
2023-06-04 13:00:00,,,,,,,,,,,,,,,,,,,,,0.0,,,
2023-06-04 14:00:00,,,,,,,,,,,,,,,,,,,,,0.0,,,
2023-06-04 15:00:00,,,,,,,,,,,,,,,,,,,,,0.0,,,
2023-06-04 16:00:00,,,,,,,,,,,,,,,,,,,,,0.0,,,
2023-06-04 17:00:00,,,,,,,,,,,,,,,,,,,,,0.0,,,
2023-06-04 18:00:00,,,,,,,,,,,,,,,,,,,,,0.0,,,
2023-06-04 19:00:00,,,,,,,,,,,,,,,,,,,,,0.0,,,
2023-06-04 20:00:00,,,,,,,,,,,,,,,,,,,,,0.0,,,
2023-06-04 21:00:00,,,,,,,,,,,,,,,,,,,,,0.0,,,
2023-06-04 22:00:00,,,,,,,,,,,,,,,,,,,,,0.0,,,
2023-06-04 23:00:00,,,,,,,,,,,,,,,,,,,,,0.0,,,
2023-06-05 00:00:00,,,,,,,,,,,,,,,,,,,,,0.0,,,
2023-06-05 01:00:00,,,,,,,,,,,,,,,,,,,,,0.0,,,
2023-06-05 02:00:00,,,,,,,,,,,,,,,,,,,,,0.0,,,
2023-06-05 03:00:00,,,,,,,,,,,,,,,,,,,,,0.0,,,
2023-06-05 04:00:00,,,,,,,,,,,,,,,,,,,,,0.0,,,
2023-06-05 05:00:00,,,,,,,,,,,,,,,,,,,,,0.0,,,
2023-06-05 06:00:00,,,,,,,,,,,,,,,,,,,,,0.0,,,
2023-06-05 07:00:00,,,,,,,,,,,,,,,,,,,,,0.0,,,
2023-06-05 08:00:00,,,,,,,,,,,,,,,,,,,,,0.0,,,
2023-06-05 09:00:00,,,,,,,,,,,,,,,,,,,,,0.0,,,
2023-06-05 10:00:00,26.8125,40.22,0.75,1.1525,1.04,0.4325,1.6125,0.2475,1.21,0.025,,,,0.045,0.0575,33.925,47.475,0.7675,98.175,0.0,0.0,204.1675,920.785,
2023-06-05 11:00:00,,,0.7675000000000001,1.23,1.11,0.44,1.6475,0.3075,1.235,0.0375,,,,0.057499999999999996,0.0675,35.6575,46.7675,0.5549999999999999,155.95,0.0,0.0,237.1075,940.7175,
2023-06-05 12:00:00,0.19000000000000003,,0.8,1.23,1.11,0.46,1.72,0.305,1.29,0.0375,,,,0.0625,0.07500000000000001,38.4275,46.9725,0.69,201.23,0.0,0.0,227.0025,980.75,
2023-06-05 13:00:00,15.35,25.5,0.8,1.23,1.11,0.46,1.72,0.3125,1.29,0.04,,,,0.0675,0.07500000000000001,36.915,50.385,1.1475,180.92000000000002,0.0,0.0,166.01749999999998,979.735,
2023-06-05 14:00:00,30.314999999999998,55.5,0.8,1.23,1.11,0.46,1.72,0.3175,1.29,0.04,,,,0.0625,0.07250000000000001,37.3675,49.817499999999995,0.9924999999999999,188.83,0.0,0.0,137.125,978.715,
2023-06-05 15:00:00,32.35,58.5,0.8,1.23,1.11,0.46,1.72,0.3325,1.29,0.04,,,,0.0675,0.0775,37.1325,49.980000000000004,0.9950000000000001,157.825,0.0,0.0,120.1825,978.085,
2023-06-05 16:00:00,40.480000000000004,65.765,0.8,1.23,1.11,0.46,1.72,0.3525,1.29,0.04,,,,0.07,0.08499999999999999,37.0775,52.9975,0.4975,176.635,0.0,0.0,60.7975,977.7025,
2023-06-05 17:00:00,53.29,89.14,0.8,1.23,1.11,0.46,1.72,0.34,1.29,0.04,,,,0.07,0.08,35.92,59.73,0.31,217.29,0.0,0.0,33.78,977.53,
2023-06-05 18:00:00,,,,,,,,,,,,,,,,,,,,,0.0,,,
2023-06-05 19:00:00,,,,,,,,,,,,,,,,,,,,,0.0,,,
2023-06-05 20:00:00,,,,,,,,,,,,,,,,,,,,,0.0,,,
2023-06-05 21:00:00,,,,,,,,,,,,,,,,,,,,,0.0,,,
2023-06-05 22:00:00,,,,,,,,,,,,,,,,,,,,,0.0,,,
2023-06-05 23:00:00,,,,,,,,,,,,,,,,,,,,,0.0,,,
2023-06-06 00:00:00,,,,,,,,,,,,,,,,,,,,,0.0,,,
2023-06-06 01:00:00,,,,,,,,,,,,,,,,,,,,,0.0,,,
2023-06-06 02:00:00,,,,,,,,,,,,,,,,,,,,,0.0,,,
2023-06-06 03:00:00,,,,,,,,,,,,,,,,,,,,,0.0,,,
2023-06-06 04:00:00,,,,,,,,,,,,,,,,,,,,,0.0,,,
2023-06-06 05:00:00,,,,,,,,,,,,,,,,,,,,,0.0,,,
2023-06-06 06:00:00,,,,,,,,,,,,,,,,,,,,,0.0,,,
2023-06-06 07:00:00,,,,,,,,,,,,,,,,,,,,,0.0,,,
2023-06-06 08:00:00,,,,,,,,,,,,,,,,,,,,,0.0,,,
2023-06-06 09:00:00,,,,,,,,,,,,,,,,,,,,,0.0,,,
2023-06-06 10:00:00,55.223333333333336,93.0,0.8000000000000002,1.23,1.11,0.46,1.72,0.2333333333333333,1.29,0.02666666666666667,,,,0.04666666666666667,0.05666666666666667,38.35666666666666,49.0,0.48,166.04,0.0,0.0,216.30999999999997,981.1899999999999,
2023-06-06 11:00:00,0.1925,,0.8,1.23,1.11,0.46,1.72,0.305,1.29,0.035,,,,0.0625,0.07500000000000001,37.785,49.6575,0.875,162.10500000000002,0.0,0.0,231.5675,980.4775,
2023-06-06 12:00:00,11.0425,18.0,0.8,1.23,1.11,0.46,1.72,0.31,1.29,0.04,,,,0.06,0.07,37.4875,51.4875,0.875,123.36,0.0,0.0,203.115,979.3299999999999,
2023-06-06 13:00:00,14.45,24.0,0.8,1.23,1.11,0.46,1.72,0.32,1.29,0.04,,,,0.0625,0.07500000000000001,37.635,51.3575,1.2075,168.985,0.0,0.0,173.82,978.09,
2023-06-06 14:00:00,26.432499999999997,49.875,0.8,1.23,1.11,0.46,1.72,0.3275,1.29,0.04,,,,0.0625,0.07500000000000001,37.15,52.707499999999996,1.01,176.7075,0.0,0.0,111.5375,977.025,
2023-06-06 15:00:00,38.305,63.9375,0.8,1.23,1.11,0.46,1.72,0.3425,1.29,0.04,,,,0.07250000000000001,0.0825,36.839999999999996,54.224999999999994,0.925,146.4375,0.0,0.0,87.59,976.61,
2023-06-06 16:00:00,38.8275,63.0,0.8,1.23,1.11,0.46,1.72,0.355,1.29,0.04,,,,0.07,0.0825,35.5225,59.3525,0.625,176.215,0.0,0.0,32.8175,976.5175,
2023-06-06 17:00:00,48.917500000000004,76.5,0.8,1.23,1.11,0.46,1.72,0.325,1.29,0.04,,,,0.065,0.07500000000000001,32.855000000000004,72.2825,0.43,135.10750000000002,0.0,0.0,8.075,977.02,
2023-06-06 18:00:00,18.2,33.0,0.8,1.23,1.11,0.46,1.72,0.335,1.29,0.04,,,,0.07,0.08,30.5275,79.4875,0.4425,180.7375,0.0,0.0,0.22,977.7025,
2023-06-06 19:00:00,45.542500000000004,74.6875,0.8,1.23,1.11,0.46,1.72,0.3625,1.29,0.0425,,,,0.07250000000000001,0.085,29.72,81.05,0.40750000000000003,214.5325,0.0,0.0,,978.4625,
2023-06-06 20:00:00,37.25,56.74,0.8,1.23,1.11,0.46,1.72,0.41500000000000004,1.29,0.052500000000000005,,,,0.0825,0.1,29.0675,83.5375,0.6074999999999999,253.2475,0.0,0.0,,979.4200000000001,
2023-06-06 21:00:00,49.1225,84.0,0.8,1.23,1.11,0.46,1.72,0.52,1.29,0.0625,,,,0.10500000000000001,0.125,28.4525,86.0075,0.5875,224.415,0.0,0.0,,980.005,
2023-06-06 22:00:00,47.792500000000004,83.375,0.8,1.23,1.11,0.46,1.72,0.4825,1.29,0.057499999999999996,,,,0.0975,0.1175,27.7475,87.43,0.3075,191.425,0.0,0.0,,979.925,
2023-06-06 23:00:00,58.46,91.5,0.8000000000000002,1.23,1.11,0.46,1.72,0.4266666666666667,1.29,0.05000000000000001,,,,0.08666666666666667,0.10000000000000002,26.74666666666667,89.42333333333333,0.33666666666666667,157.92,0.0,0.0,,979.9233333333333,
2023-06-07 00:00:00,33.48,63.0,0.8000000000000002,1.23,1.11,0.46,1.72,0.3866666666666667,1.29,0.043333333333333335,,,,0.0775,0.0925,26.302500000000002,90.445,0.2975,198.57999999999998,0.0,0.0,,980.0174999999999,
2023-06-07 01:00:00,42.6875,68.2975,0.8,1.23,1.11,0.46,1.72,0.345,1.29,0.04,,,,0.07,0.0825,26.127499999999998,88.8325,0.2525,244.57,0.0,0.0,,979.8025,
2023-06-07 02:00:00,24.5325,42.14,0.8,1.23,1.11,0.46,1.72,0.32,1.29,0.04,,,,0.065,0.07500000000000001,25.759999999999998,90.0675,0.27749999999999997,246.5175,0.0,0.0,,979.7275,
2023-06-07 03:00:00,34.905,52.3125,0.8,1.23,1.11,0.46,1.72,0.2925,1.29,0.0325,,,,0.06,0.07,25.68,89.9525,0.365,224.055,0.0,0.0,,979.6424999999999,
2023-06-07 04:00:00,22.53,34.875,0.8,1.23,1.11,0.46,1.72,0.28500000000000003,1.29,0.03,,,,0.06,0.07,25.5675,89.84,0.4275,219.195,0.0,0.0,2.5733333333333333,979.6775,
2023-06-07 05:00:00,43.97,81.0,0.8,1.23,1.11,0.46,1.72,0.28,1.29,0.03,,,,0.06,0.07,26.134999999999998,87.5125,0.3775,208.89499999999998,0.0,0.0,23.5225,980.01,
2023-06-07 06:00:00,41.205,67.9825,0.8,1.23,1.11,0.46,1.72,0.3,1.29,0.035,,,,0.06,0.07,28.48,79.08,0.63,181.745,0.0,0.0,92.9575,980.4625,
2023-06-07 07:00:00,48.78,78.0,0.8,1.23,1.11,0.46,1.72,0.315,1.29,0.04,,,,0.065,0.07500000000000001,31.32,68.89,0.5900000000000001,162.14499999999998,0.0,0.0,109.21000000000001,980.9925000000001,
2023-06-07 08:00:00,57.25,91.5,0.8,1.23,1.11,0.46,1.72,0.3075,1.29,0.04,,,,0.06,0.07,33.58,60.13,0.65,195.75,0.0,0.0,160.335,981.1225,
2023-06-07 09:00:00,53.7975,88.595,0.8,1.23,1.11,0.46,1.72,0.305,1.29,0.04,,,,0.06,0.07,35.8625,53.4225,0.36,202.6625,0.0,0.0,115.21000000000001,981.0725,
2023-06-07 10:00:00,45.53,67.9825,0.8,1.23,1.11,0.46,1.72,0.3275,1.29,0.04,,,,0.07,0.08,37.745,51.332499999999996,0.47,154.855,0.0,0.0,202.85999999999999,980.6975,
2023-06-07 11:00:00,39.47,67.5,0.8,1.23,1.11,0.46,1.72,0.32,1.29,0.04,,,,0.0625,0.07250000000000001,40.0275,46.515,0.64,154.8725,0.0,0.0,230.835,979.91,
2023-06-07 12:00:00,42.125,72.0,0.8,1.23,1.11,0.46,1.72,0.305,1.29,0.04,,,,0.06,0.07,39.5775,47.4275,0.695,150.8075,0.0,0.0,186.1725,978.8625,
2023-06-07 13:00:00,41.6575,75.0,0.8,1.23,1.11,0.46,1.72,0.315,1.29,0.04,,,,0.065,0.07500000000000001,38.1725,51.13,1.0975000000000001,144.8125,0.0,0.0,193.0025,977.775,
2023-06-07 14:00:00,47.0,70.64,0.8,1.23,1.11,0.46,1.72,0.3325,1.29,0.04,,,,0.0675,0.0775,40.1925,48.5,0.625,116.725,0.0,0.0,154.66,976.9325,
2023-06-07 15:00:00,41.815,66.8925,0.8,1.23,1.11,0.46,1.72,0.3425,1.29,0.04,,,,0.07,0.08,37.1025,55.287499999999994,0.8475,143.6325,0.0,0.0,63.332499999999996,976.625,
2023-06-07 16:00:00,44.75,72.3225,0.8,1.23,1.11,0.46,1.72,0.3525,1.29,0.04,,,,0.07,0.08,35.0875,61.765,0.62,189.2625,0.0,0.0,22.035,976.79,
2023-06-07 17:00:00,45.125,69.845,0.8,1.23,1.11,0.46,1.72,0.3525,1.29,0.04,,,,0.07,0.0825,33.68,69.5025,0.4475,135.0475,0.0,0.0,7.3,977.5925,
2023-06-07 18:00:00,41.625,76.36,0.8,1.23,1.11,0.46,1.72,0.3425,1.29,0.04,,,,0.07,0.08,31.7325,77.1575,0.40249999999999997,174.6825,0.0,0.0,1.32,978.415,
2023-06-07 19:00:00,30.990000000000002,55.5,0.8,1.23,1.11,0.46,1.72,0.39,1.29,0.045,,,,0.0775,0.095,31.1175,79.665,0.34249999999999997,176.015,0.0,0.0,,979.19,
2023-06-07 20:00:00,42.095,72.655,0.8,1.23,1.11,0.46,1.72,0.43,1.29,0.052500000000000005,,,,0.0875,0.10250000000000001,30.6725,81.7625,0.305,169.535,0.0,0.0,,979.735,
2023-06-07 21:00:00,30.165,50.207499999999996,0.8,1.23,1.11,0.46,1.72,0.445,1.29,0.052500000000000005,,,,0.0875,0.10250000000000001,29.96,84.14,0.2975,181.945,0.0,0.0,,980.1975,
2023-06-07 22:00:00,44.5,73.5,0.8,1.23,1.11,0.46,1.72,0.4175,1.29,0.05,,,,0.08499999999999999,0.1,29.17,86.925,0.33,259.46500000000003,0.0,0.0,,980.3675,
2023-06-07 23:00:00,38.54333333333333,63.0,0.8000000000000002,1.23,1.11,0.46,1.72,0.4566666666666667,1.29,0.05333333333333334,,,,0.09000000000000001,0.10666666666666667,29.036666666666665,87.53666666666668,0.20333333333333334,205.64666666666668,0.0,0.0,,980.2066666666666,
2023-06-08 00:00:00,55.083333333333336,90.0,0.8000000000000002,1.23,1.11,0.46,1.72,0.4000000000000001,1.29,0.05000000000000001,,,,0.08,0.0975,28.5325,88.5775,0.245,246.4925,0.0,0.0,,979.87,
2023-06-08 01:00:00,35.97,59.5775,0.8,1.23,1.11,0.46,1.72,0.3775,1.29,0.0425,,,,0.07250000000000001,0.09,28.0575,90.10000000000001,0.23,178.7525,0.0,0.0,,979.7275,
2023-06-08 02:00:00,35.597500000000004,63.0,0.8,1.23,1.11,0.46,1.72,0.3475,1.29,0.04,,,,0.07,0.08,27.6575,90.795,0.4825,253.005,0.0,0.0,,979.5274999999999,
2023-06-08 03:00:00,30.1125,57.167500000000004,0.8,1.23,1.11,0.46,1.72,0.34,1.29,0.04,,,,0.07,0.08,27.495,91.38499999999999,0.47250000000000003,249.3175,0.0,0.0,,979.3975,
2023-06-08 04:00:00,35.4375,56.6725,0.8,1.23,1.11,0.46,1.72,0.3275,1.29,0.04,,,,0.065,0.0775,27.4475,90.955,0.39999999999999997,250.9025,0.0,0.0,4.3933333333333335,979.6225,
2023-06-08 05:00:00,28.060000000000002,48.0,0.8,1.23,1.11,0.46,1.72,0.33,1.29,0.04,,,,0.07,0.08,28.045,88.31,0.27,215.39499999999998,0.0,0.0,21.1225,980.0325,
2023-06-08 06:00:00,26.28,42.0,0.8,1.23,1.11,0.46,1.72,0.355,1.29,0.04,,,,0.07,0.0875,30.6625,79.24249999999999,0.355,181.3375,0.0,0.0,94.7025,980.365,
2023-06-08 07:00:00,38.9075,68.155,0.8,1.23,1.11,0.46,1.72,0.355,1.29,0.04,,,,0.07,0.08499999999999999,34.370000000000005,66.3275,0.4225,172.0275,0.0,0.0,152.24,980.72,
2023-06-08 08:00:00,49.625,82.0775,0.8,1.23,1.11,0.46,1.72,0.35,1.29,0.04,,,,0.07,0.0825,36.93,56.4,0.2475,143.2,0.0,0.0,112.4025,980.9075,
2023-06-08 09:00:00,39.935,66.0,0.8,1.23,1.11,0.46,1.72,0.3425,1.29,0.04,,,,0.07,0.08,38.322500000000005,53.5875,0.4275,134.81,0.0,0.0,212.66500000000002,980.78,
2023-06-08 10:00:00,53.2525,91.5475,0.8,1.23,1.11,0.46,1.72,0.32,1.29,0.04,,,,0.0625,0.07250000000000001,38.135,51.4925,0.445,168.8675,0.0,0.0,166.72,980.36,
2023-06-08 11:00:00,38.0325,67.5,0.8,1.23,1.11,0.46,1.72,0.315,1.29,0.04,,,,0.06,0.07,38.845,50.0925,0.6275,164.5025,0.0,0.0,221.64999999999998,979.405,
2023-06-08 12:00:00,36.88,63.0,0.8,1.23,1.11,0.46,1.72,0.305,1.29,0.04,,,,0.06,0.07,40.44,44.84,0.485,156.10500000000002,0.0,0.0,222.0,978.345,
2023-06-08 13:00:00,,,,,,,,,,,,,,,,,,,,,0.0,,,
2023-06-08 14:00:00,,,,,,,,,,,,,,,,,,,,,0.0,,,
2023-06-08 15:00:00,,,,,,,,,,,,,,,,,,,,,0.0,,,
2023-06-08 16:00:00,,,,,,,,,,,,,,,,,,,,,0.0,,,
2023-06-08 17:00:00,,,,,,,,,,,,,,,,,,,,,0.0,,,
2023-06-08 18:00:00,,,,,,,,,,,,,,,,,,,,,0.0,,,
2023-06-08 19:00:00,,,,,,,,,,,,,,,,,,,,,0.0,,,
2023-06-08 20:00:00,,,,,,,,,,,,,,,,,,,,,0.0,,,
2023-06-08 21:00:00,,,,,,,,,,,,,,,,,,,,,0.0,,,
2023-06-08 22:00:00,,,,,,,,,,,,,,,,,,,,,0.0,,,
2023-06-08 23:00:00,,,,,,,,,,,,,,,,,,,,,0.0,,,
2023-06-09 00:00:00,,,,,,,,,,,,,,,,,,,,,0.0,,,
2023-06-09 01:00:00,,,,,,,,,,,,,,,,,,,,,0.0,,,
2023-06-09 02:00:00,,,,,,,,,,,,,,,,,,,,,0.0,,,
2023-06-09 03:00:00,,,,,,,,,,,,,,,,,,,,,0.0,,,
2023-06-09 04:00:00,,,,,,,,,,,,,,,,,,,,,0.0,,,
2023-06-09 05:00:00,,,,,,,,,,,,,,,,,,,,,0.0,,,
2023-06-09 06:00:00,,,,,,,,,,,,,,,,,,,,,0.0,,,
2023-06-09 07:00:00,,,,,,,,,,,,,,,,,,,,,0.0,,,
2023-06-09 08:00:00,,,,,,,,,,,,,,,,,,,,,0.0,,,
2023-06-09 09:00:00,,,,,,,,,,,,,,,,,,,,,0.0,,,
2023-06-09 10:00:00,36.586666666666666,63.0,0.8000000000000002,1.23,1.11,0.46,1.72,0.2233333333333333,1.29,0.023333333333333334,,,,0.043333333333333335,0.05333333333333334,36.669999999999995,55.43666666666667,0.35333333333333333,171.97333333333336,0.0,0.0,69.39999999999999,979.1700000000001,
2023-06-09 11:00:00,2.88,7.88,0.8,1.23,1.11,0.46,1.72,0.3375,1.29,0.04,,,,0.07,0.08,33.205,69.8575,0.9925,189.5775,0.0,0.0,90.68,978.6,
2023-06-09 12:00:00,24.5,43.595,0.8,1.23,1.11,0.46,1.72,0.3225,1.29,0.04,,,,0.0625,0.07250000000000001,34.082499999999996,66.1,1.0975000000000001,186.2575,0.0,0.0,161.2025,976.7475,
2023-06-09 13:00:00,,,,,,,,,,,,,,,,,,,,,0.0,,,
2023-06-09 14:00:00,,,,,,,,,,,,,,,,,,,,,0.0,,,
2023-06-09 15:00:00,,,,,,,,,,,,,,,,,,,,,0.0,,,
2023-06-09 16:00:00,,,,,,,,,,,,,,,,,,,,,0.0,,,
2023-06-09 17:00:00,,,,,,,,,,,,,,,,,,,,,0.0,,,
2023-06-09 18:00:00,,,,,,,,,,,,,,,,,,,,,0.0,,,
2023-06-09 19:00:00,,,,,,,,,,,,,,,,,,,,,0.0,,,
2023-06-09 20:00:00,,,,,,,,,,,,,,,,,,,,,0.0,,,
2023-06-09 21:00:00,,,,,,,,,,,,,,,,,,,,,0.0,,,
2023-06-09 22:00:00,,,,,,,,,,,,,,,,,,,,,0.0,,,
2023-06-09 23:00:00,,,,,,,,,,,,,,,,,,,,,0.0,,,
2023-06-10 00:00:00,,,,,,,,,,,,,,,,,,,,,0.0,,,
2023-06-10 01:00:00,,,,,,,,,,,,,,,,,,,,,0.0,,,
2023-06-10 02:00:00,,,,,,,,,,,,,,,,,,,,,0.0,,,
2023-06-10 03:00:00,,,,,,,,,,,,,,,,,,,,,0.0,,,
2023-06-10 04:00:00,,,,,,,,,,,,,,,,,,,,,0.0,,,
2023-06-10 05:00:00,,,,,,,,,,,,,,,,,,,,,0.0,,,
2023-06-10 06:00:00,,,,,,,,,,,,,,,,,,,,,0.0,,,
2023-06-10 07:00:00,,,,,,,,,,,,,,,,,,,,,0.0,,,
2023-06-10 08:00:00,,,,,,,,,,,,,,,,,,,,,0.0,,,
2023-06-10 09:00:00,,,,,,,,,,,,,,,,,,,,,0.0,,,
2023-06-10 10:00:00,,,,,,,,,,,,,,,,,,,,,0.0,,,
2023-06-10 11:00:00,,,,,,,,,,,,,,,,,,,,,0.0,,,
2023-06-10 12:00:00,,,,,,,,,,,,,,,,,,,,,0.0,,,
2023-06-10 13:00:00,,,,,,,,,,,,,,,,,,,,,0.0,,,
2023-06-10 14:00:00,,,,,,,,,,,,,,,,,,,,,0.0,,,
2023-06-10 15:00:00,,,,,,,,,,,,,,,,,,,,,0.0,,,
2023-06-10 16:00:00,,,,,,,,,,,,,,,,,,,,,0.0,,,
2023-06-10 17:00:00,,,,,,,,,,,,,,,,,,,,,0.0,,,
2023-06-10 18:00:00,,,,,,,,,,,,,,,,,,,,,0.0,,,
2023-06-10 19:00:00,,,,,,,,,,,,,,,,,,,,,0.0,,,
2023-06-10 20:00:00,,,,,,,,,,,,,,,,,,,,,0.0,,,
2023-06-10 21:00:00,,,,,,,,,,,,,,,,,,,,,0.0,,,
2023-06-10 22:00:00,,,,,,,,,,,,,,,,,,,,,0.0,,,
2023-06-10 23:00:00,,,,,,,,,,,,,,,,,,,,,0.0,,,
2023-06-11 00:00:00,,,,,,,,,,,,,,,,,,,,,0.0,,,
2023-06-11 01:00:00,,,,,,,,,,,,,,,,,,,,,0.0,,,
2023-06-11 02:00:00,,,,,,,,,,,,,,,,,,,,,0.0,,,
2023-06-11 03:00:00,,,,,,,,,,,,,,,,,,,,,0.0,,,
2023-06-11 04:00:00,,,,,,,,,,,,,,,,,,,,,0.0,,,
2023-06-11 05:00:00,,,,,,,,,,,,,,,,,,,,,0.0,,,
2023-06-11 06:00:00,,,,,,,,,,,,,,,,,,,,,0.0,,,
2023-06-11 07:00:00,,,,,,,,,,,,,,,,,,,,,0.0,,,
2023-06-11 08:00:00,,,,,,,,,,,,,,,,,,,,,0.0,,,
2023-06-11 09:00:00,,,,,,,,,,,,,,,,,,,,,0.0,,,
2023-06-11 10:00:00,,,,,,,,,,,,,,,,,,,,,0.0,,,
2023-06-11 11:00:00,,,,,,,,,,,,,,,,,,,,,0.0,,,
2023-06-11 12:00:00,,,,,,,,,,,,,,,,,,,,,0.0,,,
2023-06-11 13:00:00,,,,,,,,,,,,,,,,,,,,,0.0,,,
2023-06-11 14:00:00,,,,,,,,,,,,,,,,,,,,,0.0,,,
2023-06-11 15:00:00,,,,,,,,,,,,,,,,,,,,,0.0,,,
2023-06-11 16:00:00,,,,,,,,,,,,,,,,,,,,,0.0,,,
2023-06-11 17:00:00,,,,,,,,,,,,,,,,,,,,,0.0,,,
2023-06-11 18:00:00,,,,,,,,,,,,,,,,,,,,,0.0,,,
2023-06-11 19:00:00,,,,,,,,,,,,,,,,,,,,,0.0,,,
2023-06-11 20:00:00,,,,,,,,,,,,,,,,,,,,,0.0,,,
2023-06-11 21:00:00,,,,,,,,,,,,,,,,,,,,,0.0,,,
2023-06-11 22:00:00,,,,,,,,,,,,,,,,,,,,,0.0,,,
2023-06-11 23:00:00,,,,,,,,,,,,,,,,,,,,,0.0,,,
2023-06-12 00:00:00,,,,,,,,,,,,,,,,,,,,,0.0,,,
2023-06-12 01:00:00,,,,,,,,,,,,,,,,,,,,,0.0,,,
2023-06-12 02:00:00,,,,,,,,,,,,,,,,,,,,,0.0,,,
2023-06-12 03:00:00,,,,,,,,,,,,,,,,,,,,,0.0,,,
2023-06-12 04:00:00,,,,,,,,,,,,,,,,,,,,,0.0,,,
2023-06-12 05:00:00,,,,,,,,,,,,,,,,,,,,,0.0,,,
2023-06-12 06:00:00,,,,,,,,,,,,,,,,,,,,,0.0,,,
2023-06-12 07:00:00,,,,,,,,,,,,,,,,,,,,,0.0,,,
2023-06-12 08:00:00,,,,,,,,,,,,,,,,,,,,,0.0,,,
2023-06-12 09:00:00,,,,,,,,,,,,,,,,,,,,,0.0,,,
2023-06-12 10:00:00,19.0,42.0,0.8,1.23,1.11,0.46,1.72,0.1,1.29,0.01,,,,0.03,0.04,27.98,81.17,0.38,100.81,0.0,0.0,48.12,979.21,
2023-06-12 11:00:00,,,0.8,1.23,1.11,0.46,1.72,0.175,1.29,0.02,,,,0.035,0.04,28.7075,79.7225,0.485,126.7025,0.0,0.0,71.9475,978.9175,
2023-06-12 12:00:00,0.19,,0.8,1.23,1.11,0.46,1.72,0.2025,1.29,0.0225,,,,0.04,0.0475,28.5725,79.325,0.5225,96.7625,0.0,0.0,52.0525,978.3925,
2023-06-12 13:00:00,0.12,,0.8,1.23,1.11,0.46,1.72,0.21000000000000002,1.29,0.0225,,,,0.04,0.05,29.28,76.0275,0.555,151.26,0.0,0.0,77.855,977.5425,
2023-06-12 14:00:00,0.18,,0.8,1.23,1.11,0.46,1.72,0.2075,1.29,0.03,,,,0.04,0.05,30.3825,73.0075,0.4225,144.945,0.0,0.0,114.655,976.9875,
2023-06-12 15:00:00,,,0.8,1.23,1.11,0.46,1.72,0.215,1.29,0.03,,,,0.04,0.05,31.1175,70.125,0.4475,158.265,0.0,0.0,85.6675,976.6125,
2023-06-12 16:00:00,,,0.8,1.23,1.11,0.46,1.72,0.2075,1.29,0.0275,,,,0.04,0.05,31.42,69.1075,0.5775,122.2025,0.0,0.0,67.3725,976.37,
2023-06-12 17:00:00,,,0.8,1.23,1.11,0.46,1.72,0.25,1.29,0.03,,,,0.05,0.06,28.607499999999998,78.1225,0.3025,184.29749999999999,0.0,0.0,7.9875,976.5625,
2023-06-12 18:00:00,,,0.8,1.23,1.11,0.46,1.72,0.255,1.29,0.0325,,,,0.052500000000000005,0.0625,27.105,84.92750000000001,0.2525,181.98000000000002,0.0,0.0,0.15,977.0825,
2023-06-12 19:00:00,,,0.8,1.23,1.11,0.46,1.72,0.29,1.29,0.035,,,,0.055,0.065,26.0675,89.8475,0.3,160.6175,0.0,0.0,,977.79,
2023-06-12 20:00:00,,,0.8,1.23,1.11,0.46,1.72,0.29,1.29,0.0325,,,,0.057499999999999996,0.07,25.77,91.80250000000001,0.1525,134.5,0.0,0.0,,978.5325,
2023-06-12 21:00:00,,,0.8,1.23,1.11,0.46,1.72,0.33,1.29,0.04,,,,0.065,0.07500000000000001,25.835,91.4725,0.17,160.3,0.0,0.0,,978.6825,
2023-06-12 22:00:00,,,0.8,1.23,1.11,0.46,1.72,0.34750000000000003,1.29,0.04,,,,0.0675,0.0825,25.392500000000002,92.6675,0.2175,139.4075,0.0,0.0,,978.43,
2023-06-12 23:00:00,,,0.8000000000000002,1.23,1.11,0.46,1.72,0.3666666666666667,1.29,0.04,,,,0.07,0.09000000000000001,25.243333333333336,93.34666666666665,0.26666666666666666,256.94666666666666,0.0,0.0,,978.4766666666666,
2023-06-13 00:00:00,,,0.8000000000000002,1.23,1.11,0.46,1.72,0.39666666666666667,1.29,0.05000000000000001,,,,0.08,0.0975,25.345,93.635,0.1375,187.6625,0.0,0.0,,978.1,
2023-06-13 01:00:00,,,0.8,1.23,1.11,0.46,1.72,0.3825,1.29,0.045,,,,0.07500000000000001,0.0925,25.2225,93.67750000000001,0.22250000000000003,194.055,0.0,0.0,,977.4300000000001,
2023-06-13 02:00:00,,,0.8,1.23,1.11,0.46,1.72,0.34,1.29,0.04,,,,0.07,0.08,25.0575,94.50999999999999,0.3925,215.6725,0.0,0.0,,976.9025,
2023-06-13 03:00:00,,,0.8,1.23,1.11,0.46,1.72,0.3375,1.29,0.04,,,,0.0675,0.0775,24.9675,95.08500000000001,0.2125,180.3175,0.0025,0.0025,,976.6324999999999,
2023-06-13 04:00:00,,,0.8,1.23,1.11,0.46,1.72,0.29000000000000004,1.29,0.035,,,,0.057499999999999996,0.0675,24.7725,95.5775,0.5175,219.1,0.0125,0.0125,0.6699999999999999,977.0825,
2023-06-13 05:00:00,,,0.8,1.23,1.11,0.46,1.72,0.2725,1.29,0.0325,,,,0.05500000000000001,0.065,24.67,96.375,0.43000000000000005,184.8875,0.0075,0.0075,4.545,977.445,
2023-06-13 06:00:00,,,0.8,1.23,1.11,0.46,1.72,0.275,1.29,0.03,,,,0.057499999999999996,0.0675,24.79,96.75,0.385,162.845,0.0025,0.0025,10.115,977.755,
2023-06-13 07:00:00,,,0.8,1.23,1.11,0.46,1.72,0.2925,1.29,0.035,,,,0.057499999999999996,0.0675,25.2025,96.9875,0.195,175.9275,0.0,0.0,24.0625,978.085,
2023-06-13 08:00:00,,,0.8,1.23,1.11,0.46,1.72,0.2825,1.29,0.03,,,,0.055,0.0675,25.64,96.5275,0.28500000000000003,185.29749999999999,0.0,0.0,26.8975,978.3575,
2023-06-13 09:00:00,,,0.8,1.23,1.11,0.46,1.72,0.2775,1.29,0.03,,,,0.057499999999999996,0.0675,27.2825,94.345,0.255,141.5075,0.0,0.0,71.73,978.39,
2023-06-13 10:00:00,,,0.8,1.23,1.11,0.44,1.72,0.2575,1.235,0.03,,,,0.05,0.06,28.02,85.19,0.5575,137.615,0.0,0.0,70.925,978.07,
2023-06-13 11:00:00,0.215,,0.8,1.23,1.11,0.46,1.72,0.2275,1.29,0.03,,,,0.0425,0.052500000000000005,29.18,82.5475,0.505,148.39,0.0,0.0,229.2375,977.3199999999999,
2023-06-13 12:00:00,0.25,,0.8,1.23,1.11,0.46,1.72,0.2625,1.29,0.03,,,,0.05,0.06,30.92,76.31750000000001,0.5375,136.4675,0.0,0.0,138.59,976.225,
2023-06-13 13:00:00,0.12,,0.8,1.23,1.11,0.46,1.72,0.27249999999999996,1.29,0.03,,,,0.055,0.065,31.57,73.21000000000001,0.62,109.8825,0.0,0.0,145.8475,975.55,
2023-06-13 14:00:00,0.12,,0.8,1.23,1.11,0.46,1.72,0.2475,1.29,0.03,,,,0.05,0.06,32.6125,70.405,0.5725,160.03,0.0,0.0,167.3975,974.995,
2023-06-13 15:00:00,1.0,1.4,0.8,1.23,1.11,0.46,1.72,0.27,1.29,0.03,,,,0.052500000000000005,0.0625,32.6325,69.3425,0.49,118.75,0.0,0.0,73.875,974.495,
2023-06-13 16:00:00,10.145,16.7675,0.8,1.23,1.11,0.46,1.72,0.26,1.29,0.03,,,,0.05,0.06,30.575,73.9075,0.5725,132.6175,0.0,0.0,34.0375,974.62,
2023-06-13 17:00:00,7.1850000000000005,12.375,0.8,1.23,1.11,0.46,1.72,0.2825,1.29,0.03,,,,0.06,0.07,28.752499999999998,80.6075,0.4525,127.11,0.0,0.0,2.1625,974.8225,
2023-06-13 18:00:00,11.53,17.625,0.8,1.23,1.11,0.46,1.72,0.265,1.29,0.03,,,,0.052500000000000005,0.0625,28.095,82.56,0.3575,111.4925,0.0,0.0,0.04,975.6949999999999,
2023-06-13 19:00:00,6.7075,12.375,0.8,1.23,1.11,0.46,1.72,0.29,1.29,0.0325,,,,0.06,0.07,26.9875,87.02000000000001,0.325,167.8725,0.0,0.0,,976.2674999999999,
2023-06-13 20:00:00,12.595,20.72,0.8,1.23,1.11,0.46,1.72,0.3025,1.29,0.0375,,,,0.06,0.07,26.5575,89.4125,0.645,143.1725,0.005,0.005,,977.1425,
2023-06-13 21:00:00,12.3325,21.0,0.8,1.23,1.11,0.46,1.72,0.2725,1.29,0.03,,,,0.055,0.065,24.155,95.9825,0.7150000000000001,170.7225,0.05500000000000001,0.05500000000000001,,977.745,
2023-06-13 22:00:00,5.645,11.375,0.8,1.23,1.11,0.46,1.72,0.275,1.29,0.03,,,,0.055,0.065,24.17,96.87,0.37,194.655,0.0,0.0,,977.98,
2023-06-13 23:00:00,,,,,,,,,,,,,,,,,,,,,0.0,,,
2023-06-14 00:00:00,,,,,,,,,,,,,,,,,,,,,0.0,,,
2023-06-14 01:00:00,,,,,,,,,,,,,,,,,,,,,0.0,,,
2023-06-14 02:00:00,,,,,,,,,,,,,,,,,,,,,0.0,,,
2023-06-14 03:00:00,,,,,,,,,,,,,,,,,,,,,0.0,,,
2023-06-14 04:00:00,,,,,,,,,,,,,,,,,,,,,0.0,,,
2023-06-14 05:00:00,,,,,,,,,,,,,,,,,,,,,0.0,,,
2023-06-14 06:00:00,,,,,,,,,,,,,,,,,,,,,0.0,,,
2023-06-14 07:00:00,,,,,,,,,,,,,,,,,,,,,0.0,,,
2023-06-14 08:00:00,,,,,,,,,,,,,,,,,,,,,0.0,,,
2023-06-14 09:00:00,,,,,,,,,,,,,,,,,,,,,0.0,,,
2023-06-14 10:00:00,,,,,,,,,,,,,,,,,,,,,0.0,,,
2023-06-14 11:00:00,0.2,,0.8,1.23,1.11,0.46,1.72,0.2375,1.29,0.025,,,,0.05,0.05500000000000001,24.475,98.525,0.3325,123.17750000000001,0.015,0.015,8.8475,978.45,
2023-06-14 12:00:00,0.25,,0.8,1.23,1.11,0.46,1.72,0.2625,1.29,0.03,,,,0.052500000000000005,0.0625,24.5475,98.27,0.43,119.6725,0.0,0.0,22.115,978.1875,
2023-06-14 13:00:00,0.25,,0.8,1.23,1.11,0.46,1.72,0.26,1.29,0.03,,,,0.052500000000000005,0.0625,24.8075,98.2,0.245,113.855,0.0025,0.0025,17.15,977.545,
2023-06-14 14:00:00,0.2,,0.8,1.23,1.11,0.46,1.72,0.32,1.29,0.0375,,,,0.065,0.07500000000000001,25.16,97.9925,0.2475,120.675,0.0,0.0,23.3125,977.0125,
2023-06-14 15:00:00,0.325,,0.8,1.23,1.11,0.46,1.72,0.335,1.29,0.04,,,,0.065,0.0775,25.46,97.6875,0.19999999999999998,123.24,0.0,0.0,14.3325,976.5625,
2023-06-14 16:00:00,23.85,39.9,0.8,1.23,1.11,0.46,1.72,0.315,1.29,0.0375,,,,0.0625,0.07500000000000001,25.4625,97.4975,0.11,112.21,0.0,0.0,6.0925,976.26,
2023-06-14 17:00:00,6.0425,10.65,0.8,1.23,1.11,0.46,1.72,0.3425,1.29,0.04,,,,0.0675,0.0825,25.0125,97.59,0.20500000000000002,136.07,0.0,0.0,2.7100000000000004,976.5125,
2023-06-14 18:00:00,4.6575,7.359999999999999,0.8,1.23,1.11,0.46,1.72,0.3575,1.29,0.04,,,,0.07,0.08499999999999999,25.009999999999998,97.7225,0.18,114.0925,0.0,0.0,,977.2524999999999,
2023-06-14 19:00:00,19.502499999999998,32.2025,0.8,1.23,1.11,0.46,1.72,0.425,1.29,0.0475,,,,0.08499999999999999,0.10250000000000001,24.85,97.6875,0.2,165.0675,0.0,0.0,,977.5725,
2023-06-14 20:00:00,6.595,11.2025,0.8,1.23,1.11,0.46,1.72,0.385,1.29,0.045,,,,0.07250000000000001,0.0925,24.8325,97.7375,0.22,161.8925,0.0,0.0,,977.835,
2023-06-14 21:00:00,7.8625,12.91,0.8,1.23,1.11,0.46,1.72,0.3775,1.29,0.0425,,,,0.07500000000000001,0.09,24.695,97.7925,0.2225,153.185,0.0,0.0,,978.3125,
2023-06-14 22:00:00,12.47,18.615000000000002,0.8,1.23,1.11,0.46,1.72,0.3575,1.29,0.04,,,,0.07,0.0875,24.655,97.8825,0.27249999999999996,211.315,0.0,0.0,,977.96,
2023-06-14 23:00:00,17.896666666666665,29.223333333333333,0.8000000000000002,1.23,1.11,0.46,1.72,0.34,1.29,0.04,,,,0.07,0.08,24.649999999999995,97.91666666666667,0.19999999999999998,149.40333333333334,0.0,0.0,,977.5833333333334,
2023-06-15 00:00:00,6.25,12.0,0.8000000000000002,1.23,1.11,0.46,1.72,0.3,1.29,0.03333333333333333,,,,0.06,0.07,24.515,97.905,0.4275,108.5575,0.0,0.0,,976.6275,
2023-06-15 01:00:00,23.6275,39.75,0.8,1.23,1.11,0.46,1.72,0.2575,1.29,0.03,,,,0.05,0.06,24.3575,97.9225,0.4,153.5775,0.0025,0.0025,,975.715,
2023-06-15 02:00:00,10.565000000000001,16.2175,0.8,1.23,1.11,0.46,1.72,0.225,1.29,0.03,,,,0.0425,0.052500000000000005,24.252499999999998,98.0625,0.2575,147.535,0.0325,0.0325,,975.9925000000001,
2023-06-15 03:00:00,10.3125,16.405,0.8,1.23,1.11,0.46,1.72,0.22,1.29,0.03,,,,0.04,0.05,24.2175,98.155,0.265,183.26749999999998,0.0,0.0,,976.7975,
2023-06-15 04:00:00,6.9975000000000005,11.39,0.8,1.23,1.11,0.46,1.72,0.225,1.29,0.03,,,,0.045,0.052500000000000005,24.2425,98.235,0.315,208.86,0.015000000000000001,0.015000000000000001,0.38,977.375,
2023-06-15 05:00:00,9.375,14.905,0.8,1.23,1.11,0.46,1.72,0.245,1.29,0.03,,,,0.05,0.06,24.2375,98.295,0.3525,175.70749999999998,0.01,0.01,1.46,978.245,
2023-06-15 06:00:00,15.925,28.595,0.8,1.23,1.11,0.46,1.72,0.24,1.29,0.03,,,,0.0475,0.057499999999999996,24.2725,98.2975,0.41250000000000003,194.805,0.015000000000000001,0.015000000000000001,7.5475,978.4549999999999,
2023-06-15 07:00:00,5.53,10.3125,0.8,1.23,1.11,0.46,1.72,0.2725,1.29,0.03,,,,0.052500000000000005,0.0625,24.415,98.32499999999999,0.3875,201.4675,0.0025,0.0025,11.615,978.6,
2023-06-15 08:00:00,19.185000000000002,34.3125,0.8,1.23,1.11,0.46,1.72,0.28500000000000003,1.29,0.0325,,,,0.055,0.065,25.0575,98.00999999999999,0.47,177.63,0.0,0.0,51.2975,978.4175,
2023-06-15 09:00:00,17.9025,27.5625,0.8,1.23,1.11,0.46,1.72,0.27,1.29,0.03,,,,0.052500000000000005,0.0625,25.5025,91.2325,1.1525,186.9425,0.0,0.0,34.2775,979.2225,
2023-06-15 10:00:00,25.122500000000002,41.53,0.8,1.23,1.11,0.46,1.72,0.28500000000000003,1.29,0.035,,,,0.055,0.0675,25.72,87.445,1.1,192.3775,0.0,0.0,38.74,979.585,
2023-06-15 11:00:00,12.69,20.345,0.8,1.23,1.11,0.46,1.72,0.275,1.29,0.0325,,,,0.055,0.065,26.335,87.1875,0.625,184.97,0.0,0.0,45.315,979.1925,
2023-06-15 12:00:00,22.0,35.465,0.8,1.23,1.11,0.46,1.72,0.2725,1.29,0.03,,,,0.055,0.065,24.627499999999998,92.3975,0.9475,195.51,0.01,0.01,41.39,979.1,
2023-06-15 13:00:00,18.37,31.927500000000002,0.8,1.23,1.11,0.46,1.72,0.2675,1.29,0.03,,,,0.0525,0.0675,25.715,88.1,0.54,157.5975,0.0,0.0,76.6875,977.8325,
2023-06-15 14:00:00,19.3975,34.4475,0.8,1.23,1.11,0.46,1.72,0.1975,1.29,0.02,,,,0.04,0.045,26.7825,83.99249999999999,0.41500000000000004,197.6925,0.0,0.0,31.835,977.7475,
2023-06-15 15:00:00,17.677500000000002,28.715,0.8,1.23,1.11,0.46,1.72,0.22,1.29,0.025,,,,0.04,0.05,25.3475,89.02250000000001,0.375,179.54500000000002,0.0,0.0,5.5200000000000005,977.635,
2023-06-15 16:00:00,15.5675,24.35,0.8,1.23,1.11,0.46,1.72,0.2175,1.29,0.025,,,,0.0425,0.05,24.2825,91.495,0.425,191.61,0.005,0.005,8.19,977.34,
2023-06-15 17:00:00,26.990000000000002,45.625,0.8,1.23,1.11,0.46,1.72,0.3075,1.29,0.035,,,,0.0575,0.075,23.3575,95.4625,0.71,181.63,0.0175,0.0175,0.18333333333333335,978.645,
2023-06-15 18:00:00,21.57,34.725,0.8,1.23,1.11,0.46,1.72,0.255,1.29,0.03,,,,0.052500000000000005,0.0625,22.53,96.3125,0.40249999999999997,176.625,0.0,0.0,0.69,978.9125,
2023-06-15 19:00:00,14.13,27.375,0.8,1.23,1.11,0.46,1.72,0.2525,1.29,0.03,,,,0.05,0.0625,22.145,96.34,0.29500000000000004,132.2725,0.0,0.0,,980.0225,
2023-06-15 20:00:00,17.3,28.425,0.8,1.23,1.11,0.46,1.72,0.2775,1.29,0.0325,,,,0.052500000000000005,0.0625,22.4125,97.0,0.1825,113.685,0.0,0.0,,980.3425,
2023-06-15 21:00:00,17.365,29.925,0.8,1.23,1.11,0.46,1.72,0.315,1.29,0.0375,,,,0.065,0.0775,22.355,97.1725,0.325,206.75750000000002,0.005,0.005,,980.27,
2023-06-15 22:00:00,31.3,54.225,0.8,1.23,1.11,0.46,1.72,0.29000000000000004,1.29,0.0325,,,,0.057499999999999996,0.0675,22.39,97.3575,0.19,211.92000000000002,0.0,0.0,,979.67,
2023-06-15 23:00:00,15.0,25.8,0.8000000000000002,1.23,1.11,0.46,1.72,0.28,1.29,0.03,,,,0.06,0.07,22.513333333333332,97.43666666666667,0.22999999999999998,118.22333333333331,0.0,0.0,,979.1633333333333,
2023-06-16 00:00:00,14.866666666666667,25.5,0.8000000000000002,1.23,1.11,0.46,1.72,0.25,1.29,0.03,,,,0.052500000000000005,0.0625,22.5575,97.1925,0.375,135.7075,0.0,0.0,,978.26,
2023-06-16 01:00:00,22.275,39.075,0.8,1.23,1.11,0.46,1.72,0.22499999999999998,1.29,0.0275,,,,0.045,0.055,22.447499999999998,97.2175,0.3075,151.7675,0.045,0.045,,977.825,
2023-06-16 02:00:00,10.925,20.4375,0.8,1.23,1.11,0.46,1.72,0.2,1.29,0.025,,,,0.04,0.045,22.085,97.57000000000001,0.4325,135.6125,0.115,0.115,,977.8774999999999,
2023-06-16 03:00:00,18.822499999999998,33.875,0.8,1.23,1.11,0.46,1.72,0.165,1.29,0.02,,,,0.03,0.04,21.9825,97.8875,0.36750000000000005,108.355,0.035,0.035,,978.3075,
2023-06-16 04:00:00,4.4875,8.1975,0.8,1.23,1.11,0.46,1.72,0.1575,1.29,0.02,,,,0.03,0.04,21.8875,97.9575,0.3325,98.7075,0.0175,0.0175,,978.9300000000001,
2023-06-16 05:00:00,13.7175,22.22,0.8,1.23,1.11,0.46,1.72,0.1575,1.29,0.02,,,,0.03,0.04,21.8925,98.00999999999999,0.29000000000000004,156.98499999999999,0.057499999999999996,0.057499999999999996,0.5625,979.7525,
2023-06-16 06:00:00,9.2725,16.177500000000002,0.8,1.23,1.11,0.46,1.72,0.1625,1.29,0.02,,,,0.03,0.04,21.8825,98.0725,0.44000000000000006,126.0625,0.055,0.055,8.2125,980.5975000000001,
2023-06-16 07:00:00,13.59,24.2675,0.8,1.23,1.11,0.46,1.72,0.185,1.29,0.02,,,,0.0375,0.0425,22.197499999999998,98.1025,0.25,150.61,0.015000000000000001,0.015000000000000001,11.6575,981.1225,
2023-06-16 08:00:00,12.485,20.41,0.8,1.23,1.11,0.46,1.72,0.1875,1.29,0.02,,,,0.04,0.04,22.5925,98.045,0.2875,120.39,0.0025,0.0025,26.604999999999997,981.2575,
2023-06-16 09:00:00,9.72,15.375,0.8,1.23,1.11,0.46,1.72,0.2025,1.29,0.025,,,,0.04,0.0475,22.795,97.81,0.40249999999999997,135.2175,0.0,0.0,19.627499999999998,981.3025,
2023-06-16 10:00:00,12.2225,20.155,0.8,1.23,1.11,0.46,1.72,0.215,1.29,0.03,,,,0.0425,0.052500000000000005,23.29,97.52,0.40499999999999997,136.245,0.0,0.0,26.25,981.2425,
2023-06-16 11:00:00,11.57,19.605,0.8,1.23,1.11,0.46,1.72,0.22499999999999998,1.29,0.03,,,,0.045,0.055,23.655,96.545,0.325,163.845,0.0,0.0,12.255,981.14,
2023-06-16 12:00:00,,,,,,,,,,,,,,,,,,,,,0.0,,,
2023-06-16 13:00:00,,,,,,,,,,,,,,,,,,,,,0.0,,,
2023-06-16 14:00:00,,,,,,,,,,,,,,,,,,,,,0.0,,,
2023-06-16 15:00:00,,,,,,,,,,,,,,,,,,,,,0.0,,,
2023-06-16 16:00:00,,,,,,,,,,,,,,,,,,,,,0.0,,,
2023-06-16 17:00:00,,,,,,,,,,,,,,,,,,,,,0.0,,,
2023-06-16 18:00:00,12.5,19.5,0.8000000000000002,1.23,1.11,0.46,1.72,0.21666666666666667,1.29,0.023333333333333334,,,,0.04,0.049999999999999996,22.866666666666664,97.98333333333333,0.30666666666666664,140.07000000000002,0.0,0.0,,979.0933333333332,
2023-06-16 19:00:00,0.99,2.79,0.8,1.23,1.11,0.46,1.72,0.2625,1.29,0.03,,,,0.05,0.0625,22.872500000000002,97.785,0.4075,89.4675,0.037500000000000006,0.037500000000000006,,980.2775,
2023-06-16 20:00:00,0.17666666666666667,,0.8,1.23,1.11,0.46,1.72,0.28250000000000003,1.29,0.03,,,,0.06,0.0675,22.84,97.95,0.41500000000000004,146.5325,0.0125,0.0125,,980.8475,
2023-06-16 21:00:00,0.14,,0.8,1.23,1.11,0.46,1.72,0.2525,1.29,0.03,,,,0.05,0.06,22.715,98.0075,0.3725,116.61,0.0325,0.0325,,981.21,
2023-06-16 22:00:00,0.16333333333333333,,0.8,1.23,1.11,0.46,1.72,0.2425,1.29,0.03,,,,0.05,0.06,22.6575,98.1075,0.415,132.98250000000002,0.0325,0.0325,,981.005,
2023-06-16 23:00:00,0.12,,0.8000000000000002,1.23,1.11,0.46,1.72,0.22333333333333336,1.29,0.03,,,,0.043333333333333335,0.05333333333333334,22.583333333333332,98.14666666666666,0.3433333333333333,108.71,0.043333333333333335,0.0325,,980.5033333333334,
2023-06-17 00:00:00,1.7933333333333332,3.0,0.8000000000000002,1.23,1.11,0.46,1.72,0.19333333333333336,1.29,0.02,,,,0.04,0.0425,22.189999999999998,98.13,0.4375,149.2125,0.022500000000000003,0.022500000000000003,,979.83,
2023-06-17 01:00:00,11.5325,19.7825,0.8,1.23,1.11,0.46,1.72,0.17,1.29,0.02,,,,0.035,0.04,22.14,98.175,0.305,150.34,0.0075,0.0075,,979.5550000000001,
2023-06-17 02:00:00,9.25,14.905,0.8,1.23,1.11,0.46,1.72,0.155,1.29,0.02,,,,0.03,0.0375,22.0225,98.21000000000001,0.3725,162.4675,0.0275,0.0275,,979.23,
2023-06-17 03:00:00,5.5625,8.905,0.8,1.23,1.11,0.46,1.72,0.14500000000000002,1.29,0.02,,,,0.03,0.035,22.0425,98.245,0.29,117.97,0.0225,0.0225,,979.42,
2023-06-17 04:00:00,16.0,24.0,0.8,1.23,1.11,0.46,1.72,0.14,1.29,0.02,,,,0.03,0.03,22.1375,98.2825,0.3,136.0575,0.045000000000000005,0.045000000000000005,0.05,980.2475000000001,
2023-06-17 05:00:00,7.25,11.9475,0.8,1.23,1.11,0.46,1.72,0.14250000000000002,1.29,0.02,,,,0.03,0.03,22.235,98.295,0.3775,127.32,0.0325,0.0325,1.4575,981.1725,
2023-06-17 06:00:00,6.03,10.595,0.8,1.23,1.11,0.46,1.72,0.15,1.29,0.02,,,,0.03,0.0375,22.3525,98.35249999999999,0.295,141.4925,0.015,0.015,4.87,981.79,
2023-06-17 07:00:00,2.9275,4.5475,0.8,1.23,1.11,0.46,1.72,0.165,1.29,0.02,,,,0.03,0.04,22.494999999999997,98.31,0.275,115.9675,0.0375,0.0375,6.2575,982.3824999999999,
2023-06-17 08:00:00,14.135,20.35,0.8,1.23,1.11,0.46,1.72,0.1825,1.29,0.02,,,,0.0375,0.04,22.75,98.315,0.205,146.055,0.0425,0.0425,14.05,982.795,
2023-06-17 09:00:00,10.655,18.14,0.8,1.23,1.11,0.46,1.72,0.1975,1.29,0.02,,,,0.04,0.04,23.4175,98.33,0.23249999999999998,158.7975,0.0025,0.0025,36.3375,983.1525,
2023-06-17 10:00:00,15.1875,25.03,0.8,1.23,1.11,0.46,1.72,0.19,1.29,0.02,,,,0.04,0.04,24.22,97.675,0.27999999999999997,161.505,0.0,0.0,76.88499999999999,983.19,
2023-06-17 11:00:00,13.333333333333334,23.063333333333333,0.8000000000000002,1.23,1.11,0.46,1.72,0.19000000000000003,1.29,0.02,,,,0.04,0.04,25.320000000000004,95.02666666666666,0.3566666666666667,124.15333333333332,0.0,0.0,38.336666666666666,983.1933333333333,
2023-06-17 12:00:00,,,,,,,,,,,,,,,,,,,,,0.0,,,
2023-06-17 13:00:00,,,,,,,,,,,,,,,,,,,,,0.0,,,
2023-06-17 14:00:00,7.0,10.5,0.81,1.23,1.11,0.46,1.72,0.115,1.29,0.015,,,,0.025,0.025,23.66,96.52000000000001,0.355,132.985,0.0,0.0,12.675,980.5899999999999,
2023-06-17 15:00:00,0.4633333333333333,1.5,0.8,1.23,1.11,0.46,1.72,0.2225,1.29,0.03,,,,0.0425,0.052500000000000005,24.009999999999998,96.83,0.315,167.6,0.0,0.0,18.5825,979.98,
2023-06-17 16:00:00,0.12,,0.8,1.23,1.11,0.46,1.72,0.22,1.29,0.03,,,,0.0425,0.052500000000000005,24.3175,95.9475,0.3875,184.7175,0.0,0.0,27.7825,979.6725,
2023-06-17 17:00:00,0.915,1.4175,0.8,1.23,1.11,0.46,1.72,0.2425,1.29,0.03,,,,0.052500000000000005,0.06,24.197499999999998,95.46000000000001,0.34,151.4925,0.0,0.0,5.553333333333334,979.995,
2023-06-17 18:00:00,7.6899999999999995,14.5775,0.8,1.23,1.11,0.46,1.72,0.325,1.29,0.04,,,,0.065,0.0775,24.055,96.505,0.23,170.855,0.0025,0.0025,,981.1075,
2023-06-17 19:00:00,14.157499999999999,24.375,0.8,1.23,1.11,0.46,1.72,0.345,1.29,0.04,,,,0.07,0.0825,23.7475,97.125,0.23750000000000002,152.885,0.0,0.0,,982.1425,
2023-06-17 20:00:00,34.555,55.2325,0.8,1.23,1.11,0.46,1.72,0.3275,1.29,0.04,,,,0.065,0.07500000000000001,23.4925,97.5275,0.2625,125.495,0.0225,0.0225,,982.88,
2023-06-17 21:00:00,17.285,24.97,0.8,1.23,1.11,0.46,1.72,0.31,1.29,0.035,,,,0.06,0.07,23.375,97.7875,0.3175,135.5025,0.0,0.0,,983.3225,
2023-06-17 22:00:00,19.905,28.7825,0.8,1.23,1.11,0.46,1.72,0.2525,1.29,0.03,,,,0.05,0.06,23.182499999999997,97.925,0.395,110.49249999999999,0.0025,0.0025,,983.1600000000001,
2023-06-17 23:00:00,8.42,14.873333333333335,0.8000000000000002,1.23,1.11,0.46,1.72,0.22,1.29,0.03,,,,0.043333333333333335,0.05333333333333334,22.983333333333334,97.97333333333331,0.3,100.23333333333333,0.0,0.0,,982.71,
2023-06-18 00:00:00,4.646666666666667,7.1866666666666665,0.8000000000000002,1.23,1.11,0.46,1.72,0.19333333333333336,1.29,0.02,,,,0.04,0.045,22.82,98.00999999999999,0.34249999999999997,120.7825,0.0025,0.0025,,981.915,
2023-06-18 01:00:00,6.9975000000000005,11.86,0.8,1.23,1.11,0.46,1.72,0.17,1.29,0.02,,,,0.0325,0.04,22.71,98.0975,0.18,134.1775,0.0,0.0,,981.7125,
2023-06-18 02:00:00,17.22,29.905,0.8,1.23,1.11,0.46,1.72,0.1625,1.29,0.02,,,,0.03,0.04,22.72,98.1425,0.17250000000000001,149.1375,0.0,0.0,,981.7275,
2023-06-18 03:00:00,14.875,27.28,0.8,1.23,1.11,0.46,1.72,0.1625,1.29,0.02,,,,0.03,0.04,22.8075,98.215,0.1275,135.39249999999998,0.0,0.0,,981.89,
2023-06-18 04:00:00,0.9133333333333334,6.75,0.8,1.23,1.11,0.46,1.72,0.1625,1.29,0.02,,,,0.03,0.04,22.81,98.2675,0.1225,131.9425,0.0,0.0,1.47,982.3975,
2023-06-18 05:00:00,0.12,,0.8,1.23,1.11,0.46,1.72,0.16,1.29,0.02,,,,0.03,0.04,23.09,98.3275,0.0975,150.425,0.0,0.0,5.93,982.95,
2023-06-18 06:00:00,18.9375,33.75,0.8,1.23,1.11,0.46,1.72,0.1725,1.29,0.02,,,,0.035,0.04,23.19,98.2875,0.2075,146.3975,0.0,0.0,8.98,983.38,
2023-06-18 07:00:00,6.720000000000001,10.6425,0.8,1.23,1.11,0.46,1.72,0.1875,1.29,0.02,,,,0.04,0.0425,23.5125,98.245,0.24,148.4875,0.0,0.0,20.03,983.715,
2023-06-18 08:00:00,8.0,14.72,0.8,1.23,1.11,0.46,1.72,0.19,1.29,0.02,,,,0.04,0.04,23.822499999999998,98.21000000000001,0.235,201.0625,0.0,0.0,22.615000000000002,983.94,
2023-06-18 09:00:00,16.875,30.0,0.8,1.23,1.11,0.46,1.72,0.2175,1.29,0.0275,,,,0.0425,0.052500000000000005,24.427500000000002,98.12,0.22,107.5925,0.0075,0.0075,58.2225,984.0475,
2023-06-18 10:00:00,9.752500000000001,15.045,0.8,1.23,1.11,0.46,1.72,0.2,1.29,0.02,,,,0.04,0.0475,25.3425,96.785,0.345,118.9025,0.0,0.0,80.56,983.8125,
2023-06-18 11:00:00,9.440000000000001,15.0,0.8,1.23,1.11,0.46,1.72,0.1975,1.29,0.02,,,,0.04,0.045,28.1,86.0975,0.3325,138.575,0.0,0.0,108.72749999999999,983.2125000000001,
2023-06-18 12:00:00,12.4075,19.22,0.8,1.23,1.11,0.46,1.72,0.1925,1.29,0.02,,,,0.04,0.0425,29.06,79.155,0.5,155.635,0.0,0.0,111.10499999999999,982.055,
2023-06-18 13:00:00,9.23,17.485,0.8,1.23,1.11,0.46,1.72,0.1975,1.29,0.0225,,,,0.04,0.0425,28.9425,78.38,0.3875,135.02,0.0,0.0,37.82,981.4425,
2023-06-18 14:00:00,8.1775,12.755,0.8,1.23,1.11,0.46,1.72,0.22,1.29,0.025,,,,0.0425,0.05,27.08,84.045,0.5675,120.96000000000001,0.0,0.0,17.76,980.875,
2023-06-18 15:00:00,20.2825,31.36,0.8,1.23,1.11,0.46,1.72,0.21,1.29,0.0275,,,,0.04,0.05,26.884999999999998,87.125,0.315,127.22,0.0,0.0,16.015,980.125,
2023-06-18 16:00:00,11.9825,17.8925,0.8,1.23,1.11,0.46,1.72,0.2125,1.29,0.0275,,,,0.04,0.05,26.5975,88.0225,0.2,152.8725,0.0,0.0,9.975,979.92,
2023-06-18 17:00:00,11.485,20.8325,0.8,1.23,1.11,0.46,1.72,0.2325,1.29,0.03,,,,0.045,0.055,25.939999999999998,89.115,0.26,157.0725,0.0,0.0,3.08,980.2875,
2023-06-18 18:00:00,18.845,29.2025,0.8,1.23,1.11,0.46,1.72,0.28,1.29,0.0325,,,,0.057499999999999996,0.07,25.1475,91.955,0.39,163.4775,0.0,0.0,0.79,980.925,
2023-06-18 19:00:00,22.5475,37.285,0.8,1.23,1.11,0.46,1.72,0.3125,1.29,0.035,,,,0.0625,0.07250000000000001,24.87,93.8775,0.2475,172.31,0.0,0.0,,981.9024999999999,
2023-06-18 20:00:00,19.91,31.875,0.8,1.23,1.11,0.46,1.72,0.33499999999999996,1.29,0.0375,,,,0.065,0.0825,24.83,94.00999999999999,0.165,141.195,0.0,0.0,,982.5799999999999,
2023-06-18 21:00:00,20.705,32.917500000000004,0.8,1.23,1.11,0.46,1.72,0.34750000000000003,1.29,0.04,,,,0.07,0.08499999999999999,24.775,94.0725,0.2525,145.1,0.0,0.0,,982.8199999999999,
2023-06-18 22:00:00,18.1875,27.965,0.8,1.23,1.11,0.46,1.72,0.3425,1.29,0.04,,,,0.07,0.0825,24.71,94.455,0.1725,144.635,0.0,0.0,,982.6625,
2023-06-18 23:00:00,16.616666666666667,32.776666666666664,0.8000000000000002,1.23,1.11,0.46,1.72,0.35666666666666663,1.29,0.04,,,,0.07,0.08666666666666667,24.673333333333332,94.89333333333333,0.16,152.99,0.0,0.0,,982.38,
2023-06-19 00:00:00,12.666666666666666,21.563333333333333,0.8000000000000002,1.23,1.11,0.46,1.72,0.3166666666666667,1.29,0.03666666666666667,,,,0.065,0.07500000000000001,24.605,95.0,0.16,208.235,0.0,0.0,,981.835,
2023-06-19 01:00:00,19.28,32.6725,0.8,1.23,1.11,0.46,1.72,0.255,1.29,0.03,,,,0.05,0.06,24.055,95.375,0.235,158.29749999999999,0.0,0.0,,981.585,
2023-06-19 02:00:00,6.9075,12.0,0.8,1.23,1.11,0.46,1.72,0.1975,1.29,0.0225,,,,0.04,0.0425,23.615,96.7275,0.25,98.555,0.0,0.0,,981.265,
2023-06-19 03:00:00,7.1575,12.985,0.8,1.23,1.11,0.46,1.72,0.1825,1.29,0.02,,,,0.04,0.04,23.587500000000002,97.265,0.2175,145.7025,0.0,0.0,,981.205,
2023-06-19 04:00:00,2.0275,3.14,0.8,1.23,1.11,0.46,1.72,0.175,1.29,0.02,,,,0.0375,0.04,23.552500000000002,97.4825,0.25,146.205,0.0,0.0,1.75,981.13,
2023-06-19 05:00:00,5.655,10.03,0.8,1.23,1.11,0.46,1.72,0.1775,1.29,0.02,,,,0.04,0.04,23.96,97.64500000000001,0.1975,171.925,0.0,0.0,17.689999999999998,981.4775,
2023-06-19 06:00:00,14.4675,22.405,0.8,1.23,1.11,0.46,1.72,0.19,1.29,0.02,,,,0.04,0.04,24.735,97.0625,0.27749999999999997,163.4925,0.0,0.0,36.14,982.0174999999999,
2023-06-19 07:00:00,18.9925,31.03,0.8,1.23,1.11,0.46,1.72,0.2025,1.29,0.025,,,,0.04,0.05,25.87,92.9625,0.2575,117.975,0.0,0.0,32.45,982.6275,
2023-06-19 08:00:00,24.9,44.5175,0.8,1.23,1.11,0.46,1.72,0.2025,1.29,0.025,,,,0.04,0.05,26.052500000000002,90.015,0.3325,108.825,0.0,0.0,38.255,982.665,
2023-06-19 09:00:00,13.125,23.302500000000002,0.8,1.23,1.11,0.46,1.72,0.2025,1.29,0.0225,,,,0.04,0.05,27.765,84.62,0.43,152.1025,0.0,0.0,105.8575,982.7375,
2023-06-19 10:00:00,9.4375,14.7975,0.8,1.23,1.11,0.46,1.72,0.2,1.29,0.025,,,,0.04,0.0475,29.88,76.315,0.6425000000000001,106.42750000000001,0.0,0.0,170.0275,982.4675,
2023-06-19 11:00:00,27.2875,39.375,0.8,1.23,1.11,0.46,1.72,0.20500000000000002,1.29,0.025,,,,0.04,0.0475,27.975,80.82249999999999,0.4125,106.5625,0.0,0.0,33.93,982.2325,
2023-06-19 12:00:00,1.7674999999999998,9.67,0.8,1.23,1.11,0.46,1.72,0.2175,1.29,0.03,,,,0.0425,0.052500000000000005,26.302500000000002,88.7925,0.275,152.3825,0.0075,0.0075,23.705,981.5675,
2023-06-19 13:00:00,13.7925,23.677500000000002,0.8,1.23,1.11,0.46,1.72,0.2325,1.29,0.03,,,,0.045,0.055,25.235,94.5925,0.2375,143.1775,0.0,0.0,18.515,980.8924999999999,
2023-06-19 14:00:00,14.97,25.5,0.8,1.23,1.11,0.46,1.72,0.2175,1.29,0.03,,,,0.04,0.052500000000000005,25.255,95.2625,0.2475,134.1575,0.0,0.0,13.692499999999999,980.3875,
2023-06-19 15:00:00,6.4075,11.4375,0.8,1.23,1.11,0.46,1.72,0.20750000000000002,1.29,0.0225,,,,0.04,0.05,25.39,95.8025,0.14250000000000002,149.6475,0.0,0.0,21.767500000000002,979.72,
2023-06-19 16:00:00,6.5925,10.5,0.8,1.23,1.11,0.46,1.72,0.23500000000000001,1.29,0.025,,,,0.045,0.0525,25.37,95.24000000000001,0.215,103.2525,0.0,0.0,9.717500000000001,979.4825000000001,
2023-06-19 17:00:00,5.3774999999999995,8.815000000000001,0.8,1.23,1.11,0.46,1.72,0.26,1.29,0.0325,,,,0.052500000000000005,0.0625,25.165,95.60249999999999,0.23750000000000002,126.67750000000001,0.0,0.0,3.4,979.8425,
2023-06-19 18:00:00,4.9375,9.0,0.8,1.23,1.11,0.46,1.72,0.3,1.29,0.035,,,,0.06,0.07250000000000001,24.98,95.9725,0.2025,127.945,0.0,0.0,0.16,980.0,
2023-06-19 19:00:00,10.875,18.5625,0.8,1.23,1.11,0.46,1.72,0.25,1.29,0.03,,,,0.05,0.06,24.822499999999998,96.39,0.1425,182.22500000000002,0.0,0.0,,980.49,
2023-06-19 20:00:00,5.22,8.25,0.8,1.23,1.11,0.46,1.72,0.255,1.29,0.03,,,,0.052500000000000005,0.06,24.8125,96.68,0.14,249.6525,0.0,0.0,,981.065,
2023-06-19 21:00:00,12.595,21.5625,0.8,1.23,1.11,0.46,1.72,0.25,1.29,0.03,,,,0.05,0.06,24.692500000000003,96.81,0.1325,205.445,0.0,0.0,,981.5875,
2023-06-19 22:00:00,16.96,25.1725,0.8,1.23,1.11,0.46,1.72,0.275,1.29,0.035,,,,0.055,0.065,24.6,97.0925,0.1925,173.16,0.0,0.0,,981.545,
2023-06-19 23:00:00,16.543333333333333,27.0,0.8000000000000002,1.23,1.11,0.46,1.72,0.3133333333333333,1.29,0.03666666666666667,,,,0.06333333333333334,0.07333333333333335,24.593333333333334,97.2,0.13999999999999999,119.36666666666667,0.0,0.0,,981.1233333333333,
2023-06-20 00:00:00,13.46,20.126666666666665,0.8000000000000002,1.23,1.11,0.46,1.72,0.28,1.29,0.03333333333333333,,,,0.057499999999999996,0.0675,24.46,97.25,0.245,142.93,0.0,0.0,,980.375,
2023-06-20 01:00:00,9.22,15.1875,0.8,1.23,1.11,0.46,1.72,0.255,1.29,0.03,,,,0.05,0.06,24.4575,97.42750000000001,0.1,168.4675,0.0,0.0,,979.95,
2023-06-20 02:00:00,17.8525,29.485,0.8,1.23,1.11,0.46,1.72,0.2275,1.29,0.03,,,,0.045,0.055,24.305,97.425,0.15500000000000003,168.29250000000002,0.0025,0.0025,,979.615,
2023-06-20 03:00:00,6.2925,9.4225,0.8,1.23,1.11,0.46,1.72,0.2025,1.29,0.025,,,,0.04,0.045,24.14,97.5825,0.1375,219.5,0.0275,0.0275,,979.7375,
2023-06-20 04:00:00,5.5175,8.6775,0.8,1.23,1.11,0.46,1.72,0.195,1.29,0.02,,,,0.04,0.0475,24.055,97.69500000000001,0.23500000000000001,146.79999999999998,0.030000000000000002,0.030000000000000002,0.58,979.9675,
2023-06-20 05:00:00,7.905,12.9375,0.8,1.23,1.11,0.46,1.72,0.2,1.29,0.02,,,,0.04,0.0425,24.03,97.825,0.24,212.585,0.04,0.04,2.9325,980.52,
2023-06-20 06:00:00,6.7175,10.6875,0.8,1.23,1.11,0.46,1.72,0.215,1.29,0.03,,,,0.04,0.05,24.195,97.95,0.20750000000000002,169.0675,0.0625,0.0625,6.2525,981.0675,
2023-06-20 07:00:00,6.59,10.125,0.8,1.23,1.11,0.46,1.72,0.235,1.29,0.03,,,,0.045,0.057499999999999996,24.3625,97.9225,0.2,149.66,0.0175,0.0175,7.455,981.3075,
2023-06-20 08:00:00,3.5725,5.9475,0.8,1.23,1.11,0.46,1.72,0.21,1.29,0.0275,,,,0.04,0.05,24.5225,97.95,0.1825,213.895,0.0,0.0,13.030000000000001,981.71,
2023-06-20 09:00:00,3.69,5.5975,0.8,1.23,1.11,0.46,1.72,0.245,1.29,0.03,,,,0.05,0.06,24.5575,97.5625,0.3025,225.6475,0.0,0.0,13.39,982.0,
2023-06-20 10:00:00,6.5,9.543333333333335,0.8000000000000002,1.23,1.11,0.46,1.72,0.29333333333333333,1.29,0.03333333333333333,,,,0.06,0.07333333333333335,24.513333333333335,97.07333333333334,0.4666666666666666,227.95666666666668,0.0,0.0,17.900000000000002,981.8966666666666,
2023-06-20 11:00:00,,,,,,,,,,,,,,,,,,,,,0.0,,,
2023-06-20 12:00:00,,,,,,,,,,,,,,,,,,,,,0.0,,,
2023-06-20 13:00:00,,,,,,,,,,,,,,,,,,,,,0.0,,,
2023-06-20 14:00:00,,,,,,,,,,,,,,,,,,,,,0.0,,,
2023-06-20 15:00:00,6.416666666666667,10.5,0.8000000000000002,1.23,1.11,0.46,1.72,0.16666666666666666,1.29,0.02,,,,0.04,0.043333333333333335,24.513333333333335,98.02,0.18000000000000002,162.07000000000002,0.0,0.0,5.753333333333333,979.2600000000001,
2023-06-20 16:00:00,0.29333333333333333,2.62,0.8,1.23,1.11,0.46,1.72,0.3075,1.29,0.0375,,,,0.06,0.07500000000000001,24.5825,97.2475,0.1775,100.79249999999999,0.0,0.0,7.36,979.4100000000001,
2023-06-20 17:00:00,0.11666666666666665,,0.8,1.23,1.11,0.46,1.72,0.305,1.29,0.035,,,,0.06,0.07250000000000001,24.4375,96.955,0.23750000000000002,157.9925,0.0025,0.0025,1.5999999999999999,980.1475,
2023-06-20 18:00:00,0.185,,0.8,1.23,1.11,0.46,1.72,0.315,1.29,0.0375,,,,0.065,0.075,24.3875,97.22,0.135,142.51,0.0,0.0,,980.8425,
2023-06-20 19:00:00,0.12,,0.8,1.23,1.11,0.46,1.72,0.325,1.29,0.0375,,,,0.065,0.07500000000000001,24.26,97.235,0.2725,134.5025,0.0,0.0,,981.22,
2023-06-20 20:00:00,17.19,30.515,0.8,1.23,1.11,0.46,1.72,0.33999999999999997,1.29,0.04,,,,0.0675,0.08,24.15,97.1825,0.265,174.415,0.02,0.02,,981.5325,
2023-06-20 21:00:00,25.1075,37.34,0.8,1.23,1.11,0.46,1.72,0.345,1.29,0.0375,,,,0.0675,0.08499999999999999,24.17,97.4975,0.20500000000000002,128.625,0.01,0.01,,981.605,
2023-06-20 22:00:00,18.655,31.97,0.8,1.23,1.11,0.46,1.72,0.3075,1.29,0.035,,,,0.06,0.07,24.0875,97.57499999999999,0.27,178.1975,0.01,0.01,,981.3825,
2023-06-20 23:00:00,19.66333333333333,37.21333333333333,0.8000000000000002,1.23,1.11,0.46,1.72,0.26666666666666666,1.29,0.03,,,,0.05333333333333334,0.06333333333333334,24.066666666666666,97.64999999999999,0.35666666666666663,140.92,0.0,0.0,,981.1266666666667,
2023-06-21 00:00:00,1.9233333333333331,3.0,0.8000000000000002,1.23,1.11,0.46,1.72,0.21333333333333335,1.29,0.03,,,,0.0425,0.052500000000000005,23.9375,97.485,0.2525,164.43,0.0,0.0,,980.3675000000001,
2023-06-21 01:00:00,19.655,33.845,0.8,1.23,1.11,0.46,1.72,0.1975,1.29,0.02,,,,0.04,0.045,23.875,97.4425,0.29,185.1925,0.0125,0.0125,,980.22,
2023-06-21 02:00:00,15.3125,30.1875,0.8,1.23,1.11,0.46,1.72,0.1925,1.29,0.02,,,,0.04,0.04,23.755000000000003,97.49000000000001,0.395,118.705,0.07250000000000001,0.07250000000000001,,980.3675000000001,
2023-06-21 03:00:00,8.4675,16.9225,0.8,1.23,1.11,0.46,1.72,0.1725,1.29,0.02,,,,0.0375,0.04,23.5775,97.7825,0.40499999999999997,179.5675,0.03,0.03,,980.5525,
2023-06-21 04:00:00,0.81,4.12,0.8,1.23,1.11,0.46,1.72,0.165,1.29,0.02,,,,0.03,0.04,23.615000000000002,97.89,0.40249999999999997,173.2025,0.0,0.0,,980.7475,
2023-06-21 05:00:00,0.9075,1.3599999999999999,0.8,1.23,1.11,0.46,1.72,0.17,1.29,0.02,,,,0.0325,0.04,23.69,98.0275,0.2675,198.125,0.0025,0.0025,2.3025,980.9875,
2023-06-21 06:00:00,16.7175,30.0,0.8,1.23,1.11,0.46,1.72,0.21000000000000002,1.29,0.025,,,,0.0425,0.0475,23.8325,98.105,0.43,159.22500000000002,0.0075,0.0075,9.8525,981.3025,
2023-06-21 07:00:00,24.405,41.4375,0.8,1.23,1.11,0.46,1.72,0.2175,1.29,0.0275,,,,0.0425,0.05,24.345,98.035,0.1825,172.9825,0.0,0.0,13.05,981.4425,
2023-06-21 08:00:00,8.18,15.280000000000001,0.8,1.23,1.11,0.46,1.72,0.2175,1.29,0.03,,,,0.04,0.052500000000000005,24.53,97.5375,0.1925,161.58,0.0,0.0,17.26,981.87,
2023-06-21 09:00:00,17.3125,27.5625,0.8,1.23,1.11,0.46,1.72,0.225,1.29,0.03,,,,0.0425,0.052500000000000005,25.0425,95.4925,0.265,123.37,0.0,0.0,20.8175,982.105,
2023-06-21 10:00:00,13.535,21.47,0.8,1.23,1.11,0.46,1.72,0.2475,1.29,0.03,,,,0.05,0.06,25.0275,94.7325,0.24000000000000002,169.1725,0.0,0.0,14.875,982.125,
2023-06-21 11:00:00,22.2925,47.035,0.8,1.23,1.11,0.46,1.72,0.26,1.29,0.03,,,,0.05,0.06,25.03,95.5875,0.1575,123.57749999999999,0.0,0.0,15.584999999999999,981.9825,
2023-06-21 12:00:00,7.87,13.125,0.8,1.23,1.11,0.46,1.72,0.3025,1.29,0.035,,,,0.0625,0.07250000000000001,25.77,95.08250000000001,0.2925,145.7025,0.0,0.0,62.3625,981.5675,
2023-06-21 13:00:00,10.5925,17.8125,0.8,1.23,1.11,0.46,1.72,0.33,1.29,0.0375,,,,0.0625,0.07250000000000001,28.0975,86.2175,0.8775000000000001,150.6225,0.0,0.0,109.1425,980.4625,
2023-06-21 14:00:00,17.545,26.2175,0.8,1.23,1.11,0.46,1.72,0.235,1.29,0.0275,,,,0.0475,0.057499999999999996,29.85,76.5125,1.06,170.2425,0.0,0.0,98.68,979.48,
2023-06-21 15:00:00,6.7524999999999995,11.0625,0.8,1.23,1.11,0.46,1.72,0.23249999999999998,1.29,0.03,,,,0.045,0.055,30.8375,74.2075,0.6,192.79,0.0,0.0,62.78,978.825,
2023-06-21 16:00:00,7.8100000000000005,12.89,0.8,1.23,1.11,0.46,1.72,0.235,1.29,0.03,,,,0.0475,0.057499999999999996,28.06,86.3125,0.46,93.3275,0.0,0.0,6.2375,979.0525,
2023-06-21 17:00:00,20.315,34.595,0.8,1.23,1.11,0.46,1.72,0.245,1.29,0.03,,,,0.05,0.06,27.32,88.975,0.385,126.16000000000001,0.0,0.0,3.9325,979.8525,
2023-06-21 18:00:00,22.427500000000002,33.59,0.8,1.23,1.11,0.46,1.72,0.31,1.29,0.035,,,,0.0625,0.075,26.884999999999998,90.77250000000001,0.2975,119.20749999999998,0.0,0.0,,980.8775,
2023-06-21 19:00:00,4.9350000000000005,7.875,0.8,1.23,1.11,0.46,1.72,0.3925,1.29,0.0475,,,,0.08,0.09,26.634999999999998,92.655,0.195,171.6525,0.0,0.0,,981.3874999999999,
2023-06-21 20:00:00,21.405,36.9375,0.8,1.23,1.11,0.46,1.72,0.4825,1.29,0.057499999999999996,,,,0.0975,0.11499999999999999,26.405,93.67,0.21000000000000002,190.23000000000002,0.0,0.0,,981.9325,
2023-06-21 21:00:00,41.3075,58.05,0.8,1.23,1.11,0.46,1.72,0.37,1.29,0.0425,,,,0.07500000000000001,0.09,26.1075,93.5925,0.2225,120.835,0.0,0.0,,982.1575,
2023-06-21 22:00:00,19.2,32.725,0.8,1.23,1.11,0.46,1.72,0.315,1.29,0.0375,,,,0.0625,0.07250000000000001,25.855,94.42750000000001,0.095,151.215,0.0,0.0,,982.195,
2023-06-21 23:00:00,17.756666666666668,28.2,0.8000000000000002,1.23,1.11,0.46,1.72,0.29,1.29,0.03,,,,0.06,0.07,25.646666666666665,94.90333333333335,0.10999999999999999,210.68333333333337,0.0033333333333333335,0.0025,,981.9566666666666,
2023-06-22 00:00:00,24.61,36.4,0.8000000000000002,1.23,1.11,0.46,1.72,0.25666666666666665,1.29,0.03,,,,0.05,0.06,25.2125,96.1425,0.08499999999999999,198.135,0.015,0.015,,981.5125,
2023-06-22 01:00:00,14.385,22.3875,0.8,1.23,1.11,0.46,1.72,0.24,1.29,0.03,,,,0.05,0.057499999999999996,25.005,96.83500000000001,0.24000000000000002,131.6125,0.01,0.01,,981.02,
2023-06-22 02:00:00,8.0,12.025,0.8,1.23,1.11,0.46,1.72,0.225,1.29,0.03,,,,0.045,0.052500000000000005,24.8775,97.1325,0.385,166.295,0.08,0.08,,980.805,
2023-06-22 03:00:00,2.825,4.625,0.8,1.23,1.11,0.46,1.72,0.19,1.29,0.02,,,,0.04,0.04,24.3675,97.13,0.27749999999999997,159.3825,0.0175,0.0175,,980.7,
2023-06-22 04:00:00,3.79,5.9375,0.8,1.23,1.11,0.46,1.72,0.1875,1.29,0.02,,,,0.04,0.04,24.39,97.5525,0.135,140.485,0.0,0.0,0.82,981.2,
2023-06-22 05:00:00,2.9175,4.625,0.8,1.23,1.11,0.46,1.72,0.1875,1.29,0.02,,,,0.04,0.04,24.2925,97.59,0.4275,141.7525,0.0125,0.0125,0.675,981.5075,
2023-06-22 06:00:00,8.7075,17.552500000000002,0.8,1.23,1.11,0.46,1.72,0.19,1.29,0.02,,,,0.04,0.04,24.04,97.775,0.58,155.085,0.14750000000000002,0.14750000000000002,0.47250000000000003,982.1700000000001,
2023-06-22 07:00:00,8.0,13.4525,0.8,1.23,1.11,0.46,1.72,0.2175,1.29,0.025,,,,0.0425,0.052500000000000005,24.075,98.01,0.36,181.35,0.09,0.09,1.43,982.6,
2023-06-22 08:00:00,7.1225000000000005,12.0475,0.8,1.23,1.11,0.46,1.72,0.275,1.29,0.0325,,,,0.052500000000000005,0.0625,24.189999999999998,98.1075,0.39999999999999997,164.935,0.0425,0.0425,6.575,982.8075,
2023-06-22 09:00:00,12.1575,22.1725,0.8,1.23,1.11,0.46,1.72,0.245,1.29,0.03,,,,0.0475,0.057499999999999996,25.0575,98.135,0.1875,98.6025,0.0025,0.0025,37.18,983.0225,
2023-06-22 10:00:00,5.66,8.86,0.8,1.23,1.11,0.46,1.72,0.2525,1.29,0.03,,,,0.05,0.06,25.67,96.485,0.2575,121.605,0.0,0.0,23.45,982.805,
2023-06-22 11:00:00,4.34,7.5625,0.8,1.23,1.11,0.46,1.72,0.245,1.29,0.03,,,,0.05,0.06,25.745,93.695,0.3275,117.85499999999999,0.0,0.0,17.58,982.1225,
2023-06-22 12:00:00,23.322499999999998,34.9825,0.8,1.23,1.11,0.46,1.72,0.24,1.29,0.03,,,,0.05,0.06,25.4825,93.4875,0.38749999999999996,146.045,0.0,0.0,10.815,981.685,
2023-06-22 13:00:00,16.1575,25.8275,0.8,1.23,1.11,0.46,1.72,0.2425,1.29,0.03,,,,0.05,0.06,24.925,95.82000000000001,0.44,119.025,0.0,0.0,8.64,981.2825,
2023-06-22 14:00:00,1.5350000000000001,3.215,0.8,1.23,1.11,0.46,1.72,0.225,1.29,0.03,,,,0.045,0.052500000000000005,24.625,96.7825,0.39749999999999996,149.7675,0.0025,0.0025,7.85,980.6925,
2023-06-22 15:00:00,3.3725,5.72,0.8,1.23,1.11,0.46,1.72,0.22,1.29,0.03,,,,0.04,0.052500000000000005,24.7725,97.1425,0.3625,108.0325,0.0,0.0,14.665,979.8625,
2023-06-22 16:00:00,6.5600000000000005,11.25,0.8,1.23,1.11,0.46,1.72,0.23,1.29,0.03,,,,0.0425,0.052500000000000005,25.1775,96.52,0.2975,131.0775,0.0,0.0,23.305,979.8225,
2023-06-22 17:00:00,14.377500000000001,24.655,0.8,1.23,1.11,0.46,1.72,0.235,1.29,0.03,,,,0.0475,0.06,25.43,94.895,0.2525,130.175,0.0,0.0,4.6475,980.7625,
2023-06-22 18:00:00,11.2825,17.9075,0.8,1.23,1.11,0.46,1.72,0.2825,1.29,0.035,,,,0.0575,0.07,25.0075,95.73,0.2525,180.195,0.0,0.0,0.35,981.2075,
2023-06-22 19:00:00,15.905000000000001,28.3125,0.8,1.23,1.11,0.46,1.72,0.42,1.29,0.05,,,,0.0825,0.0975,24.58,96.665,0.2275,208.73250000000002,0.0,0.0,,981.545,
2023-06-22 20:00:00,10.09,18.375,0.8,1.23,1.11,0.46,1.72,0.4225,1.29,0.05,,,,0.085,0.1,24.5075,96.9325,0.2925,215.16750000000002,0.0,0.0,,982.1275,
2023-06-22 21:00:00,20.095,30.095,0.8,1.23,1.11,0.46,1.72,0.49,1.29,0.06,,,,0.1,0.12,24.5125,96.92750000000001,0.2575,187.32999999999998,0.0,0.0,,982.515,
2023-06-22 22:00:00,14.2025,23.41,0.8,1.23,1.11,0.46,1.72,0.4825,1.29,0.06,,,,0.0975,0.1125,24.5175,97.0675,0.2775,170.025,0.0,0.0,,982.7475,
2023-06-22 23:00:00,23.416666666666668,36.123333333333335,0.8000000000000002,1.23,1.11,0.46,1.72,0.48666666666666664,1.29,0.06,,,,0.09666666666666668,0.11666666666666665,24.55666666666667,96.99666666666667,0.2866666666666667,192.17,0.0,0.0,,982.6966666666667,
2023-06-23 00:00:00,7.586666666666666,12.936666666666667,0.8000000000000002,1.23,1.11,0.46,1.72,0.3866666666666667,1.29,0.04666666666666667,,,,0.0775,0.0925,24.3325,97.08,0.2675,184.195,0.0,0.0,,982.1825,
2023-06-23 01:00:00,15.47,27.5625,0.8,1.23,1.11,0.46,1.72,0.3775,1.29,0.045,,,,0.07500000000000001,0.09,24.16,97.3625,0.3725,201.43,0.0,0.0,,981.5125,
2023-06-23 02:00:00,17.8125,32.72,0.8,1.23,1.11,0.46,1.72,0.35,1.29,0.04,,,,0.0675,0.0825,24.275,97.565,0.2175,122.08,0.0,0.0,,981.51,
2023-06-23 03:00:00,4.625,8.86,0.8,1.23,1.11,0.46,1.72,0.3075,1.29,0.0375,,,,0.06,0.07,24.1775,97.5925,0.47250000000000003,181.385,0.0,0.0,,981.4425,
2023-06-23 04:00:00,13.8125,25.78,0.8,1.23,1.11,0.46,1.72,0.2875,1.29,0.035,,,,0.057499999999999996,0.0675,24.255,97.6275,0.2225,240.875,0.0,0.0,1.9100000000000001,981.86,
2023-06-23 05:00:00,12.47,19.072499999999998,0.8,1.23,1.11,0.46,1.72,0.28,1.29,0.035,,,,0.057499999999999996,0.0675,24.465,96.9625,0.4625,178.695,0.0,0.0,11.375,982.145,
2023-06-23 06:00:00,5.4175,9.375,0.8,1.23,1.11,0.46,1.72,0.33999999999999997,1.29,0.0425,,,,0.0675,0.08,24.87,96.0925,0.3325,170.615,0.0,0.0,12.872499999999999,982.6675,
2023-06-23 07:00:00,15.785,27.4175,0.8,1.23,1.11,0.46,1.72,0.31,1.29,0.035,,,,0.0625,0.07500000000000001,25.4925,94.2175,0.5725,205.72,0.0,0.0,29.299999999999997,982.865,
2023-06-23 08:00:00,14.47,25.6875,0.8,1.23,1.11,0.46,1.72,0.245,1.29,0.03,,,,0.0475,0.057499999999999996,28.845,83.0925,0.54,178.0425,0.0,0.0,139.72,982.7525,
2023-06-23 09:00:00,15.2675,28.3125,0.8,1.23,1.11,0.46,1.72,0.225,1.29,0.03,,,,0.045,0.055,33.345,66.6675,0.4175,133.54500000000002,0.0,0.0,219.0375,982.3475,
2023-06-23 10:00:00,3.0,4.4875,0.8,1.23,1.11,0.46,1.72,0.2175,1.29,0.0275,,,,0.0425,0.052500000000000005,32.5925,69.6,0.5625,137.365,0.0,0.0,99.76,981.925,
2023-06-23 11:00:00,18.2925,28.48,0.8,1.23,1.11,0.46,1.72,0.20750000000000002,1.29,0.025,,,,0.04,0.05,32.3575,72.165,0.5175,109.7075,0.0,0.0,124.775,981.245,
2023-06-23 12:00:00,34.25,54.75,0.8,1.23,1.11,0.46,1.72,0.2025,1.29,0.0225,,,,0.04,0.05,34.075,66.8775,0.415,113.315,0.0,0.0,133.3675,980.335,
2023-06-23 13:00:00,20.259999999999998,31.2325,0.8,1.23,1.11,0.46,1.72,0.2,1.29,0.02,,,,0.04,0.05,34.1425,65.91,0.39,132.305,0.0,0.0,119.7925,979.2975,
2023-06-23 14:00:00,18.2175,30.095,0.8,1.23,1.11,0.46,1.72,0.2,1.29,0.02,,,,0.04,0.05,31.9875,73.17,0.435,138.26749999999998,0.0,0.0,43.36,978.55,
2023-06-23 15:00:00,18.4625,30.535,0.8,1.23,1.11,0.46,1.72,0.2025,1.29,0.02,,,,0.04,0.05,31.4,75.53,0.3075,149.7425,0.0,0.0,37.567499999999995,977.9775,
2023-06-23 16:00:00,2.2225,3.47,0.8,1.23,1.11,0.46,1.72,0.20500000000000002,1.29,0.02,,,,0.04,0.05,31.7975,74.57000000000001,0.2575,123.6575,0.0,0.0,19.49,977.71,
2023-06-23 17:00:00,10.92,16.205,0.8,1.23,1.11,0.46,1.72,0.21000000000000002,1.29,0.0225,,,,0.04,0.052500000000000005,29.86,83.0525,0.275,172.9075,0.0,0.0,5.3225,977.9375,
2023-06-23 18:00:00,19.1875,30.655,0.8,1.23,1.11,0.46,1.72,0.2375,1.29,0.0275,,,,0.045,0.05500000000000001,28.055,89.4025,0.3475,148.84,0.0,0.0,0.48,978.595,
2023-06-23 19:00:00,0.9533333333333335,3.94,0.8,1.23,1.11,0.46,1.72,0.305,1.29,0.0325,,,,0.0625,0.07250000000000001,27.7125,90.63250000000001,0.35750000000000004,191.9025,0.0,0.0,,979.57,
2023-06-23 20:00:00,22.8425,37.97,0.8,1.23,1.11,0.46,1.72,0.35250000000000004,1.29,0.045,,,,0.07250000000000001,0.0825,26.95,92.74000000000001,0.275,191.25,0.0,0.0,,980.38,
2023-06-23 21:00:00,16.6275,28.36,0.8,1.23,1.11,0.46,1.72,0.35250000000000004,1.29,0.0425,,,,0.07250000000000001,0.0825,26.3725,94.2225,0.2225,186.8475,0.0,0.0,,980.915,
2023-06-23 22:00:00,10.434999999999999,17.765,0.8,1.23,1.11,0.46,1.72,0.4475,1.29,0.052500000000000005,,,,0.09,0.1075,26.2775,95.1675,0.5225,229.97,0.0,0.0,,980.9075,
2023-06-23 23:00:00,21.583333333333332,30.376666666666665,0.8000000000000002,1.23,1.11,0.46,1.72,0.4166666666666667,1.29,0.05000000000000001,,,,0.09000000000000001,0.10000000000000002,26.27,95.49666666666667,0.19666666666666668,238.51,0.0,0.0,,980.77,
2023-06-24 00:00:00,22.939999999999998,39.375,0.8,1.23,1.11,0.46,1.72,0.405,1.29,0.05,,,,0.07333333333333335,0.09333333333333334,26.13,94.91666666666667,0.4366666666666667,221.75333333333333,0.0,0.0,,980.6866666666666,
2023-06-24 01:00:00,20.34,34.5,0.8,1.23,1.11,0.46,1.72,0.37,1.29,0.0425,,,,0.07,0.09,26.095,95.005,0.3025,232.4725,0.0,0.0,,980.5374999999999,
2023-06-24 02:00:00,11.85,19.34,0.8,1.23,1.11,0.46,1.72,0.3525,1.29,0.04,,,,0.07,0.0825,25.945,95.21000000000001,0.24250000000000002,209.4075,0.0,0.0,,980.47,
2023-06-24 03:00:00,21.955,32.7325,0.8,1.23,1.11,0.46,1.72,0.3275,1.29,0.04,,,,0.07,0.08,25.7975,95.0475,0.2675,215.5075,0.0,0.0,,980.3050000000001,
2023-06-24 04:00:00,11.0325,19.8275,0.8,1.23,1.11,0.46,1.72,0.31,1.29,0.04,,,,0.0625,0.07250000000000001,25.7375,95.6525,0.2,205.85750000000002,0.0,0.0,0.73,980.5925,
2023-06-24 05:00:00,18.8825,29.947499999999998,0.8,1.23,1.11,0.46,1.72,0.3175,1.29,0.0375,,,,0.0625,0.07250000000000001,26.060000000000002,94.66,0.28,187.03,0.0,0.0,5.715,980.8675,
2023-06-24 06:00:00,14.185,23.485,0.8,1.23,1.11,0.46,1.72,0.31,1.29,0.04,,,,0.06,0.07250000000000001,27.325,90.8725,0.2025,136.835,0.0,0.0,30.8975,981.1625,
2023-06-24 07:00:00,7.09,12.375,0.8,1.23,1.11,0.46,1.72,0.3125,1.29,0.04,,,,0.06,0.07,28.7775,85.3725,0.2575,126.8875,0.0,0.0,37.8425,981.5875,
2023-06-24 08:00:00,20.939999999999998,39.4625,0.8,1.23,1.11,0.46,1.72,0.27749999999999997,1.29,0.0325,,,,0.057499999999999996,0.0675,32.4925,73.0325,0.4575,99.5925,0.0,0.0,215.58249999999998,981.45,
2023-06-24 09:00:00,21.98,36.375,0.8,1.23,1.11,0.46,1.72,0.2425,1.29,0.03,,,,0.0475,0.06,34.2875,66.19,0.495,122.5975,0.0,0.0,153.89,981.1324999999999,
2023-06-24 10:00:00,41.292500000000004,73.0,0.8,1.23,1.11,0.46,1.72,0.22749999999999998,1.29,0.03,,,,0.045,0.055,34.68,64.8475,0.4575,118.8725,0.0,0.0,150.735,980.72,
2023-06-24 11:00:00,24.1725,38.6725,0.8,1.23,1.11,0.46,1.72,0.20500000000000002,1.29,0.0225,,,,0.04,0.05,34.415,64.47999999999999,0.94,193.5075,0.0,0.0,203.1625,979.86,
2023-06-24 12:00:00,23.3925,38.6625,0.8,1.23,1.11,0.46,1.72,0.2025,1.29,0.02,,,,0.04,0.05,35.5325,63.0475,0.845,162.1775,0.0,0.0,174.495,979.1325,
2023-06-24 13:00:00,20.4175,32.25,0.8,1.23,1.11,0.46,1.72,0.2,1.29,0.02,,,,0.04,0.05,35.9425,62.9975,0.6825,129.315,0.0,0.0,138.43,978.3875,
2023-06-24 14:00:00,7.885,12.1075,0.8,1.23,1.11,0.46,1.72,0.195,1.29,0.02,,,,0.04,0.045,38.99,55.16,0.4,163.155,0.0,0.0,121.2525,977.6775,
2023-06-24 15:00:00,21.435000000000002,39.5625,0.8,1.23,1.11,0.46,1.72,0.1975,1.29,0.02,,,,0.04,0.0475,37.5625,57.115,0.605,170.5275,0.0,0.0,91.125,977.0375,
2023-06-24 16:00:00,39.660000000000004,65.8125,0.8,1.23,1.11,0.46,1.72,0.2075,1.29,0.02,,,,0.04,0.0475,36.4925,63.129999999999995,0.275,161.07999999999998,0.0,0.0,29.9775,976.87,
2023-06-24 17:00:00,11.2675,24.75,0.8,1.23,1.11,0.46,1.72,0.215,1.29,0.0275,,,,0.04,0.05,32.792500000000004,76.755,0.3525,153.06,0.0,0.0,7.352499999999999,977.1725,
2023-06-24 18:00:00,28.1675,44.0625,0.8,1.23,1.11,0.46,1.72,0.2175,1.29,0.03,,,,0.04,0.05,30.0725,85.505,0.3825,156.10000000000002,0.0,0.0,0.78,977.8125,
2023-06-24 19:00:00,13.1675,22.5,0.8,1.23,1.11,0.46,1.72,0.24,1.29,0.03,,,,0.045,0.055,29.41,88.1275,0.265,168.9,0.0,0.0,,978.7975,
2023-06-24 20:00:00,16.259999999999998,29.6875,0.8,1.23,1.11,0.46,1.72,0.33749999999999997,1.29,0.0375,,,,0.0675,0.08,29.060000000000002,89.98,0.26,194.85750000000002,0.0,0.0,,979.7025,
2023-06-24 21:00:00,25.7425,38.375,0.8,1.23,1.11,0.46,1.72,0.39249999999999996,1.29,0.045,,,,0.08,0.0925,28.4625,91.12,0.395,209.2475,0.0,0.0,,980.1875,
2023-06-24 22:00:00,21.06,41.905,0.8,1.23,1.11,0.46,1.72,0.4125,1.29,0.05,,,,0.0825,0.1,27.810000000000002,92.875,0.6325000000000001,244.64,0.0,0.0,,980.4025,
2023-06-24 23:00:00,22.52,38.64333333333334,0.8000000000000002,1.23,1.11,0.46,1.72,0.38999999999999996,1.29,0.043333333333333335,,,,0.07333333333333335,0.09333333333333334,27.61,92.88666666666667,0.37666666666666665,235.40666666666667,0.0,0.0,,980.1966666666667,
2023-06-25 00:00:00,32.583333333333336,58.5,0.8000000000000002,1.23,1.11,0.46,1.72,0.35000000000000003,1.29,0.04,,,,0.07,0.08499999999999999,27.095,93.44,0.3875,189.91,0.0,0.0,,979.85,
2023-06-25 01:00:00,12.89,21.59,0.8,1.23,1.11,0.46,1.72,0.3075,1.29,0.0375,,,,0.0625,0.07250000000000001,26.6,94.095,0.365,227.45999999999998,0.0,0.0,,979.6725,
2023-06-25 02:00:00,15.352500000000001,24.45,0.8,1.23,1.11,0.46,1.72,0.2725,1.29,0.03,,,,0.057499999999999996,0.0675,26.4325,93.9475,0.6525,220.6275,0.0,0.0,,979.895,
2023-06-25 03:00:00,12.3825,23.197499999999998,0.8,1.23,1.11,0.46,1.72,0.245,1.29,0.03,,,,0.05,0.06,26.48,93.0575,0.54,232.855,0.0,0.0,,980.25,
2023-06-25 04:00:00,12.83,20.53,0.8,1.23,1.11,0.46,1.72,0.2425,1.29,0.03,,,,0.0475,0.057499999999999996,26.450000000000003,93.495,0.29,187.3,0.0,0.0,1.3,980.22,
2023-06-25 05:00:00,13.49,23.035,0.8,1.23,1.11,0.46,1.72,0.2325,1.29,0.03,,,,0.045,0.055,26.785,92.36250000000001,0.27,147.19,0.0,0.0,4.0875,980.9875,
2023-06-25 06:00:00,5.14,8.53,0.8,1.23,1.11,0.46,1.72,0.2425,1.29,0.03,,,,0.0475,0.057499999999999996,27.235,91.3575,0.2275,146.3375,0.0,0.0,4.11,981.8325,
2023-06-25 07:00:00,19.802500000000002,29.5175,0.8,1.23,1.11,0.46,1.72,0.2375,1.29,0.03,,,,0.0475,0.057499999999999996,27.4275,90.6275,0.475,161.98250000000002,0.0,0.0,11.7175,982.4425,
2023-06-25 08:00:00,23.25,36.1125,0.8,1.23,1.11,0.46,1.72,0.215,1.29,0.03,,,,0.04,0.05,28.22,87.215,0.40750000000000003,129.675,0.0,0.0,46.1075,982.7674999999999,
2023-06-25 09:00:00,12.77,23.57,0.8,1.23,1.11,0.46,1.72,0.21,1.29,0.025,,,,0.04,0.05,30.299999999999997,79.1,0.975,130.125,0.0,0.0,120.435,982.83,
2023-06-25 10:00:00,,,,,,,,,,,,,,,,,,,,,0.0,,,
2023-06-25 11:00:00,,,,,,,,,,,,,,,,,,,,,0.0,,,
2023-06-25 12:00:00,,,,,,,,,,,,,,,,,,,,,0.0,,,
2023-06-25 13:00:00,,,,,,,,,,,,,,,,,,,,,0.0,,,
2023-06-25 14:00:00,,,,,,,,,,,,,,,,,,,,,0.0,,,
2023-06-25 15:00:00,,,,,,,,,,,,,,,,,,,,,0.0,,,
2023-06-25 16:00:00,,,,,,,,,,,,,,,,,,,,,0.0,,,
2023-06-25 17:00:00,,,,,,,,,,,,,,,,,,,,,0.0,,,
2023-06-25 18:00:00,,,,,,,,,,,,,,,,,,,,,0.0,,,
2023-06-25 19:00:00,,,,,,,,,,,,,,,,,,,,,0.0,,,
2023-06-25 20:00:00,,,,,,,,,,,,,,,,,,,,,0.0,,,
2023-06-25 21:00:00,,,,,,,,,,,,,,,,,,,,,0.0,,,
2023-06-25 22:00:00,,,,,,,,,,,,,,,,,,,,,0.0,,,
2023-06-25 23:00:00,,,,,,,,,,,,,,,,,,,,,0.0,,,
2023-06-26 00:00:00,,,,,,,,,,,,,,,,,,,,,0.0,,,
2023-06-26 01:00:00,,,,,,,,,,,,,,,,,,,,,0.0,,,
2023-06-26 02:00:00,,,,,,,,,,,,,,,,,,,,,0.0,,,
2023-06-26 03:00:00,,,,,,,,,,,,,,,,,,,,,0.0,,,
2023-06-26 04:00:00,,,,,,,,,,,,,,,,,,,,,0.0,,,
2023-06-26 05:00:00,,,,,,,,,,,,,,,,,,,,,0.0,,,
2023-06-26 06:00:00,,,,,,,,,,,,,,,,,,,,,0.0,,,
2023-06-26 07:00:00,,,,,,,,,,,,,,,,,,,,,0.0,,,
2023-06-26 08:00:00,,,,,,,,,,,,,,,,,,,,,0.0,,,
2023-06-26 09:00:00,,,,,,,,,,,,,,,,,,,,,0.0,,,
2023-06-26 10:00:00,12.1525,22.5,0.8,1.23,1.11,0.46,1.72,0.135,1.29,0.015,,,,0.025,0.0325,36.1875,55.125,0.6375,114.4025,0.0,0.0,198.8,982.2125,
2023-06-26 11:00:00,0.7933333333333333,3.21,0.8,1.23,1.11,0.46,1.72,0.1825,1.29,0.02,,,,0.0375,0.04,37.144999999999996,53.25,0.6725,120.60249999999999,0.0,0.0,190.95250000000001,981.3525,
2023-06-26 12:00:00,0.25,,0.8,1.23,1.11,0.46,1.72,0.1875,1.29,0.02,,,,0.04,0.0425,38.8125,49.875,0.5675,120.7225,0.0,0.0,203.44,980.46,
2023-06-26 13:00:00,0.12,,0.8,1.23,1.11,0.46,1.72,0.1975,1.29,0.02,,,,0.04,0.0425,39.1775,49.807500000000005,0.5775,132.7475,0.0,0.0,146.665,979.0525,
2023-06-26 14:00:00,7.245,10.7675,0.8,1.23,1.11,0.46,1.72,0.19,1.29,0.02,,,,0.04,0.04,40.615,48.042500000000004,0.4675,144.0225,0.0,0.0,148.385,977.995,
2023-06-26 15:00:00,5.82,10.1775,0.8,1.23,1.11,0.46,1.72,0.1925,1.29,0.02,,,,0.04,0.0425,41.025,47.6075,0.405,115.59,0.0,0.0,109.535,977.345,
2023-06-26 16:00:00,8.1875,13.405,0.8,1.23,1.11,0.46,1.72,0.20500000000000002,1.29,0.0225,,,,0.04,0.045,39.2375,51.5625,0.76,153.4025,0.0,0.0,62.162499999999994,977.2475,
2023-06-26 17:00:00,3.6550000000000002,6.0475,0.8,1.23,1.11,0.46,1.72,0.2025,1.29,0.0225,,,,0.04,0.05,33.5775,70.4225,0.45,203.2175,0.0,0.0,5.7775,978.035,
2023-06-26 18:00:00,1.9075,3.1875,0.8,1.23,1.11,0.46,1.72,0.22,1.29,0.03,,,,0.04,0.05,31.2225,79.36,0.5275,157.92000000000002,0.0,0.0,1.24,979.0125,
2023-06-26 19:00:00,,,,,,,,,,,,,,,,,,,,,0.0,,,
2023-06-26 20:00:00,,,,,,,,,,,,,,,,,,,,,0.0,,,
2023-06-26 21:00:00,,,,,,,,,,,,,,,,,,,,,0.0,,,
2023-06-26 22:00:00,,,,,,,,,,,,,,,,,,,,,0.0,,,
2023-06-26 23:00:00,,,,,,,,,,,,,,,,,,,,,0.0,,,
2023-06-27 00:00:00,,,,,,,,,,,,,,,,,,,,,0.0,,,
2023-06-27 01:00:00,,,,,,,,,,,,,,,,,,,,,0.0,,,
2023-06-27 02:00:00,,,,,,,,,,,,,,,,,,,,,0.0,,,
2023-06-27 03:00:00,,,,,,,,,,,,,,,,,,,,,0.0,,,
2023-06-27 04:00:00,,,,,,,,,,,,,,,,,,,,,0.0,,,
2023-06-27 05:00:00,,,,,,,,,,,,,,,,,,,,,0.0,,,
2023-06-27 06:00:00,,,,,,,,,,,,,,,,,,,,,0.0,,,
2023-06-27 07:00:00,,,,,,,,,,,,,,,,,,,,,0.0,,,
2023-06-27 08:00:00,,,,,,,,,,,,,,,,,,,,,0.0,,,
2023-06-27 09:00:00,,,,,,,,,,,,,,,,,,,,,0.0,,,
2023-06-27 10:00:00,,,,,,,,,,,,,,,,,,,,,0.0,,,
2023-06-27 11:00:00,0.14333333333333334,,0.8,1.23,1.11,0.46,1.72,0.1175,1.29,0.0125,,,,0.025,0.025,33.6075,67.5275,0.5575,127.595,0.0,0.0,177.98250000000002,982.6025,
2023-06-27 12:00:00,0.12,,0.8,1.23,1.11,0.46,1.72,0.1775,1.29,0.02,,,,0.04,0.04,33.985,66.0375,0.3725,130.9875,0.0,0.0,177.4025,981.6324999999999,
2023-06-27 13:00:00,0.14,,0.8,1.23,1.11,0.46,1.72,0.18,1.29,0.02,,,,0.04,0.04,35.24,60.92,0.53,100.21,0.0,0.0,159.16,980.98,
2023-06-27 14:00:00,0.12,,0.6666666666666666,1.1066666666666667,0.7475,0.3833333333333333,1.4333333333333333,0.08,1.0733333333333335,0.0075,,,,0.02666666666666667,0.03,31.606666666666666,52.696666666666665,0.5833333333333334,142.8166666666667,0.0,0.0,146.50333333333333,979.83,
2023-06-27 15:00:00,0.12,,0.8,1.23,1.11,0.46,1.72,0.18,1.29,0.02,,,,0.0375,0.04,37.245000000000005,55.66,0.73,136.64000000000001,0.0,0.0,120.005,979.5975,
2023-06-27 16:00:00,3.2825,5.625,0.8,1.23,1.11,0.46,1.72,0.22,1.29,0.025,,,,0.0425,0.05,33.7125,66.11749999999999,0.45,157.2375,0.0,0.0,17.665,979.65,
2023-06-27 17:00:00,0.4566666666666667,1.5,0.8,1.23,1.11,0.46,1.72,0.1975,1.29,0.0225,,,,0.04,0.045,31.4125,78.13499999999999,0.325,157.21,0.0,0.0,8.3675,980.235,
2023-06-27 18:00:00,4.5725,6.73,0.8,1.23,1.11,0.46,1.72,0.2075,1.29,0.0225,,,,0.04,0.0475,29.2425,85.495,0.33499999999999996,158.49,0.0,0.0,0.67,980.9275,
2023-06-27 19:00:00,12.0625,22.03,0.8,1.23,1.11,0.46,1.72,0.26,1.29,0.03,,,,0.052500000000000005,0.0625,28.655,86.9425,0.2875,197.7025,0.0,0.0,,981.9175,
2023-06-27 20:00:00,7.797499999999999,14.1425,0.8,1.23,1.11,0.46,1.72,0.30000000000000004,1.29,0.035,,,,0.06,0.07250000000000001,28.177500000000002,88.75,0.23249999999999998,149.76,0.0,0.0,,982.795,
2023-06-27 21:00:00,24.814999999999998,50.06,0.8,1.23,1.11,0.46,1.72,0.28500000000000003,1.29,0.035,,,,0.06,0.065,27.555,90.64500000000001,0.27,215.27999999999997,0.0,0.0,,982.98,
2023-06-27 22:00:00,,,,,,,,,,,,,,,,,,,,,0.0,,,
2023-06-27 23:00:00,,,,,,,,,,,,,,,,,,,,,0.0,,,
2023-06-28 00:00:00,,,,,,,,,,,,,,,,,,,,,0.0,,,
2023-06-28 01:00:00,,,,,,,,,,,,,,,,,,,,,0.0,,,
2023-06-28 02:00:00,,,,,,,,,,,,,,,,,,,,,0.0,,,
2023-06-28 03:00:00,,,,,,,,,,,,,,,,,,,,,0.0,,,
2023-06-28 04:00:00,,,,,,,,,,,,,,,,,,,,,0.0,,,
2023-06-28 05:00:00,,,,,,,,,,,,,,,,,,,,,0.0,,,
2023-06-28 06:00:00,,,,,,,,,,,,,,,,,,,,,0.0,,,
2023-06-28 07:00:00,,,,,,,,,,,,,,,,,,,,,0.0,,,
2023-06-28 08:00:00,,,,,,,,,,,,,,,,,,,,,0.0,,,
2023-06-28 09:00:00,,,,,,,,,,,,,,,,,,,,,0.0,,,
2023-06-28 10:00:00,,,,,,,,,,,,,,,,,,,,,0.0,,,
2023-06-28 11:00:00,33.583333333333336,50.0,0.7633333333333333,1.24,1.12,0.4366666666666667,1.6366666666666667,0.12,1.2300000000000002,0.013333333333333334,,,,0.02666666666666667,0.03,30.25333333333333,79.12666666666667,0.9400000000000001,170.12333333333333,0.0,0.0,177.72,983.7866666666665,
2023-06-28 12:00:00,0.12,,0.8000000000000002,1.23,1.11,0.46,1.72,0.16333333333333333,1.29,0.02,,,,0.03333333333333333,0.04,32.43,69.79333333333334,1.5533333333333335,174.74666666666667,0.0,0.0,156.6966666666667,982.7966666666666,
2023-06-28 13:00:00,0.25,,0.8,1.23,1.11,0.46,1.72,0.1925,1.29,0.02,,,,0.04,0.0425,31.33,72.43,1.72,180.925,0.0,0.0,72.8575,982.395,
2023-06-28 14:00:00,0.13,,0.8,1.23,1.11,0.46,1.72,0.1825,1.29,0.02,,,,0.035,0.045,29.38,76.4775,1.5325,184.45499999999998,0.0,0.0,54.699999999999996,981.525,
2023-06-28 15:00:00,0.25,,0.8,1.23,1.11,0.46,1.72,0.1775,1.29,0.02,,,,0.0375,0.0425,30.53,73.62,1.6175,185.305,0.0,0.0,116.4675,980.6775,
2023-06-28 16:00:00,4.9125,8.035,0.8,1.23,1.11,0.46,1.72,0.1525,1.29,0.02,,,,0.03,0.0375,32.9825,64.89,1.07,196.6725,0.0,0.0,104.44749999999999,980.465,
2023-06-28 17:00:00,3.975,6.15,0.8,1.23,1.11,0.46,1.72,0.1525,1.29,0.02,,,,0.03,0.04,31.2825,69.755,0.95,231.20250000000001,0.0,0.0,22.717499999999998,981.1025,
2023-06-28 18:00:00,1.8925,3.1875,0.8,1.23,1.11,0.46,1.72,0.245,1.29,0.0275,,,,0.0475,0.05750000000000001,29.0425,78.7525,0.485,217.68,0.0,0.0,1.28,981.99,
2023-06-28 19:00:00,8.405000000000001,14.25,0.8,1.23,1.11,0.46,1.72,0.275,1.29,0.0325,,,,0.05500000000000001,0.065,27.28,88.245,0.33,182.70499999999998,0.0,0.0,,982.7525,
2023-06-28 20:00:00,5.285,9.215,0.8,1.23,1.11,0.46,1.72,0.2975,1.29,0.035,,,,0.0625,0.07250000000000001,26.63,90.94749999999999,0.265,210.48749999999998,0.0,0.0,,983.1925,
2023-06-28 21:00:00,24.6475,42.2675,0.8,1.23,1.11,0.46,1.72,0.3,1.29,0.0375,,,,0.06,0.07,26.2425,92.875,0.22999999999999998,180.43,0.0,0.0,,983.75,
2023-06-28 22:00:00,22.8125,36.47,0.8,1.23,1.11,0.46,1.72,0.295,1.29,0.03,,,,0.06,0.07250000000000001,26.335,92.7,0.3025,189.755,0.0025,0.0025,,983.9025,
2023-06-28 23:00:00,16.916666666666668,26.439999999999998,0.8000000000000002,1.23,1.11,0.46,1.72,0.26666666666666666,1.29,0.03,,,,0.05333333333333334,0.06333333333333334,25.596666666666668,95.34333333333332,0.8700000000000001,240.25,0.06333333333333334,0.0475,,983.8966666666666,
2023-06-29 00:00:00,14.373333333333333,22.5,0.8000000000000002,1.23,1.11,0.46,1.72,0.16666666666666666,1.29,0.02,,,,0.035,0.04,25.135,95.9525,0.48750000000000004,201.305,0.0075,0.0075,,982.9575,
2023-06-29 01:00:00,4.605,7.029999999999999,0.8,1.23,1.11,0.46,1.72,0.15,1.29,0.02,,,,0.03,0.0375,25.055,96.7075,0.2075,175.9725,0.0,0.0,,982.3525,
2023-06-29 02:00:00,0.265,0.86,0.8,1.23,1.11,0.46,1.72,0.1475,1.29,0.02,,,,0.03,0.035,25.04,96.985,0.165,163.945,0.0,0.0,,981.9325,
2023-06-29 03:00:00,0.1225,,0.8,1.23,1.11,0.46,1.72,0.14500000000000002,1.29,0.02,,,,0.03,0.035,25.235,97.2175,0.2475,140.685,0.0,0.0,,981.805,
2023-06-29 04:00:00,3.4766666666666666,6.0,0.8,1.23,1.11,0.46,1.72,0.1475,1.29,0.02,,,,0.03,0.0375,25.3675,97.16,0.22999999999999998,213.875,0.0,0.0,1.58,982.1575,
2023-06-29 05:00:00,2.695,4.3925,0.8,1.23,1.11,0.46,1.72,0.16,1.29,0.02,,,,0.0325,0.04,25.6475,96.93,0.2875,178.8775,0.0,0.0,10.465,982.915,
2023-06-29 06:00:00,9.725,17.155,0.8,1.23,1.11,0.46,1.72,0.16999999999999998,1.29,0.02,,,,0.035,0.04,26.3425,95.0875,0.25,156.0875,0.0025,0.0025,13.6375,983.5475,
2023-06-29 07:00:00,5.6025,10.3925,0.8,1.23,1.11,0.46,1.72,0.2,1.29,0.02,,,,0.04,0.0475,26.384999999999998,95.0675,0.3075,193.0675,0.0,0.0,27.865000000000002,983.75,
2023-06-29 08:00:00,8.095,14.72,0.8,1.23,1.11,0.46,1.72,0.1925,1.29,0.02,,,,0.04,0.0425,27.9775,90.8475,0.3825,188.29000000000002,0.0,0.0,60.227500000000006,983.8824999999999,
2023-06-29 09:00:00,14.0575,26.25,0.8,1.23,1.11,0.46,1.72,0.175,1.29,0.02,,,,0.0375,0.04,26.990000000000002,91.9375,0.86,247.505,0.01,0.01,42.1125,984.1175,
2023-06-29 10:00:00,17.759999999999998,27.427500000000002,0.8,1.23,1.11,0.46,1.72,0.17,1.29,0.02,,,,0.0325,0.04,25.5325,94.61500000000001,0.8225,238.4975,0.0325,0.0325,20.165,984.1775,
2023-06-29 11:00:00,2.875,4.595000000000001,0.8,1.23,1.11,0.46,1.72,0.175,1.29,0.02,,,,0.035,0.04,25.935,94.5875,0.8175,197.2,0.0075,0.0075,83.24000000000001,983.49,
2023-06-29 12:00:00,0.97,1.5525,0.8,1.23,1.11,0.46,1.72,0.17250000000000001,1.29,0.02,,,,0.0325,0.04,28.4025,85.0275,1.7525,183.32,0.0,0.0,120.55250000000001,982.37,
2023-06-29 13:00:00,1.6875,2.9050000000000002,0.8,1.23,1.11,0.46,1.72,0.1625,1.29,0.02,,,,0.0325,0.04,30.3525,76.5925,1.5150000000000001,186.37,0.0,0.0,129.6325,981.2525,
2023-06-29 14:00:00,6.9075,11.4375,0.8,1.23,1.11,0.46,1.72,0.15000000000000002,1.29,0.02,,,,0.03,0.04,30.975,72.5975,1.8425,172.105,0.0,0.0,126.93,980.435,
2023-06-29 15:00:00,8.19,14.8125,0.8,1.23,1.11,0.46,1.72,0.14,1.29,0.02,,,,0.03,0.0325,31.375,69.33250000000001,2.415,193.7375,0.0,0.0,111.6825,979.8125,
2023-06-29 16:00:00,6.625,10.4525,0.8,1.23,1.11,0.46,1.72,0.1375,1.29,0.015,,,,0.03,0.03,31.445,66.9525,1.3525,192.4125,0.0,0.0,85.44,979.455,
2023-06-29 17:00:00,4.2825,7.595,0.8,1.23,1.11,0.46,1.72,0.1675,1.29,0.02,,,,0.0325,0.04,29.865,72.9625,1.1275,185.9425,0.0,0.0,16.5175,979.24,
2023-06-29 18:00:00,16.72,28.875,0.8,1.23,1.11,0.46,1.72,0.185,1.29,0.0225,,,,0.0375,0.045,28.165,79.67,0.42500000000000004,221.6325,0.0,0.0,0.55,979.6575,
2023-06-29 19:00:00,16.25,24.28,0.8,1.23,1.11,0.46,1.72,0.25,1.29,0.0325,,,,0.05,0.06,27.259999999999998,83.92750000000001,0.54,247.415,0.0,0.0,,980.7375000000001,
2023-06-29 20:00:00,7.3725,12.0475,0.8,1.23,1.11,0.46,1.72,0.355,1.29,0.0425,,,,0.07,0.085,27.0125,85.42,0.4375,216.535,0.0,0.0,,981.485,
2023-06-29 21:00:00,24.715,37.455,0.8,1.23,1.11,0.46,1.72,0.135,1.29,0.0125,,,,0.05,0.04,26.535,88.23,0.395,197.015,0.0,0.0,,981.7525,
2023-06-29 22:00:00,11.895,18.16,0.8,1.23,1.11,0.46,1.72,0.0,1.29,0.0,,,,,,26.4175,89.61,0.1925,191.7275,0.0,0.0,,982.1225000000001,
2023-06-29 23:00:00,13.236666666666666,22.286666666666665,0.8000000000000002,1.23,1.11,0.46,1.72,0.0,1.29,0.0,,,,,,26.0,91.15666666666668,0.13,211.82666666666668,0.0,0.0,,982.0066666666667,
2023-06-30 00:00:00,14.96,24.436666666666667,0.8000000000000002,1.23,1.11,0.46,1.72,0.0,1.29,0.0,,,,,,25.5375,91.64,0.355,274.565,0.0,0.0,,981.0225,
2023-06-30 01:00:00,12.155,21.28,0.8,1.23,1.11,0.46,1.72,0.0,1.29,0.0,,,,,,25.4725,92.115,0.1325,168.0925,0.0,0.0,,980.76,
2023-06-30 02:00:00,9.145,16.66,0.8,1.23,1.11,0.46,1.72,0.0,1.29,0.0,,,,,,25.4025,92.11749999999999,0.3675,258.155,0.0,0.0,,980.625,
2023-06-30 03:00:00,10.2825,19.405,0.8,1.23,1.11,0.46,1.72,0.0,1.29,0.0,,,,,,25.145,94.05,0.43,212.4325,0.0025,0.0025,,980.87,
2023-06-30 04:00:00,7.1850000000000005,12.47,0.8,1.23,1.11,0.46,1.72,0.0,1.29,0.0,,,,,,24.634999999999998,96.0825,0.5075,181.5575,0.02,0.02,1.23,981.3425,
2023-06-30 05:00:00,14.53,23.25,0.8,1.23,1.11,0.46,1.72,0.0,1.29,0.0,,,,,,24.6,96.685,0.44,192.4475,0.0,0.0,8.17,981.8775,
2023-06-30 06:00:00,1.1175,6.0,0.8,1.23,1.11,0.46,1.72,0.0,1.29,0.0,,,,,,24.7575,96.5025,0.52,186.97,0.0,0.0,19.6025,982.2325,
2023-06-30 07:00:00,0.17666666666666667,,0.8,1.23,1.11,0.46,1.72,0.0,1.29,0.0,,,,,,26.32,92.6125,0.43000000000000005,170.765,0.0,0.0,64.6375,982.4675,
2023-06-30 08:00:00,5.1725,8.4375,0.8,1.23,1.11,0.46,1.72,0.0,1.29,0.0,,,,,,27.9575,85.2275,0.6825,221.945,0.0,0.0,77.5825,982.84,
2023-06-30 09:00:00,12.065000000000001,21.375,0.8,1.23,1.11,0.46,1.72,0.0,1.29,0.0,,,,,,28.59,81.31,1.3525,225.6625,0.0,0.0,79.6,982.9975,
2023-06-30 10:00:00,1.935,5.62,0.8,1.23,1.11,0.46,1.72,0.0,1.29,0.0,,,,,,29.245,80.215,0.9075,199.7525,0.0,0.0,104.73,982.6475,
2023-06-30 11:00:00,5.086666666666667,8.626666666666667,0.8000000000000002,1.23,1.11,0.46,1.72,0.0,1.29,0.0,,,,,,30.30333333333333,76.95666666666666,1.29,204.03333333333333,0.0,0.0,79.85000000000001,982.2966666666667,
2023-06-30 12:00:00,,,,,,,,,,,,,,,,,,,,,0.0,,,
2023-06-30 13:00:00,,,,,,,,,,,,,,,,,,,,,0.0,,,
2023-06-30 14:00:00,8.5,16.5,0.84,1.23,1.11,0.48,1.79,0.0,1.34,0.0,,,,,,32.48,69.56,1.74,166.39,0.0,0.0,115.28,978.84,
2023-06-30 15:00:00,0.76,4.12,0.8,1.23,1.11,0.46,1.72,0.0,1.29,0.0,,,,,,32.935,67.295,1.6575,156.565,0.0,0.0,80.5475,978.3175,
2023-06-30 16:00:00,21.03,33.75,0.8,1.23,1.11,0.46,1.72,0.0,1.29,0.0,,,,,,26.54,89.7325,0.8075,197.6075,0.015000000000000001,0.015000000000000001,29.055,978.2674999999999,
2023-06-30 17:00:00,11.379999999999999,19.125,0.8,1.23,1.11,0.46,1.72,0.0,1.29,0.0,,,,,,26.4425,93.8325,0.8049999999999999,231.3975,0.01,0.01,7.1075,978.5975000000001,
2023-06-30 18:00:00,9.22,15.095,0.8,1.23,1.11,0.46,1.72,0.0,1.29,0.0,,,,,,25.939999999999998,95.05250000000001,0.625,207.7725,0.0,0.0,0.825,979.245,
2023-06-30 19:00:00,7.805,13.5525,0.8,1.23,1.11,0.46,1.72,0.0,1.29,0.0,,,,,,25.865000000000002,96.035,0.42,225.395,0.0,0.0,,979.9025,
2023-06-30 20:00:00,8.25,13.0175,0.8,1.23,1.11,0.46,1.72,0.0,1.29,0.0,,,,,,25.982499999999998,95.89,0.6325000000000001,214.58249999999998,0.0,0.0,,980.305,
2023-06-30 21:00:00,18.0625,30.375,0.8,1.23,1.11,0.46,1.72,0.0,1.29,0.0,,,,,,26.16,95.8275,0.1975,162.8425,0.0,0.0,,980.74,
2023-06-30 22:00:00,8.530000000000001,15.515,0.8,1.23,1.11,0.46,1.72,0.0,1.29,0.0,,,,,,26.185000000000002,95.6025,0.2625,205.445,0.0,0.0,,980.7225000000001,
2023-06-30 23:00:00,6.126666666666666,9.126666666666667,0.8000000000000002,1.23,1.11,0.46,1.72,0.0,1.29,0.0,,,,,,26.113333333333333,95.82666666666667,0.17333333333333334,117.31333333333333,0.0,0.0,,980.5500000000001,
2023-07-01 00:00:00,17.293333333333333,27.0,0.8000000000000002,1.23,1.11,0.46,1.72,0.0,1.29,0.0,,,,,,25.744999999999997,96.2125,0.2125,139.465,0.0,0.0,,980.125,
2023-07-01 01:00:00,7.5275,12.1075,0.8,1.23,1.11,0.46,1.72,0.0,1.29,0.0,,,,,,25.895,96.3925,0.1375,127.645,0.0,0.0,,979.685,
2023-07-01 02:00:00,10.1775,15.75,0.8,1.23,1.11,0.46,1.72,0.0,1.29,0.0,,,,,,25.705000000000002,96.28999999999999,0.1825,167.23,0.0,0.0,,979.385,
2023-07-01 03:00:00,10.0625,15.985,0.8,1.23,1.11,0.46,1.72,0.0,1.29,0.0,,,,,,25.74,96.23,0.1525,160.54,0.0,0.0,,979.575,
2023-07-01 04:00:00,9.2175,15.095,0.8,1.23,1.11,0.46,1.72,0.0,1.29,0.0,,,,,,25.605,95.6375,0.3075,199.33749999999998,0.0,0.0,4.34,979.99,
2023-07-01 05:00:00,17.8925,30.91,0.8,1.23,1.11,0.46,1.72,0.0,1.29,0.0,,,,,,25.72,93.2325,0.5125,265.4275,0.0,0.0,21.55,980.7925,
2023-07-01 06:00:00,13.4075,22.78,0.8,1.23,1.11,0.46,1.72,0.0,1.29,0.0,,,,,,27.6325,88.35,0.5075000000000001,178.8225,0.0,0.0,87.0925,981.6700000000001,
2023-07-01 07:00:00,11.059999999999999,18.28,0.8,1.23,1.11,0.46,1.72,0.0,1.29,0.0,,,,,,32.455,71.305,0.5975,125.0125,0.0,0.0,173.3075,982.0975,
2023-07-01 08:00:00,13.355,23.625,0.8,1.23,1.11,0.46,1.72,0.0,1.29,0.0,,,,,,32.17,68.045,0.78,150.1725,0.0,0.0,126.47999999999999,982.425,
2023-07-01 09:00:00,1.27,3.43,0.8,1.23,1.11,0.46,1.72,0.0,1.29,0.0,,,,,,31.285,72.1875,0.9625,172.1125,0.0,0.0,116.275,982.4350000000001,
2023-07-01 10:00:00,0.14500000000000002,,0.8,1.23,1.11,0.46,1.72,0.0,1.29,0.0,,,,,,31.7725,70.49,1.53,172.01999999999998,0.0,0.0,157.275,982.13,
2023-07-01 11:00:00,8.2825,14.0625,0.8,1.23,1.11,0.46,1.72,0.0,1.29,0.0,,,,,,30.4575,75.77,1.5225,177.0475,0.0,0.0,93.28999999999999,982.0225,
2023-07-01 12:00:00,13.8625,22.822499999999998,0.8,1.23,1.11,0.46,1.72,0.0,1.29,0.0,,,,,,31.4375,71.0675,1.8399999999999999,189.89249999999998,0.0,0.0,164.2925,981.19,
2023-07-01 13:00:00,5.5024999999999995,9.190000000000001,0.8,1.23,1.11,0.46,1.72,0.0,1.29,0.0,,,,,,31.4825,69.61,1.7425000000000002,212.85750000000002,0.0,0.0,103.97,980.5575,
2023-07-01 14:00:00,3.4825,5.9075,0.8,1.23,1.11,0.46,1.72,0.0,1.29,0.0,,,,,,30.9425,71.4275,1.8150000000000002,201.3225,0.0,0.0,64.6625,979.945,
2023-07-01 15:00:00,13.425,22.875,0.8,1.23,1.11,0.46,1.72,0.0,1.29,0.0,,,,,,30.16,74.255,1.6075,178.84,0.0,0.0,51.26,979.46,
2023-07-01 16:00:00,11.595,19.64,0.8,1.23,1.11,0.46,1.72,0.0,1.29,0.0,,,,,,30.2825,73.2575,0.9525,173.4725,0.0,0.0,38.29,978.9925000000001,
2023-07-01 17:00:00,15.690000000000001,25.685000000000002,0.8,1.23,1.11,0.46,1.72,0.0,1.29,0.0,,,,,,30.17,73.285,0.5475,243.8625,0.0,0.0,20.19,979.0825,
2023-07-01 18:00:00,10.622499999999999,18.5625,0.8,1.23,1.11,0.46,1.72,0.0,1.29,0.0,,,,,,28.395,81.7725,0.3125,191.0475,0.0,0.0,0.72,979.8975,
2023-07-01 19:00:00,31.0625,48.7025,0.8,1.23,1.11,0.46,1.72,0.0,1.29,0.0,,,,,,26.9,89.3425,0.2775,139.51999999999998,0.0,0.0,,980.6324999999999,
2023-07-01 20:00:00,15.035,24.375,0.8,1.23,1.11,0.46,1.72,0.0,1.29,0.0,,,,,,26.2025,91.35499999999999,0.4575,193.54000000000002,0.0,0.0,,981.4375,
2023-07-01 21:00:00,11.8325,22.5,0.8,1.23,1.11,0.46,1.72,0.0,1.29,0.0,,,,,,26.4625,89.945,0.4575,227.66500000000002,0.0,0.0,,982.16,
2023-07-01 22:00:00,21.34,31.6075,0.8,1.23,1.11,0.46,1.72,0.0,1.29,0.0,,,,,,26.45,91.0175,0.3425,226.0825,0.0,0.0,,981.745,
2023-07-01 23:00:00,20.653333333333332,38.626666666666665,0.8000000000000002,1.23,1.11,0.46,1.72,0.0,1.29,0.0,,,,,,26.45,90.79333333333334,0.3433333333333333,196.87333333333333,0.0,0.0,,981.11,
2023-07-02 00:00:00,6.583333333333333,13.5,0.8000000000000002,1.23,1.11,0.46,1.72,0.0,1.29,0.0,,,,,,26.2625,90.805,0.505,236.3775,0.0,0.0,,980.755,
2023-07-02 01:00:00,6.125,10.032499999999999,0.8,1.23,1.11,0.46,1.72,0.0,1.29,0.0,,,,,,25.575,93.6925,0.48750000000000004,213.2,0.015000000000000001,0.015000000000000001,,980.53,
2023-07-02 02:00:00,2.065,3.235,0.8,1.23,1.11,0.46,1.72,0.0,1.29,0.0,,,,,,24.955000000000002,95.855,0.4425,181.695,0.0225,0.0225,,980.2375,
2023-07-02 03:00:00,9.155,15.655,0.8,1.23,1.11,0.46,1.72,0.0,1.29,0.0,,,,,,25.03,96.48,0.20750000000000002,190.0125,0.0,0.0,,980.0,
2023-07-02 04:00:00,6.4675,10.5475,0.8,1.23,1.11,0.46,1.72,0.0,1.29,0.0,,,,,,25.2075,96.7325,0.10500000000000001,158.9225,0.0,0.0,0.09,980.0825,
2023-07-02 05:00:00,3.215,6.16,0.8,1.23,1.11,0.46,1.72,0.0,1.29,0.0,,,,,,25.369999999999997,96.7875,0.1725,222.84,0.0,0.0,2.15,980.6475,
2023-07-02 06:00:00,5.6875,9.89,0.8,1.23,1.11,0.46,1.72,0.0,1.29,0.0,,,,,,25.345,96.56,0.33999999999999997,178.37,0.0125,0.0125,12.255,981.0175,
2023-07-02 07:00:00,3.7199999999999998,6.095,0.8,1.23,1.11,0.46,1.72,0.0,1.29,0.0,,,,,,25.635,96.4425,0.2875,181.22,0.0,0.0,12.36,981.605,
2023-07-02 08:00:00,0.40249999999999997,1.5,0.8,1.23,1.11,0.46,1.72,0.0,1.29,0.0,,,,,,25.490000000000002,96.2925,0.4075,202.0525,0.07,0.07,10.7775,982.2725,
2023-07-02 09:00:00,14.5975,25.19,0.8,1.23,1.11,0.46,1.72,0.0,1.29,0.0,,,,,,25.627499999999998,96.4375,0.55,182.655,0.01,0.01,24.747500000000002,982.2774999999999,
2023-07-02 10:00:00,3.6875,5.904999999999999,0.8,1.23,1.11,0.46,1.72,0.0,1.29,0.0,,,,,,25.98,95.6675,0.66,171.815,0.0075,0.0075,34.135000000000005,982.1875,
2023-07-02 11:00:00,6.655,11.765,0.8,1.23,1.11,0.46,1.72,0.0,1.29,0.0,,,,,,26.4175,95.0325,0.665,199.76,0.0075,0.0075,48.962500000000006,981.69,
2023-07-02 12:00:00,6.66,10.595,0.8,1.23,1.11,0.46,1.72,0.0,1.29,0.0,,,,,,26.97,93.6375,0.64,188.0525,0.0,0.0,35.545,980.905,
2023-07-02 13:00:00,12.754999999999999,23.5775,0.8,1.23,1.11,0.46,1.72,0.0,1.29,0.0,,,,,,28.1125,86.59,0.8125,181.4175,0.0,0.0,48.85,980.0325,
2023-07-02 14:00:00,2.91,4.875,0.8,1.23,1.11,0.46,1.72,0.0,1.29,0.0,,,,,,29.5575,81.1475,0.5275,195.4525,0.0,0.0,66.745,979.4025,
2023-07-02 15:00:00,8.5475,14.625,0.8,1.23,1.11,0.46,1.72,0.0,1.29,0.0,,,,,,29.0425,80.8025,0.875,216.975,0.0,0.0,23.474999999999998,979.08,
2023-07-02 16:00:00,5.5925,12.095,0.8,1.23,1.11,0.46,1.72,0.0,1.29,0.0,,,,,,28.3275,83.43,0.825,197.7375,0.0,0.0,14.7875,978.925,
2023-07-02 17:00:00,12.5325,21.845,0.8,1.23,1.11,0.46,1.72,0.0,1.29,0.0,,,,,,28.2225,83.765,0.715,203.615,0.0,0.0,14.31,979.2875,
2023-07-02 18:00:00,14.059999999999999,23.905,0.8,1.23,1.11,0.46,1.72,0.0,1.29,0.0,,,,,,27.09,89.885,0.3,133.3825,0.0,0.0,0.05,979.9775,
2023-07-02 19:00:00,9.6975,16.97,0.8,1.23,1.11,0.46,1.72,0.0,1.29,0.0,,,,,,26.605,92.44,0.255,200.115,0.0,0.0,,980.7475,
2023-07-02 20:00:00,28.5,44.11,0.8,1.23,1.11,0.46,1.72,0.0,1.29,0.0,,,,,,26.4375,92.82,0.22,191.49,0.0,0.0,,981.4675,
2023-07-02 21:00:00,23.064999999999998,38.0625,0.8,1.23,1.11,0.46,1.72,0.0,1.29,0.0,,,,,,26.2725,93.6625,0.21,159.3,0.0,0.0,,981.46,
2023-07-02 22:00:00,20.7825,33.28,0.8,1.23,1.11,0.46,1.72,0.0,1.29,0.0,,,,,,25.8175,94.78,0.4275,239.0125,0.01,0.01,,981.4175,
2023-07-02 23:00:00,30.706666666666667,48.126666666666665,0.8000000000000002,1.23,1.11,0.46,1.72,0.0,1.29,0.0,,,,,,25.566666666666666,95.16666666666667,0.3,255.16333333333333,0.0033333333333333335,0.0025,,981.1933333333333,
2023-07-03 00:00:00,20.12666666666667,36.0,0.8000000000000002,1.23,1.11,0.46,1.72,0.0,1.29,0.0,,,,,,25.630000000000003,95.8875,0.13,201.355,0.0075,0.0075,,980.665,
2023-07-03 01:00:00,19.189999999999998,31.78,0.8,1.23,1.11,0.46,1.72,0.0,1.29,0.0,,,,,,25.6175,96.2425,0.175,203.1725,0.005,0.005,,980.13,
2023-07-03 02:00:00,8.2625,17.4375,0.8,1.23,1.11,0.46,1.72,0.0,1.29,0.0,,,,,,25.6425,96.53,0.19,169.7075,0.0025,0.0025,,979.7175,
2023-07-03 03:00:00,15.3225,22.875,0.8,1.23,1.11,0.46,1.72,0.0,1.29,0.0,,,,,,25.6025,96.46000000000001,0.1725,166.0175,0.0,0.0,,979.7375,
2023-07-03 04:00:00,14.97,25.4525,0.8,1.23,1.11,0.46,1.72,0.0,1.29,0.0,,,,,,25.575,96.0925,0.255,133.9575,0.0,0.0,,980.27,
2023-07-03 05:00:00,30.5,48.0,0.8,1.23,1.11,0.46,1.72,0.0,1.29,0.0,,,,,,25.5825,95.5975,0.2,197.48,0.005,0.005,1.6925,980.8625,
2023-07-03 06:00:00,12.0,24.1875,0.8,1.23,1.11,0.46,1.72,0.0,1.29,0.0,,,,,,25.795,95.6125,0.1375,195.7525,0.0,0.0,6.4475,981.2975,
2023-07-03 07:00:00,12.375,21.095,0.805,1.23,1.11,0.4625,1.73,0.0,1.2975,0.0,,,,,,26.1825,95.3275,0.14750000000000002,133.115,0.0,0.0,16.0025,981.8725000000001,
2023-07-03 08:00:00,19.127499999999998,31.22,0.805,1.2375,1.115,0.46,1.72,0.0,1.29,0.0,,,,,,26.3,93.7125,0.22999999999999998,110.265,0.0,0.0,6.8325000000000005,982.1675,
2023-07-03 09:00:00,19.875,31.822499999999998,0.8,1.23,1.11,0.46,1.72,0.0,1.29,0.0,,,,,,26.619999999999997,91.975,0.2675,115.26249999999999,0.0,0.0,14.092500000000001,982.39,
2023-07-03 10:00:00,10.9925,16.7525,0.76,1.1675,1.0550000000000002,0.4375,1.635,0.0,1.225,0.0,,,,,,25.5425,85.9925,0.3075,110.8425,0.0,0.0,40.7625,933.03,
2023-07-03 11:00:00,,,,,0.0,,,0.0,,0.0,,,,,,,,,,0.0,0.0,,,
2023-07-03 12:00:00,6.17,12.0,0.56,1.16,0.255,0.32,1.19,0.015,0.89,0.0025,,,,0.01,0.02,19.13,55.6,0.37,106.57,0.0,0.0,64.61,,
2023-07-03 13:00:00,1.2066666666666668,4.5,0.8,1.23,1.11,0.46,1.72,0.1525,1.29,0.02,,,,0.0275,0.035,29.51,80.28,0.675,221.975,0.0,0.0,76.0275,979.87,
2023-07-03 14:00:00,0.13,,0.81,1.2525,1.1275,0.4725,1.7675,0.2225,1.3250000000000002,0.03,,,,0.04,0.05,30.34,77.6725,0.435,160.475,0.0,0.0,65.13,979.2525,
2023-07-03 15:00:00,0.12,,0.8374999999999999,1.2825,1.17,0.4825,1.7925,0.2175,1.35,0.03,,,,0.0425,0.05,31.322499999999998,76.2525,0.2275,144.4225,0.0,0.0,47.875,979.055,
2023-07-03 16:00:00,3.9699999999999998,7.265,0.8975,1.365,1.2175,0.5025,1.9224999999999999,0.22,1.4324999999999999,0.03,,,,0.0425,0.052500000000000005,31.705000000000002,74.765,0.1975,133.8175,0.0,0.0,29.5075,979.1125,
2023-07-03 17:00:00,10.059999999999999,17.11,0.9025000000000001,1.3875,1.2475,0.505,1.9224999999999999,0.21,1.44,0.0225,,,,0.04,0.05,29.27,83.605,0.21,140.6725,0.0,0.0,3.38,979.6225,
2023-07-03 18:00:00,18.495,28.5,0.87,1.3475,1.22,0.5,1.8775,0.20500000000000002,1.39,0.025,,,,0.04,0.05,27.745,88.965,0.21500000000000002,134.8475,0.0,0.0,,980.3924999999999,
2023-07-03 19:00:00,9.752500000000001,15.4675,0.9025,1.4049999999999998,1.24,0.505,1.905,0.245,1.42,0.03,,,,0.0475,0.057499999999999996,27.2875,91.56,0.16999999999999998,143.945,0.0,0.0,,980.91,
2023-07-03 20:00:00,9.774999999999999,17.25,0.8975,1.38,1.22,0.51,1.9124999999999999,0.23,1.4175,0.03,,,,0.045,0.052500000000000005,26.9825,92.63499999999999,0.19,170.575,0.0,0.0,,980.985,
2023-07-03 21:00:00,13.5,21.515,0.8625,1.3475000000000001,1.2075,0.495,1.8125,0.2575,1.3925,0.03,,,,0.05,0.06,26.5,94.2825,0.175,182.7425,0.0,0.0,,981.12,
2023-07-03 22:00:00,14.03,23.155,0.895,1.36,1.2275,0.505,1.9249999999999998,0.2625,1.4324999999999999,0.03,,,,0.05,0.0625,26.725,94.06,0.185,192.285,0.0,0.0,,981.2075,
2023-07-03 23:00:00,20.413333333333334,31.856666666666666,0.9166666666666666,1.4033333333333333,1.2566666666666666,0.5166666666666667,1.9533333333333331,0.24333333333333332,1.4633333333333332,0.03,,,,0.05000000000000001,0.06,26.623333333333335,94.0,0.16333333333333333,201.92333333333332,0.0,0.0,,980.8433333333332,
2023-07-04 00:00:00,7.373333333333334,12.0,0.94,1.43,1.2833333333333334,0.5266666666666667,2.0,0.22666666666666668,1.5,0.03,,,,0.0425,0.055,26.3125,94.98,0.225,177.7325,0.0075,0.0075,,980.565,
2023-07-04 01:00:00,8.27,14.905,0.9349999999999999,1.44,1.29,0.53,2.0,0.2175,1.5,0.03,,,,0.04,0.05,26.13,96.21000000000001,0.2325,151.5075,0.0,0.0,,980.55,
2023-07-04 02:00:00,18.125,29.485,0.9349999999999999,1.42,1.275,0.525,1.9925,0.2275,1.4925,0.03,,,,0.0425,0.052500000000000005,26.1175,96.675,0.21000000000000002,215.5275,0.0,0.0,,980.5775,
2023-07-04 03:00:00,10.97,17.4375,0.9349999999999999,1.44,1.29,0.525,1.9849999999999999,0.22,1.4925,0.03,,,,0.04,0.05,26.1425,96.89,0.1925,164.905,0.0,0.0,,980.2025000000001,
2023-07-04 04:00:00,13.28,26.345,0.9325,1.4324999999999999,1.29,0.525,1.9825,0.2125,1.4875,0.03,,,,0.04,0.05,25.9975,97.025,0.2475,143.9625,0.0,0.0,0.91,980.235,
2023-07-04 05:00:00,17.875,31.595,0.94,1.4324999999999999,1.2850000000000001,0.53,2.0,0.20500000000000002,1.5,0.0225,,,,0.04,0.05,26.447499999999998,97.0125,0.2275,118.27250000000001,0.0,0.0,18.7725,980.655,
2023-07-04 06:00:00,10.565,18.9525,0.94,1.4324999999999999,1.2825,0.53,2.0,0.1975,1.5,0.02,,,,0.04,0.0475,28.552500000000002,91.07,0.2825,146.4075,0.0,0.0,77.785,980.95,
2023-07-04 07:00:00,15.8575,24.375,0.9349999999999999,1.4324999999999999,1.2850000000000001,0.5275000000000001,1.9925,0.2025,1.4925,0.02,,,,0.04,0.05,32.1725,78.4525,0.3075,129.0825,0.0,0.0,139.2475,981.0675,
2023-07-04 08:00:00,14.440000000000001,24.7025,0.94,1.4324999999999999,1.2850000000000001,0.53,2.0,0.2025,1.5,0.025,,,,0.04,0.0475,32.9125,70.9625,0.8574999999999999,131.5375,0.0,0.0,124.125,981.21,
2023-07-04 09:00:00,19.7825,33.9375,0.94,1.44,1.29,0.53,2.0,0.2,1.5,0.02,,,,0.04,0.0475,32.7725,71.68,0.7525,180.6175,0.0,0.0,171.145,981.355,
2023-07-04 10:00:00,1.08,8.62,0.94,1.44,1.29,0.53,2.0,0.22999999999999998,1.5,0.03,,,,0.0425,0.052500000000000005,33.32,71.08,0.7525000000000001,118.9025,0.0,0.0,134.4675,980.9975,
2023-07-04 11:00:00,31.37,50.625,0.9349999999999999,1.44,1.29,0.53,2.0,0.20500000000000002,1.5,0.025,,,,0.04,0.05,33.72,72.0275,0.6675,150.4775,0.0,0.0,148.7975,980.415,
2023-07-04 12:00:00,16.9375,27.0,0.94,1.44,1.29,0.53,2.0,0.195,1.5,0.02,,,,0.04,0.045,32.3375,75.705,0.5750000000000001,157.5225,0.0,0.0,102.935,979.725,
2023-07-04 13:00:00,4.155,6.75,0.94,1.44,1.29,0.53,2.0,0.1825,1.5,0.02,,,,0.04,0.04,33.8225,69.315,0.655,128.4,0.0,0.0,126.815,979.1424999999999,
2023-07-04 14:00:00,20.455,38.345,0.94,1.44,1.29,0.5275000000000001,2.0,0.1825,1.4925,0.02,,,,0.04,0.04,33.755,69.3,0.5025,120.75,0.0,0.0,79.2625,978.3625,
2023-07-04 15:00:00,16.7825,26.155,0.94,1.44,1.29,0.53,2.0,0.1875,1.5,0.02,,,,0.04,0.04,35.317499999999995,65.8275,0.405,168.5375,0.0,0.0,108.03999999999999,977.48,
2023-07-04 16:00:00,5.8525,9.5625,0.94,1.44,1.29,0.53,2.0,0.19,1.5,0.02,,,,0.04,0.04,35.8275,64.545,0.335,151.87,0.0,0.0,71.3725,977.3375,
2023-07-04 17:00:00,22.1875,37.125,0.9349999999999999,1.4324999999999999,1.2775,0.5275000000000001,1.9925,0.2,1.4925,0.02,,,,0.04,0.05,32.2875,76.2625,0.3,123.2675,0.0,0.0,8.215,977.4975,
2023-07-04 18:00:00,15.955,26.345,0.94,1.4324999999999999,1.2775,0.5275000000000001,2.0,0.24,1.4925,0.03,,,,0.0475,0.0575,30.28,84.03999999999999,0.495,205.7875,0.0,0.0,0.09,978.385,
2023-07-04 19:00:00,23.355,41.41,0.9175,1.3924999999999998,1.2625,0.5175000000000001,1.9675,0.2825,1.4649999999999999,0.03,,,,0.057499999999999996,0.0675,29.04,87.21,0.405,174.6225,0.0,0.0,,979.0899999999999,
2023-07-04 20:00:00,20.495,36.375,0.9275,1.4075,1.255,0.5175000000000001,1.975,0.3,1.4675,0.035,,,,0.06,0.07,28.1525,91.11749999999999,0.305,149.73250000000002,0.0,0.0,,979.99,
2023-07-04 21:00:00,21.122500000000002,36.0,0.87,1.37,1.205,0.5,1.8625,0.31,1.3875,0.0325,,,,0.0625,0.07500000000000001,27.7575,92.525,0.22000000000000003,189.2575,0.0,0.0,,980.9100000000001,
2023-07-04 22:00:00,19.3425,33.1875,0.9125000000000001,1.3450000000000002,1.21,0.5125,1.94,0.3075,1.46,0.035,,,,0.06,0.07250000000000001,27.44,92.5,0.3125,228.4175,0.0,0.0,,980.82,
2023-07-04 23:00:00,22.50333333333333,38.5,0.8833333333333333,1.3533333333333335,1.2133333333333332,0.5033333333333333,1.8733333333333333,0.31,1.4033333333333333,0.03666666666666667,,,,0.06,0.07333333333333335,27.05,93.23,0.5,216.85333333333332,0.0,0.0,,980.25,
2023-07-05 00:00:00,22.580000000000002,42.0,0.8766666666666666,1.3666666666666665,1.21,0.49666666666666665,1.8833333333333335,0.29666666666666663,1.3966666666666665,0.03666666666666667,,,,0.06,0.07,26.8925,93.63,0.29000000000000004,159.285,0.0,0.0,,979.87,
2023-07-05 01:00:00,18.465,30.75,0.9,1.3475000000000001,1.2349999999999999,0.505,1.9224999999999999,0.295,1.4475,0.0325,,,,0.06,0.07,27.175,93.00750000000001,0.1375,200.5925,0.0,0.0,,979.65,
2023-07-05 02:00:00,21.53,33.1425,0.89,1.37,1.225,0.505,1.9075,0.28,1.4275,0.03,,,,0.06,0.0675,27.1375,93.0175,0.2025,169.8925,0.0,0.0,,979.505,
2023-07-05 03:00:00,13.0625,22.875,0.875,1.375,1.225,0.5025,1.915,0.2475,1.4425,0.03,,,,0.05,0.06,26.7475,93.8225,0.2875,193.9725,0.0,0.0,,979.5975,
2023-07-05 04:00:00,4.9075,8.4375,0.85,1.33,1.19,0.485,1.8275000000000001,0.245,1.3625,0.03,,,,0.05,0.06,26.3125,94.84,0.3675,232.77249999999998,0.0,0.0,1.3333333333333333,979.74,
2023-07-05 05:00:00,10.125,16.7825,0.8474999999999999,1.3125,1.1824999999999999,0.49,1.8125,0.23249999999999998,1.3625,0.03,,,,0.045,0.055,26.759999999999998,91.5075,0.4325,199.125,0.0,0.0,17.122500000000002,980.0025,
2023-07-05 06:00:00,7.955,13.64,0.8875,1.3575,1.205,0.495,1.8900000000000001,0.23,1.4175,0.03,,,,0.045,0.057499999999999996,28.32,86.2375,0.2325,175.0025,0.0,0.0,31.3825,980.7375,
2023-07-05 07:00:00,10.84,19.285,0.8725,1.3375,1.2,0.4875,1.845,0.2275,1.3725,0.03,,,,0.045,0.055,30.4725,78.33,0.2925,144.4325,0.0,0.0,76.07000000000001,981.175,
2023-07-05 08:00:00,12.7225,20.905,0.8674999999999999,1.335,1.2225,0.4875,1.845,0.2175,1.3775,0.03,,,,0.0425,0.05,32.945,70.93,0.455,90.6425,0.0,0.0,138.3275,981.1600000000001,
2023-07-05 09:00:00,20.905,35.435,0.875,1.355,1.205,0.5,1.9075,0.2025,1.4125,0.0225,,,,0.04,0.05,35.0875,64.59,0.51,132.455,0.0,0.0,199.8075,980.855,
2023-07-05 10:00:00,12.22,20.72,0.885,1.3575,1.22,0.4975,1.88,0.1975,1.415,0.02,,,,0.04,0.0475,34.92,63.2875,0.5525,131.7775,0.0,0.0,94.0775,980.365,
2023-07-05 11:00:00,20.7375,35.5975,0.915,1.3775,1.23,0.51,1.9475,0.1975,1.46,0.02,,,,0.04,0.045,34.905,64.4625,0.785,147.6975,0.0,0.0,168.475,979.7875,
2023-07-05 12:00:00,14.622499999999999,24.845,0.8825,1.375,1.245,0.5,1.8875000000000002,0.1975,1.4175,0.02,,,,0.04,0.0475,35.0675,64.3575,0.6675,128.8425,0.0,0.0,101.3,978.9475,
2023-07-05 13:00:00,25.5,39.47,0.905,1.375,1.245,0.5125,1.9325,0.2125,1.455,0.0275,,,,0.04,0.05,33.8675,68.25,0.745,210.9,0.0,0.0,55.9275,978.4125,
2023-07-05 14:00:00,14.215,25.125,0.915,1.4075,1.2675,0.5175000000000001,1.9649999999999999,0.1925,1.4675,0.0225,,,,0.04,0.0425,34.2525,67.6725,0.525,121.5625,0.0,0.0,77.495,977.7725,
2023-07-05 15:00:00,15.75,26.905,0.9175,1.4249999999999998,1.275,0.5175000000000001,1.9500000000000002,0.19,1.4575,0.02,,,,0.04,0.04,36.8575,60.269999999999996,0.515,125.0325,0.0,0.0,112.285,977.2475,
2023-07-05 16:00:00,14.1675,20.375,0.9299999999999999,1.415,1.2575,0.525,1.9849999999999999,0.2275,1.475,0.03,,,,0.045,0.055,32.1025,76.13,0.565,152.1825,0.0,0.0,15.2575,977.315,
2023-07-05 17:00:00,12.75,20.25,0.9349999999999999,1.4124999999999999,1.2725,0.525,1.9925,0.2325,1.4925,0.03,,,,0.0475,0.057499999999999996,30.7625,83.1375,0.335,196.3475,0.0,0.0,6.435,977.6725,
2023-07-05 18:00:00,13.190000000000001,21.0,0.91,1.42,1.2575,0.5125,1.96,0.2525,1.4475,0.03,,,,0.052500000000000005,0.0625,29.59,86.435,0.38,182.1275,0.0,0.0,0.23,978.395,
2023-07-05 19:00:00,19.8575,32.25,0.9225,1.41,1.2625,0.52,1.9849999999999999,0.265,1.475,0.03,,,,0.052500000000000005,0.0625,28.8825,85.7975,0.6675,265.69,0.0,0.0,,978.96,
2023-07-05 20:00:00,30.245,53.25,0.9225,1.4049999999999998,1.2575,0.52,1.9475,0.28,1.4649999999999999,0.03,,,,0.06,0.07,28.195,88.9825,0.4425,232.6025,0.0,0.0,,979.635,
2023-07-05 21:00:00,18.060000000000002,29.8125,0.915,1.4124999999999999,1.2475,0.5175000000000001,1.95,0.3175,1.455,0.0375,,,,0.0625,0.07250000000000001,28.1225,89.3425,0.4775,259.235,0.0,0.0,,980.3625,
2023-07-05 22:00:00,18.810000000000002,30.0,0.905,1.38,1.23,0.51,1.93,0.3275,1.4375,0.04,,,,0.0675,0.0775,27.810000000000002,91.10249999999999,0.3125,250.9,0.0,0.0,,980.1825,
2023-07-05 23:00:00,25.290000000000003,37.93666666666667,0.9166666666666666,1.4033333333333333,1.2533333333333332,0.5133333333333333,1.9566666666666668,0.31,1.4633333333333332,0.04,,,,0.06,0.07,27.546666666666667,91.48333333333333,0.36999999999999994,197.8033333333333,0.0,0.0,,979.9499999999999,
2023-07-06 00:00:00,27.543333333333333,43.126666666666665,0.9133333333333334,1.38,1.23,0.5166666666666667,1.9666666666666668,0.29,1.4666666666666668,0.03,,,,0.06,0.07,27.697499999999998,90.4125,0.315,169.1075,0.0,0.0,,979.6625,
2023-07-06 01:00:00,6.095,10.125,0.915,1.4075,1.2575,0.515,1.9575,0.22999999999999998,1.4649999999999999,0.025,,,,0.0475,0.0575,26.6175,92.3275,0.8675,201.4375,0.0375,0.0375,,979.445,
2023-07-06 02:00:00,12.02,24.985,0.8975,1.3575,1.2325,0.4975,1.9175,0.185,1.4100000000000001,0.02,,,,0.04,0.04,25.38,96.125,0.36,185.37,0.0625,0.0625,,980.07,
2023-07-06 03:00:00,9.4275,16.822499999999998,0.8975,1.36,1.22,0.5075000000000001,1.915,0.1625,1.4375,0.02,,,,0.035,0.04,25.285,96.72,0.3325,120.0275,0.01,0.01,,980.0525,
2023-07-06 04:00:00,8.877500000000001,15.095,0.9025000000000001,1.3625,1.205,0.5075000000000001,1.9075,0.1525,1.44,0.02,,,,0.03,0.0375,25.1475,97.0025,0.3875,141.16,0.035,0.035,,980.6925,
2023-07-06 05:00:00,3.6225,6.5625,0.875,1.35,1.21,0.4975,1.87,0.15,1.4124999999999999,0.02,,,,0.03,0.035,25.0875,97.23,0.275,143.73499999999999,0.095,0.095,0.26,981.465,
2023-07-06 06:00:00,7.09,11.25,0.905,1.375,1.25,0.51,1.9425,0.1525,1.4375,0.02,,,,0.03,0.04,25.0825,97.425,0.3325,144.4725,0.0475,0.0475,0.4075,982.0275,
2023-07-06 07:00:00,3.0300000000000002,4.97,0.895,1.35,1.23,0.5,1.8975,0.195,1.4075,0.02,,,,0.04,0.045,25.105,97.53,0.54,212.12,0.0375,0.0375,2.635,982.29,
2023-07-06 08:00:00,13.0325,23.39,0.89,1.38,1.2125,0.495,1.8875,0.18,1.415,0.02,,,,0.04,0.04,25.29,97.58,0.34750000000000003,191.4125,0.0175,0.0175,18.075,982.51,
2023-07-06 09:00:00,5.7225,10.03,0.9199999999999999,1.4075,1.255,0.5225,1.9575,0.2025,1.4575,0.02,,,,0.04,0.045,25.8675,97.425,0.615,175.7275,0.0,0.0,50.18,982.62,
2023-07-06 10:00:00,6.0,10.405,0.9325,1.4275,1.2725,0.5225,1.975,0.1975,1.48,0.02,,,,0.04,0.0475,27.67,91.4225,0.6900000000000001,167.2,0.0,0.0,62.11750000000001,982.4100000000001,
2023-07-06 11:00:00,0.6699999999999999,2.62,0.9025000000000001,1.4049999999999998,1.2475,0.5125,1.915,0.26,1.43,0.0275,,,,0.05,0.0625,28.61,85.16,0.93,172.895,0.0,0.0,54.295,981.9225,
2023-07-06 12:00:00,15.0,26.465,0.895,1.375,0.615,0.5,1.885,0.11,1.415,0.0125,,,,0.04,0.05,28.775,83.95500000000001,1.185,193.57,0.0,0.0,94.54499999999999,981.54,
2023-07-06 13:00:00,16.94333333333333,26.916666666666668,0.8066666666666666,1.1733333333333333,0.8,0.4466666666666667,1.7033333333333331,0.09,1.2666666666666666,0.015,,,,0.023333333333333334,0.03666666666666667,30.103333333333335,69.07333333333334,1.07,200.79333333333332,0.0,0.0,138.92,926.31,
2023-07-06 14:00:00,0.12,7.12,0.89,1.345,1.2275,0.495,1.8775,0.1575,1.4075,0.02,,,,0.0325,0.04,32.9475,67.86,1.3175,223.8875,0.0,0.0,157.13750000000002,980.2850000000001,
2023-07-06 15:00:00,6.4075,10.8225,0.94,1.4249999999999998,1.2650000000000001,0.53,2.0,0.155,1.5,0.02,,,,0.03,0.04,32.44,68.2375,1.37,225.7975,0.0,0.0,97.5775,979.9475,
2023-07-06 16:00:00,5.9175,8.785,0.94,1.4324999999999999,1.29,0.5275000000000001,2.0,0.185,1.4925,0.02,,,,0.04,0.0425,32.5275,69.02250000000001,0.855,204.45499999999998,0.0,0.0,50.317499999999995,979.8225,
2023-07-06 17:00:00,8.84,14.5725,0.94,1.4324999999999999,1.29,0.53,2.0,0.185,1.5,0.02,,,,0.04,0.04,30.62,76.555,0.4625,204.1025,0.0,0.0,8.8925,979.965,
2023-07-06 18:00:00,8.0625,13.595,0.925,1.4324999999999999,1.2825,0.5225,1.975,0.255,1.4775,0.0325,,,,0.05,0.06,28.9125,86.38499999999999,0.2225,110.71000000000001,0.0,0.0,0.62,980.665,
2023-07-06 19:00:00,22.22,36.75,0.905,1.395,1.24,0.5125,1.9275,0.305,1.4525,0.035,,,,0.06,0.07,28.105,89.32,0.29500000000000004,150.3275,0.005,0.005,,981.6875,
2023-07-06 20:00:00,22.6025,36.1075,0.9299999999999999,1.4175,1.2725,0.5175000000000001,1.9825,0.2625,1.4849999999999999,0.03,,,,0.052500000000000005,0.0625,26.8375,94.35,0.41500000000000004,195.065,0.007500000000000001,0.007500000000000001,,982.625,
2023-07-06 21:00:00,14.122499999999999,28.5,0.865,1.3075,1.1925,0.495,1.8375,0.245,1.375,0.03,,,,0.0475,0.055,26.2875,95.95750000000001,0.605,191.645,0.0425,0.0425,,982.88,
2023-07-06 22:00:00,16.75,28.5475,0.8725,1.3250000000000002,1.19,0.4875,1.8525,0.195,1.385,0.02,,,,0.04,0.0425,25.7375,96.6625,0.7725,207.1925,0.0825,0.0825,,982.7,
2023-07-06 23:00:00,13.793333333333335,25.936666666666667,0.84,1.2666666666666666,1.1466666666666667,0.4766666666666666,1.78,0.15333333333333332,1.3233333333333335,0.02,,,,0.03,0.04,25.593333333333334,97.02,0.4266666666666667,247.52666666666664,0.0,0.0,,982.2266666666668,
2023-07-07 00:00:00,1.7066666666666668,3.0,0.8433333333333333,1.2733333333333334,1.1500000000000001,0.48333333333333334,1.8266666666666669,0.15333333333333332,1.36,0.02,,,,0.0325,0.04,25.675,97.2325,0.2,164.105,0.0,0.0,,981.7574999999999,
2023-07-07 01:00:00,15.2875,24.2125,0.8525,1.3125,1.1724999999999999,0.4875,1.82,0.155,1.365,0.02,,,,0.03,0.04,25.7225,97.3675,0.2825,156.4675,0.0,0.0,,981.475,
2023-07-07 02:00:00,13.625,24.1075,0.8625,1.2775,1.1675,0.4925,1.855,0.1375,1.395,0.015,,,,0.03,0.035,25.6175,97.435,0.2925,142.14999999999998,0.0125,0.0125,,981.465,
2023-07-07 03:00:00,11.6575,19.78,0.83,1.295,1.17,0.4725,1.7850000000000001,0.1275,1.3225,0.015000000000000001,,,,0.03,0.03,25.605,97.535,0.4125,145.0275,0.0025,0.0025,,981.4775,
2023-07-07 04:00:00,4.975,7.66,0.8775,1.35,1.2075,0.49,1.87,0.1275,1.375,0.015,,,,0.03,0.03,25.134999999999998,97.4825,0.5975,212.67000000000002,0.03,0.03,1.08,982.015,
2023-07-07 05:00:00,,,,,,,,,,,,,,,,,,,,,0.0,,,
2023-07-07 06:00:00,,,,,,,,,,,,,,,,,,,,,0.0,,,
2023-07-07 07:00:00,,,,,,,,,,,,,,,,,,,,,0.0,,,
2023-07-07 08:00:00,,,,,,,,,,,,,,,,,,,,,0.0,,,
2023-07-07 09:00:00,,,,,,,,,,,,,,,,,,,,,0.0,,,
2023-07-07 10:00:00,9.293333333333335,16.5,0.8366666666666668,1.2433333333333334,1.12,0.47333333333333333,1.7833333333333332,0.11333333333333333,1.3266666666666667,0.013333333333333334,,,,0.023333333333333334,0.03,28.456666666666667,84.19,1.6933333333333334,204.40333333333334,0.0,0.0,83.12666666666667,983.5433333333334,
2023-07-07 11:00:00,1.57,2.36,0.8,1.2425,1.1225,0.465,1.7375,0.16999999999999998,1.31,0.02,,,,0.035,0.0375,28.5225,82.8075,1.295,198.3725,0.0,0.0,61.597500000000004,983.1675,
2023-07-07 12:00:00,141.1875,264.375,0.8425,1.29,1.17,0.4775,1.81,0.165,1.3425,0.02,,,,0.0325,0.0375,29.23,80.055,1.1475,197.86,0.0,0.0,78.2225,982.61,
2023-07-07 13:00:00,13.0275,20.197499999999998,0.86,1.3250000000000002,1.1949999999999998,0.4925,1.85,0.155,1.3975,0.02,,,,0.03,0.0375,30.255000000000003,77.8325,0.935,241.2575,0.0,0.0,72.1175,982.1875,
2023-07-07 14:00:00,5.6274999999999995,10.5,0.9075,1.3924999999999998,1.2425,0.5175000000000001,1.96,0.1475,1.46,0.02,,,,0.03,0.04,31.195,73.805,1.23,260.3275,0.0,0.0,114.3925,981.4649999999999,
2023-07-07 15:00:00,1.84,3.16,0.915,1.3725,1.225,0.515,1.9249999999999998,0.14750000000000002,1.4475,0.02,,,,0.03,0.0375,33.1375,66.1725,0.9974999999999999,194.4475,0.0,0.0,126.92,980.69,
2023-07-07 16:00:00,13.09,22.6875,0.8925000000000001,1.3575,1.23,0.5025,1.9125,0.1775,1.4125,0.02,,,,0.035,0.045,31.1975,70.72,1.1825,194.8075,0.0,0.0,35.8425,980.8924999999999,
2023-07-07 17:00:00,17.8525,28.6875,0.885,1.3525,1.2125,0.4975,1.8900000000000001,0.1625,1.4075,0.02,,,,0.0325,0.04,30.4225,76.47999999999999,0.3325,204.7175,0.0,0.0,10.39,981.4325,
2023-07-07 18:00:00,17.395,32.85,0.8825000000000001,1.3525,1.2125,0.495,1.8824999999999998,0.185,1.405,0.02,,,,0.0375,0.0425,28.8175,84.2675,0.245,179.89249999999998,0.0,0.0,,982.0775,
2023-07-07 19:00:00,9.655000000000001,17.015,0.875,1.3025,1.1724999999999999,0.4875,1.8425,0.1875,1.375,0.0225,,,,0.04,0.0425,27.8775,88.7325,0.2325,117.785,0.0,0.0,,982.9775,
2023-07-07 20:00:00,23.1875,37.0775,0.8625,1.315,1.185,0.4925,1.8525,0.2525,1.3925,0.0325,,,,0.0525,0.06,27.51,90.7325,0.225,153.79250000000002,0.0,0.0,,983.6125,
2023-07-07 21:00:00,14.907499999999999,23.53,0.82,1.29,1.15,0.4725,1.7575,0.26,1.3225,0.03,,,,0.05,0.06,27.03,92.29249999999999,0.2975,152.4875,0.034999999999999996,0.034999999999999996,,984.1775,
2023-07-07 22:00:00,16.8425,29.53,0.8425,1.2775,1.1575,0.48,1.81,0.1975,1.3325,0.0225,,,,0.04,0.045,26.14,95.91499999999999,0.47,168.54,0.045,0.045,,984.09,
2023-07-07 23:00:00,14.46,24.810000000000002,0.8333333333333334,1.3,1.18,0.48666666666666664,1.7833333333333332,0.20333333333333334,1.3500000000000003,0.02,,,,0.04,0.04666666666666667,26.01,96.58666666666666,0.3633333333333333,131.64666666666668,0.0033333333333333335,0.0025,,983.7733333333332,
2023-07-08 00:00:00,12.583333333333334,21.563333333333333,0.8766666666666666,1.3366666666666667,1.1933333333333334,0.49333333333333335,1.8633333333333333,0.17333333333333334,1.3833333333333335,0.02,,,,0.035,0.04,25.9975,96.9725,0.275,199.755,0.005,0.005,,983.27,
2023-07-08 01:00:00,24.0,39.6425,0.86,1.3275,1.1875,0.4825,1.85,0.155,1.38,0.02,,,,0.03,0.04,25.835,97.1375,0.3575,129.61,0.0125,0.0125,,983.095,
2023-07-08 02:00:00,15.72,25.8275,0.835,1.2850000000000001,1.1575,0.475,1.775,0.1475,1.3225,0.02,,,,0.03,0.035,25.7725,97.22749999999999,0.385,155.98000000000002,0.005,0.005,,982.915,
2023-07-08 03:00:00,11.015,20.625,0.8525,1.29,1.1549999999999998,0.485,1.835,0.13,1.365,0.015,,,,0.03,0.03,25.4425,97.265,0.3025,134.2125,0.0,0.0,,982.9025,
2023-07-08 04:00:00,10.1375,16.072499999999998,0.81,1.255,1.145,0.47250000000000003,1.7475,0.135,1.315,0.0125,,,,0.03,0.03,25.267500000000002,97.305,0.2925,150.97,0.06,0.06,0.31,983.2775,
2023-07-08 05:00:00,5.5024999999999995,9.190000000000001,0.82,1.2575,1.1375,0.46749999999999997,1.75,0.14,1.3050000000000002,0.02,,,,0.03,0.0325,25.27,97.485,0.255,121.5375,0.0325,0.0325,1.2225,983.8475000000001,
2023-07-08 06:00:00,23.875,38.25,0.82,1.2625,1.145,0.47,1.75,0.14250000000000002,1.3175000000000001,0.02,,,,0.03,0.03,25.2075,97.5025,0.355,153.41750000000002,0.0875,0.0875,2.79,984.6125,
2023-07-08 07:00:00,17.375,31.875,0.8125,1.25,1.12,0.4625,1.7325,0.155,1.2975,0.02,,,,0.03,0.04,25.307499999999997,97.5825,0.2225,140.3,0.0025,0.0025,8.42,984.815,
2023-07-08 08:00:00,0.95,2.925,0.835,1.25,1.1475,0.4725,1.79,0.1675,1.3375000000000001,0.02,,,,0.035,0.04,25.7425,97.64,0.2175,139.8475,0.0,0.0,25.355,984.83,
2023-07-08 09:00:00,4.7425,8.25,0.8150000000000001,1.25,1.1275,0.4675,1.7475,0.1825,1.31,0.02,,,,0.04,0.04,26.415,97.2025,0.3175,100.955,0.0,0.0,43.7775,984.6225,
2023-07-08 10:00:00,13.805,24.675,0.835,1.2525,1.1175000000000002,0.47,1.7775,0.1675,1.3225,0.02,,,,0.03,0.04,28.4075,90.715,0.405,110.82249999999999,0.0,0.0,66.53999999999999,984.28,
2023-07-08 11:00:00,11.6875,20.625,0.8525,1.3,1.17,0.4925,1.8175,0.18,1.375,0.02,,,,0.04,0.04,31.8975,78.33,0.35250000000000004,136.31,0.0,0.0,120.07249999999999,983.495,
2023-07-08 12:00:00,8.9225,16.78,0.895,1.3599999999999999,1.2425,0.5075000000000001,1.925,0.1775,1.4375,0.02,,,,0.0375,0.04,31.224999999999998,79.065,0.2725,112.8225,0.0,0.0,63.0775,982.7674999999999,
2023-07-08 13:00:00,15.7775,27.75,0.875,1.37,1.2349999999999999,0.4975,1.865,0.1975,1.4024999999999999,0.02,,,,0.04,0.0425,30.4,84.8225,0.3925,111.45,0.0,0.0,127.47999999999999,982.105,
2023-07-08 14:00:00,14.067499999999999,23.302500000000002,0.905,1.3675,1.2275,0.5125,1.9425,0.1875,1.4475,0.02,,,,0.04,0.04,34.585,71.745,0.4575,160.09,0.0,0.0,153.53,981.2625,
2023-07-08 15:00:00,13.25,21.7925,0.9175,1.3775,1.2375,0.5175000000000001,1.95,0.1875,1.4649999999999999,0.02,,,,0.04,0.0425,36.269999999999996,62.762499999999996,0.6925,183.615,0.0,0.0,91.3675,980.6475,
2023-07-08 16:00:00,17.79,28.595,0.9125,1.385,1.2475,0.5125,1.9475,0.175,1.4525,0.02,,,,0.035,0.0425,31.9875,77.5475,0.3675,168.93,0.0,0.0,18.52,980.6175,
2023-07-08 17:00:00,10.28,16.9225,0.9,1.3625,1.2275,0.51,1.9224999999999999,0.1975,1.4425,0.02,,,,0.04,0.0425,30.4375,84.6675,0.3775,150.485,0.0,0.0,6.255,980.96,
2023-07-08 18:00:00,19.322499999999998,32.41,0.91,1.41,1.2650000000000001,0.52,1.9425,0.22,1.47,0.03,,,,0.0425,0.052500000000000005,29.22,88.0575,0.4325,123.5275,0.0,0.0,0.05,981.605,
2023-07-08 19:00:00,14.9375,22.3525,0.94,1.44,1.29,0.53,2.0,0.255,1.5,0.03,,,,0.052500000000000005,0.0625,28.18,89.7025,0.6375,147.515,0.02,0.02,,982.21,
2023-07-08 20:00:00,22.776666666666667,36.666666666666664,0.94,1.43,1.28,0.53,2.0,0.17666666666666667,1.5,0.02,,,,0.03666666666666667,0.04,25.396666666666665,95.64333333333333,0.49666666666666665,236.45333333333335,0.08,0.06,,983.1666666666666,
2023-07-08 21:00:00,,,,,,,,,,,,,,,,,,,,,0.0,,,
2023-07-08 22:00:00,,,,,,,,,,,,,,,,,,,,,0.0,,,
2023-07-08 23:00:00,,,,,,,,,,,,,,,,,,,,,0.0,,,
2023-07-09 00:00:00,,,,,,,,,,,,,,,,,,,,,0.0,,,
2023-07-09 01:00:00,,,,,,,,,,,,,,,,,,,,,0.0,,,
2023-07-09 02:00:00,,,,,,,,,,,,,,,,,,,,,0.0,,,
2023-07-09 03:00:00,,,,,,,,,,,,,,,,,,,,,0.0,,,
2023-07-09 04:00:00,,,,,,,,,,,,,,,,,,,,,0.0,,,
2023-07-09 05:00:00,,,,,,,,,,,,,,,,,,,,,0.0,,,
2023-07-09 06:00:00,,,,,,,,,,,,,,,,,,,,,0.0,,,
2023-07-09 07:00:00,,,,,,,,,,,,,,,,,,,,,0.0,,,
2023-07-09 08:00:00,,,,,,,,,,,,,,,,,,,,,0.0,,,
2023-07-09 09:00:00,,,,,,,,,,,,,,,,,,,,,0.0,,,
2023-07-09 10:00:00,,,,,,,,,,,,,,,,,,,,,0.0,,,
2023-07-09 11:00:00,,,,,,,,,,,,,,,,,,,,,0.0,,,
2023-07-09 12:00:00,,,,,,,,,,,,,,,,,,,,,0.0,,,
2023-07-09 13:00:00,,,,,,,,,,,,,,,,,,,,,0.0,,,
2023-07-09 14:00:00,,,,,,,,,,,,,,,,,,,,,0.0,,,
2023-07-09 15:00:00,,,,,,,,,,,,,,,,,,,,,0.0,,,
2023-07-09 16:00:00,,,,,,,,,,,,,,,,,,,,,0.0,,,
2023-07-09 17:00:00,,,,,,,,,,,,,,,,,,,,,0.0,,,
2023-07-09 18:00:00,,,,,,,,,,,,,,,,,,,,,0.0,,,
2023-07-09 19:00:00,,,,,,,,,,,,,,,,,,,,,0.0,,,
2023-07-09 20:00:00,,,,,,,,,,,,,,,,,,,,,0.0,,,
2023-07-09 21:00:00,,,,,,,,,,,,,,,,,,,,,0.0,,,
2023-07-09 22:00:00,,,,,,,,,,,,,,,,,,,,,0.0,,,
2023-07-09 23:00:00,,,,,,,,,,,,,,,,,,,,,0.0,,,
2023-07-10 00:00:00,,,,,,,,,,,,,,,,,,,,,0.0,,,
2023-07-10 01:00:00,,,,,,,,,,,,,,,,,,,,,0.0,,,
2023-07-10 02:00:00,,,,,,,,,,,,,,,,,,,,,0.0,,,
2023-07-10 03:00:00,,,,,,,,,,,,,,,,,,,,,0.0,,,
2023-07-10 04:00:00,,,,,,,,,,,,,,,,,,,,,0.0,,,
2023-07-10 05:00:00,,,,,,,,,,,,,,,,,,,,,0.0,,,
2023-07-10 06:00:00,,,,,,,,,,,,,,,,,,,,,0.0,,,
2023-07-10 07:00:00,,,,,,,,,,,,,,,,,,,,,0.0,,,
2023-07-10 08:00:00,,,,,,,,,,,,,,,,,,,,,0.0,,,
2023-07-10 09:00:00,,,,,,,,,,,,,,,,,,,,,0.0,,,
2023-07-10 10:00:00,13.0,37.5,0.8,1.23,1.11,0.46,1.72,0.0,1.29,0.0,,,,,,27.03,95.4,0.27,169.35,0.0,0.0,41.21,982.11,
2023-07-10 11:00:00,3.185,9.38,0.8275,1.2650000000000001,1.1400000000000001,0.47250000000000003,1.7675,0.1575,1.3250000000000002,0.0175,,,,0.035,0.0375,27.605,93.37,0.24,119.085,0.0,0.0,39.714999999999996,981.8,
2023-07-10 12:00:00,0.21333333333333335,,0.8825000000000001,1.3599999999999999,1.2175,0.4925,1.875,0.1825,1.4125,0.02,,,,0.0375,0.0425,27.5375,92.365,0.355,132.85,0.0,0.0,47.5925,981.2125,
2023-07-10 13:00:00,0.13,,0.895,1.365,1.2475,0.5075000000000001,1.9224999999999999,0.19,1.44,0.02,,,,0.04,0.0425,26.9725,93.2325,0.435,136.73250000000002,0.0025,0.0025,32.644999999999996,980.5225,
2023-07-10 14:00:00,0.25,,0.855,1.3250000000000002,1.19,0.485,1.845,0.185,1.365,0.02,,,,0.04,0.04,27.21,93.655,0.31000000000000005,103.795,0.0,0.0,45.25,979.9300000000001,
2023-07-10 15:00:00,,,,,,,,,,,,,,,,,,,,,0.0,,,
2023-07-10 16:00:00,,,,,,,,,,,,,,,,,,,,,0.0,,,
2023-07-10 17:00:00,,,,,,,,,,,,,,,,,,,,,0.0,,,
2023-07-10 18:00:00,,,,,,,,,,,,,,,,,,,,,0.0,,,
2023-07-10 19:00:00,,,,,,,,,,,,,,,,,,,,,0.0,,,
2023-07-10 20:00:00,,,,,,,,,,,,,,,,,,,,,0.0,,,
2023-07-10 21:00:00,,,,,,,,,,,,,,,,,,,,,0.0,,,
2023-07-10 22:00:00,,,,,,,,,,,,,,,,,,,,,0.0,,,
2023-07-10 23:00:00,,,,,,,,,,,,,,,,,,,,,0.0,,,
2023-07-11 00:00:00,,,,,,,,,,,,,,,,,,,,,0.0,,,
2023-07-11 01:00:00,,,,,,,,,,,,,,,,,,,,,0.0,,,
2023-07-11 02:00:00,,,,,,,,,,,,,,,,,,,,,0.0,,,
2023-07-11 03:00:00,,,,,,,,,,,,,,,,,,,,,0.0,,,
2023-07-11 04:00:00,,,,,,,,,,,,,,,,,,,,,0.0,,,
2023-07-11 05:00:00,,,,,,,,,,,,,,,,,,,,,0.0,,,
2023-07-11 06:00:00,,,,,,,,,,,,,,,,,,,,,0.0,,,
2023-07-11 07:00:00,,,,,,,,,,,,,,,,,,,,,0.0,,,
2023-07-11 08:00:00,,,,,,,,,,,,,,,,,,,,,0.0,,,
2023-07-11 09:00:00,,,,,,,,,,,,,,,,,,,,,0.0,,,
2023-07-11 10:00:00,0.14,,0.8,1.23,1.11,0.46,1.72,0.1125,1.29,0.0125,,,,0.0275,0.03,28.495,84.16499999999999,1.3725,203.98000000000002,0.0,0.0,73.52,980.7375,
2023-07-11 11:00:00,0.17,,0.86,1.3050000000000002,1.1749999999999998,0.495,1.8575,0.175,1.405,0.02,,,,0.035,0.04,28.7575,83.1325,1.6,230.665,0.0,0.0,51.85,980.465,
2023-07-11 12:00:00,0.12,,0.9325,1.42,1.2650000000000001,0.5275000000000001,1.9825,0.1875,1.4925,0.02,,,,0.0375,0.045,27.0025,90.665,0.9550000000000001,222.935,0.027500000000000004,0.027500000000000004,17.8625,980.455,
2023-07-11 13:00:00,0.13,,0.9325,1.4175,1.2775,0.5225,1.9725,0.215,1.48,0.0275,,,,0.04,0.05,26.43,94.0825,0.845,200.195,0.0175,0.0175,18.7825,979.9,
2023-07-11 14:00:00,0.12,,0.92,1.4049999999999998,1.2650000000000001,0.52,1.9649999999999999,0.22,1.47,0.0275,,,,0.0475,0.052500000000000005,26.737499999999997,93.47,0.5700000000000001,208.7175,0.0,0.0,24.9275,979.37,
2023-07-11 15:00:00,,,0.8574999999999999,1.3225,1.1775,0.49,1.835,0.2275,1.3775,0.0275,,,,0.0425,0.052500000000000005,27.62,90.0675,0.47250000000000003,229.0375,0.0,0.0,13.405,978.9525,
2023-07-11 16:00:00,5.655,11.5725,0.8775,1.3325,1.2,0.5,1.8775,0.1925,1.405,0.0225,,,,0.04,0.0425,27.23,90.69999999999999,0.55,210.99,0.0,0.0,10.0225,978.9725000000001,
2023-07-11 17:00:00,16.4075,31.6875,0.885,1.3225,1.1975,0.5,1.905,0.23500000000000001,1.42,0.03,,,,0.0475,0.055,27.07,92.315,0.2875,229.495,0.0,0.0,1.8024999999999998,979.175,
2023-07-11 18:00:00,18.625,28.78,0.845,1.3175000000000001,1.185,0.4875,1.82,0.22,1.3675000000000002,0.03,,,,0.0425,0.052500000000000005,25.76,94.74000000000001,1.03,202.585,0.0275,0.0275,,979.755,
2023-07-11 19:00:00,28.4525,43.9225,0.8225,1.2625,1.1375,0.4725,1.7650000000000001,0.31,1.3225,0.0375,,,,0.0625,0.07250000000000001,25.6025,95.5425,0.42000000000000004,195.97,0.0,0.0,,980.4125,
2023-07-11 20:00:00,13.2975,21.91,0.8374999999999999,1.3050000000000002,1.165,0.475,1.7925,0.33,1.3425,0.0375,,,,0.0675,0.0775,25.7375,95.485,0.38,182.25,0.0,0.0,,980.925,
2023-07-11 21:00:00,17.53,27.14,0.8425,1.27,1.155,0.475,1.7825,0.2925,1.33,0.03,,,,0.057499999999999996,0.0675,25.8875,95.385,0.2975,219.655,0.0,0.0,,981.27,
2023-07-11 22:00:00,17.875,27.61,0.8325,1.255,1.1324999999999998,0.4775,1.78,0.2425,1.3425,0.03,,,,0.05,0.057499999999999996,25.985,95.33,0.1725,245.175,0.0,0.0,,980.9675,
2023-07-11 23:00:00,25.536666666666665,38.0,0.83,1.26,1.1266666666666667,0.47,1.7700000000000002,0.26,1.3166666666666667,0.03,,,,0.05000000000000001,0.06,25.94666666666667,95.73,0.20000000000000004,183.77666666666664,0.0,0.0,,980.6633333333333,
2023-07-12 00:00:00,23.583333333333332,47.43666666666667,0.8133333333333334,1.24,1.1166666666666667,0.4666666666666666,1.7466666666666668,0.25333333333333335,1.31,0.03,,,,0.05,0.06,25.8475,96.2325,0.1725,105.57,0.0,0.0,,980.145,
2023-07-12 01:00:00,33.4825,59.6725,0.8200000000000001,1.26,1.145,0.4675,1.75,0.265,1.3125,0.03,,,,0.052500000000000005,0.0625,25.71,96.6325,0.1675,193.9825,0.01,0.01,,979.4375,
2023-07-12 02:00:00,27.875,44.53,0.835,1.27,1.1524999999999999,0.4775,1.7825,0.23,1.335,0.03,,,,0.0425,0.052500000000000005,25.6625,97.0575,0.2225,182.94,0.0,0.0,,979.04,
2023-07-12 03:00:00,26.090000000000003,46.3125,0.81,1.25,1.1325,0.4625,1.74,0.185,1.3050000000000002,0.0225,,,,0.0375,0.0425,25.5725,97.1925,0.355,221.5925,0.007500000000000001,0.007500000000000001,,978.9625,
2023-07-12 04:00:00,13.345,21.189999999999998,0.83,1.2575,1.12,0.475,1.7850000000000001,0.155,1.33,0.02,,,,0.03,0.04,25.41,96.805,0.5275000000000001,249.475,0.0025,0.0025,0.52,978.975,
2023-07-12 05:00:00,13.535,21.0,0.81,1.245,1.1275,0.47,1.74,0.1675,1.3050000000000002,0.02,,,,0.035,0.04,25.3975,96.6875,0.7050000000000001,194.095,0.015000000000000001,0.015000000000000001,4.1175,979.3225,
2023-07-12 06:00:00,18.203333333333333,30.0,0.8366666666666666,1.2833333333333334,1.1633333333333333,0.47333333333333333,1.7966666666666666,0.17333333333333334,1.3333333333333333,0.02,,,,0.03666666666666667,0.04,25.316666666666666,96.02333333333333,0.7633333333333333,195.14333333333335,0.0033333333333333335,0.0025,3.23,979.9533333333334,
2023-07-12 07:00:00,,,,,,,,,,,,,,,,,,,,,0.0,,,
2023-07-12 08:00:00,,,,,,,,,,,,,,,,,,,,,0.0,,,
2023-07-12 09:00:00,,,,,,,,,,,,,,,,,,,,,0.0,,,
2023-07-12 10:00:00,,,,,0.0,,,0.0,,0.0,,,,,,,,,,0.0,0.0,,,
2023-07-12 11:00:00,0.75,1.5,0.8,0.9550000000000001,0.41750000000000004,0.46,1.72,0.02,1.29,0.005,,,,0.04,0.04,27.46,85.48,1.4,230.16,0.0,0.0,26.21,979.99,
2023-07-12 12:00:00,0.25,0.5,0.8,1.24,1.11,0.46,1.72,0.1525,1.29,0.015,,,,0.0325,0.0325,27.455,84.4525,1.315,181.12,0.0,0.0,15.195,979.6075,
2023-07-12 13:00:00,,,0.8075,1.23,1.1175000000000002,0.4625,1.7349999999999999,0.2,1.3,0.0225,,,,0.0375,0.0475,27.745,83.9775,1.0350000000000001,206.39,0.0,0.0,26.555,979.095,
2023-07-12 14:00:00,0.2,,0.8125,1.24,1.1175000000000002,0.4625,1.7425,0.1875,1.3075,0.02,,,,0.0375,0.0425,27.880000000000003,84.5175,0.885,234.42,0.005,0.005,18.0575,978.8075,
2023-07-12 15:00:00,0.12,,0.81,1.2525,1.1275,0.4625,1.74,0.2025,1.3050000000000002,0.0225,,,,0.04,0.0425,26.0825,93.22749999999999,0.51,191.07750000000001,0.005,0.005,9.495000000000001,978.7950000000001,
2023-07-12 16:00:00,0.185,,0.805,1.245,1.115,0.4625,1.73,0.20500000000000002,1.2975,0.0225,,,,0.0425,0.0475,25.884999999999998,93.92,0.6525,234.5125,0.0025,0.0025,6.075,979.25,
2023-07-12 17:00:00,0.185,,0.8,1.2375,1.11,0.4625,1.72,0.2175,1.29,0.025,,,,0.045,0.0525,25.8375,95.1425,0.28,171.9975,0.0,0.0,0.91,979.8875,
2023-07-12 18:00:00,0.12,,0.805,1.2425,1.1225,0.46,1.73,0.23500000000000001,1.2975,0.03,,,,0.0425,0.05500000000000001,25.68,96.185,0.2575,212.755,0.005,0.005,,980.65,
2023-07-12 19:00:00,0.12,,0.815,1.2425,1.115,0.4675,1.7475,0.40249999999999997,1.31,0.0475,,,,0.08,0.095,25.6075,96.515,0.1525,115.4075,0.0,0.0,,981.31,
2023-07-12 20:00:00,0.25,,0.805,1.2375,1.115,0.4675,1.7475,0.41000000000000003,1.31,0.0475,,,,0.08,0.1,25.65,96.885,0.1275,183.965,0.0,0.0,,981.755,
2023-07-12 21:00:00,0.1525,,0.805,1.2375,1.115,0.46499999999999997,1.74,0.3125,1.3050000000000002,0.035,,,,0.0625,0.07500000000000001,25.605,97.01,0.0975,162.70749999999998,0.0,0.0,,982.035,
2023-07-12 22:00:00,0.5,,0.8,1.2349999999999999,1.115,0.46,1.72,0.3125,1.29,0.0375,,,,0.065,0.07500000000000001,25.61,97.1325,0.28,186.57,0.0,0.0,,981.95,
2023-07-12 23:00:00,0.14,,0.8066666666666666,1.23,1.11,0.46,1.72,0.19999999999999998,1.2966666666666666,0.023333333333333334,,,,0.04,0.049999999999999996,25.513333333333332,96.06,0.5133333333333333,180.23000000000002,0.023333333333333334,0.0175,,981.4366666666666,
2023-07-13 00:00:00,0.315,,0.8000000000000002,1.23,1.11,0.46,1.72,0.15666666666666665,1.29,0.02,,,,0.03,0.04,25.3425,96.36749999999999,0.3875,151.9625,0.0,0.0,,980.7425000000001,
2023-07-13 01:00:00,0.1875,,0.8,1.23,1.11,0.46,1.72,0.15250000000000002,1.29,0.02,,,,0.03,0.035,25.305,96.89750000000001,0.16,164.8,0.0,0.0,,980.1625,
2023-07-13 02:00:00,0.12,,0.8,1.2375,1.11,0.46,1.72,0.15000000000000002,1.29,0.02,,,,0.03,0.035,25.305,97.0325,0.42500000000000004,181.29250000000002,0.04,0.04,,979.8025,
2023-07-13 03:00:00,0.12,,0.8,1.23,1.1175000000000002,0.46,1.72,0.14500000000000002,1.29,0.02,,,,0.03,0.0325,25.31,97.26249999999999,0.1875,194.3875,0.02,0.02,,979.9625,
2023-07-13 04:00:00,0.225,,0.805,1.2575,1.14,0.4675,1.7325,0.14250000000000002,1.3075,0.02,,,,0.03,0.0325,25.355,97.515,0.20500000000000002,164.4675,0.0075,0.0075,0.54,980.2625,
2023-07-13 05:00:00,,,0.8433333333333333,1.2766666666666666,1.18,0.48333333333333334,1.82,0.16666666666666666,1.3833333333333335,0.02,,,,0.03333333333333333,0.03666666666666667,25.459999999999997,97.66000000000001,0.16333333333333333,93.56333333333333,0.006666666666666667,0.005,2.2433333333333336,980.7633333333333,
2023-07-13 06:00:00,,,,,,,,,,,,,,,,,,,,,0.0,,,
2023-07-13 07:00:00,,,,,,,,,,,,,,,,,,,,,0.0,,,
2023-07-13 08:00:00,,,,,,,,,,,,,,,,,,,,,0.0,,,
2023-07-13 09:00:00,,,,,,,,,,,,,,,,,,,,,0.0,,,
2023-07-13 10:00:00,,,,,0.0,,,0.0,,0.0,,,,,,,,,,0.0,0.0,,,
2023-07-13 11:00:00,1.0,1.5,0.82,1.08,0.485,0.47,1.76,0.0475,1.32,0.0025,,,,0.02,0.03,26.53,91.97,1.27,191.14,0.0,0.0,27.67,980.93,
2023-07-13 12:00:00,0.33666666666666667,0.38,0.8675,1.3225,1.1875,0.485,1.8525,0.165,1.38,0.015,,,,0.0325,0.037500000000000006,27.465,89.05,1.305,189.2275,0.0,0.0,66.0975,980.3175,
2023-07-13 13:00:00,0.20666666666666667,,0.9299999999999999,1.4324999999999999,1.2775,0.525,1.9825,0.2025,1.4849999999999999,0.0225,,,,0.04,0.045,28.615,84.91,1.7375,167.6325,0.0,0.0,66.1625,979.725,
2023-07-13 14:00:00,0.12333333333333334,,0.94,1.44,1.29,0.53,2.0,0.215,1.5,0.025,,,,0.04,0.05,27.98,87.36749999999999,1.26,170.56,0.0,0.0,49.39,979.3,
2023-07-13 15:00:00,0.12,,0.94,1.44,1.29,0.53,2.0,0.29,1.5,0.035,,,,0.055,0.0675,28.1525,87.87,0.7975,170.2975,0.0,0.0,21.1475,979.2025,
2023-07-13 16:00:00,4.0325,7.03,0.9325,1.4249999999999998,1.275,0.5275000000000001,1.9825,0.25,1.4925,0.0275,,,,0.0475,0.060000000000000005,28.21,88.565,0.29,237.9925,0.0,0.0,7.7675,979.285,
2023-07-13 17:00:00,17.1575,28.595,0.9299999999999999,1.4124999999999999,1.2675,0.525,1.975,0.2025,1.4875,0.0225,,,,0.0425,0.0475,27.8425,90.0175,0.29000000000000004,166.1925,0.0,0.0,2.8275,979.645,
2023-07-13 18:00:00,17.5425,26.1425,0.8975,1.385,1.2475,0.51,1.93,0.215,1.4375,0.025,,,,0.0425,0.0475,27.32,90.4525,0.27,187.31,0.0,0.0,,980.4,
2023-07-13 19:00:00,14.365,26.035,0.895,1.3725,1.2475,0.515,1.9024999999999999,0.2525,1.44,0.03,,,,0.05,0.06,26.545,93.5825,0.24250000000000002,103.0275,0.0,0.0,,981.28,
2023-07-13 20:00:00,12.355,22.66,0.89,1.3425,1.19,0.5025,1.9075,0.3,1.43,0.035,,,,0.0625,0.07,26.4575,94.32249999999999,0.23,167.47,0.0,0.0,,981.9775,
2023-07-13 21:00:00,13.6875,20.8925,0.8674999999999999,1.36,1.2325,0.495,1.8575,0.375,1.3925,0.045,,,,0.07250000000000001,0.0875,26.09,95.465,0.5625,204.195,0.015000000000000001,0.015000000000000001,,982.6725,
2023-07-13 22:00:00,14.4275,22.405,0.915,1.4049999999999998,1.2475,0.5175000000000001,1.94,0.3675,1.4649999999999999,0.0425,,,,0.07500000000000001,0.0875,25.955,96.9725,0.31,197.28,0.0,0.0,,982.5225,
2023-07-13 23:00:00,20.583333333333332,32.18666666666667,0.8966666666666666,1.3433333333333335,1.2,0.49,1.8866666666666667,0.30333333333333334,1.3999999999999997,0.03666666666666667,,,,0.06,0.07,25.87,97.22666666666667,0.33666666666666667,152.54666666666665,0.0,0.0,,982.1666666666666,
2023-07-14 00:00:00,14.659999999999998,22.856666666666666,0.8866666666666667,1.3433333333333335,1.2266666666666666,0.49666666666666665,1.8666666666666665,0.21,1.4066666666666665,0.03,,,,0.04,0.05,25.605,97.3475,0.1725,130.3825,0.0,0.0,,981.6975,
2023-07-14 01:00:00,28.439999999999998,46.1375,0.885,1.3525,1.2125,0.4975,1.875,0.19,1.405,0.02,,,,0.04,0.0425,25.4875,97.455,0.3825,132.145,0.005,0.005,,981.41,
2023-07-14 02:00:00,15.125,24.095,0.885,1.3575,1.205,0.4975,1.8725,0.155,1.4025,0.02,,,,0.035,0.0375,24.997500000000002,97.185,0.35250000000000004,120.965,0.0025,0.0025,,981.33,
2023-07-14 03:00:00,9.3475,16.735,0.8725,1.355,1.2175,0.5,1.8575,0.14,1.4,0.02,,,,0.03,0.03,24.84,97.325,0.28500000000000003,123.155,0.005,0.005,,981.48,
2023-07-14 04:00:00,7.3100000000000005,12.559999999999999,0.94,1.415,1.28,0.525,2.0,0.14500000000000002,1.5,0.02,,,,0.03,0.035,24.78,97.47999999999999,0.17,136.825,0.04,0.02,,981.935,
2023-07-14 05:00:00,,,,,,,,,,,,,,,,,,,,,0.0,,,
2023-07-14 06:00:00,,,,,,,,,,,,,,,,,,,,,0.0,,,
2023-07-14 07:00:00,,,,,,,,,,,,,,,,,,,,,0.0,,,
2023-07-14 08:00:00,,,,,,,,,,,,,,,,,,,,,0.0,,,
2023-07-14 09:00:00,,,,,,,,,,,,,,,,,,,,,0.0,,,
2023-07-14 10:00:00,,,,,0.0,,,0.0,,0.0,,,,,,,,,,0.0,0.0,,,
2023-07-14 11:00:00,,,,,0.0,,,0.0,,0.0,,,,,,,,,,0.0,0.0,,,
2023-07-14 12:00:00,,,,,0.0,,,0.0,,0.0,,,,,,,,,,0.0,0.0,,,
2023-07-14 13:00:00,,,,,0.0,,,0.0,,0.0,,,,,,,,,,0.0,0.0,,,
2023-07-14 14:00:00,,,,,0.0,,,0.0,,0.0,,,,,,,,,,0.0,0.0,,,
2023-07-14 15:00:00,,,,,0.0,,,0.0,,0.0,,,,,,,,,,0.0,0.0,,,
2023-07-14 16:00:00,,,,,0.0,,,0.0,,0.0,,,,,,,,,,0.0,0.0,,,
2023-07-14 17:00:00,,,,,0.0,,,0.0,,0.0,,,,,,,,,,0.0,0.0,,,
2023-07-14 18:00:00,,,,,0.0,,,0.0,,0.0,,,,,,,,,,0.0,0.0,,,
2023-07-14 19:00:00,,,,,0.0,,,0.0,,0.0,,,,,,,,,,0.0,0.0,,,
2023-07-14 20:00:00,,,,,0.0,,,0.0,,0.0,,,,,,,,,,0.0,0.0,,,
2023-07-14 21:00:00,,,,,0.0,,,0.0,,0.0,,,,,,,,,,0.0,0.0,,,
2023-07-14 22:00:00,,,,,0.0,,,0.0,,0.0,,,,,,,,,,0.0,0.0,,,
2023-07-14 23:00:00,,,,,0.0,,,0.0,,0.0,,,,,,,,,,0.0,0.0,,,
2023-07-15 00:00:00,,,,,0.0,,,0.0,,0.0,,,,,,,,,,0.0,0.0,,,
2023-07-15 01:00:00,,,,,0.0,,,0.0,,0.0,,,,,,,,,,0.0,0.0,,,
2023-07-15 02:00:00,,,,,0.0,,,0.0,,0.0,,,,,,,,,,0.0,0.0,,,
2023-07-15 03:00:00,,,,,0.0,,,0.0,,0.0,,,,,,,,,,0.0,0.0,,,
2023-07-15 04:00:00,,,,,0.0,,,0.0,,0.0,,,,,,,,,,0.0,0.0,,,
2023-07-15 05:00:00,,,,,0.0,,,0.0,,0.0,,,,,,,,,,0.0,0.0,,,
2023-07-15 06:00:00,,,,,0.0,,,0.0,,0.0,,,,,,,,,,0.0,0.0,,,
2023-07-15 07:00:00,,,,,0.0,,,0.0,,0.0,,,,,,,,,,0.0,0.0,,,
2023-07-15 08:00:00,,,,,0.0,,,0.0,,0.0,,,,,,,,,,0.0,0.0,,,
2023-07-15 09:00:00,,,,,0.0,,,0.0,,0.0,,,,,,,,,,0.0,0.0,,,
2023-07-15 10:00:00,,,,,0.0,,,0.0,,0.0,,,,,,,,,,0.0,0.0,,,
2023-07-15 11:00:00,,,,,0.0,,,0.0,,0.0,,,,,,,,,,0.0,0.0,,,
2023-07-15 12:00:00,,,,,0.0,,,0.0,,0.0,,,,,,,,,,0.0,0.0,,,
2023-07-15 13:00:00,,,,,0.0,,,0.0,,0.0,,,,,,,,,,0.0,0.0,,,
2023-07-15 14:00:00,,,,,0.0,,,0.0,,0.0,,,,,,,,,,0.0,0.0,,,
2023-07-15 15:00:00,,,,,0.0,,,0.0,,0.0,,,,,,,,,,0.0,0.0,,,
2023-07-15 16:00:00,,,,,0.0,,,0.0,,0.0,,,,,,,,,,0.0,0.0,,,
2023-07-15 17:00:00,,,,,0.0,,,0.0,,0.0,,,,,,,,,,0.0,0.0,,,
2023-07-15 18:00:00,,,,,0.0,,,0.0,,0.0,,,,,,,,,,0.0,0.0,,,
2023-07-15 19:00:00,,,,,0.0,,,0.0,,0.0,,,,,,,,,,0.0,0.0,,,
2023-07-15 20:00:00,,,,,0.0,,,0.0,,0.0,,,,,,,,,,0.0,0.0,,,
2023-07-15 21:00:00,,,,,0.0,,,0.0,,0.0,,,,,,,,,,0.0,0.0,,,
2023-07-15 22:00:00,,,,,0.0,,,0.0,,0.0,,,,,,,,,,0.0,0.0,,,
2023-07-15 23:00:00,,,,,0.0,,,0.0,,0.0,,,,,,,,,,0.0,0.0,,,
2023-07-16 00:00:00,,,,,0.0,,,0.0,,0.0,,,,,,,,,,0.0,0.0,,,
2023-07-16 01:00:00,,,,,0.0,,,0.0,,0.0,,,,,,,,,,0.0,0.0,,,
2023-07-16 02:00:00,,,,,0.0,,,0.0,,0.0,,,,,,,,,,0.0,0.0,,,
2023-07-16 03:00:00,,,,,0.0,,,0.0,,0.0,,,,,,,,,,0.0,0.0,,,
2023-07-16 04:00:00,,,,,0.0,,,0.0,,0.0,,,,,,,,,,0.0,0.0,,,
2023-07-16 05:00:00,,,,,0.0,,,0.0,,0.0,,,,,,,,,,0.0,0.0,,,
2023-07-16 06:00:00,,,,,0.0,,,0.0,,0.0,,,,,,,,,,0.0,0.0,,,
2023-07-16 07:00:00,,,,,0.0,,,0.0,,0.0,,,,,,,,,,0.0,0.0,,,
2023-07-16 08:00:00,,,,,0.0,,,0.0,,0.0,,,,,,,,,,0.0,0.0,,,
2023-07-16 09:00:00,,,,,0.0,,,0.0,,0.0,,,,,,,,,,0.0,0.0,,,
2023-07-16 10:00:00,,,,,0.0,,,0.0,,0.0,,,,,,,,,,0.0,0.0,,,
2023-07-16 11:00:00,,,,,0.0,,,0.0,,0.0,,,,,,,,,,0.0,0.0,,,
2023-07-16 12:00:00,,,,,0.0,,,0.0,,0.0,,,,,,,,,,0.0,0.0,,,
2023-07-16 13:00:00,,,,,0.0,,,0.0,,0.0,,,,,,,,,,0.0,0.0,,,
2023-07-16 14:00:00,,,,,0.0,,,0.0,,0.0,,,,,,,,,,0.0,0.0,,,
2023-07-16 15:00:00,,,,,0.0,,,0.0,,0.0,,,,,,,,,,0.0,0.0,,,
2023-07-16 16:00:00,,,,,0.0,,,0.0,,0.0,,,,,,,,,,0.0,0.0,,,
2023-07-16 17:00:00,,,,,0.0,,,0.0,,0.0,,,,,,,,,,0.0,0.0,,,
2023-07-16 18:00:00,,,,,0.0,,,0.0,,0.0,,,,,,,,,,0.0,0.0,,,
2023-07-16 19:00:00,,,,,0.0,,,0.0,,0.0,,,,,,,,,,0.0,0.0,,,
2023-07-16 20:00:00,,,,,0.0,,,0.0,,0.0,,,,,,,,,,0.0,0.0,,,
2023-07-16 21:00:00,,,,,0.0,,,0.0,,0.0,,,,,,,,,,0.0,0.0,,,
2023-07-16 22:00:00,,,,,0.0,,,0.0,,0.0,,,,,,,,,,0.0,0.0,,,
2023-07-16 23:00:00,,,,,0.0,,,0.0,,0.0,,,,,,,,,,0.0,0.0,,,
2023-07-17 00:00:00,,,,,0.0,,,0.0,,0.0,,,,,,,,,,0.0,0.0,,,
2023-07-17 01:00:00,,,,,0.0,,,0.0,,0.0,,,,,,,,,,0.0,0.0,,,
2023-07-17 02:00:00,,,,,0.0,,,0.0,,0.0,,,,,,,,,,0.0,0.0,,,
2023-07-17 03:00:00,,,,,0.0,,,0.0,,0.0,,,,,,,,,,0.0,0.0,,,
2023-07-17 04:00:00,,,,,0.0,,,0.0,,0.0,,,,,,,,,,0.0,0.0,,,
2023-07-17 05:00:00,,,,,0.0,,,0.0,,0.0,,,,,,,,,,0.0,0.0,,,
2023-07-17 06:00:00,,,,,0.0,,,0.0,,0.0,,,,,,,,,,0.0,0.0,,,
2023-07-17 07:00:00,,,,,0.0,,,0.0,,0.0,,,,,,,,,,0.0,0.0,,,
2023-07-17 08:00:00,,,,,0.0,,,0.0,,0.0,,,,,,,,,,0.0,0.0,,,
2023-07-17 09:00:00,,,,,0.0,,,0.0,,0.0,,,,,,,,,,0.0,0.0,,,
2023-07-17 10:00:00,6.666666666666667,10.0,0.68,1.1033333333333333,0.77,0.38999999999999996,1.4566666666666668,0.07750000000000001,1.09,0.0075,,,,0.03,0.03,23.593333333333334,69.24333333333334,0.30666666666666664,109.25999999999999,0.0,0.0,48.903333333333336,982.835,
2023-07-17 11:00:00,0.48250000000000004,1.71,0.89,1.3599999999999999,1.2349999999999999,0.5025,1.88,0.23,1.41,0.03,,,,0.0425,0.05,30.515,75.7525,0.365,158.8775,0.0,0.0,79.5675,982.4025,
2023-07-17 12:00:00,0.215,,0.92,1.4024999999999999,1.25,0.515,1.9525,0.225,1.4649999999999999,0.03,,,,0.0425,0.052500000000000005,32.1225,63.7125,0.71,168.4525,0.0,0.0,93.395,981.6475,
2023-07-17 13:00:00,0.12,,0.8525,1.3075,1.18,0.4875,1.8225,0.195,1.3675000000000002,0.02,,,,0.04,0.0425,31.58,61.1975,0.67,150.695,0.0,0.0,93.02,980.8075,
2023-07-17 14:00:00,0.25,,0.8475,1.3225,1.1575,0.4825,1.81,0.21250000000000002,1.3475000000000001,0.025,,,,0.04,0.05,30.7975,66.325,0.81,146.19,0.0,0.0,73.96000000000001,980.11,
2023-07-17 15:00:00,0.185,,0.8425,1.3025,1.145,0.4775,1.8025,0.2175,1.3575,0.025,,,,0.045,0.052500000000000005,30.2025,69.115,0.5575,144.1375,0.0,0.0,45.985,979.255,
2023-07-17 16:00:00,11.285,19.6875,0.845,1.305,1.18,0.48,1.81,0.1975,1.35,0.02,,,,0.04,0.045,31.447499999999998,67.4975,0.3075,165.3925,0.0,0.0,38.5975,978.735,
2023-07-17 17:00:00,12.2275,18.8975,0.87,1.3325,1.1975,0.4875,1.85,0.22,1.3725,0.03,,,,0.04,0.05,27.99,82.755,0.3325,132.0375,0.0,0.0,5.0249999999999995,978.7225000000001,
2023-07-17 18:00:00,10.684999999999999,17.53,0.86,1.29,1.18,0.49,1.8450000000000002,0.23500000000000001,1.3725,0.025,,,,0.0475,0.055,25.9025,90.455,0.25,136.69,0.0,0.0,0.25,979.24,
2023-07-17 19:00:00,7.4350000000000005,12.0,0.8574999999999999,1.3125,1.1925,0.485,1.8475000000000001,0.255,1.37,0.03,,,,0.05,0.06,25.18,92.8175,0.21250000000000002,166.24,0.0,0.0,,979.74,
2023-07-17 20:00:00,15.435,28.875,0.8475,1.32,1.19,0.485,1.81,0.39,1.3625,0.0475,,,,0.0775,0.09,24.6525,94.5575,0.2725,230.3225,0.0,0.0,,980.265,
2023-07-17 21:00:00,14.34,24.375,0.88,1.3625,1.2175,0.5,1.8725,0.4275,1.4,0.0525,,,,0.08750000000000001,0.105,24.377499999999998,95.08500000000001,0.61,221.6775,0.0,0.0,,980.5425,
2023-07-17 22:00:00,26.5925,52.125,0.885,1.3250000000000002,1.2,0.4925,1.88,0.375,1.4075,0.04,,,,0.07250000000000001,0.0925,24.2625,94.9425,0.4225,199.4075,0.0,0.0,,980.835,
2023-07-17 23:00:00,17.849999999999998,30.570000000000004,0.86,1.2833333333333334,1.1766666666666665,0.49,1.8433333333333335,0.30666666666666664,1.3800000000000001,0.04,,,,0.06,0.07,24.22,94.28333333333335,0.3233333333333333,205.38666666666666,0.0,0.0,,980.7466666666666,
2023-07-18 00:00:00,13.666666666666666,27.0,0.8433333333333333,1.2933333333333332,1.15,0.4766666666666666,1.7700000000000002,0.26,1.3333333333333333,0.03,,,,0.055,0.0625,24.2775,93.305,0.62,214.7275,0.0,0.0,,980.3975,
2023-07-18 01:00:00,24.8125,39.655,0.87,1.355,1.2,0.4875,1.87,0.23249999999999998,1.385,0.03,,,,0.045,0.055,24.134999999999998,94.53999999999999,0.325,134.2025,0.0,0.0,,980.4375,
2023-07-18 02:00:00,18.375,36.28,0.8725,1.3525,1.2149999999999999,0.4975,1.87,0.215,1.4075,0.025,,,,0.04,0.05,24.1075,94.9375,0.1725,146.83249999999998,0.0,0.0,,980.3,
2023-07-18 03:00:00,6.28,10.405,0.8725,1.355,1.195,0.5025,1.88,0.2,1.4324999999999999,0.0225,,,,0.04,0.0475,24.09,94.965,0.0975,210.6875,0.0,0.0,,980.3675000000001,
2023-07-18 04:00:00,11.28,18.845,0.8625,1.3250000000000002,1.185,0.49,1.8375,0.1925,1.38,0.02,,,,0.04,0.0425,23.9875,95.265,0.2625,229.275,0.0,0.0,1.585,980.4575,
2023-07-18 05:00:00,5.97,11.0625,0.88,1.35,1.21,0.495,1.8824999999999998,0.215,1.3875,0.025,,,,0.04,0.05,24.53,94.6,0.2975,230.5625,0.0,0.0,14.4775,980.925,
2023-07-18 06:00:00,9.125,15.61,0.9,1.3625,1.225,0.5075000000000001,1.915,0.225,1.435,0.03,,,,0.0425,0.055,25.79,89.57249999999999,0.4175,197.01999999999998,0.0,0.0,33.239999999999995,981.775,
2023-07-18 07:00:00,15.0225,24.14,0.8875,1.365,1.2349999999999999,0.5,1.885,0.24,1.4175,0.03,,,,0.05,0.06,29.2975,79.4175,0.275,126.575,0.0,0.0,81.0325,982.0575,
2023-07-18 08:00:00,11.9375,17.905,0.9,1.3675000000000002,1.225,0.51,1.925,0.245,1.4449999999999998,0.03,,,,0.045,0.055,31.9025,67.275,0.45749999999999996,170.825,0.0,0.0,115.5025,981.7975,
2023-07-18 09:00:00,23.822499999999998,40.5,0.8574999999999999,1.3525,1.2075,0.4875,1.865,0.215,1.3875,0.03,,,,0.04,0.05,34.207499999999996,59.2325,0.405,138.38,0.0,0.0,145.8975,981.4275,
2023-07-18 10:00:00,25.4075,41.8525,0.8775,1.3475000000000001,1.1925,0.4975,1.8825,0.2,1.4249999999999998,0.02,,,,0.04,0.0475,34.9725,57.245,0.48250000000000004,129.5075,0.0,0.0,185.4575,980.8175,
2023-07-18 11:00:00,20.5325,40.6875,0.9075,1.3875,1.255,0.51,1.935,0.19,1.4475,0.02,,,,0.04,0.04,36.2,53.525,0.5125,142.45499999999998,0.0,0.0,172.7725,979.98,
2023-07-18 12:00:00,24.447499999999998,39.0525,0.88,1.3375000000000001,1.1975,0.495,1.875,0.1875,1.405,0.02,,,,0.04,0.04,36.6175,53.8825,0.5325,163.755,0.0,0.0,150.645,979.0025,
2023-07-18 13:00:00,9.375,14.3425,0.905,1.385,1.2425,0.5125,1.94,0.1975,1.46,0.02,,,,0.04,0.0475,37.455,53.9,0.445,141.6125,0.0,0.0,155.8775,977.87,
2023-07-18 14:00:00,15.0,23.9525,0.9175,1.4124999999999999,1.27,0.5125,1.95,0.2,1.455,0.02,,,,0.04,0.05,39.5125,50.3725,0.445,109.9025,0.0,0.0,131.015,976.9325,
2023-07-18 15:00:00,24.4675,43.735,0.9275,1.4324999999999999,1.29,0.525,1.975,0.2,1.48,0.02,,,,0.04,0.05,39.8125,49.575,0.2825,130.875,0.0,0.0,108.975,976.13,
2023-07-18 16:00:00,16.2,25.7675,0.9325,1.4324999999999999,1.29,0.525,1.975,0.2,1.48,0.02,,,,0.04,0.05,39.975,51.2175,0.275,136.68,0.0,0.0,66.135,975.775,
2023-07-18 17:00:00,13.372499999999999,22.0775,0.9299999999999999,1.4324999999999999,1.29,0.525,1.9849999999999999,0.2175,1.4849999999999999,0.0275,,,,0.0425,0.052500000000000005,33.1775,71.1425,0.43,210.8175,0.0,0.0,10.1375,975.8625,
2023-07-18 18:00:00,10.28,16.285,0.925,1.4324999999999999,1.27,0.525,1.9725,0.245,1.4849999999999999,0.03,,,,0.0475,0.057499999999999996,29.310000000000002,84.43,0.3925,193.85,0.0,0.0,0.14,976.415,
2023-07-18 19:00:00,15.375,26.345,0.9349999999999999,1.44,1.29,0.53,1.9925,0.255,1.5,0.03,,,,0.05,0.06,28.115000000000002,88.7325,0.2925,122.3675,0.0,0.0,,977.13,
2023-07-18 20:00:00,15.4475,27.0,0.9225,1.4275,1.2775,0.52,1.9675,0.295,1.4725,0.035,,,,0.06,0.07,27.4325,90.6425,0.37,200.8,0.0,0.0,,977.8875,
2023-07-18 21:00:00,22.35,33.75,0.9225,1.4125,1.2825,0.5225,1.96,0.335,1.4625,0.04,,,,0.07,0.0825,26.895,92.6075,0.3475,151.215,0.0,0.0,,978.71,
2023-07-18 22:00:00,27.677500000000002,44.6775,0.91,1.3725,1.2325,0.515,1.94,0.3925,1.4475,0.05,,,,0.08,0.0925,26.6775,93.505,0.1925,200.775,0.0,0.0,,978.8625,
2023-07-18 23:00:00,23.046666666666667,37.873333333333335,0.8833333333333333,1.36,1.2266666666666666,0.5033333333333333,1.91,0.39333333333333337,1.4266666666666665,0.043333333333333335,,,,0.07666666666666667,0.09333333333333334,26.293333333333333,94.13333333333333,0.23666666666666666,228.29999999999998,0.0,0.0,,978.7666666666668,
2023-07-19 00:00:00,23.0,37.5,0.9199999999999999,1.4133333333333333,1.2833333333333334,0.5166666666666667,1.9333333333333333,0.3933333333333333,1.4566666666666668,0.04666666666666667,,,,0.0775,0.0975,26.1125,95.0175,0.16249999999999998,221.3375,0.0,0.0,,978.8675,
2023-07-19 01:00:00,31.377499999999998,46.74,0.8875,1.3675,1.225,0.5,1.8925,0.3575,1.4024999999999999,0.04,,,,0.07,0.08499999999999999,25.8975,95.275,0.505,256.64,0.0,0.0,,979.08,
2023-07-19 02:00:00,24.0625,38.345,0.895,1.3775,1.23,0.51,1.915,0.3125,1.4324999999999999,0.04,,,,0.0625,0.07250000000000001,25.7225,95.2375,0.325,224.62,0.0,0.0,,979.1675,
2023-07-19 03:00:00,16.6275,31.875,0.9175,1.4075,1.2475,0.52,1.9575,0.2725,1.4649999999999999,0.0325,,,,0.055,0.065,25.515,94.66,0.355,203.6675,0.0,0.0,,979.335,
2023-07-19 04:00:00,25.872500000000002,40.0325,0.9075,1.3875,1.26,0.515,1.93,0.24,1.4475,0.03,,,,0.0475,0.057499999999999996,25.4725,93.39750000000001,0.3725,234.4125,0.0,0.0,4.6000000000000005,979.465,
2023-07-19 05:00:00,8.925,16.927500000000002,0.8875,1.3725,1.2349999999999999,0.5,1.8725,0.2425,1.4025,0.03,,,,0.0475,0.055,25.9575,92.16499999999999,0.29000000000000004,242.02,0.0,0.0,18.59,979.7049999999999,
2023-07-19 06:00:00,16.5975,27.75,0.9125000000000001,1.4024999999999999,1.2575,0.515,1.9675,0.2425,1.4675,0.03,,,,0.0475,0.057499999999999996,29.66,80.7375,0.34750000000000003,153.5975,0.0,0.0,112.38999999999999,980.2425,
2023-07-19 07:00:00,27.545,43.715,0.9,1.3875,1.2425,0.5075000000000001,1.94,0.27749999999999997,1.4449999999999998,0.03,,,,0.057499999999999996,0.0675,35.1225,61.42,0.3075,111.3775,0.0,0.0,162.76749999999998,980.2025,
2023-07-19 08:00:00,24.75,42.3275,0.9275,1.4124999999999999,1.2725,0.5275000000000001,1.9749999999999999,0.2525,1.48,0.03,,,,0.05,0.0625,33.95,62.862500000000004,0.36,119.1,0.0,0.0,153.715,980.0125,
2023-07-19 09:00:00,23.0,37.875,0.94,1.4249999999999998,1.2850000000000001,0.5275000000000001,2.0,0.24,1.4925,0.03,,,,0.0475,0.06,36.8125,54.335,0.5549999999999999,140.2225,0.0,0.0,195.05,979.455,
2023-07-19 10:00:00,30.439999999999998,46.875,0.9299999999999999,1.4324999999999999,1.29,0.53,1.9825,0.2275,1.4925,0.03,,,,0.04,0.052500000000000005,37.22,53.09,0.54,136.835,0.0,0.0,155.0325,978.7725,
2023-07-19 11:00:00,28.125,46.5,0.94,1.44,1.2825,0.53,2.0,0.235,1.5,0.03,,,,0.0475,0.0575,36.78,53.285,0.505,141.675,0.0,0.0,166.92,978.1775,
2023-07-19 12:00:00,24.015,46.405,0.94,1.44,1.29,0.53,2.0,0.2225,1.5,0.03,,,,0.0425,0.05,39.0875,49.067499999999995,0.46249999999999997,153.17,0.0,0.0,178.5825,976.9749999999999,
2023-07-19 13:00:00,14.2825,22.03,0.94,1.44,1.29,0.53,2.0,0.23249999999999998,1.5,0.03,,,,0.045,0.052500000000000005,41.6225,45.555,0.4575,143.335,0.0,0.0,161.985,975.9300000000001,
2023-07-19 14:00:00,20.3425,32.5775,0.94,1.44,1.29,0.53,2.0,0.225,1.5,0.03,,,,0.04,0.05,42.19,44.7575,0.515,211.75,0.0,0.0,141.9425,975.065,
2023-07-19 15:00:00,21.3625,40.1525,0.94,1.44,1.29,0.53,2.0,0.2275,1.5,0.03,,,,0.045,0.052500000000000005,40.66,48.1875,0.8975,163.6525,0.0,0.0,120.63,974.2125,
2023-07-19 16:00:00,9.1875,15.280000000000001,0.94,1.44,1.29,0.53,2.0,0.27,1.5,0.03,,,,0.055,0.065,36.78,59.96,0.985,154.7175,0.0,0.0,51.64,973.5925,
2023-07-19 17:00:00,11.07,17.2775,0.94,1.44,1.29,0.53,2.0,0.275,1.5,0.0325,,,,0.055,0.065,35.2825,68.2975,0.49,126.56,0.0,0.0,16.9375,973.7975,
2023-07-19 18:00:00,31.4375,50.345,0.94,1.44,1.29,0.53,2.0,0.245,1.5,0.03,,,,0.05,0.06,31.29,82.93,0.39999999999999997,117.445,0.0,0.0,0.3,974.755,
2023-07-19 19:00:00,13.595,22.22,0.94,1.44,1.29,0.53,2.0,0.29000000000000004,1.5,0.0325,,,,0.06,0.07250000000000001,30.83,83.2475,0.535,95.15,0.0,0.0,,976.1025,
2023-07-19 20:00:00,26.997500000000002,46.3125,0.94,1.44,1.29,0.53,2.0,0.32,1.5,0.04,,,,0.0625,0.07250000000000001,30.24,84.07249999999999,0.345,191.5775,0.0,0.0,,977.0025,
2023-07-19 21:00:00,22.9925,38.17,0.94,1.44,1.29,0.53,2.0,0.375,1.5,0.045,,,,0.0775,0.0875,28.95,89.18,0.495,210.3175,0.0,0.0,,977.855,
2023-07-19 22:00:00,19.4375,30.985,0.9349999999999999,1.44,1.29,0.53,1.9925,0.4125,1.4925,0.05,,,,0.0825,0.0975,28.5425,90.645,0.5825,222.3875,0.0,0.0,,978.24,
2023-07-19 23:00:00,30.956666666666667,48.56333333333333,0.9333333333333332,1.4400000000000002,1.29,0.53,1.99,0.36000000000000004,1.5,0.04,,,,0.07333333333333335,0.08666666666666667,28.099999999999998,90.61333333333333,0.6833333333333332,226.31333333333336,0.0,0.0,,977.91,
2023-07-20 00:00:00,31.013333333333332,48.57,0.94,1.4400000000000002,1.29,0.53,2.0,0.3133333333333333,1.5,0.04,,,,0.065,0.07500000000000001,27.752499999999998,90.77,0.2975,210.225,0.0,0.0,,977.3525,
2023-07-20 01:00:00,18.197499999999998,27.9975,0.9299999999999999,1.44,1.29,0.5275000000000001,1.9825,0.3,1.4925,0.0375,,,,0.06,0.07,27.3625,91.97,0.325,216.7725,0.0,0.0,,977.03,
2023-07-20 02:00:00,25.1875,43.03,0.9299999999999999,1.4249999999999998,1.27,0.5275000000000001,1.9849999999999999,0.28,1.4925,0.03,,,,0.057499999999999996,0.0675,27.2325,92.48,0.305,195.07,0.0,0.0,,977.4825000000001,
2023-07-20 03:00:00,24.4375,44.905,0.915,1.3925,1.255,0.52,1.95,0.265,1.4525,0.03,,,,0.055,0.065,27.345,91.075,0.6225,210.0175,0.0,0.0,,977.81,
2023-07-20 04:00:00,22.185000000000002,36.5625,0.9299999999999999,1.4124999999999999,1.26,0.525,1.9849999999999999,0.24,1.4925,0.03,,,,0.0475,0.057499999999999996,26.945,91.28999999999999,0.4625,222.0475,0.0,0.0,1.5150000000000001,978.215,
2023-07-20 05:00:00,26.0625,41.67,0.9299999999999999,1.415,1.2725,0.5225,1.9749999999999999,0.24,1.48,0.03,,,,0.045,0.052500000000000005,27.29,89.0475,0.365,246.5025,0.0,0.0,12.7225,978.875,
2023-07-20 06:00:00,20.5,37.875,0.9275,1.4249999999999998,1.2825,0.525,1.9725,0.2475,1.4849999999999999,0.03,,,,0.0475,0.057499999999999996,29.1375,83.2125,0.24000000000000002,146.2475,0.0,0.0,37.5075,979.65,
2023-07-20 07:00:00,23.5825,33.815,0.94,1.4324999999999999,1.2725,0.5275000000000001,1.9925,0.28,1.5,0.03,,,,0.057499999999999996,0.0675,30.9975,75.88,0.3975,149.2425,0.0,0.0,68.92,980.3375000000001,
2023-07-20 08:00:00,34.2275,63.535,0.94,1.4324999999999999,1.29,0.53,1.99,0.25,1.4849999999999999,0.03,,,,0.05,0.06,33.6625,66.8775,0.4525,111.35499999999999,0.0,0.0,140.8,980.5725,
2023-07-20 09:00:00,26.095,43.26,0.9349999999999999,1.4324999999999999,1.2850000000000001,0.5275000000000001,1.9925,0.25,1.4925,0.03,,,,0.05,0.06,35.7475,62.2675,0.44,121.89500000000001,0.0,0.0,129.8075,980.315,
2023-07-20 10:00:00,23.0625,39.4225,0.94,1.44,1.29,0.53,2.0,0.24,1.5,0.03,,,,0.05,0.06,36.7,60.4575,0.5425,125.37,0.0,0.0,175.51749999999998,979.5325,
2023-07-20 11:00:00,18.905,34.875,0.94,1.44,1.29,0.53,2.0,0.2375,1.5,0.03,,,,0.0475,0.06,37.0825,58.79,0.705,123.0725,0.0,0.0,142.3025,978.66,
2023-07-20 12:00:00,18.5625,31.6875,0.94,1.44,1.29,0.53,2.0,0.255,1.5,0.03,,,,0.05,0.06,37.7425,56.4225,0.7425,137.56,0.0,0.0,140.38,978.08,
2023-07-20 13:00:00,18.82,32.9525,0.94,1.44,1.29,0.53,2.0,0.2525,1.5,0.03,,,,0.05,0.06,37.65,55.8075,0.7424999999999999,146.5675,0.0,0.0,133.445,977.405,
2023-07-20 14:00:00,23.405,37.36,0.94,1.44,1.29,0.53,2.0,0.2475,1.5,0.03,,,,0.05,0.057499999999999996,38.832499999999996,52.95,0.5825,157.9925,0.0,0.0,110.08,976.99,
2023-07-20 15:00:00,22.5,36.3275,0.94,1.44,1.29,0.53,2.0,0.2275,1.5,0.03,,,,0.045,0.055,38.5375,53.2825,0.51,153.415,0.0,0.0,93.92750000000001,976.1175000000001,
2023-07-20 16:00:00,19.3925,30.802500000000002,0.94,1.44,1.29,0.53,2.0,0.225,1.5,0.03,,,,0.0425,0.052500000000000005,35.0,64.435,0.305,179.3175,0.0,0.0,15.9425,975.66,
2023-07-20 17:00:00,18.5625,30.47,0.94,1.44,1.29,0.53,2.0,0.23,1.5,0.03,,,,0.0425,0.052500000000000005,32.3625,76.61,0.31,182.8,0.0,0.0,6.717499999999999,976.6975,
2023-07-20 18:00:00,4.8149999999999995,8.765,0.94,1.44,1.29,0.53,2.0,0.28250000000000003,1.5,0.03,,,,0.06,0.0675,30.755,82.7125,0.3625,134.70499999999998,0.0,0.0,0.24,977.56,
2023-07-20 19:00:00,34.4675,53.485,0.94,1.44,1.29,0.53,2.0,0.3225,1.5,0.0375,,,,0.065,0.0775,30.1475,84.9125,0.3025,184.7125,0.0,0.0,,978.4525,
2023-07-20 20:00:00,31.345,50.0625,0.94,1.44,1.29,0.53,2.0,0.305,1.5,0.0375,,,,0.06,0.07,28.9525,87.845,0.3575,164.775,0.0,0.0,,979.5975000000001,
2023-07-20 21:00:00,22.4025,36.845,0.94,1.44,1.29,0.53,2.0,0.32,1.5,0.04,,,,0.065,0.07500000000000001,28.695,87.33749999999999,0.345,194.93,0.0,0.0,,980.545,
2023-07-20 22:00:00,27.0,44.39,0.94,1.44,1.2850000000000001,0.53,2.0,0.3025,1.5,0.04,,,,0.06,0.07,28.7125,86.7375,0.26,215.93,0.0,0.0,,980.64,
2023-07-20 23:00:00,21.833333333333332,32.75,0.94,1.4400000000000002,1.29,0.53,2.0,0.3133333333333333,1.5,0.04,,,,0.06,0.07,28.163333333333338,89.58,0.26666666666666666,164.04333333333332,0.0,0.0,,980.5433333333334,
2023-07-21 00:00:00,30.143333333333334,45.080000000000005,0.94,1.4400000000000002,1.29,0.53,2.0,0.32,1.5,0.04,,,,0.0625,0.07500000000000001,27.8825,90.3075,0.30000000000000004,168.64999999999998,0.0,0.0,,979.965,
2023-07-21 01:00:00,24.215,48.095,0.94,1.4249999999999998,1.29,0.5275000000000001,2.0,0.3125,1.4925,0.0375,,,,0.065,0.07500000000000001,27.76,90.7875,0.6325000000000001,230.85500000000002,0.0,0.0,,980.375,
2023-07-21 02:00:00,22.995,41.0625,0.94,1.44,1.29,0.53,2.0,0.21,1.5,0.0275,,,,0.04,0.05,27.3075,86.72,1.1625,195.0525,0.0,0.0,,980.9475,
2023-07-21 03:00:00,12.752500000000001,20.905,0.94,1.44,1.29,0.53,2.0,0.2,1.5,0.02,,,,0.04,0.0475,25.9175,93.735,0.765,191.66750000000002,0.0325,0.0325,,981.3475,
2023-07-21 04:00:00,1.065,4.88,0.94,1.44,1.29,0.53,2.0,0.2,1.5,0.02,,,,0.04,0.045,25.509999999999998,95.1,0.765,205.87,0.0,0.0,3.85,981.8775,
2023-07-21 05:00:00,0.12,,0.9349999999999999,1.4324999999999999,1.2825,0.53,2.0,0.2025,1.5,0.02,,,,0.04,0.05,26.0775,92.03,0.9650000000000001,245.97249999999997,0.0,0.0,11.817499999999999,983.0625,
2023-07-21 06:00:00,0.12,,0.9349999999999999,1.4249999999999998,1.29,0.53,1.9925,0.22,1.4925,0.0275,,,,0.04,0.05,27.372500000000002,85.9475,1.21,197.85250000000002,0.0,0.0,45.32,983.52,
2023-07-21 07:00:00,0.12,,0.94,1.44,1.2850000000000001,0.53,2.0,0.2225,1.5,0.03,,,,0.04,0.052500000000000005,29.55,79.4475,0.9475,153.8675,0.0,0.0,109.74000000000001,983.7025,
2023-07-21 08:00:00,0.25,,0.94,1.44,1.29,0.53,2.0,0.23750000000000002,1.5,0.03,,,,0.0425,0.052500000000000005,30.79,76.2625,0.605,176.075,0.0,0.0,67.275,983.875,
2023-07-21 09:00:00,0.12,,0.9349999999999999,1.4324999999999999,1.2725,0.525,1.9925,0.2275,1.4849999999999999,0.03,,,,0.0425,0.052500000000000005,32.2125,74.60249999999999,0.3925,188.97,0.0,0.0,121.0575,983.9125,
2023-07-21 10:00:00,0.25,,0.94,1.44,1.29,0.53,2.0,0.25,1.5,0.03,,,,0.05,0.06,33.942499999999995,69.7475,0.6825,136.7,0.0,0.0,110.2,983.7425,
2023-07-21 11:00:00,0.13,,0.9349999999999999,1.44,1.29,0.53,1.9925,0.2575,1.4925,0.03,,,,0.05,0.06,33.1275,71.485,0.725,123.30250000000001,0.0,0.0,100.165,983.4875,
2023-07-21 12:00:00,39.74,71.72,0.94,1.44,1.29,0.53,2.0,0.2425,1.5,0.03,,,,0.05,0.06,34.3425,67.76,0.72,164.95499999999998,0.0,0.0,132.7475,982.84,
2023-07-21 13:00:00,31.9075,51.0,0.94,1.44,1.29,0.53,2.0,0.24,1.5,0.03,,,,0.05,0.057499999999999996,35.0525,63.934999999999995,0.8049999999999999,120.6375,0.0,0.0,142.28500000000003,982.0075,
2023-07-21 14:00:00,24.745,42.61,0.94,1.44,1.29,0.53,2.0,0.24,1.5,0.03,,,,0.045,0.057499999999999996,37.1375,58.052499999999995,0.6675,119.9675,0.0,0.0,137.3425,981.1324999999999,
2023-07-21 15:00:00,22.872500000000002,34.22,0.94,1.44,1.29,0.53,2.0,0.24,1.5,0.03,,,,0.0475,0.057499999999999996,37.427499999999995,56.8025,0.395,132.54250000000002,0.0,0.0,81.31,980.5675,
2023-07-21 16:00:00,21.0975,36.1075,0.94,1.44,1.29,0.53,2.0,0.2375,1.5,0.03,,,,0.045,0.057499999999999996,34.85,66.7,0.3,134.38,0.0,0.0,24.3975,980.5649999999999,
2023-07-21 17:00:00,15.655000000000001,24.9375,0.94,1.44,1.29,0.53,2.0,0.22,1.5,0.03,,,,0.04,0.05,31.6525,79.315,0.4,167.56,0.0,0.0,9.48,981.375,
2023-07-21 18:00:00,10.7125,17.7325,0.94,1.44,1.29,0.53,2.0,0.235,1.5,0.03,,,,0.045,0.052500000000000005,29.405,85.255,0.33999999999999997,164.005,0.0,0.0,0.19,982.5,
2023-07-21 19:00:00,23.0975,38.25,0.94,1.44,1.29,0.53,2.0,0.255,1.5,0.03,,,,0.052500000000000005,0.0625,28.7925,83.66,0.335,226.6175,0.0,0.0,,983.4975,
2023-07-21 20:00:00,19.3475,29.86,0.94,1.44,1.29,0.53,2.0,0.315,1.5,0.0375,,,,0.065,0.07500000000000001,28.325,85.52250000000001,0.6875,261.025,0.0,0.0,,984.5375,
2023-07-21 21:00:00,19.265,31.5,0.94,1.44,1.29,0.53,2.0,0.37,1.5,0.045,,,,0.07250000000000001,0.0875,27.942500000000003,89.625,0.3325,258.455,0.0,0.0,,984.985,
2023-07-21 22:00:00,119.375,205.3175,0.94,1.44,1.29,0.53,2.0,0.3875,1.5,0.0425,,,,0.07500000000000001,0.095,27.625,90.9575,0.42,239.5075,0.0,0.0,,985.0675,
2023-07-21 23:00:00,113.25666666666666,202.33333333333334,0.94,1.4400000000000002,1.29,0.53,2.0,0.3666666666666667,1.5,0.043333333333333335,,,,0.07333333333333335,0.08666666666666667,27.396666666666665,91.47333333333334,0.38000000000000006,217.04666666666665,0.0,0.0,,984.9666666666667,
2023-07-22 00:00:00,19.333333333333332,30.0,0.94,1.4400000000000002,1.29,0.53,2.0,0.32,1.5,0.04,,,,0.065,0.07500000000000001,27.1575,92.00999999999999,0.3175,164.885,0.0,0.0,,984.58,
2023-07-22 01:00:00,27.625,41.39,0.94,1.44,1.29,0.53,2.0,0.29000000000000004,1.5,0.035,,,,0.06,0.07,26.9525,91.8225,0.405,199.18,0.0,0.0,,984.08,
2023-07-22 02:00:00,27.22,43.5,0.94,1.44,1.29,0.53,2.0,0.275,1.5,0.03,,,,0.057499999999999996,0.0675,26.8875,92.45,0.3125,229.9225,0.0,0.0,,984.03,
2023-07-22 03:00:00,23.9375,40.78,0.94,1.44,1.29,0.53,2.0,0.2825,1.5,0.03,,,,0.057499999999999996,0.0675,26.9525,92.5875,0.1825,166.43,0.0,0.0,,984.3675,
2023-07-22 04:00:00,14.625,25.64,0.94,1.44,1.29,0.53,2.0,0.2575,1.5,0.03,,,,0.05,0.06,26.755,93.4225,0.2525,154.34,0.0,0.0,0.6,985.0374999999999,
2023-07-22 05:00:00,25.0325,43.78,0.94,1.44,1.29,0.53,2.0,0.245,1.5,0.03,,,,0.05,0.06,26.995,91.9,0.4075,121.6125,0.0,0.0,6.4025,985.85,
2023-07-22 06:00:00,26.9675,46.3125,0.94,1.44,1.29,0.53,2.0,0.2575,1.5,0.03,,,,0.05,0.06,28.0625,87.605,0.3275,141.0475,0.0,0.0,19.3525,985.8375,
2023-07-22 07:00:00,14.8575,23.685,0.94,1.44,1.29,0.53,2.0,0.25,1.5,0.03,,,,0.05,0.06,29.81,82.4725,0.255,127.4625,0.0,0.0,38.7225,986.505,
2023-07-22 08:00:00,22.0975,33.8575,0.94,1.44,1.29,0.53,2.0,0.2475,1.5,0.03,,,,0.05,0.06,31.075,77.695,0.33499999999999996,181.035,0.0,0.0,64.7175,986.9825000000001,
2023-07-22 09:00:00,16.4825,30.7025,0.94,1.44,1.29,0.53,2.0,0.27,1.5,0.03,,,,0.055,0.065,32.480000000000004,72.595,0.6675,159.4275,0.0,0.0,133.63,986.4475,
2023-07-22 10:00:00,21.75,38.53,0.94,1.44,1.29,0.53,2.0,0.225,1.5,0.03,,,,0.04,0.052500000000000005,36.545,58.4775,0.4575,187.66,0.0,0.0,180.5275,985.54,
2023-07-22 11:00:00,19.75,33.7025,0.94,1.44,1.29,0.53,2.0,0.20500000000000002,1.5,0.025,,,,0.04,0.05,37.6225,53.645,0.5375,125.845,0.0,0.0,181.10250000000002,984.4675,
2023-07-22 12:00:00,25.2175,42.94,0.94,1.44,1.29,0.53,2.0,0.2,1.5,0.02,,,,0.04,0.05,39.005,51.0775,0.5825,149.3075,0.0,0.0,179.01749999999998,983.3775,
2023-07-22 13:00:00,12.485,21.8575,0.94,1.44,1.29,0.53,2.0,0.2,1.5,0.02,,,,0.04,0.05,39.7775,48.4775,0.725,172.2775,0.0,0.0,159.745,982.415,
2023-07-22 14:00:00,8.0325,13.5475,0.94,1.44,1.29,0.53,2.0,0.2025,1.5,0.0225,,,,0.04,0.0475,40.72,47.085,0.485,141.695,0.0,0.0,102.2525,981.835,
2023-07-22 15:00:00,14.155,22.4875,0.94,1.44,1.29,0.53,2.0,0.2025,1.5,0.0225,,,,0.04,0.0475,37.2175,58.825,0.48750000000000004,214.835,0.0,0.0,24.2925,981.5475,
2023-07-22 16:00:00,13.375,22.5825,0.94,1.44,1.29,0.53,2.0,0.225,1.5,0.025,,,,0.0425,0.052500000000000005,36.7475,62.11,0.39249999999999996,200.6775,0.0,0.0,51.1775,981.8499999999999,
2023-07-22 17:00:00,17.375,25.755,0.94,1.44,1.29,0.53,2.0,0.2475,1.5,0.0325,,,,0.045,0.05500000000000001,33.58,71.3125,0.52,231.70000000000002,0.0,0.0,4.875,982.7875,
2023-07-22 18:00:00,4.3275,7.3125,0.94,1.44,1.29,0.53,2.0,0.2925,1.5,0.0325,,,,0.06,0.07,31.5375,78.2025,0.3975,250.1525,0.0,0.0,,983.76,
2023-07-22 19:00:00,24.985,41.417500000000004,0.94,1.44,1.29,0.53,2.0,0.31,1.5,0.0375,,,,0.065,0.07500000000000001,30.4125,82.235,0.58,235.375,0.0,0.0,,984.6575,
2023-07-22 20:00:00,32.585,51.9375,0.94,1.44,1.29,0.53,2.0,0.3125,1.5,0.0375,,,,0.0625,0.07250000000000001,29.807499999999997,85.005,0.3225,202.27,0.0,0.0,,985.135,
2023-07-22 21:00:00,16.925,30.7025,0.94,1.44,1.29,0.53,2.0,0.33,1.5,0.04,,,,0.0675,0.0775,28.955,88.17750000000001,0.33999999999999997,214.02249999999998,0.0,0.0,,985.02,
2023-07-22 22:00:00,13.8675,25.66,0.94,1.44,1.29,0.53,2.0,0.395,1.5,0.045,,,,0.08,0.0925,28.6025,89.89,0.4225,207.54250000000002,0.0,0.0,,985.2825,
2023-07-22 23:00:00,34.126666666666665,59.873333333333335,0.94,1.4400000000000002,1.29,0.53,2.0,0.3666666666666667,1.5,0.04,,,,0.07,0.08666666666666667,28.25,91.16666666666667,0.38000000000000006,234.26666666666665,0.0,0.0,,985.3566666666667,
2023-07-23 00:00:00,26.666666666666668,43.5,0.94,1.4400000000000002,1.29,0.53,2.0,0.35000000000000003,1.5,0.04,,,,0.07,0.08499999999999999,28.3375,90.82249999999999,0.355,156.345,0.0,0.0,,985.0125,
2023-07-23 01:00:00,31.155,53.345,0.94,1.44,1.29,0.53,2.0,0.2625,1.5,0.03,,,,0.055,0.0625,26.735,91.92750000000001,0.6425,172.1975,0.03,0.03,,985.11,
2023-07-23 02:00:00,17.810000000000002,37.125,0.94,1.44,1.29,0.53,2.0,0.185,1.5,0.02,,,,0.04,0.04,25.07,95.8275,0.31,180.23250000000002,0.0125,0.0125,,984.825,
2023-07-23 03:00:00,18.5125,30.655,0.94,1.44,1.29,0.53,2.0,0.165,1.5,0.02,,,,0.035,0.04,24.787499999999998,96.235,0.8875,229.89249999999998,0.0,0.0,,984.625,
2023-07-23 04:00:00,9.2225,15.515,0.94,1.44,1.29,0.53,2.0,0.16,1.5,0.02,,,,0.03,0.04,25.2525,96.2725,0.2425,151.2575,0.0025,0.0025,,985.09,
2023-07-23 05:00:00,22.1725,34.754999999999995,0.94,1.44,1.29,0.53,2.0,0.1625,1.5,0.02,,,,0.03,0.04,25.3825,96.575,0.225,138.54000000000002,0.0,0.0,1.7975,985.7149999999999,
2023-07-23 06:00:00,11.747499999999999,18.655,0.94,1.44,1.29,0.53,2.0,0.18,1.5,0.02,,,,0.0375,0.04,25.3475,96.7225,0.245,114.81,0.0,0.0,3.3550000000000004,986.0899999999999,
2023-07-23 07:00:00,13.79,22.7675,0.94,1.44,1.29,0.53,2.0,0.2225,1.5,0.025,,,,0.0425,0.05,25.4325,96.8925,0.645,241.2825,0.0025,0.0025,14.8275,985.8,
2023-07-23 08:00:00,9.935,14.315,0.94,1.44,1.29,0.53,2.0,0.2225,1.5,0.0225,,,,0.0425,0.052500000000000005,26.275,96.6725,0.3175,192.8425,0.0,0.0,55.4225,985.9,
2023-07-23 09:00:00,10.865,16.6075,0.94,1.44,1.29,0.53,2.0,0.215,1.5,0.03,,,,0.04,0.05,28.71,91.4675,0.29,120.7925,0.0,0.0,96.955,986.1075000000001,
2023-07-23 10:00:00,9.17,18.0,0.94,1.44,1.29,0.53,2.0,0.23,1.5,0.03,,,,0.0425,0.05,31.7425,77.4,0.4075,165.415,0.0,0.0,92.0375,985.3575000000001,
2023-07-23 11:00:00,6.1525,10.7675,0.94,1.44,1.29,0.53,2.0,0.2125,1.5,0.03,,,,0.04,0.05,32.1,75.08500000000001,0.47250000000000003,127.42,0.0,0.0,85.39,984.6225,
2023-07-23 12:00:00,11.5,18.9375,0.94,1.44,1.29,0.53,2.0,0.2075,1.5,0.025,,,,0.04,0.05,33.82,70.04,0.465,148.3125,0.0,0.0,111.8175,983.65,
2023-07-23 13:00:00,13.05,20.785,0.94,1.44,1.29,0.53,2.0,0.2225,1.5,0.03,,,,0.04,0.052500000000000005,34.44,67.4225,0.49,141.66750000000002,0.0,0.0,92.4725,982.715,
2023-07-23 14:00:00,11.845,25.3125,0.94,1.44,1.29,0.53,2.0,0.2125,1.5,0.03,,,,0.04,0.05,33.415,70.68,0.46499999999999997,122.67,0.0,0.0,91.36,981.79,
2023-07-23 15:00:00,12.49,19.875,0.94,1.44,1.29,0.53,2.0,0.21,1.5,0.025,,,,0.04,0.05,35.815,63.5625,0.425,134.1225,0.0,0.0,103.78,981.2950000000001,
2023-07-23 16:00:00,7.2775,12.235,0.94,1.44,1.29,0.53,2.0,0.2375,1.5,0.03,,,,0.045,0.055,31.5875,76.8075,0.28500000000000003,127.9075,0.0,0.0,2.995,981.0525,
2023-07-23 17:00:00,18.5475,28.715,0.94,1.44,1.29,0.53,2.0,0.22,1.5,0.03,,,,0.0425,0.055,28.509999999999998,89.6525,0.255,185.9425,0.005,0.005,5.3925,981.2725,
2023-07-23 18:00:00,13.0925,21.5625,0.94,1.44,1.29,0.53,2.0,0.26,1.5,0.0325,,,,0.05,0.06,27.26,95.255,0.32,148.29000000000002,0.0,0.0,0.04,982.12,
2023-07-23 19:00:00,21.655,37.875,0.94,1.44,1.29,0.53,2.0,0.2975,1.5,0.03,,,,0.057499999999999996,0.07,27.0625,96.1725,0.2375,259.805,0.0,0.0,,982.6949999999999,
2023-07-23 20:00:00,5.5625,9.47,0.94,1.44,1.29,0.53,2.0,0.375,1.5,0.045,,,,0.07500000000000001,0.0875,26.8875,96.325,0.6825,254.54,0.0,0.0,,983.27,
2023-07-23 21:00:00,19.92,30.0,0.94,1.44,1.29,0.53,2.0,0.365,1.5,0.0425,,,,0.07250000000000001,0.0875,26.875,95.4375,0.635,275.115,0.0,0.0,,983.6975,
2023-07-23 22:00:00,18.0,33.0,0.94,1.44,1.29,0.53,2.0,0.3425,1.5,0.0375,,,,0.07,0.0825,26.947499999999998,94.11,0.55,190.4575,0.0,0.0,,983.3975,
2023-07-23 23:00:00,10.6,17.856666666666666,0.94,1.4400000000000002,1.29,0.53,2.0,0.27,1.5,0.03,,,,0.05333333333333334,0.06333333333333334,26.5,95.02333333333333,0.4833333333333334,194.41,0.0,0.0,,982.9733333333334,
2023-07-24 00:00:00,10.12,18.0,0.94,1.4400000000000002,1.29,0.53,2.0,0.20666666666666667,1.5,0.02666666666666667,,,,0.04,0.05,25.872500000000002,95.5525,0.2625,159.87,0.0,0.0,,982.205,
2023-07-24 01:00:00,10.4075,16.595,0.94,1.44,1.29,0.53,2.0,0.1925,1.5,0.02,,,,0.04,0.0425,25.7175,96.1825,0.5425,196.83,0.0025,0.0025,,981.5550000000001,
2023-07-24 02:00:00,7.75,13.6875,0.94,1.44,1.29,0.53,2.0,0.1825,1.5,0.02,,,,0.04,0.04,25.495,96.6275,0.495,185.78,0.0,0.0,,981.45,
2023-07-24 03:00:00,7.365,13.0775,0.94,1.44,1.29,0.53,2.0,0.17250000000000001,1.5,0.02,,,,0.0375,0.04,25.6175,96.8125,0.2425,168.4875,0.0,0.0,,982.055,
2023-07-24 04:00:00,3.1875,4.9225,0.94,1.44,1.29,0.53,2.0,0.18,1.5,0.02,,,,0.04,0.04,25.6575,96.865,0.2575,166.5675,0.0,0.0,,981.86,
2023-07-24 05:00:00,7.5325,12.9375,0.94,1.44,1.29,0.53,2.0,0.1975,1.5,0.02,,,,0.04,0.045,25.765,96.96000000000001,0.3875,154.3725,0.0,0.0,2.545,982.4225,
2023-07-24 06:00:00,9.8575,16.3125,0.94,1.44,1.29,0.53,2.0,0.2125,1.5,0.025,,,,0.0425,0.05,26.045,96.92,0.36250000000000004,119.65,0.0,0.0,7.484999999999999,982.8225,
2023-07-24 07:00:00,5.5024999999999995,9.47,0.94,1.44,1.29,0.53,2.0,0.2225,1.5,0.03,,,,0.0425,0.052500000000000005,25.810000000000002,96.9275,0.34500000000000003,149.2775,0.065,0.065,5.9025,983.2625,
2023-07-24 08:00:00,9.03,16.875,0.94,1.44,1.29,0.53,2.0,0.22,1.5,0.03,,,,0.0425,0.055,25.9875,97.3025,0.365,133.5125,0.035,0.035,10.872499999999999,983.6125000000001,
2023-07-24 09:00:00,4.0475,6.375,0.94,1.44,1.29,0.53,2.0,0.21,1.5,0.0275,,,,0.04,0.0475,26.1475,97.345,0.31,161.875,0.0025,0.0025,27.0225,983.5025,
2023-07-24 10:00:00,0.4566666666666667,1.5,0.94,1.44,1.29,0.53,2.0,0.235,1.5,0.03,,,,0.0475,0.057499999999999996,27.055,96.62,0.2925,113.695,0.0,0.0,45.9975,982.9725,
2023-07-24 11:00:00,2.7266666666666666,4.286666666666666,0.94,1.44,1.29,0.53,2.0,0.2225,1.5,0.03,,,,0.04,0.05,30.017500000000002,84.505,0.2875,134.31,0.0,0.0,57.974999999999994,982.5825,
2023-07-24 12:00:00,6.7125,11.1025,0.94,1.44,1.29,0.53,2.0,0.2275,1.5,0.03,,,,0.0425,0.052500000000000005,32.177499999999995,74.705,0.355,130.325,0.0,0.0,86.2175,981.905,
2023-07-24 13:00:00,13.59,23.25,0.94,1.44,1.29,0.53,2.0,0.27,1.5,0.03,,,,0.055,0.065,33.3975,71.3375,0.3975,109.85,0.0,0.0,99.3125,981.1875,
2023-07-24 14:00:00,17.29,28.552500000000002,0.94,1.44,1.29,0.53,2.0,0.2275,1.5,0.03,,,,0.0425,0.052500000000000005,31.19,77.7525,0.6425000000000001,117.3725,0.0225,0.0225,35.9025,980.845,
2023-07-24 15:00:00,2.88,7.5,0.94,1.44,1.29,0.53,2.0,0.2225,1.5,0.0275,,,,0.04,0.05,27.1925,94.1225,0.405,128.5575,0.0,0.0,42.865,980.3975,
2023-07-24 16:00:00,13.53,20.8925,0.94,1.44,1.29,0.53,2.0,0.22,1.5,0.03,,,,0.04,0.05,29.9325,85.825,0.34750000000000003,121.2875,0.0,0.0,57.6725,980.0925,
2023-07-24 17:00:00,10.24,15.59,0.94,1.44,1.29,0.53,2.0,0.20500000000000002,1.5,0.025,,,,0.04,0.05,29.7125,84.14,0.28,129.9825,0.0,0.0,12.46,980.4025,
2023-07-24 18:00:00,14.9525,27.75,0.94,1.44,1.29,0.53,2.0,0.2525,1.5,0.03,,,,0.05,0.06,27.9575,89.6,0.3325,143.9125,0.0,0.0,0.15,981.15,
2023-07-24 19:00:00,22.9675,34.405,0.94,1.44,1.29,0.53,2.0,0.2925,1.5,0.035,,,,0.06,0.07,27.115000000000002,92.98,0.26,181.585,0.0,0.0,,981.655,
2023-07-24 20:00:00,10.0925,16.6875,0.94,1.44,1.29,0.53,2.0,0.34750000000000003,1.5,0.04,,,,0.0675,0.0825,26.5625,94.595,0.27,160.785,0.0,0.0,,982.36,
2023-07-24 21:00:00,32.182500000000005,51.4825,0.94,1.44,1.29,0.53,2.0,0.275,1.5,0.03,,,,0.057499999999999996,0.0675,26.34,95.3275,0.2675,177.9475,0.0,0.0,,982.4025,
2023-07-24 22:00:00,18.155,27.91,0.94,1.44,1.29,0.53,2.0,0.2975,1.5,0.0325,,,,0.06,0.07,26.4625,94.5975,0.305,179.8175,0.0,0.0,,982.265,
2023-07-24 23:00:00,8.75,15.373333333333335,0.94,1.4400000000000002,1.29,0.53,2.0,0.3,1.5,0.03666666666666667,,,,0.06,0.07,26.386666666666667,94.83,0.49333333333333335,175.99,0.043333333333333335,0.0325,,982.2166666666667,
2023-07-25 00:00:00,14.25,24.286666666666665,0.94,1.4400000000000002,1.29,0.53,2.0,0.20000000000000004,1.5,0.02,,,,0.04,0.05,25.8375,96.675,0.33999999999999997,144.54500000000002,0.0125,0.0125,,981.905,
2023-07-25 01:00:00,6.9975,11.4375,0.94,1.44,1.29,0.53,2.0,0.19,1.5,0.02,,,,0.04,0.045,25.6075,97.0375,0.3075,163.3275,0.0,0.0,,981.845,
2023-07-25 02:00:00,12.684999999999999,21.75,0.94,1.44,1.29,0.53,2.0,0.1775,1.5,0.02,,,,0.04,0.04,25.4725,97.2525,0.19,131.7525,0.0,0.0,,981.7625,
2023-07-25 03:00:00,7.6375,14.53,0.94,1.44,1.29,0.53,2.0,0.17,1.5,0.02,,,,0.0375,0.04,25.485,97.4,0.2075,174.045,0.0,0.0,,981.7475,
2023-07-25 04:00:00,12.875,22.03,0.94,1.44,1.29,0.53,2.0,0.185,1.5,0.02,,,,0.04,0.04,25.5,97.515,0.3225,202.435,0.0,0.0,1.23,982.105,
2023-07-25 05:00:00,12.72,19.0775,0.94,1.44,1.29,0.53,2.0,0.20500000000000002,1.5,0.0225,,,,0.04,0.045,25.7675,97.4375,0.37,182.5525,0.0,0.0,5.8774999999999995,982.7475,
2023-07-25 06:00:00,9.47,16.1725,0.94,1.44,1.29,0.53,2.0,0.1825,1.5,0.02,,,,0.0375,0.04,25.245,96.8275,0.7975,211.055,0.12,0.12,1.98,984.2574999999999,
2023-07-25 07:00:00,11.72,19.3125,0.94,1.44,1.29,0.53,2.0,0.1675,1.5,0.02,,,,0.0325,0.04,24.095,95.9925,0.53,230.79000000000002,0.005,0.005,11.629999999999999,984.695,
2023-07-25 08:00:00,11.7675,18.802500000000002,0.94,1.44,1.29,0.53,2.0,0.2125,1.5,0.0275,,,,0.04,0.05,25.572499999999998,97.065,0.2075,147.905,0.0025,0.0025,56.1125,984.7925,
2023-07-25 09:00:00,4.28,6.467499999999999,0.94,1.44,1.29,0.53,2.0,0.195,1.5,0.02,,,,0.04,0.045,28.9275,86.1125,0.3175,120.6875,0.0,0.0,106.05749999999999,984.5,
2023-07-25 10:00:00,0.185,,0.94,1.44,1.29,0.53,2.0,0.2,1.5,0.0225,,,,0.04,0.045,33.815,69.03,0.41,130.435,0.0,0.0,194.24,984.09,
2023-07-25 11:00:00,4.666666666666667,6.873333333333334,0.94,1.4400000000000002,1.29,0.53,2.0,0.19333333333333336,1.5,0.02,,,,0.04,0.04,34.48,63.73333333333333,0.35000000000000003,195.68666666666664,0.0,0.0,133.37333333333333,983.4266666666666,
2023-07-25 12:00:00,,,,,,,,,,,,,,,,,,,,,0.0,,,
2023-07-25 13:00:00,,,,,,,,,,,,,,,,,,,,,0.0,,,
2023-07-25 14:00:00,,,,,,,,,,,,,,,,,,,,,0.0,,,
2023-07-25 15:00:00,,,,,,,,,,,,,,,,,,,,,0.0,,,
2023-07-25 16:00:00,,,,,,,,,,,,,,,,,,,,,0.0,,,
2023-07-25 17:00:00,,,,,,,,,,,,,,,,,,,,,0.0,,,
2023-07-25 18:00:00,,,,,,,,,,,,,,,,,,,,,0.0,,,
2023-07-25 19:00:00,,,,,,,,,,,,,,,,,,,,,0.0,,,
2023-07-25 20:00:00,,,,,,,,,,,,,,,,,,,,,0.0,,,
2023-07-25 21:00:00,,,,,,,,,,,,,,,,,,,,,0.0,,,
2023-07-25 22:00:00,,,,,,,,,,,,,,,,,,,,,0.0,,,
2023-07-25 23:00:00,,,,,,,,,,,,,,,,,,,,,0.0,,,
2023-07-26 00:00:00,,,,,,,,,,,,,,,,,,,,,0.0,,,
2023-07-26 01:00:00,,,,,,,,,,,,,,,,,,,,,0.0,,,
2023-07-26 02:00:00,,,,,,,,,,,,,,,,,,,,,0.0,,,
2023-07-26 03:00:00,,,,,,,,,,,,,,,,,,,,,0.0,,,
2023-07-26 04:00:00,,,,,,,,,,,,,,,,,,,,,0.0,,,
2023-07-26 05:00:00,,,,,,,,,,,,,,,,,,,,,0.0,,,
2023-07-26 06:00:00,,,,,,,,,,,,,,,,,,,,,0.0,,,
2023-07-26 07:00:00,,,,,,,,,,,,,,,,,,,,,0.0,,,
2023-07-26 08:00:00,,,,,,,,,,,,,,,,,,,,,0.0,,,
2023-07-26 09:00:00,,,,,,,,,,,,,,,,,,,,,0.0,,,
2023-07-26 10:00:00,4.39,7.5,0.8866666666666667,1.4400000000000002,1.29,0.5633333333333334,1.89,0.13333333333333333,1.75,0.013333333333333334,,,,0.03,0.03,25.849999999999998,96.54,0.49333333333333335,187.70333333333335,0.02,0.015000000000000001,25.373333333333335,984.0066666666667,
2023-07-26 11:00:00,0.685,1.88,0.94,1.44,1.29,0.53,2.0,0.215,1.5,0.025,,,,0.04,0.05,27.1425,94.065,0.36,166.4,0.0,0.0,60.852500000000006,983.4775,
2023-07-26 12:00:00,0.25,,0.94,1.44,1.29,0.53,2.0,0.23249999999999998,1.5,0.03,,,,0.045,0.055,30.275,81.85,0.48,106.0925,0.0,0.0,93.015,982.7725,
2023-07-26 13:00:00,7.6575,12.235,0.94,1.44,1.29,0.53,2.0,0.20750000000000002,1.5,0.025,,,,0.04,0.05,33.6325,69.475,0.4475,138.75,0.0,0.0,138.76,982.1475,
2023-07-26 14:00:00,0.44,3.38,0.94,1.44,1.29,0.53,2.0,0.20500000000000002,1.5,0.02,,,,0.04,0.05,34.7275,65.80250000000001,0.4375,118.17,0.0,0.0,100.305,981.725,
2023-07-26 15:00:00,17.0,26.25,0.94,1.44,1.29,0.53,2.0,0.21,1.5,0.0225,,,,0.04,0.05,32.705,71.87,0.4925,142.725,0.0,0.0,66.0425,981.3775,
2023-07-26 16:00:00,12.6575,19.4575,0.94,1.44,1.29,0.53,2.0,0.2025,1.5,0.0225,,,,0.04,0.05,31.505000000000003,75.06,0.45,126.32000000000001,0.0,0.0,36.8525,981.49,
2023-07-26 17:00:00,22.24,37.917500000000004,0.94,1.44,1.29,0.53,2.0,0.2175,1.5,0.03,,,,0.04,0.05,29.7325,83.29249999999999,0.345,146.5575,0.0025,0.0025,6.9799999999999995,982.11,
2023-07-26 18:00:00,22.085,46.03,0.94,1.44,1.29,0.53,2.0,0.2375,1.5,0.03,,,,0.045,0.057499999999999996,27.287499999999998,93.9525,0.3625,109.3375,0.0,0.0,,982.6075,
2023-07-26 19:00:00,19.3425,36.655,0.94,1.44,1.29,0.53,2.0,0.235,1.5,0.03,,,,0.045,0.055,26.9125,95.885,0.23249999999999998,165.535,0.0,0.0,,982.815,
2023-07-26 20:00:00,12.03,18.5625,0.94,1.44,1.29,0.53,2.0,0.235,1.5,0.03,,,,0.045,0.055,26.59,96.47,0.2425,156.8425,0.0,0.0,,983.2574999999999,
2023-07-26 21:00:00,15.75,23.625,0.94,1.44,1.29,0.53,2.0,0.28,1.5,0.0325,,,,0.0575,0.0675,16.605,60.475,0.11499999999999999,116.965,0.0,0.0,,983.52,
2023-07-26 22:00:00,14.5,30.75,0.94,1.44,1.29,0.53,2.0,0.31,1.5,0.03,,,,0.06,0.07,,,,,0.0,0.0,,,
2023-07-26 23:00:00,,,,,,,,,,,,,,,,,,,,,0.0,,,
2023-07-27 00:00:00,,,,,,,,,,,,,,,,,,,,,0.0,,,
2023-07-27 01:00:00,,,,,,,,,,,,,,,,,,,,,0.0,,,
2023-07-27 02:00:00,,,,,,,,,,,,,,,,,,,,,0.0,,,
2023-07-27 03:00:00,,,,,,,,,,,,,,,,,,,,,0.0,,,
2023-07-27 04:00:00,,,,,,,,,,,,,,,,,,,,,0.0,,,
2023-07-27 05:00:00,,,,,,,,,,,,,,,,,,,,,0.0,,,
2023-07-27 06:00:00,,,,,,,,,,,,,,,,,,,,,0.0,,,
2023-07-27 07:00:00,,,,,,,,,,,,,,,,,,,,,0.0,,,
2023-07-27 08:00:00,,,,,,,,,,,,,,,,,,,,,0.0,,,
2023-07-27 09:00:00,,,,,,,,,,,,,,,,,,,,,0.0,,,
2023-07-27 10:00:00,,,,,,,,,,,,,,,,,,,,,0.0,,,
2023-07-27 11:00:00,,,,,,,,,,,,,,,,,,,,,0.0,,,
2023-07-27 12:00:00,,,,,,,,,,,,,,,,,,,,,0.0,,,
2023-07-27 13:00:00,,,,,,,,,,,,,,,,,,,,,0.0,,,
2023-07-27 14:00:00,,,,,,,,,,,,,,,,,,,,,0.0,,,
2023-07-27 15:00:00,,,,,,,,,,,,,,,,,,,,,0.0,,,
2023-07-27 16:00:00,,,,,,,,,,,,,,,,,,,,,0.0,,,
2023-07-27 17:00:00,,,,,,,,,,,,,,,,,,,,,0.0,,,
2023-07-27 18:00:00,,,,,,,,,,,,,,,,,,,,,0.0,,,
2023-07-27 19:00:00,,,,,,,,,,,,,,,,,,,,,0.0,,,
2023-07-27 20:00:00,,,,,,,,,,,,,,,,,,,,,0.0,,,
2023-07-27 21:00:00,,,,,,,,,,,,,,,,,,,,,0.0,,,
2023-07-27 22:00:00,,,,,,,,,,,,,,,,,,,,,0.0,,,
2023-07-27 23:00:00,,,,,,,,,,,,,,,,,,,,,0.0,,,
2023-07-28 00:00:00,,,,,,,,,,,,,,,,,,,,,0.0,,,
2023-07-28 01:00:00,,,,,,,,,,,,,,,,,,,,,0.0,,,
2023-07-28 02:00:00,,,,,,,,,,,,,,,,,,,,,0.0,,,
2023-07-28 03:00:00,,,,,,,,,,,,,,,,,,,,,0.0,,,
2023-07-28 04:00:00,,,,,,,,,,,,,,,,,,,,,0.0,,,
2023-07-28 05:00:00,,,,,,,,,,,,,,,,,,,,,0.0,,,
2023-07-28 06:00:00,,,,,,,,,,,,,,,,,,,,,0.0,,,
2023-07-28 07:00:00,,,,,,,,,,,,,,,,,,,,,0.0,,,
2023-07-28 08:00:00,,,,,,,,,,,,,,,,,,,,,0.0,,,
2023-07-28 09:00:00,,,,,,,,,,,,,,,,,,,,,0.0,,,
2023-07-28 10:00:00,,,,,,,,,,,,,,,,,,,,,0.0,,,
2023-07-28 11:00:00,,,,,,,,,,,,,,,,,,,,,0.0,,,
2023-07-28 12:00:00,,,,,,,,,,,,,,,,,,,,,0.0,,,
2023-07-28 13:00:00,,,,,,,,,,,,,,,,,,,,,0.0,,,
2023-07-28 14:00:00,,,,,,,,,,,,,,,,,,,,,0.0,,,
2023-07-28 15:00:00,,,,,,,,,,,,,,,,,,,,,0.0,,,
2023-07-28 16:00:00,,,,,,,,,,,,,,,,,,,,,0.0,,,
2023-07-28 17:00:00,,,,,,,,,,,,,,,,,,,,,0.0,,,
2023-07-28 18:00:00,,,,,,,,,,,,,,,,,,,,,0.0,,,
2023-07-28 19:00:00,,,,,,,,,,,,,,,,,,,,,0.0,,,
2023-07-28 20:00:00,,,,,,,,,,,,,,,,,,,,,0.0,,,
2023-07-28 21:00:00,,,,,,,,,,,,,,,,,,,,,0.0,,,
2023-07-28 22:00:00,,,,,,,,,,,,,,,,,,,,,0.0,,,
2023-07-28 23:00:00,,,,,,,,,,,,,,,,,,,,,0.0,,,
2023-07-29 00:00:00,,,,,,,,,,,,,,,,,,,,,0.0,,,
2023-07-29 01:00:00,,,,,,,,,,,,,,,,,,,,,0.0,,,
2023-07-29 02:00:00,,,,,,,,,,,,,,,,,,,,,0.0,,,
2023-07-29 03:00:00,,,,,,,,,,,,,,,,,,,,,0.0,,,
2023-07-29 04:00:00,,,,,,,,,,,,,,,,,,,,,0.0,,,
2023-07-29 05:00:00,,,,,,,,,,,,,,,,,,,,,0.0,,,
2023-07-29 06:00:00,,,,,,,,,,,,,,,,,,,,,0.0,,,
2023-07-29 07:00:00,,,,,,,,,,,,,,,,,,,,,0.0,,,
2023-07-29 08:00:00,,,,,,,,,,,,,,,,,,,,,0.0,,,
2023-07-29 09:00:00,,,,,,,,,,,,,,,,,,,,,0.0,,,
2023-07-29 10:00:00,,,,,,,,,,,,,,,,,,,,,0.0,,,
2023-07-29 11:00:00,,,,,,,,,,,,,,,,,,,,,0.0,,,
2023-07-29 12:00:00,,,,,,,,,,,,,,,,,,,,,0.0,,,
2023-07-29 13:00:00,,,,,,,,,,,,,,,,,,,,,0.0,,,
2023-07-29 14:00:00,,,,,,,,,,,,,,,,,,,,,0.0,,,
2023-07-29 15:00:00,,,,,,,,,,,,,,,,,,,,,0.0,,,
2023-07-29 16:00:00,,,,,,,,,,,,,,,,,,,,,0.0,,,
2023-07-29 17:00:00,,,,,,,,,,,,,,,,,,,,,0.0,,,
2023-07-29 18:00:00,,,,,,,,,,,,,,,,,,,,,0.0,,,
2023-07-29 19:00:00,,,,,,,,,,,,,,,,,,,,,0.0,,,
2023-07-29 20:00:00,,,,,,,,,,,,,,,,,,,,,0.0,,,
2023-07-29 21:00:00,,,,,,,,,,,,,,,,,,,,,0.0,,,
2023-07-29 22:00:00,,,,,,,,,,,,,,,,,,,,,0.0,,,
2023-07-29 23:00:00,,,,,,,,,,,,,,,,,,,,,0.0,,,
2023-07-30 00:00:00,,,,,,,,,,,,,,,,,,,,,0.0,,,
2023-07-30 01:00:00,,,,,,,,,,,,,,,,,,,,,0.0,,,
2023-07-30 02:00:00,,,,,,,,,,,,,,,,,,,,,0.0,,,
2023-07-30 03:00:00,,,,,,,,,,,,,,,,,,,,,0.0,,,
2023-07-30 04:00:00,,,,,,,,,,,,,,,,,,,,,0.0,,,
2023-07-30 05:00:00,,,,,,,,,,,,,,,,,,,,,0.0,,,
2023-07-30 06:00:00,,,,,,,,,,,,,,,,,,,,,0.0,,,
2023-07-30 07:00:00,,,,,,,,,,,,,,,,,,,,,0.0,,,
2023-07-30 08:00:00,,,,,,,,,,,,,,,,,,,,,0.0,,,
2023-07-30 09:00:00,,,,,,,,,,,,,,,,,,,,,0.0,,,
2023-07-30 10:00:00,,,,,,,,,,,,,,,,,,,,,0.0,,,
2023-07-30 11:00:00,,,,,,,,,,,,,,,,,,,,,0.0,,,
2023-07-30 12:00:00,,,,,,,,,,,,,,,,,,,,,0.0,,,
2023-07-30 13:00:00,,,,,,,,,,,,,,,,,,,,,0.0,,,
2023-07-30 14:00:00,,,,,,,,,,,,,,,,,,,,,0.0,,,
2023-07-30 15:00:00,,,,,,,,,,,,,,,,,,,,,0.0,,,
2023-07-30 16:00:00,,,,,,,,,,,,,,,,,,,,,0.0,,,
2023-07-30 17:00:00,,,,,,,,,,,,,,,,,,,,,0.0,,,
2023-07-30 18:00:00,,,,,,,,,,,,,,,,,,,,,0.0,,,
2023-07-30 19:00:00,,,,,,,,,,,,,,,,,,,,,0.0,,,
2023-07-30 20:00:00,,,,,,,,,,,,,,,,,,,,,0.0,,,
2023-07-30 21:00:00,,,,,,,,,,,,,,,,,,,,,0.0,,,
2023-07-30 22:00:00,,,,,,,,,,,,,,,,,,,,,0.0,,,
2023-07-30 23:00:00,,,,,,,,,,,,,,,,,,,,,0.0,,,
2023-07-31 00:00:00,,,,,,,,,,,,,,,,,,,,,0.0,,,
2023-07-31 01:00:00,,,,,,,,,,,,,,,,,,,,,0.0,,,
2023-07-31 02:00:00,,,,,,,,,,,,,,,,,,,,,0.0,,,
2023-07-31 03:00:00,,,,,,,,,,,,,,,,,,,,,0.0,,,
2023-07-31 04:00:00,,,,,,,,,,,,,,,,,,,,,0.0,,,
2023-07-31 05:00:00,,,,,,,,,,,,,,,,,,,,,0.0,,,
2023-07-31 06:00:00,,,,,,,,,,,,,,,,,,,,,0.0,,,
2023-07-31 07:00:00,,,,,,,,,,,,,,,,,,,,,0.0,,,
2023-07-31 08:00:00,,,,,,,,,,,,,,,,,,,,,0.0,,,
2023-07-31 09:00:00,,,,,,,,,,,,,,,,,,,,,0.0,,,
2023-07-31 10:00:00,2.0,3.0,0.94,1.44,1.29,0.53,2.0,0.065,1.5,0.01,,,,0.03,0.03,37.25,58.644999999999996,0.6000000000000001,126.785,0.0,0.0,199.83499999999998,976.5550000000001,
2023-07-31 11:00:00,0.31,0.75,0.94,1.44,1.29,0.53,2.0,0.195,1.5,0.0225,,,,0.04,0.045,37.675,57.855000000000004,0.73,137.6775,0.0,0.0,188.5275,975.9200000000001,
2023-07-31 12:00:00,0.13,,0.94,1.44,1.29,0.53,2.0,0.1925,1.5,0.02,,,,0.04,0.04,39.0775,53.972500000000004,0.6825,143.56,0.0,0.0,168.5025,974.9775,
2023-07-31 13:00:00,0.14,,0.94,1.44,1.29,0.53,2.0,0.18,1.5,0.02,,,,0.04,0.0425,39.8825,51.9825,0.66,131.0525,0.0,0.0,146.695,973.905,
2023-07-31 14:00:00,5.0725,9.844999999999999,0.94,1.44,1.29,0.53,2.0,0.1875,1.5,0.02,,,,0.04,0.04,40.41,51.8125,0.7075,121.605,0.0,0.0,140.9775,972.9300000000001,
2023-07-31 15:00:00,10.4375,16.125,0.94,1.44,1.29,0.53,2.0,0.195,1.5,0.02,,,,0.04,0.0425,41.235,50.0475,0.5375,173.1,0.0,0.0,97.28999999999999,972.435,
2023-07-31 16:00:00,11.72,19.285,0.94,1.44,1.29,0.53,2.0,0.1975,1.5,0.02,,,,0.04,0.045,38.5775,56.8025,0.395,152.95999999999998,0.0,0.0,45.285,972.1800000000001,
2023-07-31 17:00:00,15.5825,26.155,0.94,1.44,1.29,0.53,2.0,0.1925,1.5,0.02,,,,0.04,0.04,34.715,70.6,0.375,189.98000000000002,0.0,0.0,9.1,973.135,
2023-07-31 18:00:00,19.1575,31.6875,0.94,1.44,1.29,0.53,2.0,0.1975,1.5,0.0225,,,,0.0425,0.0425,31.8875,79.66,0.31,165.36,0.0,0.0,,973.8975,
2023-07-31 19:00:00,6.657500000000001,10.1775,0.94,1.44,1.29,0.53,2.0,0.2675,1.5,0.03,,,,0.052500000000000005,0.0625,30.5825,85.1925,0.33499999999999996,171.9325,0.0,0.0,,975.0725,
2023-07-31 20:00:00,21.375,33.1875,0.94,1.44,1.29,0.53,2.0,0.3425,1.5,0.0375,,,,0.07,0.08,30.1375,86.37,0.4075,167.815,0.0,0.0,,976.3475000000001,
2023-07-31 21:00:00,26.6425,44.185,0.94,1.44,1.29,0.53,2.0,0.3275,1.5,0.0375,,,,0.0675,0.08,29.445,88.47,0.315,249.54250000000002,0.0,0.0,,976.59,
2023-07-31 22:00:00,20.375,29.345,0.94,1.44,1.29,0.53,2.0,0.34750000000000003,1.5,0.0425,,,,0.0675,0.0825,29.07,89.03,0.55,222.14,0.0,0.0,,976.595,
2023-07-31 23:00:00,16.833333333333332,28.75,0.94,1.4400000000000002,1.29,0.53,2.0,0.31,1.5,0.03666666666666667,,,,0.06333333333333334,0.07333333333333335,28.66333333333333,89.98666666666666,0.37333333333333335,238.85999999999999,0.0,0.0,,976.1166666666667,
2023-08-01 00:00:00,26.5,41.43,0.94,1.4400000000000002,1.29,0.53,2.0,0.25333333333333335,1.5,0.03,,,,0.052500000000000005,0.0625,28.1,91.1525,0.34,211.635,0.0,0.0,,975.56,
2023-08-01 01:00:00,36.06,61.78,0.94,1.44,1.29,0.53,2.0,0.225,1.5,0.03,,,,0.0425,0.052500000000000005,27.745,90.7675,0.525,233.8675,0.0,0.0,,975.2475,
2023-08-01 02:00:00,22.53,37.9225,0.94,1.44,1.29,0.53,2.0,0.20750000000000002,1.5,0.0225,,,,0.04,0.05,27.395000000000003,92.47,0.2325,176.54250000000002,0.0,0.0,,974.975,
2023-08-01 03:00:00,10.2075,18.6575,0.94,1.44,1.29,0.53,2.0,0.2025,1.5,0.02,,,,0.04,0.05,27.3825,92.715,0.235,196.8825,0.0,0.0,,974.9449999999999,
2023-08-01 04:00:00,22.6875,36.28,0.94,1.44,1.29,0.53,2.0,0.20500000000000002,1.5,0.0225,,,,0.04,0.05,27.252499999999998,92.9775,0.2475,128.5625,0.0,0.0,1.94,974.885,
2023-08-01 05:00:00,16.375,27.28,0.94,1.44,1.29,0.53,2.0,0.1975,1.5,0.02,,,,0.04,0.045,27.802500000000002,90.6,0.2475,149.055,0.0,0.0,15.915,975.3275,
2023-08-01 06:00:00,25.655,42.5625,0.94,1.44,1.29,0.53,2.0,0.1975,1.5,0.02,,,,0.04,0.045,30.025,81.1,0.345,139.78,0.0,0.0,56.182500000000005,976.0325,
2023-08-01 07:00:00,20.2725,32.465,0.94,1.44,1.29,0.53,2.0,0.20500000000000002,1.5,0.025,,,,0.04,0.05,32.957499999999996,70.5675,0.4275,109.4125,0.0,0.0,89.845,976.23,
2023-08-01 08:00:00,9.120000000000001,16.177500000000002,0.94,1.44,1.29,0.53,2.0,0.1975,1.5,0.02,,,,0.04,0.045,36.1775,60.495,0.5425,125.11,0.0,0.0,175.6375,976.6425,
2023-08-01 09:00:00,22.3425,36.28,0.94,1.44,1.29,0.53,2.0,0.1825,1.5,0.02,,,,0.04,0.04,37.415,57.1025,0.7474999999999999,133.985,0.0,0.0,181.6175,976.5075,
2023-08-01 10:00:00,18.7825,31.97,0.94,1.44,1.29,0.53,2.0,0.1875,1.5,0.02,,,,0.04,0.04,38.295,52.8875,0.765,135.365,0.0,0.0,219.0625,976.0699999999999,
2023-08-01 11:00:00,,,,,,,,,,,,,,,,,,,,,0.0,,,
2023-08-01 12:00:00,,,,,,,,,,,,,,,,,,,,,0.0,,,
2023-08-01 13:00:00,9.56,36.0,0.94,1.44,1.29,0.53,2.0,0.14,1.5,0.030000000000000002,,,,0.045,0.060000000000000005,38.724999999999994,49.94,0.745,169.495,0.0,0.0,127.47,974.655,
2023-08-01 14:00:00,,,,,,,,,,,,,,,,,,,,,0.0,,,
2023-08-01 15:00:00,,,,,,,,,,,,,,,,,,,,,0.0,,,
2023-08-01 16:00:00,,,,,,,,,,,,,,,,,,,,,0.0,,,
2023-08-01 17:00:00,,,,,,,,,,,,,,,,,,,,,0.0,,,
2023-08-01 18:00:00,,,,,,,,,,,,,,,,,,,,,0.0,,,
2023-08-01 19:00:00,,,,,,,,,,,,,,,,,,,,,0.0,,,
2023-08-01 20:00:00,,,,,,,,,,,,,,,,,,,,,0.0,,,
2023-08-01 21:00:00,,,,,,,,,,,,,,,,,,,,,0.0,,,
2023-08-01 22:00:00,,,,,,,,,,,,,,,,,,,,,0.0,,,
2023-08-01 23:00:00,,,,,,,,,,,,,,,,,,,,,0.0,,,
2023-08-02 00:00:00,,,,,,,,,,,,,,,,,,,,,0.0,,,
2023-08-02 01:00:00,,,,,,,,,,,,,,,,,,,,,0.0,,,
2023-08-02 02:00:00,,,,,,,,,,,,,,,,,,,,,0.0,,,
2023-08-02 03:00:00,,,,,,,,,,,,,,,,,,,,,0.0,,,
2023-08-02 04:00:00,,,,,,,,,,,,,,,,,,,,,0.0,,,
2023-08-02 05:00:00,,,,,,,,,,,,,,,,,,,,,0.0,,,
2023-08-02 06:00:00,,,,,,,,,,,,,,,,,,,,,0.0,,,
2023-08-02 07:00:00,,,,,,,,,,,,,,,,,,,,,0.0,,,
2023-08-02 08:00:00,,,,,,,,,,,,,,,,,,,,,0.0,,,
2023-08-02 09:00:00,,,,,,,,,,,,,,,,,,,,,0.0,,,
2023-08-02 10:00:00,20.44,36.0,0.95,1.44,1.29,0.53,2.025,0.105,1.52,0.015,,,,0.02,0.025,37.41,55.295,0.9550000000000001,146.42000000000002,0.0,0.0,209.125,977.8050000000001,
2023-08-02 11:00:00,4.06,12.0,0.94,1.44,1.29,0.53,2.0,0.1825,1.5,0.02,,,,0.0375,0.04,38.7975,51.2425,0.6275,156.0575,0.0,0.0,173.3275,977.0075,
2023-08-02 12:00:00,10.6975,17.25,0.94,1.44,1.29,0.53,2.0,0.19,1.5,0.02,,,,0.04,0.0425,38.45,51.34,0.76,120.185,0.0,0.0,142.575,976.1475,
2023-08-02 13:00:00,15.922500000000001,25.595,0.94,1.44,1.29,0.53,2.0,0.175,1.5,0.02,,,,0.04,0.04,39.555,49.980000000000004,0.5725,158.64249999999998,0.0,0.0,104.24249999999999,975.2075,
2023-08-02 14:00:00,21.3925,36.845,0.94,1.44,1.29,0.53,2.0,0.175,1.5,0.02,,,,0.0375,0.04,40.177499999999995,49.0775,0.59,135.3225,0.0,0.0,120.47999999999999,974.49,
2023-08-02 15:00:00,3.8325,7.970000000000001,0.94,1.44,1.29,0.53,2.0,0.165,1.5,0.02,,,,0.035,0.04,41.46,47.865,0.4825,136.695,0.0,0.0,100.045,973.935,
2023-08-02 16:00:00,13.34,22.875,0.94,1.44,1.29,0.53,2.0,0.185,1.5,0.02,,,,0.04,0.04,38.0525,55.53,0.44,144.4,0.0,0.0,33.9375,974.155,
2023-08-02 17:00:00,5.7275,11.465,0.94,1.44,1.29,0.53,2.0,0.1675,1.5,0.02,,,,0.0325,0.04,34.0125,68.2475,0.7749999999999999,223.15,0.0,0.0,5.526666666666666,974.8725000000001,
2023-08-02 18:00:00,14.9225,25.625,0.94,1.44,1.29,0.53,2.0,0.19,1.5,0.0225,,,,0.035,0.045,29.6325,77.4675,1.81,229.73000000000002,0.01,0.01,,976.0775,
2023-08-02 19:00:00,20.0325,35.6725,0.94,1.44,1.29,0.53,2.0,0.20750000000000002,1.5,0.0225,,,,0.04,0.05,26.36,93.205,1.1825,225.685,0.03,0.03,,977.71,
2023-08-02 20:00:00,8.6425,14.094999999999999,0.94,1.44,1.29,0.53,2.0,0.215,1.5,0.025,,,,0.04,0.05,26.27,95.0125,1.105,239.0875,0.0,0.0,,978.1875,
2023-08-02 21:00:00,8.0275,13.5,0.94,1.44,1.29,0.53,2.0,0.2025,1.5,0.025,,,,0.04,0.0475,26.259999999999998,95.56,0.55,175.055,0.0,0.0,,978.5975,
2023-08-02 22:00:00,11.09,17.2075,0.94,1.44,1.29,0.53,2.0,0.185,1.5,0.02,,,,0.04,0.04,26.67,93.4225,0.6125,255.7125,0.0,0.0,,978.825,
2023-08-02 23:00:00,9.46,15.373333333333335,0.94,1.4400000000000002,1.29,0.53,2.0,0.17333333333333334,1.5,0.02,,,,0.03333333333333333,0.04,26.543333333333333,93.64333333333333,0.96,222.9333333333333,0.03333333333333333,0.025,,979.09,
2023-08-03 00:00:00,13.0,19.5,0.94,1.4400000000000002,1.29,0.53,2.0,0.13333333333333333,1.5,0.013333333333333334,,,,0.03,0.03,22.84,85.965,0.8,228.1,0.0025,0.0025,,880.6400000000001,
2023-08-03 01:00:00,10.4175,18.25,0.94,1.44,1.29,0.53,2.0,0.1275,1.5,0.0125,,,,0.03,0.03,,,,,0.0,0.0,,,
2023-08-03 02:00:00,12.0,18.0,0.94,1.44,1.29,0.53,2.0,0.12,1.5,0.01,,,,0.03,0.03,,,,,0.0,0.0,,,
2023-08-03 03:00:00,,,,,,,,,,,,,,,,,,,,,0.0,,,
2023-08-03 04:00:00,,,,,,,,,,,,,,,,,,,,,0.0,,,
2023-08-03 05:00:00,,,,,,,,,,,,,,,,,,,,,0.0,,,
2023-08-03 06:00:00,,,,,,,,,,,,,,,,,,,,,0.0,,,
2023-08-03 07:00:00,,,,,,,,,,,,,,,,,,,,,0.0,,,
2023-08-03 08:00:00,,,,,,,,,,,,,,,,,,,,,0.0,,,
2023-08-03 09:00:00,,,,,,,,,,,,,,,,,,,,,0.0,,,
2023-08-03 10:00:00,,,,,,,,,,,,,,,,,,,,,0.0,,,
2023-08-03 11:00:00,,,,,,,,,,,,,,,,,,,,,0.0,,,
2023-08-03 12:00:00,29.0,43.5,0.94,1.44,1.29,0.53,2.0,0.17,1.5,0.02,,,,0.035,0.04,8.59,15.74,0.46,28.86,0.0,0.0,34.26,,
2023-08-03 13:00:00,10.725,17.85,0.94,1.44,1.29,0.53,2.0,0.195,1.5,0.025,,,,0.0425,0.05,,,,,0.0,0.0,,,
2023-08-03 14:00:00,52.4,78.6,0.94,1.44,1.29,0.53,2.0,0.1725,1.5,0.02,,,,0.0325,0.0425,,,,,0.0,0.0,,,
2023-08-03 15:00:00,25.75,70.88,0.94,1.44,1.29,0.53,2.0,0.17,1.5,0.02,,,,0.04,0.05,,,,,0.0,0.0,,,
2023-08-03 16:00:00,,,,,,,,,,,,,,,,,,,,,0.0,,,
2023-08-03 17:00:00,,,,,,,,,,,,,,,,,,,,,0.0,,,
2023-08-03 18:00:00,,,,,,,,,,,,,,,,,,,,,0.0,,,
2023-08-03 19:00:00,,,,,,,,,,,,,,,,,,,,,0.0,,,
2023-08-03 20:00:00,,,,,,,,,,,,,,,,,,,,,0.0,,,
2023-08-03 21:00:00,,,,,,,,,,,,,,,,,,,,,0.0,,,
2023-08-03 22:00:00,,,,,,,,,,,,,,,,,,,,,0.0,,,
2023-08-03 23:00:00,,,,,,,,,,,,,,,,,,,,,0.0,,,
2023-08-04 00:00:00,,,,,,,,,,,,,,,,,,,,,0.0,,,
2023-08-04 01:00:00,,,,,,,,,,,,,,,,,,,,,0.0,,,
2023-08-04 02:00:00,,,,,,,,,,,,,,,,,,,,,0.0,,,
2023-08-04 03:00:00,,,,,,,,,,,,,,,,,,,,,0.0,,,
2023-08-04 04:00:00,,,,,,,,,,,,,,,,,,,,,0.0,,,
2023-08-04 05:00:00,,,,,,,,,,,,,,,,,,,,,0.0,,,
2023-08-04 06:00:00,,,,,,,,,,,,,,,,,,,,,0.0,,,
2023-08-04 07:00:00,,,,,,,,,,,,,,,,,,,,,0.0,,,
2023-08-04 08:00:00,,,,,,,,,,,,,,,,,,,,,0.0,,,
2023-08-04 09:00:00,,,,,,,,,,,,,,,,,,,,,0.0,,,
2023-08-04 10:00:00,,,,,0.0,,,0.0,,0.0,,,,,,,,,,0.0,0.0,,,
2023-08-04 11:00:00,41.06666666666667,57.199999999999996,0.8133333333333334,1.343333333333333,0.9025000000000001,0.46,1.7333333333333334,0.0675,1.3,0.01,,,,0.02,0.023333333333333334,,,,,0.0,0.0,,,
2023-08-04 12:00:00,17.6,26.4,0.94,1.44,1.29,0.53,2.0,0.1825,1.5,0.0225,,,,0.0375,0.0425,,,,,0.0,0.0,,,
2023-08-04 13:00:00,0.225,,0.94,1.44,1.29,0.53,2.0,0.1575,1.5,0.02,,,,0.03,0.0375,,,,,0.0,0.0,,,
2023-08-04 14:00:00,0.2,,0.94,1.44,1.29,0.53,2.0,0.18,1.5,0.02,,,,0.0375,0.0425,,,,,0.0,0.0,,,
2023-08-04 15:00:00,14.5,22.95,0.94,1.44,1.29,0.53,2.0,0.20500000000000002,1.5,0.0225,,,,0.04,0.0475,,,,,0.0,0.0,,,
2023-08-04 16:00:00,22.1,33.15,0.94,1.44,1.29,0.53,2.0,0.19,1.5,0.0225,,,,0.04,0.0475,,,,,0.0,0.0,,,
2023-08-04 17:00:00,14.75,29.25,0.94,1.44,1.29,0.53,2.0,0.19,1.5,0.0225,,,,0.04,0.045,,,,,0.0,0.0,,,
2023-08-04 18:00:00,7.9,11.775,0.94,1.44,1.29,0.53,2.0,0.2025,1.5,0.0225,,,,0.0425,0.05,,,,,0.0,0.0,,,
2023-08-04 19:00:00,19.4,29.1,0.94,1.44,1.29,0.53,2.0,0.2125,1.5,0.025,,,,0.0425,0.05,,,,,0.0,0.0,,,
2023-08-04 20:00:00,17.4825,27.5,0.94,1.44,1.29,0.53,2.0,0.2825,1.5,0.0325,,,,0.05500000000000001,0.065,,,,,0.0,0.0,,,
2023-08-04 21:00:00,12.65,25.65,0.94,1.44,1.29,0.53,2.0,0.1975,1.5,0.025,,,,0.0425,0.0475,,,,,0.0,0.0,,,
2023-08-04 22:00:00,21.8625,34.95,0.94,1.44,1.29,0.53,2.0,0.1825,1.5,0.02,,,,0.0375,0.04,,,,,0.0,0.0,,,
2023-08-04 23:00:00,3.3333333333333335,7.3999999999999995,0.94,1.4400000000000002,1.29,0.53,2.0,0.17333333333333334,1.5,0.02,,,,0.03666666666666667,0.04,,,,,0.0,0.0,,,
2023-08-05 00:00:00,3.016666666666667,5.6000000000000005,0.94,1.4400000000000002,1.29,0.53,2.0,0.14333333333333334,1.5,0.02,,,,0.03,0.035,,,,,0.0,0.0,,,
2023-08-05 01:00:00,20.425,35.025,0.94,1.44,1.29,0.53,2.0,0.1475,1.5,0.0175,,,,0.03,0.0325,,,,,0.0,0.0,,,
2023-08-05 02:00:00,5.8,16.2,0.94,1.44,1.29,0.53,2.0,0.1275,1.5,0.015,,,,0.03,0.03,,,,,0.0,0.0,,,
2023-08-05 03:00:00,0.2,,0.94,1.44,1.29,0.53,2.0,0.1225,1.5,0.01,,,,0.03,0.03,,,,,0.0,0.0,,,
2023-08-05 04:00:00,13.0625,21.3,0.94,1.44,1.29,0.53,2.0,0.1275,1.5,0.0125,,,,0.03,0.03,,,,,0.0,0.0,,,
2023-08-05 05:00:00,2.5,3.675,0.94,1.44,1.29,0.53,2.0,0.14750000000000002,1.5,0.02,,,,0.03,0.0325,,,,,0.0,0.0,,,
2023-08-05 06:00:00,5.925,9.280000000000001,0.94,1.44,1.29,0.53,2.0,0.1725,1.5,0.02,,,,0.0375,0.04,,,,,0.0,0.0,,,
2023-08-05 07:00:00,4.5175,8.7,0.94,1.44,1.29,0.53,2.0,0.1725,1.5,0.02,,,,0.04,0.04,,,,,0.0,0.0,,,
2023-08-05 08:00:00,10.55,21.15,0.94,1.44,1.29,0.53,2.0,0.1725,1.5,0.02,,,,0.04,0.04,,,,,0.0,0.0,,,
2023-08-05 09:00:00,3.2,9.0,0.94,1.44,1.29,0.53,2.0,0.1775,1.5,0.02,,,,0.0375,0.04,,,,,0.0,0.0,,,
2023-08-05 10:00:00,14.4875,26.38,0.94,1.44,1.29,0.53,2.0,0.1675,1.5,0.02,,,,0.0375,0.04,,,,,0.0,0.0,,,
2023-08-05 11:00:00,25.2,44.325,0.94,1.44,1.29,0.53,2.0,0.1675,1.5,0.02,,,,0.035,0.04,,,,,0.0,0.0,,,
2023-08-05 12:00:00,27.5,41.25,0.94,1.4400000000000002,1.29,0.53,2.0,0.17,1.5,0.02,,,,0.03333333333333333,0.04,,,,,0.0,0.0,,,
2023-08-05 13:00:00,,,,,,,,,,,,,,,,,,,,,0.0,,,
2023-08-05 14:00:00,,,,,,,,,,,,,,,,,,,,,0.0,,,
2023-08-05 15:00:00,,,,,,,,,,,,,,,,,,,,,0.0,,,
2023-08-05 16:00:00,,,,,,,,,,,,,,,,,,,,,0.0,,,
2023-08-05 17:00:00,,,,,,,,,,,,,,,,,,,,,0.0,,,
2023-08-05 18:00:00,,,,,,,,,,,,,,,,,,,,,0.0,,,
2023-08-05 19:00:00,,,,,,,,,,,,,,,,,,,,,0.0,,,
2023-08-05 20:00:00,,,,,,,,,,,,,,,,,,,,,0.0,,,
2023-08-05 21:00:00,,,,,,,,,,,,,,,,,,,,,0.0,,,
2023-08-05 22:00:00,,,,,,,,,,,,,,,,,,,,,0.0,,,
2023-08-05 23:00:00,,,,,,,,,,,,,,,,,,,,,0.0,,,
2023-08-06 00:00:00,,,,,,,,,,,,,,,,,,,,,0.0,,,
2023-08-06 01:00:00,,,,,,,,,,,,,,,,,,,,,0.0,,,
2023-08-06 02:00:00,,,,,,,,,,,,,,,,,,,,,0.0,,,
2023-08-06 03:00:00,,,,,,,,,,,,,,,,,,,,,0.0,,,
2023-08-06 04:00:00,,,,,,,,,,,,,,,,,,,,,0.0,,,
2023-08-06 05:00:00,,,,,,,,,,,,,,,,,,,,,0.0,,,
2023-08-06 06:00:00,,,,,,,,,,,,,,,,,,,,,0.0,,,
2023-08-06 07:00:00,,,,,,,,,,,,,,,,,,,,,0.0,,,
2023-08-06 08:00:00,,,,,,,,,,,,,,,,,,,,,0.0,,,
2023-08-06 09:00:00,,,,,,,,,,,,,,,,,,,,,0.0,,,
2023-08-06 10:00:00,,,,,,,,,,,,,,,,,,,,,0.0,,,
2023-08-06 11:00:00,,,,,,,,,,,,,,,,,,,,,0.0,,,
2023-08-06 12:00:00,,,,,,,,,,,,,,,,,,,,,0.0,,,
2023-08-06 13:00:00,,,,,,,,,,,,,,,,,,,,,0.0,,,
2023-08-06 14:00:00,,,,,,,,,,,,,,,,,,,,,0.0,,,
2023-08-06 15:00:00,,,,,,,,,,,,,,,,,,,,,0.0,,,
2023-08-06 16:00:00,,,,,,,,,,,,,,,,,,,,,0.0,,,
2023-08-06 17:00:00,,,,,,,,,,,,,,,,,,,,,0.0,,,
2023-08-06 18:00:00,,,,,,,,,,,,,,,,,,,,,0.0,,,
2023-08-06 19:00:00,,,,,,,,,,,,,,,,,,,,,0.0,,,
2023-08-06 20:00:00,,,,,,,,,,,,,,,,,,,,,0.0,,,
2023-08-06 21:00:00,,,,,,,,,,,,,,,,,,,,,0.0,,,
2023-08-06 22:00:00,,,,,,,,,,,,,,,,,,,,,0.0,,,
2023-08-06 23:00:00,,,,,,,,,,,,,,,,,,,,,0.0,,,
2023-08-07 00:00:00,,,,,,,,,,,,,,,,,,,,,0.0,,,
2023-08-07 01:00:00,,,,,,,,,,,,,,,,,,,,,0.0,,,
2023-08-07 02:00:00,,,,,,,,,,,,,,,,,,,,,0.0,,,
2023-08-07 03:00:00,,,,,,,,,,,,,,,,,,,,,0.0,,,
2023-08-07 04:00:00,,,,,,,,,,,,,,,,,,,,,0.0,,,
2023-08-07 05:00:00,,,,,,,,,,,,,,,,,,,,,0.0,,,
2023-08-07 06:00:00,,,,,,,,,,,,,,,,,,,,,0.0,,,
2023-08-07 07:00:00,,,,,,,,,,,,,,,,,,,,,0.0,,,
2023-08-07 08:00:00,,,,,,,,,,,,,,,,,,,,,0.0,,,
2023-08-07 09:00:00,,,,,,,,,,,,,,,,,,,,,0.0,,,
2023-08-07 10:00:00,,,,,,,,,,,,,,,,,,,,,0.0,,,
2023-08-07 11:00:00,,,,,,,,,,,,,,,,,,,,,0.0,,,
2023-08-07 12:00:00,,,,,,,,,,,,,,,,,,,,,0.0,,,
2023-08-07 13:00:00,,,,,,,,,,,,,,,,,,,,,0.0,,,
2023-08-07 14:00:00,,,,,,,,,,,,,,,,,,,,,0.0,,,
2023-08-07 15:00:00,,,,,,,,,,,,,,,,,,,,,0.0,,,
2023-08-07 16:00:00,,,,,,,,,,,,,,,,,,,,,0.0,,,
2023-08-07 17:00:00,,,,,,,,,,,,,,,,,,,,,0.0,,,
2023-08-07 18:00:00,,,,,,,,,,,,,,,,,,,,,0.0,,,
2023-08-07 19:00:00,,,,,,,,,,,,,,,,,,,,,0.0,,,
2023-08-07 20:00:00,,,,,,,,,,,,,,,,,,,,,0.0,,,
2023-08-07 21:00:00,,,,,,,,,,,,,,,,,,,,,0.0,,,
2023-08-07 22:00:00,,,,,,,,,,,,,,,,,,,,,0.0,,,
2023-08-07 23:00:00,,,,,,,,,,,,,,,,,,,,,0.0,,,
2023-08-08 00:00:00,,,,,,,,,,,,,,,,,,,,,0.0,,,
2023-08-08 01:00:00,,,,,,,,,,,,,,,,,,,,,0.0,,,
2023-08-08 02:00:00,,,,,,,,,,,,,,,,,,,,,0.0,,,
2023-08-08 03:00:00,,,,,,,,,,,,,,,,,,,,,0.0,,,
2023-08-08 04:00:00,,,,,,,,,,,,,,,,,,,,,0.0,,,
2023-08-08 05:00:00,,,,,,,,,,,,,,,,,,,,,0.0,,,
2023-08-08 06:00:00,,,,,,,,,,,,,,,,,,,,,0.0,,,
2023-08-08 07:00:00,,,,,,,,,,,,,,,,,,,,,0.0,,,
2023-08-08 08:00:00,,,,,,,,,,,,,,,,,,,,,0.0,,,
2023-08-08 09:00:00,,,,,,,,,,,,,,,,,,,,,0.0,,,
2023-08-08 10:00:00,0.325,11.25,0.94,1.44,1.29,0.53,2.0,0.14250000000000002,1.5,0.02,,,,0.0325,0.035,,,,,0.0,0.0,,,
2023-08-08 11:00:00,0.2,,0.94,1.44,1.29,0.53,2.0,0.20500000000000002,1.5,0.0225,,,,0.04,0.0475,,,,,0.0,0.0,,,
2023-08-08 12:00:00,0.25,,0.94,1.44,1.29,0.53,2.0,0.20500000000000002,1.5,0.0225,,,,0.0425,0.05,,,,,0.0,0.0,,,
2023-08-08 13:00:00,0.17,,0.94,1.44,1.29,0.53,2.0,0.195,1.5,0.02,,,,0.04,0.045,,,,,0.0,0.0,,,
2023-08-08 14:00:00,8.1,13.5,0.94,1.44,1.29,0.53,2.0,0.2,1.5,0.02,,,,0.04,0.045,,,,,0.0,0.0,,,
2023-08-08 15:00:00,7.85,13.65,0.94,1.44,1.29,0.53,2.0,0.19,1.5,0.02,,,,0.04,0.045,,,,,0.0,0.0,,,
2023-08-08 16:00:00,23.8625,43.2,0.94,1.44,1.29,0.53,2.0,0.195,1.5,0.02,,,,0.04,0.0425,,,,,0.0,0.0,,,
2023-08-08 17:00:00,27.2,47.85,0.94,1.44,1.29,0.53,2.0,0.1925,1.5,0.02,,,,0.04,0.0425,,,,,0.0,0.0,,,
2023-08-08 18:00:00,19.35,36.675,0.94,1.44,1.29,0.53,2.0,0.20500000000000002,1.5,0.025,,,,0.04,0.05,,,,,0.0,0.0,,,
2023-08-08 19:00:00,17.5625,36.095,0.94,1.44,1.29,0.53,2.0,0.24,1.5,0.0325,,,,0.045,0.05500000000000001,,,,,0.0,0.0,,,
2023-08-08 20:00:00,17.35,26.025,0.94,1.44,1.29,0.53,2.0,0.355,1.5,0.0425,,,,0.07500000000000001,0.0825,,,,,0.0,0.0,,,
2023-08-08 21:00:00,29.6,44.4,0.94,1.44,1.29,0.53,2.0,0.2775,1.5,0.0325,,,,0.055,0.065,,,,,0.0,0.0,,,
2023-08-08 22:00:00,37.3,58.2,0.94,1.44,1.29,0.53,2.0,0.23,1.5,0.0275,,,,0.045,0.055,,,,,0.0,0.0,,,
2023-08-08 23:00:00,48.199999999999996,83.8,0.94,1.4400000000000002,1.29,0.53,2.0,0.19666666666666668,1.5,0.02,,,,0.04,0.04666666666666667,,,,,0.0,0.0,,,
2023-08-09 00:00:00,15.666666666666666,23.8,0.94,1.4400000000000002,1.29,0.53,2.0,0.19666666666666666,1.5,0.02,,,,0.04,0.0425,,,,,0.0,0.0,,,
2023-08-09 01:00:00,15.35,22.65,0.94,1.44,1.29,0.53,2.0,0.18,1.5,0.02,,,,0.0375,0.04,,,,,0.0,0.0,,,
2023-08-09 02:00:00,13.4675,21.25,0.94,1.44,1.29,0.53,2.0,0.1675,1.5,0.02,,,,0.0325,0.04,,,,,0.0,0.0,,,
2023-08-09 03:00:00,5.975,11.155,0.94,1.44,1.29,0.53,2.0,0.1625,1.5,0.02,,,,0.0325,0.04,,,,,0.0,0.0,,,
2023-08-09 04:00:00,12.2125,19.03,0.94,1.44,1.29,0.53,2.0,0.17,1.5,0.02,,,,0.0375,0.04,,,,,0.0,0.0,,,
2023-08-09 05:00:00,5.5,8.85,0.94,1.44,1.29,0.53,2.0,0.18,1.5,0.02,,,,0.04,0.04,,,,,0.0,0.0,,,
2023-08-09 06:00:00,11.05,19.875,0.94,1.44,1.29,0.53,2.0,0.21000000000000002,1.5,0.025,,,,0.0425,0.05,,,,,0.0,0.0,,,
2023-08-09 07:00:00,7.3,15.375,0.94,1.44,1.29,0.53,2.0,0.22,1.5,0.03,,,,0.0425,0.052500000000000005,,,,,0.0,0.0,,,
2023-08-09 08:00:00,7.800000000000001,12.3,0.94,1.44,1.29,0.53,2.0,0.23249999999999998,1.5,0.03,,,,0.045,0.057499999999999996,,,,,0.0,0.0,,,
2023-08-09 09:00:00,19.75,31.8,0.94,1.44,1.29,0.53,2.0,0.2625,1.5,0.03,,,,0.052500000000000005,0.0625,,,,,0.0,0.0,,,
2023-08-09 10:00:00,27.25,53.55,0.94,1.44,1.29,0.53,2.0,0.255,1.5,0.03,,,,0.052500000000000005,0.0625,,,,,0.0,0.0,,,
2023-08-09 11:00:00,29.8,44.7,0.94,1.44,1.29,0.53,2.0,0.24,1.5,0.03,,,,0.0475,0.057499999999999996,,,,,0.0,0.0,,,
2023-08-09 12:00:00,28.4875,44.905,0.94,1.44,1.29,0.53,2.0,0.24,1.5,0.03,,,,0.045,0.057499999999999996,,,,,0.0,0.0,,,
2023-08-09 13:00:00,26.175,50.4,0.94,1.44,1.29,0.53,2.0,0.24,1.5,0.03,,,,0.045,0.06,,,,,0.0,0.0,,,
2023-08-09 14:00:00,,,,,,,,,,,,,,,,,,,,,0.0,,,
2023-08-09 15:00:00,,,,,,,,,,,,,,,,,,,,,0.0,,,
2023-08-09 16:00:00,,,,,,,,,,,,,,,,,,,,,0.0,,,
2023-08-09 17:00:00,,,,,,,,,,,,,,,,,,,,,0.0,,,
2023-08-09 18:00:00,,,,,,,,,,,,,,,,,,,,,0.0,,,
2023-08-09 19:00:00,,,,,,,,,,,,,,,,,,,,,0.0,,,
2023-08-09 20:00:00,,,,,,,,,,,,,,,,,,,,,0.0,,,
2023-08-09 21:00:00,,,,,,,,,,,,,,,,,,,,,0.0,,,
2023-08-09 22:00:00,,,,,,,,,,,,,,,,,,,,,0.0,,,
2023-08-09 23:00:00,,,,,,,,,,,,,,,,,,,,,0.0,,,
2023-08-10 00:00:00,,,,,,,,,,,,,,,,,,,,,0.0,,,
2023-08-10 01:00:00,,,,,,,,,,,,,,,,,,,,,0.0,,,
2023-08-10 02:00:00,,,,,,,,,,,,,,,,,,,,,0.0,,,
2023-08-10 03:00:00,,,,,,,,,,,,,,,,,,,,,0.0,,,
2023-08-10 04:00:00,,,,,,,,,,,,,,,,,,,,,0.0,,,
2023-08-10 05:00:00,,,,,,,,,,,,,,,,,,,,,0.0,,,
2023-08-10 06:00:00,,,,,,,,,,,,,,,,,,,,,0.0,,,
2023-08-10 07:00:00,,,,,,,,,,,,,,,,,,,,,0.0,,,
2023-08-10 08:00:00,,,,,,,,,,,,,,,,,,,,,0.0,,,
2023-08-10 09:00:00,,,,,,,,,,,,,,,,,,,,,0.0,,,
2023-08-10 10:00:00,28.02333333333333,45.333333333333336,0.8366666666666666,1.4400000000000002,1.29,0.47000000000000003,1.7766666666666666,0.21333333333333335,1.3333333333333333,0.03333333333333333,,,,0.05333333333333334,0.06333333333333334,,,,,0.0,0.0,,,
2023-08-10 11:00:00,4.35,12.75,0.94,1.44,1.29,0.53,2.0,0.2975,1.5,0.0325,,,,0.0575,0.0675,,,,,0.0,0.0,,,
2023-08-10 12:00:00,46.3125,78.75,0.94,1.44,1.29,0.53,2.0,0.315,1.5,0.04,,,,0.06,0.07250000000000001,,,,,0.0,0.0,,,
2023-08-10 13:00:00,54.05,85.35,0.94,1.44,1.29,0.53,2.0,0.2975,1.5,0.0325,,,,0.0625,0.07250000000000001,,,,,0.0,0.0,,,
2023-08-10 14:00:00,14.6,22.575,0.94,1.44,1.29,0.53,2.0,0.2975,1.5,0.035,,,,0.06,0.07,,,,,0.0,0.0,,,
2023-08-10 15:00:00,25.3,40.8,0.94,1.44,1.29,0.53,2.0,0.28,1.5,0.0325,,,,0.06,0.07,,,,,0.0,0.0,,,
2023-08-10 16:00:00,29.35,54.075,0.94,1.44,1.29,0.53,2.0,0.29000000000000004,1.5,0.03,,,,0.06,0.07,,,,,0.0,0.0,,,
2023-08-10 17:00:00,27.3,40.95,0.94,1.44,1.29,0.53,2.0,0.28,1.5,0.03,,,,0.057499999999999996,0.0675,,,,,0.0,0.0,,,
2023-08-10 18:00:00,30.15,47.55,0.94,1.44,1.29,0.53,2.0,0.315,1.5,0.0375,,,,0.06,0.07500000000000001,,,,,0.0,0.0,,,
2023-08-10 19:00:00,37.65,58.8,0.94,1.44,1.29,0.53,2.0,0.3,1.5,0.0375,,,,0.0625,0.07250000000000001,,,,,0.0,0.0,,,
2023-08-10 20:00:00,22.7,35.775,0.94,1.44,1.29,0.53,2.0,0.3125,1.5,0.0375,,,,0.06,0.07250000000000001,,,,,0.0,0.0,,,
2023-08-10 21:00:00,26.35,43.95,0.94,1.44,1.29,0.53,2.0,0.3175,1.5,0.0375,,,,0.065,0.07500000000000001,,,,,0.0,0.0,,,
2023-08-10 22:00:00,24.625,46.3125,0.94,1.44,1.29,0.53,2.0,0.36,1.5,0.045,,,,0.075,0.085,,,,,0.0,0.0,,,
2023-08-10 23:00:00,20.233333333333334,38.25,0.94,1.4400000000000002,1.29,0.53,2.0,0.4166666666666667,1.5,0.049999999999999996,,,,0.08333333333333333,0.09999999999999999,,,,,0.0,0.0,,,
2023-08-11 00:00:00,35.333333333333336,66.0,0.94,1.4400000000000002,1.29,0.53,2.0,0.39999999999999997,1.5,0.04666666666666667,,,,0.08,0.095,,,,,0.0,0.0,,,
2023-08-11 01:00:00,51.6,77.4,0.94,1.44,1.29,0.53,2.0,0.3225,1.5,0.0375,,,,0.065,0.07500000000000001,,,,,0.0,0.0,,,
2023-08-11 02:00:00,28.6,42.9,0.94,1.44,1.29,0.53,2.0,0.255,1.5,0.03,,,,0.05,0.06,,,,,0.0,0.0,,,
2023-08-11 03:00:00,25.55,40.35,0.94,1.44,1.29,0.53,2.0,0.235,1.5,0.03,,,,0.0475,0.057499999999999996,,,,,0.0,0.0,,,
2023-08-11 04:00:00,17.2,25.725,0.94,1.44,1.29,0.53,2.0,0.2175,1.5,0.03,,,,0.04,0.05,,,,,0.0,0.0,,,
2023-08-11 05:00:00,21.25,31.875,0.94,1.44,1.29,0.53,2.0,0.22,1.5,0.03,,,,0.04,0.05,,,,,0.0,0.0,,,
2023-08-11 06:00:00,22.65,37.875,0.94,1.44,1.29,0.53,2.0,0.2125,1.5,0.03,,,,0.04,0.05,,,,,0.0,0.0,,,
2023-08-11 07:00:00,29.2,46.125,0.94,1.44,1.29,0.53,2.0,0.2275,1.5,0.03,,,,0.045,0.055,,,,,0.0,0.0,,,
2023-08-11 08:00:00,24.85,41.925,0.94,1.44,1.29,0.53,2.0,0.2425,1.5,0.03,,,,0.05,0.06,,,,,0.0,0.0,,,
2023-08-11 09:00:00,22.95,36.225,0.94,1.44,1.29,0.53,2.0,0.2525,1.5,0.03,,,,0.05,0.06,,,,,0.0,0.0,,,
2023-08-11 10:00:00,22.5125,40.2,0.94,1.44,1.29,0.53,2.0,0.26,1.5,0.03,,,,0.05,0.06,,,,,0.0,0.0,,,
2023-08-11 11:00:00,31.575,56.7,0.94,1.44,1.29,0.53,2.0,0.245,1.5,0.03,,,,0.05,0.06,,,,,0.0,0.0,,,
2023-08-11 12:00:00,25.3625,47.7,0.94,1.44,1.29,0.53,2.0,0.23750000000000002,1.5,0.03,,,,0.0475,0.05500000000000001,,,,,0.0,0.0,,,
2023-08-11 13:00:00,25.8,38.699999999999996,0.94,1.4400000000000002,1.29,0.53,2.0,0.3,1.5,0.03,,,,0.06,0.07,,,,,0.0,0.0,,,
2023-08-11 14:00:00,,,,,,,,,,,,,,,,,,,,,0.0,,,
2023-08-11 15:00:00,,,,,,,,,,,,,,,,,,,,,0.0,,,
2023-08-11 16:00:00,,,,,,,,,,,,,,,,,,,,,0.0,,,
2023-08-11 17:00:00,,,,,,,,,,,,,,,,,,,,,0.0,,,
2023-08-11 18:00:00,,,,,,,,,,,,,,,,,,,,,0.0,,,
2023-08-11 19:00:00,,,,,,,,,,,,,,,,,,,,,0.0,,,
2023-08-11 20:00:00,,,,,,,,,,,,,,,,,,,,,0.0,,,
2023-08-11 21:00:00,,,,,,,,,,,,,,,,,,,,,0.0,,,
2023-08-11 22:00:00,,,,,,,,,,,,,,,,,,,,,0.0,,,
2023-08-11 23:00:00,,,,,,,,,,,,,,,,,,,,,0.0,,,
2023-08-12 00:00:00,,,,,,,,,,,,,,,,,,,,,0.0,,,
2023-08-12 01:00:00,,,,,,,,,,,,,,,,,,,,,0.0,,,
2023-08-12 02:00:00,,,,,,,,,,,,,,,,,,,,,0.0,,,
2023-08-12 03:00:00,,,,,,,,,,,,,,,,,,,,,0.0,,,
2023-08-12 04:00:00,,,,,,,,,,,,,,,,,,,,,0.0,,,
2023-08-12 05:00:00,,,,,,,,,,,,,,,,,,,,,0.0,,,
2023-08-12 06:00:00,,,,,,,,,,,,,,,,,,,,,0.0,,,
2023-08-12 07:00:00,,,,,,,,,,,,,,,,,,,,,0.0,,,
2023-08-12 08:00:00,,,,,,,,,,,,,,,,,,,,,0.0,,,
2023-08-12 09:00:00,,,,,,,,,,,,,,,,,,,,,0.0,,,
2023-08-12 10:00:00,,,,,,,,,,,,,,,,,,,,,0.0,,,
2023-08-12 11:00:00,,,,,,,,,,,,,,,,,,,,,0.0,,,
2023-08-12 12:00:00,,,,,,,,,,,,,,,,,,,,,0.0,,,
2023-08-12 13:00:00,,,,,,,,,,,,,,,,,,,,,0.0,,,
2023-08-12 14:00:00,,,,,,,,,,,,,,,,,,,,,0.0,,,
2023-08-12 15:00:00,,,,,,,,,,,,,,,,,,,,,0.0,,,
2023-08-12 16:00:00,,,,,,,,,,,,,,,,,,,,,0.0,,,
2023-08-12 17:00:00,,,,,,,,,,,,,,,,,,,,,0.0,,,
2023-08-12 18:00:00,,,,,,,,,,,,,,,,,,,,,0.0,,,
2023-08-12 19:00:00,,,,,,,,,,,,,,,,,,,,,0.0,,,
2023-08-12 20:00:00,,,,,,,,,,,,,,,,,,,,,0.0,,,
2023-08-12 21:00:00,,,,,,,,,,,,,,,,,,,,,0.0,,,
2023-08-12 22:00:00,,,,,,,,,,,,,,,,,,,,,0.0,,,
2023-08-12 23:00:00,,,,,,,,,,,,,,,,,,,,,0.0,,,
2023-08-13 00:00:00,,,,,,,,,,,,,,,,,,,,,0.0,,,
2023-08-13 01:00:00,,,,,,,,,,,,,,,,,,,,,0.0,,,
2023-08-13 02:00:00,,,,,,,,,,,,,,,,,,,,,0.0,,,
2023-08-13 03:00:00,,,,,,,,,,,,,,,,,,,,,0.0,,,
2023-08-13 04:00:00,,,,,,,,,,,,,,,,,,,,,0.0,,,
2023-08-13 05:00:00,,,,,,,,,,,,,,,,,,,,,0.0,,,
2023-08-13 06:00:00,,,,,,,,,,,,,,,,,,,,,0.0,,,
2023-08-13 07:00:00,,,,,,,,,,,,,,,,,,,,,0.0,,,
2023-08-13 08:00:00,,,,,,,,,,,,,,,,,,,,,0.0,,,
2023-08-13 09:00:00,,,,,,,,,,,,,,,,,,,,,0.0,,,
2023-08-13 10:00:00,,,,,,,,,,,,,,,,,,,,,0.0,,,
2023-08-13 11:00:00,,,,,,,,,,,,,,,,,,,,,0.0,,,
2023-08-13 12:00:00,,,,,,,,,,,,,,,,,,,,,0.0,,,
2023-08-13 13:00:00,,,,,,,,,,,,,,,,,,,,,0.0,,,
2023-08-13 14:00:00,,,,,,,,,,,,,,,,,,,,,0.0,,,
2023-08-13 15:00:00,,,,,,,,,,,,,,,,,,,,,0.0,,,
2023-08-13 16:00:00,,,,,,,,,,,,,,,,,,,,,0.0,,,
2023-08-13 17:00:00,,,,,,,,,,,,,,,,,,,,,0.0,,,
2023-08-13 18:00:00,,,,,,,,,,,,,,,,,,,,,0.0,,,
2023-08-13 19:00:00,,,,,,,,,,,,,,,,,,,,,0.0,,,
2023-08-13 20:00:00,,,,,,,,,,,,,,,,,,,,,0.0,,,
2023-08-13 21:00:00,,,,,,,,,,,,,,,,,,,,,0.0,,,
2023-08-13 22:00:00,,,,,,,,,,,,,,,,,,,,,0.0,,,
2023-08-13 23:00:00,,,,,,,,,,,,,,,,,,,,,0.0,,,
2023-08-14 00:00:00,,,,,,,,,,,,,,,,,,,,,0.0,,,
2023-08-14 01:00:00,,,,,,,,,,,,,,,,,,,,,0.0,,,
2023-08-14 02:00:00,,,,,,,,,,,,,,,,,,,,,0.0,,,
2023-08-14 03:00:00,,,,,,,,,,,,,,,,,,,,,0.0,,,
2023-08-14 04:00:00,,,,,,,,,,,,,,,,,,,,,0.0,,,
2023-08-14 05:00:00,,,,,,,,,,,,,,,,,,,,,0.0,,,
2023-08-14 06:00:00,,,,,,,,,,,,,,,,,,,,,0.0,,,
2023-08-14 07:00:00,,,,,,,,,,,,,,,,,,,,,0.0,,,
2023-08-14 08:00:00,,,,,,,,,,,,,,,,,,,,,0.0,,,
2023-08-14 09:00:00,,,,,,,,,,,,,,,,,,,,,0.0,,,
2023-08-14 10:00:00,0.25,,0.94,1.44,1.29,0.53,2.0,0.1375,1.5,0.0175,,,,0.0325,0.037500000000000006,,,,,0.0,0.0,,,
2023-08-14 11:00:00,,,0.94,1.44,1.29,0.53,2.0,0.215,1.5,0.025,,,,0.04,0.045,,,,,0.0,0.0,,,
2023-08-14 12:00:00,0.33,,0.86,1.32,0.8875,0.48666666666666664,1.8333333333333333,0.15,1.3733333333333333,0.0175,,,,0.043333333333333335,0.049999999999999996,,,,,0.0,0.0,,,
2023-08-14 13:00:00,0.25,,0.94,1.17,1.0475,0.53,2.0,0.1475,1.5,0.02,,,,0.0375,0.042499999999999996,,,,,0.0,0.0,,,
2023-08-14 14:00:00,0.2,,0.94,1.44,1.29,0.53,2.0,0.23,1.5,0.03,,,,0.045,0.055,,,,,0.0,0.0,,,
2023-08-14 15:00:00,6.8500000000000005,12.15,0.94,1.44,1.29,0.53,2.0,0.23500000000000001,1.5,0.03,,,,0.045,0.06,,,,,0.0,0.0,,,
2023-08-14 16:00:00,20.1,33.45,0.94,1.44,1.29,0.53,2.0,0.25,1.5,0.03,,,,0.05,0.06,,,,,0.0,0.0,,,
2023-08-14 17:00:00,8.7125,14.25,0.94,1.44,1.29,0.53,2.0,0.2625,1.5,0.03,,,,0.052500000000000005,0.065,,,,,0.0,0.0,,,
2023-08-14 18:00:00,21.5,53.85,0.94,1.44,1.29,0.53,2.0,0.27,1.5,0.03,,,,0.057499999999999996,0.0675,,,,,0.0,0.0,,,
2023-08-14 19:00:00,11.1,19.35,0.94,1.44,1.29,0.53,2.0,0.33,1.5,0.04,,,,0.0675,0.08,,,,,0.0,0.0,,,
2023-08-14 20:00:00,34.707499999999996,50.8125,0.94,1.44,1.29,0.53,2.0,0.38,1.5,0.045,,,,0.0775,0.09,,,,,0.0,0.0,,,
2023-08-14 21:00:00,22.3,34.595,0.94,1.44,1.29,0.53,2.0,0.365,1.5,0.04,,,,0.07,0.08499999999999999,,,,,0.0,0.0,,,
2023-08-14 22:00:00,25.9875,43.95,0.94,1.44,1.29,0.53,2.0,0.39,1.5,0.0425,,,,0.075,0.0875,,,,,0.0,0.0,,,
2023-08-14 23:00:00,22.866666666666664,43.199999999999996,0.94,1.4400000000000002,1.29,0.53,2.0,0.31,1.5,0.03666666666666667,,,,0.06333333333333334,0.07333333333333335,,,,,0.0,0.0,,,
2023-08-15 00:00:00,28.066666666666666,42.0,0.94,1.4400000000000002,1.29,0.53,2.0,0.2933333333333333,1.5,0.03333333333333333,,,,0.06,0.07250000000000001,,,,,0.0,0.0,,,
2023-08-15 01:00:00,22.8,32.1375,0.94,1.44,1.29,0.53,2.0,0.2825,1.5,0.0325,,,,0.057499999999999996,0.0675,,,,,0.0,0.0,,,
2023-08-15 02:00:00,19.05,30.075,0.94,1.44,1.29,0.53,2.0,0.2625,1.5,0.03,,,,0.05,0.06,,,,,0.0,0.0,,,
2023-08-15 03:00:00,26.075,45.5625,0.94,1.44,1.29,0.53,2.0,0.23249999999999998,1.5,0.03,,,,0.0475,0.057499999999999996,,,,,0.0,0.0,,,
2023-08-15 04:00:00,11.3125,19.5,0.94,1.44,1.29,0.53,2.0,0.215,1.5,0.03,,,,0.04,0.05,,,,,0.0,0.0,,,
2023-08-15 05:00:00,22.8,38.1,0.94,1.44,1.29,0.53,2.0,0.235,1.5,0.03,,,,0.0475,0.057499999999999996,,,,,0.0,0.0,,,
2023-08-15 06:00:00,23.2875,39.15,0.94,1.44,1.29,0.53,2.0,0.2375,1.5,0.03,,,,0.0475,0.057499999999999996,,,,,0.0,0.0,,,
2023-08-15 07:00:00,26.75,47.1,0.94,1.44,1.29,0.53,2.0,0.26,1.5,0.03,,,,0.052500000000000005,0.0625,,,,,0.0,0.0,,,
2023-08-15 08:00:00,27.7,49.425,0.94,1.44,1.29,0.53,2.0,0.2425,1.5,0.03,,,,0.05,0.06,,,,,0.0,0.0,,,
2023-08-15 09:00:00,32.15,53.55,0.94,1.44,1.29,0.53,2.0,0.245,1.5,0.03,,,,0.05,0.06,,,,,0.0,0.0,,,
2023-08-15 10:00:00,39.3,64.8,0.94,1.44,1.29,0.53,2.0,0.25,1.5,0.03,,,,0.05,0.06,,,,,0.0,0.0,,,
2023-08-15 11:00:00,35.4625,71.4,0.94,1.44,1.29,0.53,2.0,0.2475,1.5,0.03,,,,0.05,0.06,,,,,0.0,0.0,,,
2023-08-15 12:00:00,25.5875,47.7,0.94,1.44,1.29,0.53,2.0,0.2575,1.5,0.03,,,,0.05,0.06,,,,,0.0,0.0,,,
2023-08-15 13:00:00,43.85,68.57,0.94,1.44,1.29,0.53,2.0,0.2625,1.5,0.03,,,,0.05,0.06,,,,,0.0,0.0,,,
2023-08-15 14:00:00,36.7125,61.65,0.94,1.44,1.29,0.53,2.0,0.2625,1.5,0.03,,,,0.05,0.06,,,,,0.0,0.0,,,
2023-08-15 15:00:00,36.075,61.275,0.94,1.44,1.29,0.53,2.0,0.255,1.5,0.03,,,,0.05,0.06,,,,,0.0,0.0,,,
2023-08-15 16:00:00,42.7,67.35,0.94,1.44,1.29,0.53,2.0,0.2675,1.5,0.03,,,,0.055,0.065,,,,,0.0,0.0,,,
2023-08-15 17:00:00,43.025,81.0,0.94,1.44,1.29,0.53,2.0,0.2825,1.5,0.035,,,,0.06,0.07,,,,,0.0,0.0,,,
2023-08-15 18:00:00,40.050000000000004,76.0,0.94,1.4400000000000002,1.29,0.53,2.0,0.26333333333333336,1.5,0.03,,,,0.05000000000000001,0.06,,,,,0.0,0.0,,,
2023-08-15 19:00:00,,,,,,,,,,,,,,,,,,,,,0.0,,,
2023-08-15 20:00:00,,,,,,,,,,,,,,,,,,,,,0.0,,,
2023-08-15 21:00:00,,,,,,,,,,,,,,,,,,,,,0.0,,,
2023-08-15 22:00:00,,,,,,,,,,,,,,,,,,,,,0.0,,,
2023-08-15 23:00:00,,,,,,,,,,,,,,,,,,,,,0.0,,,
2023-08-16 00:00:00,,,,,,,,,,,,,,,,,,,,,0.0,,,
2023-08-16 01:00:00,,,,,,,,,,,,,,,,,,,,,0.0,,,
2023-08-16 02:00:00,,,,,,,,,,,,,,,,,,,,,0.0,,,
2023-08-16 03:00:00,,,,,,,,,,,,,,,,,,,,,0.0,,,
2023-08-16 04:00:00,,,,,,,,,,,,,,,,,,,,,0.0,,,
2023-08-16 05:00:00,,,,,,,,,,,,,,,,,,,,,0.0,,,
2023-08-16 06:00:00,,,,,,,,,,,,,,,,,,,,,0.0,,,
2023-08-16 07:00:00,,,,,,,,,,,,,,,,,,,,,0.0,,,
2023-08-16 08:00:00,,,,,,,,,,,,,,,,,,,,,0.0,,,
2023-08-16 09:00:00,,,,,,,,,,,,,,,,,,,,,0.0,,,
2023-08-16 10:00:00,,,,,0.0,,,0.0,,0.0,,,,,,,,,,0.0,0.0,,,
2023-08-16 11:00:00,31.25,46.875,0.94,0.8999999999999999,0.4025,0.53,2.0,0.0225,1.5,0.005,,,,0.03,0.03,,,,,0.0,0.0,,,
2023-08-16 12:00:00,10.165,30.0,0.94,1.44,1.29,0.53,2.0,0.225,1.5,0.0275,,,,0.0475,0.055,,,,,0.0,0.0,,,
2023-08-16 13:00:00,0.225,,0.94,1.44,1.29,0.53,2.0,0.255,1.5,0.03,,,,0.05,0.06,,,,,0.0,0.0,,,
2023-08-16 14:00:00,0.2,,0.94,1.44,1.29,0.53,2.0,0.27,1.5,0.03,,,,0.052500000000000005,0.06,,,,,0.0,0.0,,,
2023-08-16 15:00:00,23.1625,39.375,0.94,1.44,1.29,0.53,2.0,0.2825,1.5,0.03,,,,0.06,0.07,,,,,0.0,0.0,,,
2023-08-16 16:00:00,25.6875,49.03,0.9475,1.44,1.29,0.535,2.015,0.47250000000000003,1.51,0.0675,,,,0.10250000000000001,0.125,,,,,0.0,0.0,,,
2023-08-16 17:00:00,205.8,308.7,0.94,1.44,1.29,0.53,2.0,0.5075000000000001,1.5,0.055,,,,0.1075,0.12,,,,,0.0,0.0,,,
2023-08-16 18:00:00,50.45,95.85,0.94,1.44,1.29,0.53,2.0,0.3025,1.5,0.035,,,,0.065,0.07500000000000001,,,,,0.0,0.0,,,
2023-08-16 19:00:00,18.55,32.55,0.94,1.44,1.29,0.53,2.0,0.3075,1.5,0.04,,,,0.0625,0.07250000000000001,,,,,0.0,0.0,,,
2023-08-16 20:00:00,29.6,44.925,0.94,1.44,1.29,0.53,2.0,0.375,1.5,0.0425,,,,0.0775,0.09,,,,,0.0,0.0,,,
2023-08-16 21:00:00,21.75,33.845,0.94,1.44,1.29,0.53,2.0,0.3425,1.5,0.04,,,,0.0675,0.08,,,,,0.0,0.0,,,
2023-08-16 22:00:00,15.525,29.1,0.94,1.44,1.29,0.53,2.0,0.35250000000000004,1.5,0.04,,,,0.07,0.08499999999999999,,,,,0.0,0.0,,,
2023-08-16 23:00:00,29.8,44.6,0.94,1.4400000000000002,1.29,0.53,2.0,0.36999999999999994,1.5,0.043333333333333335,,,,0.07,0.09000000000000001,,,,,0.0,0.0,,,
2023-08-17 00:00:00,33.083333333333336,49.5,0.94,1.4400000000000002,1.29,0.53,2.0,0.33666666666666667,1.5,0.04,,,,0.0675,0.0775,,,,,0.0,0.0,,,
2023-08-17 01:00:00,29.95,47.25,0.94,1.44,1.29,0.53,2.0,0.325,1.5,0.04,,,,0.0675,0.0775,,,,,0.0,0.0,,,
2023-08-17 02:00:00,20.8,32.7,0.94,1.44,1.29,0.53,2.0,0.2975,1.5,0.035,,,,0.06,0.07,,,,,0.0,0.0,,,
2023-08-17 03:00:00,18.5875,33.0,0.94,1.44,1.29,0.53,2.0,0.28,1.5,0.0325,,,,0.055,0.065,,,,,0.0,0.0,,,
2023-08-17 04:00:00,18.85,29.68,0.94,1.44,1.29,0.53,2.0,0.2675,1.5,0.03,,,,0.052500000000000005,0.0625,,,,,0.0,0.0,,,
2023-08-17 05:00:00,22.35,36.9,0.94,1.44,1.29,0.53,2.0,0.265,1.5,0.03,,,,0.05,0.06,,,,,0.0,0.0,,,
2023-08-17 06:00:00,32.75,51.75,0.94,1.44,1.29,0.53,2.0,0.28,1.5,0.0325,,,,0.057499999999999996,0.0675,,,,,0.0,0.0,,,
2023-08-17 07:00:00,31.4,44.775,0.94,1.44,1.29,0.53,2.0,0.2825,1.5,0.03,,,,0.06,0.07,,,,,0.0,0.0,,,
2023-08-17 08:00:00,26.6125,40.35,0.94,1.44,1.29,0.53,2.0,0.2875,1.5,0.03,,,,0.06,0.07,,,,,0.0,0.0,,,
2023-08-17 09:00:00,28.6,50.1,0.94,1.44,1.29,0.53,2.0,0.2725,1.5,0.03,,,,0.055,0.065,,,,,0.0,0.0,,,
2023-08-17 10:00:00,26.7,47.25,0.94,1.44,1.29,0.53,2.0,0.245,1.5,0.03,,,,0.0475,0.057499999999999996,,,,,0.0,0.0,,,
2023-08-17 11:00:00,20.55,46.22,0.94,1.44,1.29,0.53,2.0,0.245,1.5,0.03,,,,0.045,0.052500000000000005,,,,,0.0,0.0,,,
2023-08-17 12:00:00,27.8,49.5,0.94,1.44,1.29,0.53,2.0,0.2225,1.5,0.03,,,,0.04,0.05,,,,,0.0,0.0,,,
2023-08-17 13:00:00,31.4,52.2,0.94,1.44,1.29,0.53,2.0,0.2475,1.5,0.03,,,,0.05,0.06,,,,,0.0,0.0,,,
2023-08-17 14:00:00,29.0,42.9375,0.94,1.44,1.29,0.53,2.0,0.235,1.5,0.03,,,,0.0425,0.052500000000000005,,,,,0.0,0.0,,,
2023-08-17 15:00:00,28.2,42.3,0.94,1.44,1.29,0.53,2.0,0.23249999999999998,1.5,0.03,,,,0.0475,0.057499999999999996,,,,,0.0,0.0,,,
2023-08-17 16:00:00,,,,,,,,,,,,,,,,,,,,,0.0,,,
2023-08-17 17:00:00,,,,,,,,,,,,,,,,,,,,,0.0,,,
2023-08-17 18:00:00,,,,,,,,,,,,,,,,,,,,,0.0,,,
2023-08-17 19:00:00,,,,,,,,,,,,,,,,,,,,,0.0,,,
2023-08-17 20:00:00,,,,,,,,,,,,,,,,,,,,,0.0,,,
2023-08-17 21:00:00,,,,,,,,,,,,,,,,,,,,,0.0,,,
2023-08-17 22:00:00,,,,,,,,,,,,,,,,,,,,,0.0,,,
2023-08-17 23:00:00,,,,,,,,,,,,,,,,,,,,,0.0,,,
2023-08-18 00:00:00,,,,,,,,,,,,,,,,,,,,,0.0,,,
2023-08-18 01:00:00,,,,,,,,,,,,,,,,,,,,,0.0,,,
2023-08-18 02:00:00,,,,,,,,,,,,,,,,,,,,,0.0,,,
2023-08-18 03:00:00,,,,,,,,,,,,,,,,,,,,,0.0,,,
2023-08-18 04:00:00,,,,,,,,,,,,,,,,,,,,,0.0,,,
2023-08-18 05:00:00,,,,,,,,,,,,,,,,,,,,,0.0,,,
2023-08-18 06:00:00,,,,,,,,,,,,,,,,,,,,,0.0,,,
2023-08-18 07:00:00,,,,,,,,,,,,,,,,,,,,,0.0,,,
2023-08-18 08:00:00,,,,,,,,,,,,,,,,,,,,,0.0,,,
2023-08-18 09:00:00,,,,,,,,,,,,,,,,,,,,,0.0,,,
2023-08-18 10:00:00,,,,,,,,,,,,,,,,,,,,,0.0,,,
2023-08-18 11:00:00,19.733333333333334,37.5,0.8766666666666666,1.4400000000000002,1.29,0.5499999999999999,2.3233333333333337,0.18666666666666668,1.5999999999999999,0.02,,,,0.04,0.05000000000000001,,,,,0.0,0.0,,,
2023-08-18 12:00:00,10.0,15.0,0.94,1.44,1.29,0.53,2.0,0.255,1.5,0.0325,,,,0.052500000000000005,0.06,,,,,0.0,0.0,,,
2023-08-18 13:00:00,0.4,,0.94,1.44,1.29,0.53,2.0,0.2475,1.5,0.0325,,,,0.05,0.06,,,,,0.0,0.0,,,
2023-08-18 14:00:00,0.2,,0.94,1.44,1.29,0.53,2.0,0.2825,1.5,0.03,,,,0.055,0.065,,,,,0.0,0.0,,,
2023-08-18 15:00:00,9.6875,14.4375,0.94,1.44,1.29,0.53,2.0,0.2975,1.5,0.0325,,,,0.06,0.07,,,,,0.0,0.0,,,
2023-08-18 16:00:00,14.0,27.3,0.94,1.44,1.29,0.53,2.0,0.3,1.5,0.0375,,,,0.06,0.07,,,,,0.0,0.0,,,
2023-08-18 17:00:00,15.475,24.095,0.94,1.44,1.29,0.53,2.0,0.3025,1.5,0.035,,,,0.06,0.07250000000000001,,,,,0.0,0.0,,,
2023-08-18 18:00:00,11.1,16.37,0.94,1.44,1.29,0.53,2.0,0.245,1.5,0.03,,,,0.045,0.057499999999999996,,,,,0.0,0.0,,,
2023-08-18 19:00:00,15.275,27.3,0.94,1.44,1.29,0.53,2.0,0.285,1.5,0.0325,,,,0.0575,0.0675,,,,,0.0,0.0,,,
2023-08-18 20:00:00,23.5,35.25,0.94,1.44,1.29,0.53,2.0,0.3725,1.5,0.045,,,,0.07250000000000001,0.085,,,,,0.0,0.0,,,
2023-08-18 21:00:00,15.45,30.375,0.94,1.44,1.29,0.53,2.0,0.365,1.5,0.04,,,,0.07250000000000001,0.08499999999999999,,,,,0.0,0.0,,,
2023-08-18 22:00:00,12.4,20.155,0.94,1.44,1.29,0.53,2.0,0.3425,1.5,0.0425,,,,0.07,0.0825,,,,,0.0,0.0,,,
2023-08-18 23:00:00,17.0,29.3,0.94,1.4400000000000002,1.29,0.53,2.0,0.31666666666666665,1.5,0.03666666666666667,,,,0.06333333333333334,0.07333333333333335,,,,,0.0,0.0,,,
2023-08-19 00:00:00,15.6,27.0,0.94,1.4400000000000002,1.29,0.53,2.0,0.3333333333333333,1.5,0.04,,,,0.065,0.0775,,,,,0.0,0.0,,,
2023-08-19 01:00:00,25.1625,48.095,0.94,1.44,1.29,0.53,2.0,0.275,1.5,0.03,,,,0.055,0.065,,,,,0.0,0.0,,,
2023-08-19 02:00:00,11.35,19.575,0.94,1.44,1.29,0.53,2.0,0.2325,1.5,0.03,,,,0.0425,0.052500000000000005,,,,,0.0,0.0,,,
2023-08-19 03:00:00,11.7,19.35,0.94,1.44,1.29,0.53,2.0,0.20500000000000002,1.5,0.0275,,,,0.04,0.05,,,,,0.0,0.0,,,
2023-08-19 04:00:00,8.3875,15.45,0.94,1.44,1.29,0.53,2.0,0.21750000000000003,1.5,0.025,,,,0.0425,0.0475,,,,,0.0,0.0,,,
2023-08-19 05:00:00,12.05,19.05,0.94,1.44,1.29,0.53,2.0,0.20500000000000002,1.5,0.025,,,,0.04,0.05,,,,,0.0,0.0,,,
2023-08-19 06:00:00,10.35,18.525,0.94,1.44,1.29,0.53,2.0,0.2425,1.5,0.03,,,,0.0475,0.057499999999999996,,,,,0.0,0.0,,,
2023-08-19 07:00:00,12.35,19.5,0.94,1.44,1.29,0.53,2.0,0.2625,1.5,0.0325,,,,0.052500000000000005,0.065,,,,,0.0,0.0,,,
2023-08-19 08:00:00,18.4,27.6,0.94,1.44,1.29,0.53,2.0,0.2625,1.5,0.03,,,,0.052500000000000005,0.0625,,,,,0.0,0.0,,,
2023-08-19 09:00:00,14.1875,25.405,0.94,1.44,1.29,0.53,2.0,0.2525,1.5,0.03,,,,0.052500000000000005,0.0625,,,,,0.0,0.0,,,
2023-08-19 10:00:00,12.0875,19.275,0.94,1.44,1.29,0.53,2.0,0.2525,1.5,0.0325,,,,0.0475,0.06,,,,,0.0,0.0,,,
2023-08-19 11:00:00,7.275,12.15,0.94,1.44,1.29,0.53,2.0,0.315,1.5,0.035,,,,0.060000000000000005,0.07,,,,,0.0,0.0,,,
2023-08-19 12:00:00,8.5,12.504999999999999,0.94,1.44,1.29,0.53,2.0,0.29,1.5,0.035,,,,0.057499999999999996,0.0675,,,,,0.0,0.0,,,
2023-08-19 13:00:00,5.55,10.8,0.94,1.44,1.29,0.53,2.0,0.325,1.5,0.04,,,,0.065,0.0775,,,,,0.0,0.0,,,
2023-08-19 14:00:00,3.025,5.1,0.94,1.44,1.29,0.53,2.0,0.2875,1.5,0.0325,,,,0.052500000000000005,0.065,,,,,0.0,0.0,,,
2023-08-19 15:00:00,5.2,8.55,0.94,1.44,1.29,0.53,2.0,0.27,1.5,0.03,,,,0.052500000000000005,0.0625,,,,,0.0,0.0,,,
2023-08-19 16:00:00,14.1,21.15,0.94,1.44,1.29,0.53,2.0,0.28,1.5,0.0325,,,,0.055,0.065,,,,,0.0,0.0,,,
2023-08-19 17:00:00,10.2,21.095,0.94,1.44,1.29,0.53,2.0,0.335,1.5,0.0375,,,,0.065,0.08,,,,,0.0,0.0,,,
2023-08-19 18:00:00,16.6625,26.325,0.94,1.44,1.29,0.53,2.0,0.3675,1.5,0.0425,,,,0.07250000000000001,0.09,,,,,0.0,0.0,,,
2023-08-19 19:00:00,9.2,15.0,0.94,1.44,1.29,0.53,2.0,0.405,1.5,0.045,,,,0.07750000000000001,0.0925,,,,,0.0,0.0,,,
2023-08-19 20:00:00,14.1,24.3,0.94,1.44,1.29,0.53,2.0,0.295,1.5,0.035,,,,0.057499999999999996,0.0675,,,,,0.0,0.0,,,
2023-08-19 21:00:00,15.35,24.15,0.94,1.44,1.29,0.53,2.0,0.3,1.5,0.035,,,,0.0625,0.07250000000000001,,,,,0.0,0.0,,,
2023-08-19 22:00:00,9.0375,14.155000000000001,0.94,1.44,1.29,0.53,2.0,0.3125,1.5,0.0375,,,,0.0625,0.07250000000000001,,,,,0.0,0.0,,,
2023-08-19 23:00:00,6.25,8.626666666666667,0.94,1.4400000000000002,1.29,0.53,2.0,0.3499999999999999,1.5,0.04,,,,0.07,0.08666666666666667,,,,,0.0,0.0,,,
2023-08-20 00:00:00,5.583333333333333,9.0,0.94,1.4400000000000002,1.29,0.53,2.0,0.26333333333333336,1.5,0.03,,,,0.052500000000000005,0.0625,,,,,0.0,0.0,,,
2023-08-20 01:00:00,7.1,11.7,0.94,1.44,1.29,0.53,2.0,0.2475,1.5,0.03,,,,0.05,0.06,,,,,0.0,0.0,,,
2023-08-20 02:00:00,8.9,14.7,0.94,1.44,1.29,0.53,2.0,0.2375,1.5,0.0275,,,,0.0475,0.057499999999999996,,,,,0.0,0.0,,,
2023-08-20 03:00:00,16.075,25.8,0.94,1.44,1.29,0.53,2.0,0.1925,1.5,0.02,,,,0.04,0.0425,,,,,0.0,0.0,,,
2023-08-20 04:00:00,5.8,15.3,0.94,1.44,1.29,0.53,2.0,0.21,1.5,0.03,,,,0.04,0.05,,,,,0.0,0.0,,,
2023-08-20 05:00:00,,,,,,,,,,,,,,,,,,,,,0.0,,,
2023-08-20 06:00:00,,,,,,,,,,,,,,,,,,,,,0.0,,,
2023-08-20 07:00:00,,,,,,,,,,,,,,,,,,,,,0.0,,,
2023-08-20 08:00:00,,,,,,,,,,,,,,,,,,,,,0.0,,,
2023-08-20 09:00:00,,,,,,,,,,,,,,,,,,,,,0.0,,,
2023-08-20 10:00:00,,,,,,,,,,,,,,,,,,,,,0.0,,,
2023-08-20 11:00:00,,,,,,,,,,,,,,,,,,,,,0.0,,,
2023-08-20 12:00:00,,,,,,,,,,,,,,,,,,,,,0.0,,,
2023-08-20 13:00:00,,,,,,,,,,,,,,,,,,,,,0.0,,,
2023-08-20 14:00:00,,,,,,,,,,,,,,,,,,,,,0.0,,,
2023-08-20 15:00:00,,,,,,,,,,,,,,,,,,,,,0.0,,,
2023-08-20 16:00:00,,,,,,,,,,,,,,,,,,,,,0.0,,,
2023-08-20 17:00:00,,,,,,,,,,,,,,,,,,,,,0.0,,,
2023-08-20 18:00:00,,,,,,,,,,,,,,,,,,,,,0.0,,,
2023-08-20 19:00:00,,,,,,,,,,,,,,,,,,,,,0.0,,,
2023-08-20 20:00:00,,,,,,,,,,,,,,,,,,,,,0.0,,,
2023-08-20 21:00:00,,,,,,,,,,,,,,,,,,,,,0.0,,,
2023-08-20 22:00:00,,,,,,,,,,,,,,,,,,,,,0.0,,,
2023-08-20 23:00:00,,,,,,,,,,,,,,,,,,,,,0.0,,,
2023-08-21 00:00:00,,,,,,,,,,,,,,,,,,,,,0.0,,,
2023-08-21 01:00:00,,,,,,,,,,,,,,,,,,,,,0.0,,,
2023-08-21 02:00:00,,,,,,,,,,,,,,,,,,,,,0.0,,,
2023-08-21 03:00:00,,,,,,,,,,,,,,,,,,,,,0.0,,,
2023-08-21 04:00:00,,,,,,,,,,,,,,,,,,,,,0.0,,,
2023-08-21 05:00:00,,,,,,,,,,,,,,,,,,,,,0.0,,,
2023-08-21 06:00:00,,,,,,,,,,,,,,,,,,,,,0.0,,,
2023-08-21 07:00:00,,,,,,,,,,,,,,,,,,,,,0.0,,,
2023-08-21 08:00:00,,,,,,,,,,,,,,,,,,,,,0.0,,,
2023-08-21 09:00:00,,,,,,,,,,,,,,,,,,,,,0.0,,,
2023-08-21 10:00:00,4.25,7.5,0.94,1.4400000000000002,1.29,0.53,2.0,0.10666666666666667,1.5,0.013333333333333334,,,,0.03,0.03333333333333333,,,,,0.0,0.0,,,
2023-08-21 11:00:00,2.0,3.0,0.94,1.44,1.29,0.53,2.0,0.21,1.5,0.03,,,,0.04,0.05,,,,,0.0,0.0,,,
2023-08-21 12:00:00,0.21666666666666667,,0.94,1.44,1.29,0.53,2.0,0.215,1.5,0.03,,,,0.04,0.05,,,,,0.0,0.0,,,
2023-08-21 13:00:00,0.2,,0.94,1.44,1.29,0.53,2.0,0.22,1.5,0.03,,,,0.04,0.05,,,,,0.0,0.0,,,
2023-08-21 14:00:00,0.2,,0.94,1.44,1.29,0.53,2.0,0.23500000000000001,1.5,0.03,,,,0.05,0.06,,,,,0.0,0.0,,,
2023-08-21 15:00:00,14.0,25.65,0.94,1.44,1.29,0.53,2.0,0.255,1.5,0.03,,,,0.05,0.06,,,,,0.0,0.0,,,
2023-08-21 16:00:00,18.125,27.189999999999998,0.94,1.44,1.29,0.53,2.0,0.25,1.5,0.03,,,,0.055,0.06,,,,,0.0,0.0,,,
2023-08-21 17:00:00,,,,,,,,,,,,,,,,,,,,,0.0,,,
2023-08-21 18:00:00,,,,,,,,,,,,,,,,,,,,,0.0,,,
2023-08-21 19:00:00,,,,,,,,,,,,,,,,,,,,,0.0,,,
2023-08-21 20:00:00,,,,,,,,,,,,,,,,,,,,,0.0,,,
2023-08-21 21:00:00,,,,,,,,,,,,,,,,,,,,,0.0,,,
2023-08-21 22:00:00,,,,,,,,,,,,,,,,,,,,,0.0,,,
2023-08-21 23:00:00,,,,,,,,,,,,,,,,,,,,,0.0,,,
2023-08-22 00:00:00,,,,,,,,,,,,,,,,,,,,,0.0,,,
2023-08-22 01:00:00,,,,,,,,,,,,,,,,,,,,,0.0,,,
2023-08-22 02:00:00,,,,,,,,,,,,,,,,,,,,,0.0,,,
2023-08-22 03:00:00,,,,,,,,,,,,,,,,,,,,,0.0,,,
2023-08-22 04:00:00,,,,,,,,,,,,,,,,,,,,,0.0,,,
2023-08-22 05:00:00,,,,,,,,,,,,,,,,,,,,,0.0,,,
2023-08-22 06:00:00,,,,,,,,,,,,,,,,,,,,,0.0,,,
2023-08-22 07:00:00,,,,,,,,,,,,,,,,,,,,,0.0,,,
2023-08-22 08:00:00,,,,,,,,,,,,,,,,,,,,,0.0,,,
2023-08-22 09:00:00,,,,,,,,,,,,,,,,,,,,,0.0,,,
2023-08-22 10:00:00,,,,,,,,,,,,,,,,,,,,,0.0,,,
2023-08-22 11:00:00,,,,,,,,,,,,,,,,,,,,,0.0,,,
2023-08-22 12:00:00,,,,,,,,,,,,,,,,,,,,,0.0,,,
2023-08-22 13:00:00,,,,,,,,,,,,,,,,,,,,,0.0,,,
2023-08-22 14:00:00,,,,,,,,,,,,,,,,,,,,,0.0,,,
2023-08-22 15:00:00,,,,,,,,,,,,,,,,,,,,,0.0,,,
2023-08-22 16:00:00,,,,,,,,,,,,,,,,,,,,,0.0,,,
2023-08-22 17:00:00,,,,,,,,,,,,,,,,,,,,,0.0,,,
2023-08-22 18:00:00,,,,,,,,,,,,,,,,,,,,,0.0,,,
2023-08-22 19:00:00,,,,,,,,,,,,,,,,,,,,,0.0,,,
2023-08-22 20:00:00,,,,,,,,,,,,,,,,,,,,,0.0,,,
2023-08-22 21:00:00,,,,,,,,,,,,,,,,,,,,,0.0,,,
2023-08-22 22:00:00,,,,,,,,,,,,,,,,,,,,,0.0,,,
2023-08-22 23:00:00,,,,,,,,,,,,,,,,,,,,,0.0,,,
2023-08-23 00:00:00,,,,,,,,,,,,,,,,,,,,,0.0,,,
2023-08-23 01:00:00,,,,,,,,,,,,,,,,,,,,,0.0,,,
2023-08-23 02:00:00,,,,,,,,,,,,,,,,,,,,,0.0,,,
2023-08-23 03:00:00,,,,,,,,,,,,,,,,,,,,,0.0,,,
2023-08-23 04:00:00,,,,,,,,,,,,,,,,,,,,,0.0,,,
2023-08-23 05:00:00,,,,,,,,,,,,,,,,,,,,,0.0,,,
2023-08-23 06:00:00,,,,,,,,,,,,,,,,,,,,,0.0,,,
2023-08-23 07:00:00,,,,,,,,,,,,,,,,,,,,,0.0,,,
2023-08-23 08:00:00,,,,,,,,,,,,,,,,,,,,,0.0,,,
2023-08-23 09:00:00,,,,,,,,,,,,,,,,,,,,,0.0,,,
2023-08-23 10:00:00,,,,,,,,,,,,,,,,,,,,,0.0,,,
2023-08-23 11:00:00,,,,,,,,,,,,,,,,,,,,,0.0,,,
2023-08-23 12:00:00,,,,,,,,,,,,,,,,,,,,,0.0,,,
2023-08-23 13:00:00,,,,,,,,,,,,,,,,,,,,,0.0,,,
2023-08-23 14:00:00,,,,,,,,,,,,,,,,,,,,,0.0,,,
2023-08-23 15:00:00,,,,,,,,,,,,,,,,,,,,,0.0,,,
2023-08-23 16:00:00,,,,,,,,,,,,,,,,,,,,,0.0,,,
2023-08-23 17:00:00,,,,,,,,,,,,,,,,,,,,,0.0,,,
2023-08-23 18:00:00,,,,,,,,,,,,,,,,,,,,,0.0,,,
2023-08-23 19:00:00,,,,,,,,,,,,,,,,,,,,,0.0,,,
2023-08-23 20:00:00,,,,,,,,,,,,,,,,,,,,,0.0,,,
2023-08-23 21:00:00,,,,,,,,,,,,,,,,,,,,,0.0,,,
2023-08-23 22:00:00,,,,,,,,,,,,,,,,,,,,,0.0,,,
2023-08-23 23:00:00,,,,,,,,,,,,,,,,,,,,,0.0,,,
2023-08-24 00:00:00,,,,,,,,,,,,,,,,,,,,,0.0,,,
2023-08-24 01:00:00,,,,,,,,,,,,,,,,,,,,,0.0,,,
2023-08-24 02:00:00,,,,,,,,,,,,,,,,,,,,,0.0,,,
2023-08-24 03:00:00,,,,,,,,,,,,,,,,,,,,,0.0,,,
2023-08-24 04:00:00,,,,,,,,,,,,,,,,,,,,,0.0,,,
2023-08-24 05:00:00,,,,,,,,,,,,,,,,,,,,,0.0,,,
2023-08-24 06:00:00,,,,,,,,,,,,,,,,,,,,,0.0,,,
2023-08-24 07:00:00,,,,,,,,,,,,,,,,,,,,,0.0,,,
2023-08-24 08:00:00,,,,,,,,,,,,,,,,,,,,,0.0,,,
2023-08-24 09:00:00,,,,,,,,,,,,,,,,,,,,,0.0,,,
2023-08-24 10:00:00,,,,,,,,,,,,,,,,,,,,,0.0,,,
2023-08-24 11:00:00,,,,,,,,,,,,,,,,,,,,,0.0,,,
2023-08-24 12:00:00,,,,,,,,,,,,,,,,,,,,,0.0,,,
2023-08-24 13:00:00,,,,,,,,,,,,,,,,,,,,,0.0,,,
2023-08-24 14:00:00,,,,,,,,,,,,,,,,,,,,,0.0,,,
2023-08-24 15:00:00,,,,,,,,,,,,,,,,,,,,,0.0,,,
2023-08-24 16:00:00,,,,,,,,,,,,,,,,,,,,,0.0,,,
2023-08-24 17:00:00,,,,,,,,,,,,,,,,,,,,,0.0,,,
2023-08-24 18:00:00,,,,,,,,,,,,,,,,,,,,,0.0,,,
2023-08-24 19:00:00,,,,,,,,,,,,,,,,,,,,,0.0,,,
2023-08-24 20:00:00,,,,,,,,,,,,,,,,,,,,,0.0,,,
2023-08-24 21:00:00,,,,,,,,,,,,,,,,,,,,,0.0,,,
2023-08-24 22:00:00,,,,,,,,,,,,,,,,,,,,,0.0,,,
2023-08-24 23:00:00,,,,,,,,,,,,,,,,,,,,,0.0,,,
2023-08-25 00:00:00,,,,,,,,,,,,,,,,,,,,,0.0,,,
2023-08-25 01:00:00,,,,,,,,,,,,,,,,,,,,,0.0,,,
2023-08-25 02:00:00,,,,,,,,,,,,,,,,,,,,,0.0,,,
2023-08-25 03:00:00,,,,,,,,,,,,,,,,,,,,,0.0,,,
2023-08-25 04:00:00,,,,,,,,,,,,,,,,,,,,,0.0,,,
2023-08-25 05:00:00,,,,,,,,,,,,,,,,,,,,,0.0,,,
2023-08-25 06:00:00,,,,,,,,,,,,,,,,,,,,,0.0,,,
2023-08-25 07:00:00,,,,,,,,,,,,,,,,,,,,,0.0,,,
2023-08-25 08:00:00,,,,,,,,,,,,,,,,,,,,,0.0,,,
2023-08-25 09:00:00,,,,,,,,,,,,,,,,,,,,,0.0,,,
2023-08-25 10:00:00,0.225,,0.94,1.4400000000000002,1.29,0.53,2.0,0.08333333333333333,1.5,0.013333333333333334,,,,0.02,0.03,,,,,0.0,0.0,,,
2023-08-25 11:00:00,0.25,,0.94,1.44,1.29,0.53,2.0,0.15,1.5,0.02,,,,0.03,0.0325,,,,,0.0,0.0,,,
2023-08-25 12:00:00,,,0.94,1.44,1.29,0.53,2.0,0.1625,1.5,0.02,,,,0.03,0.04,,,,,0.0,0.0,,,
2023-08-25 13:00:00,,,0.94,1.44,1.29,0.53,2.0,0.16,1.5,0.02,,,,0.03,0.04,,,,,0.0,0.0,,,
2023-08-25 14:00:00,14.625,23.625,0.94,1.44,1.29,0.53,2.0,0.175,1.5,0.02,,,,0.0375,0.04,,,,,0.0,0.0,,,
2023-08-25 15:00:00,8.25,13.25,0.94,1.44,1.29,0.53,2.0,0.19,1.5,0.02,,,,0.04,0.0425,,,,,0.0,0.0,,,
2023-08-25 16:00:00,17.1675,28.5,0.94,1.44,1.29,0.53,2.0,0.20500000000000002,1.5,0.0225,,,,0.04,0.05,,,,,0.0,0.0,,,
2023-08-25 17:00:00,20.0,30.0,0.94,1.44,1.29,0.53,2.0,0.22,1.5,0.025,,,,0.0425,0.052500000000000005,,,,,0.0,0.0,,,
2023-08-25 18:00:00,205.75,411.0,0.94,1.44,1.29,0.53,2.0,0.2275,1.5,0.03,,,,0.0425,0.055,,,,,0.0,0.0,,,
2023-08-25 19:00:00,32.0625,49.595,0.94,1.44,1.29,0.53,2.0,0.275,1.5,0.03,,,,0.052500000000000005,0.06,,,,,0.0,0.0,,,
2023-08-25 20:00:00,28.5,45.75,0.94,1.44,1.29,0.53,2.0,0.2975,1.5,0.035,,,,0.0625,0.07250000000000001,,,,,0.0,0.0,,,
2023-08-25 21:00:00,19.7,37.2,0.94,1.44,1.29,0.53,2.0,0.3125,1.5,0.04,,,,0.0625,0.07250000000000001,,,,,0.0,0.0,,,
2023-08-25 22:00:00,18.275,37.405,0.94,1.44,1.29,0.53,2.0,0.2625,1.5,0.03,,,,0.052500000000000005,0.0625,,,,,0.0,0.0,,,
2023-08-25 23:00:00,16.2,32.300000000000004,0.94,1.4400000000000002,1.29,0.53,2.0,0.25,1.5,0.03,,,,0.05000000000000001,0.056666666666666664,,,,,0.0,0.0,,,
2023-08-26 00:00:00,12.75,20.400000000000002,0.94,1.4400000000000002,1.29,0.53,2.0,0.22666666666666666,1.5,0.03,,,,0.0425,0.052500000000000005,,,,,0.0,0.0,,,
2023-08-26 01:00:00,9.25,14.55,0.94,1.44,1.29,0.53,2.0,0.225,1.5,0.0275,,,,0.045,0.0525,,,,,0.0,0.0,,,
2023-08-26 02:00:00,8.15,13.5,0.94,1.44,1.29,0.53,2.0,0.16999999999999998,1.5,0.02,,,,0.035,0.04,,,,,0.0,0.0,,,
2023-08-26 03:00:00,4.3125,6.47,0.94,1.44,1.29,0.53,2.0,0.15,1.5,0.02,,,,0.03,0.04,,,,,0.0,0.0,,,
2023-08-26 04:00:00,1.0,2.4,0.94,1.44,1.29,0.53,2.0,0.15,1.5,0.02,,,,0.03,0.0375,,,,,0.0,0.0,,,
2023-08-26 05:00:00,4.9,8.1,0.94,1.44,1.29,0.53,2.0,0.15,1.5,0.02,,,,0.03,0.04,,,,,0.0,0.0,,,
2023-08-26 06:00:00,7.8,13.05,0.94,1.44,1.29,0.53,2.0,0.16,1.5,0.02,,,,0.0325,0.04,,,,,0.0,0.0,,,
2023-08-26 07:00:00,6.85,10.8,0.94,1.44,1.29,0.53,2.0,0.215,1.5,0.03,,,,0.0425,0.052500000000000005,,,,,0.0,0.0,,,
2023-08-26 08:00:00,3.25,4.875,0.94,1.44,1.29,0.53,2.0,0.1875,1.5,0.02,,,,0.04,0.04,,,,,0.0,0.0,,,
2023-08-26 09:00:00,0.825,1.8,0.94,1.44,1.29,0.53,2.0,0.1775,1.5,0.02,,,,0.0375,0.04,,,,,0.0,0.0,,,
2023-08-26 10:00:00,0.2,,0.94,1.44,1.29,0.53,2.0,0.185,1.5,0.02,,,,0.0375,0.04,,,,,0.0,0.0,,,
2023-08-26 11:00:00,0.325,,0.94,1.44,1.29,0.53,2.0,0.1825,1.5,0.02,,,,0.04,0.04,,,,,0.0,0.0,,,
2023-08-26 12:00:00,0.2,,0.94,1.44,1.29,0.53,2.0,0.20500000000000002,1.5,0.0225,,,,0.04,0.0425,,,,,0.0,0.0,,,
2023-08-26 13:00:00,0.43333333333333335,,0.94,1.44,1.29,0.53,2.0,0.2025,1.5,0.025,,,,0.0425,0.0475,,,,,0.0,0.0,,,
2023-08-26 14:00:00,0.2,,0.94,1.44,1.29,0.53,2.0,0.185,1.5,0.02,,,,0.0375,0.04,,,,,0.0,0.0,,,
2023-08-26 15:00:00,3.0,4.5,0.94,1.44,1.29,0.53,2.0,0.20500000000000002,1.5,0.025,,,,0.04,0.045,,,,,0.0,0.0,,,
2023-08-26 16:00:00,0.6,1.12,0.94,1.44,1.29,0.53,2.0,0.25,1.5,0.03,,,,0.052500000000000005,0.0625,,,,,0.0,0.0,,,
2023-08-26 17:00:00,0.2,,0.94,1.44,1.29,0.53,2.0,0.2575,1.5,0.03,,,,0.05,0.06,,,,,0.0,0.0,,,
2023-08-26 18:00:00,1.5375,2.8125,0.94,1.44,1.29,0.53,2.0,0.2425,1.5,0.03,,,,0.05,0.06,,,,,0.0,0.0,,,
2023-08-26 19:00:00,1.8375,3.0,0.94,1.44,1.29,0.53,2.0,0.295,1.5,0.0375,,,,0.06,0.07,,,,,0.0,0.0,,,
2023-08-26 20:00:00,6.2,9.75,0.94,1.44,1.29,0.53,2.0,0.2775,1.5,0.03,,,,0.057499999999999996,0.0675,,,,,0.0,0.0,,,
2023-08-26 21:00:00,6.275,10.5,0.94,1.44,1.29,0.53,2.0,0.33,1.5,0.04,,,,0.0675,0.0775,,,,,0.0,0.0,,,
2023-08-26 22:00:00,8.275,14.55,0.94,1.44,1.29,0.53,2.0,0.2525,1.5,0.0325,,,,0.0475,0.0575,,,,,0.0,0.0,,,
2023-08-26 23:00:00,7.8,12.4,0.94,1.4400000000000002,1.29,0.53,2.0,0.20666666666666667,1.5,0.02666666666666667,,,,0.04,0.05000000000000001,,,,,0.0,0.0,,,
2023-08-27 00:00:00,3.6,9.0,0.94,1.4400000000000002,1.29,0.53,2.0,0.15333333333333332,1.5,0.02,,,,0.0325,0.0375,,,,,0.0,0.0,,,
2023-08-27 01:00:00,8.5375,14.4,0.94,1.44,1.29,0.53,2.0,0.15,1.5,0.02,,,,0.03,0.04,,,,,0.0,0.0,,,
2023-08-27 02:00:00,3.025,4.875,0.94,1.44,1.29,0.53,2.0,0.16,1.5,0.02,,,,0.0325,0.04,,,,,0.0,0.0,,,
2023-08-27 03:00:00,0.725,1.8,0.94,1.44,1.29,0.53,2.0,0.165,1.5,0.02,,,,0.03,0.04,,,,,0.0,0.0,,,
2023-08-27 04:00:00,8.55,13.5,0.94,1.44,1.29,0.53,2.0,0.1675,1.5,0.02,,,,0.0325,0.04,,,,,0.0,0.0,,,
2023-08-27 05:00:00,13.1375,23.4375,0.94,1.44,1.29,0.53,2.0,0.2025,1.5,0.0225,,,,0.04,0.045,,,,,0.0,0.0,,,
2023-08-27 06:00:00,2.5,3.75,0.94,1.44,1.29,0.53,2.0,0.2425,1.5,0.0275,,,,0.045,0.055,,,,,0.0,0.0,,,
2023-08-27 07:00:00,1.0,1.5,0.94,1.44,1.29,0.53,2.0,0.2575,1.5,0.0325,,,,0.0475,0.0575,,,,,0.0,0.0,,,
2023-08-27 08:00:00,6.1,9.6,0.94,1.44,1.29,0.53,2.0,0.265,1.5,0.03,,,,0.05,0.0625,,,,,0.0,0.0,,,
2023-08-27 09:00:00,7.6,14.55,0.94,1.44,1.29,0.53,2.0,0.2,1.5,0.0275,,,,0.04,0.0475,,,,,0.0,0.0,,,
2023-08-27 10:00:00,6.699999999999999,10.95,0.94,1.44,1.29,0.53,2.0,0.20500000000000002,1.5,0.0225,,,,0.04,0.05,,,,,0.0,0.0,,,
2023-08-27 11:00:00,8.75,14.72,0.94,1.44,1.29,0.53,2.0,0.2225,1.5,0.0275,,,,0.05,0.065,,,,,0.0,0.0,,,
2023-08-27 12:00:00,7.4,11.7,0.94,1.44,1.29,0.53,2.0,0.26,1.5,0.0275,,,,0.0475,0.05500000000000001,,,,,0.0,0.0,,,
2023-08-27 13:00:00,11.8,21.45,0.94,1.44,1.29,0.53,2.0,0.23,1.5,0.03,,,,0.0425,0.052500000000000005,,,,,0.0,0.0,,,
2023-08-27 14:00:00,7.5875,12.655,0.94,1.44,1.29,0.53,2.0,0.235,1.5,0.03,,,,0.045,0.055,,,,,0.0,0.0,,,
2023-08-27 15:00:00,4.9,7.95,0.94,1.44,1.29,0.53,2.0,0.25,1.5,0.03,,,,0.052500000000000005,0.06,,,,,0.0,0.0,,,
2023-08-27 16:00:00,0.35,1.88,0.94,1.44,1.29,0.53,2.0,0.28,1.5,0.03,,,,0.052500000000000005,0.0625,,,,,0.0,0.0,,,
2023-08-27 17:00:00,2.2875,4.05,0.94,1.44,1.29,0.53,2.0,0.2825,1.5,0.0325,,,,0.055,0.065,,,,,0.0,0.0,,,
2023-08-27 18:00:00,7.9625,15.3,0.94,1.44,1.29,0.53,2.0,0.2925,1.5,0.0325,,,,0.06,0.07,,,,,0.0,0.0,,,
2023-08-27 19:00:00,9.6,15.15,0.94,1.44,1.29,0.53,2.0,0.3375,1.5,0.0425,,,,0.07,0.0825,,,,,0.0,0.0,,,
2023-08-27 20:00:00,21.85,35.25,0.94,1.44,1.29,0.53,2.0,0.43,1.5,0.05,,,,0.08750000000000001,0.105,,,,,0.0,0.0,,,
2023-08-27 21:00:00,10.25,19.95,0.94,1.44,1.29,0.53,2.0,0.4925,1.5,0.057499999999999996,,,,0.0975,0.12,,,,,0.0,0.0,,,
2023-08-27 22:00:00,6.3625,10.97,0.94,1.44,1.29,0.53,2.0,0.48,1.5,0.05500000000000001,,,,0.0975,0.11000000000000001,,,,,0.0,0.0,,,
2023-08-27 23:00:00,8.200000000000001,12.200000000000001,0.94,1.4400000000000002,1.29,0.53,2.0,0.41,1.5,0.05000000000000001,,,,0.08333333333333333,0.10000000000000002,,,,,0.0,0.0,,,
2023-08-28 00:00:00,20.933333333333334,36.0,0.94,1.4400000000000002,1.29,0.53,2.0,0.37333333333333335,1.5,0.04,,,,0.07500000000000001,0.0925,,,,,0.0,0.0,,,
2023-08-28 01:00:00,20.2125,36.0,0.94,1.44,1.29,0.53,2.0,0.35250000000000004,1.5,0.04,,,,0.07,0.08,,,,,0.0,0.0,,,
2023-08-28 02:00:00,18.15,40.05,0.94,1.44,1.29,0.53,2.0,0.325,1.5,0.04,,,,0.0625,0.07250000000000001,,,,,0.0,0.0,,,
2023-08-28 03:00:00,7.0,10.969999999999999,0.94,1.44,1.29,0.53,2.0,0.3425,1.5,0.04,,,,0.07,0.0825,,,,,0.0,0.0,,,
2023-08-28 04:00:00,4.05,6.0,0.94,1.44,1.29,0.53,2.0,0.2925,1.5,0.035,,,,0.055,0.065,,,,,0.0,0.0,,,
2023-08-28 05:00:00,8.3,14.1,0.94,1.44,1.29,0.53,2.0,0.2275,1.5,0.03,,,,0.0425,0.052500000000000005,,,,,0.0,0.0,,,
2023-08-28 06:00:00,10.025,15.5625,0.94,1.44,1.29,0.53,2.0,0.23750000000000002,1.5,0.03,,,,0.045,0.055,,,,,0.0,0.0,,,
2023-08-28 07:00:00,9.25,15.3,0.94,1.44,1.29,0.53,2.0,0.23249999999999998,1.5,0.03,,,,0.04,0.052500000000000005,,,,,0.0,0.0,,,
2023-08-28 08:00:00,4.9,8.25,0.94,1.44,1.29,0.53,2.0,0.22,1.5,0.0275,,,,0.045,0.055,,,,,0.0,0.0,,,
2023-08-28 09:00:00,13.3125,25.78,0.94,1.44,1.29,0.53,2.0,0.2225,1.5,0.0225,,,,0.0425,0.052500000000000005,,,,,0.0,0.0,,,
2023-08-28 10:00:00,14.4,20.2875,0.94,1.44,1.29,0.53,2.0,0.225,1.5,0.025,,,,0.0425,0.052500000000000005,,,,,0.0,0.0,,,
2023-08-28 11:00:00,6.65,10.5,0.94,1.44,1.29,0.53,2.0,0.26,1.5,0.042499999999999996,,,,0.0675,0.0825,,,,,0.0,0.0,,,
2023-08-28 12:00:00,12.9175,22.875,0.94,1.44,1.29,0.53,2.0,0.2925,1.5,0.0375,,,,0.06,0.07500000000000001,,,,,0.0,0.0,,,
2023-08-28 13:00:00,18.48,29.5,0.94,1.44,1.29,0.53,2.0,0.2975,1.5,0.0375,,,,0.065,0.07500000000000001,,,,,0.0,0.0,,,
2023-08-28 14:00:00,19.6875,31.405,0.94,1.44,1.29,0.53,2.0,0.3175,1.5,0.0375,,,,0.065,0.07500000000000001,,,,,0.0,0.0,,,
2023-08-28 15:00:00,29.0,45.0,0.94,1.44,1.29,0.53,2.0,0.28,1.5,0.03,,,,0.06,0.07,,,,,0.0,0.0,,,
2023-08-28 16:00:00,22.3375,49.2,0.94,1.44,1.29,0.53,2.0,0.27,1.5,0.03,,,,0.055,0.065,,,,,0.0,0.0,,,
2023-08-28 17:00:00,21.8,38.7,0.94,1.44,1.29,0.53,2.0,0.2575,1.5,0.03,,,,0.05,0.06,,,,,0.0,0.0,,,
2023-08-28 18:00:00,11.6,21.3,0.94,1.44,1.29,0.53,2.0,0.255,1.5,0.03,,,,0.05,0.06,,,,,0.0,0.0,,,
2023-08-28 19:00:00,8.5,12.75,0.94,1.44,1.29,0.53,2.0,0.3,1.5,0.035,,,,0.06,0.07,,,,,0.0,0.0,,,
2023-08-28 20:00:00,13.6,20.325,0.94,1.44,1.29,0.53,2.0,0.3025,1.5,0.035,,,,0.06,0.07250000000000001,,,,,0.0,0.0,,,
2023-08-28 21:00:00,10.4,17.1,0.94,1.44,1.29,0.53,2.0,0.315,1.5,0.04,,,,0.06,0.07500000000000001,,,,,0.0,0.0,,,
2023-08-28 22:00:00,19.2,35.4,0.94,1.44,1.29,0.53,2.0,0.30000000000000004,1.5,0.035,,,,0.0575,0.0675,,,,,0.0,0.0,,,
2023-08-28 23:00:00,15.133333333333333,25.8,0.94,1.4400000000000002,1.29,0.53,2.0,0.24666666666666667,1.5,0.03,,,,0.05000000000000001,0.056666666666666664,,,,,0.0,0.0,,,
2023-08-29 00:00:00,16.516666666666666,31.5,0.94,1.4400000000000002,1.29,0.53,2.0,0.26333333333333336,1.5,0.03,,,,0.05,0.06,,,,,0.0,0.0,,,
2023-08-29 01:00:00,9.1375,16.65,0.94,1.44,1.29,0.53,2.0,0.26,1.5,0.03,,,,0.05,0.06,,,,,0.0,0.0,,,
2023-08-29 02:00:00,20.65,36.6,0.94,1.44,1.29,0.53,2.0,0.255,1.5,0.03,,,,0.05,0.06,,,,,0.0,0.0,,,
2023-08-29 03:00:00,16.0625,25.5,0.94,1.44,1.29,0.53,2.0,0.215,1.5,0.03,,,,0.04,0.05,,,,,0.0,0.0,,,
2023-08-29 04:00:00,9.4,14.9625,0.94,1.44,1.29,0.53,2.0,0.2175,1.5,0.025,,,,0.04,0.05,,,,,0.0,0.0,,,
2023-08-29 05:00:00,19.45,29.85,0.94,1.44,1.29,0.53,2.0,0.2225,1.5,0.0275,,,,0.045,0.05,,,,,0.0,0.0,,,
2023-08-29 06:00:00,15.600000000000001,25.8,0.94,1.44,1.29,0.53,2.0,0.2425,1.5,0.03,,,,0.05,0.06,,,,,0.0,0.0,,,
2023-08-29 07:00:00,15.0125,28.2,0.94,1.44,1.29,0.53,2.0,0.28500000000000003,1.5,0.03,,,,0.052500000000000005,0.0625,,,,,0.0,0.0,,,
2023-08-29 08:00:00,17.9875,28.03,0.94,1.44,1.29,0.53,2.0,0.24,1.5,0.03,,,,0.045,0.052500000000000005,,,,,0.0,0.0,,,
2023-08-29 09:00:00,10.0625,15.9375,0.94,1.44,1.29,0.53,2.0,0.2725,1.5,0.0325,,,,0.0575,0.0675,,,,,0.0,0.0,,,
2023-08-29 10:00:00,5.366666666666667,9.35,0.7933333333333333,1.2,0.805,0.44,1.6900000000000002,0.2075,1.2666666666666666,0.0225,,,,0.04666666666666667,0.056666666666666664,,,,,0.0,0.0,,,
2023-08-29 11:00:00,,,,,,,,,,,,,,,,,,,,,0.0,,,
2023-08-29 12:00:00,,,,,,,,,,,,,,,,,,,,,0.0,,,
2023-08-29 13:00:00,,,,,,,,,,,,,,,,,,,,,0.0,,,
2023-08-29 14:00:00,,,,,,,,,,,,,,,,,,,,,0.0,,,
2023-08-29 15:00:00,,,,,,,,,,,,,,,,,,,,,0.0,,,
2023-08-29 16:00:00,,,,,,,,,,,,,,,,,,,,,0.0,,,
2023-08-29 17:00:00,,,,,,,,,,,,,,,,,,,,,0.0,,,
2023-08-29 18:00:00,,,,,,,,,,,,,,,,,,,,,0.0,,,
2023-08-29 19:00:00,,,,,,,,,,,,,,,,,,,,,0.0,,,
2023-08-29 20:00:00,,,,,,,,,,,,,,,,,,,,,0.0,,,
2023-08-29 21:00:00,,,,,,,,,,,,,,,,,,,,,0.0,,,
2023-08-29 22:00:00,,,,,,,,,,,,,,,,,,,,,0.0,,,
2023-08-29 23:00:00,,,,,,,,,,,,,,,,,,,,,0.0,,,
2023-08-30 00:00:00,,,,,,,,,,,,,,,,,,,,,0.0,,,
2023-08-30 01:00:00,,,,,,,,,,,,,,,,,,,,,0.0,,,
2023-08-30 02:00:00,,,,,,,,,,,,,,,,,,,,,0.0,,,
2023-08-30 03:00:00,,,,,,,,,,,,,,,,,,,,,0.0,,,
2023-08-30 04:00:00,,,,,,,,,,,,,,,,,,,,,0.0,,,
2023-08-30 05:00:00,,,,,,,,,,,,,,,,,,,,,0.0,,,
2023-08-30 06:00:00,,,,,,,,,,,,,,,,,,,,,0.0,,,
2023-08-30 07:00:00,,,,,,,,,,,,,,,,,,,,,0.0,,,
2023-08-30 08:00:00,,,,,,,,,,,,,,,,,,,,,0.0,,,
2023-08-30 09:00:00,,,,,,,,,,,,,,,,,,,,,0.0,,,
2023-08-30 10:00:00,10.5,15.75,,0.72,0.64,,,0.13,,0.03,,,,0.05,0.06,,,,,0.0,0.0,,,
2023-08-30 11:00:00,43.8,69.3,0.94,1.3675,1.225,0.53,2.0,0.2175,1.5,0.03,,,,0.04,0.05,,,,,0.0,0.0,,,
2023-08-30 12:00:00,37.5,66.75,0.94,1.44,1.29,0.53,2.0,0.2225,1.5,0.03,,,,0.04,0.05,,,,,0.0,0.0,,,
2023-08-30 13:00:00,34.1875,71.625,0.94,1.44,1.29,0.53,2.0,0.22,1.5,0.03,,,,0.04,0.05,,,,,0.0,0.0,,,
2023-08-30 14:00:00,36.575,70.65,0.94,1.44,1.29,0.53,2.0,0.22,1.5,0.03,,,,0.0425,0.05,,,,,0.0,0.0,,,
2023-08-30 15:00:00,29.5125,58.05,0.94,1.44,1.29,0.53,2.0,0.24,1.5,0.03,,,,0.0475,0.057499999999999996,,,,,0.0,0.0,,,
2023-08-30 16:00:00,32.15,64.05,0.94,1.44,1.29,0.53,2.0,0.265,1.5,0.03,,,,0.052500000000000005,0.06,,,,,0.0,0.0,,,
2023-08-30 17:00:00,30.1375,60.5625,0.94,1.44,1.29,0.53,2.0,0.28,1.5,0.03,,,,0.06,0.07,,,,,0.0,0.0,,,
2023-08-30 18:00:00,28.05,46.5,0.94,1.44,1.29,0.53,2.0,0.3,1.5,0.04,,,,0.0625,0.07250000000000001,,,,,0.0,0.0,,,
2023-08-30 19:00:00,33.4375,50.0625,0.94,1.44,1.29,0.53,2.0,0.33499999999999996,1.5,0.04,,,,0.0675,0.08,,,,,0.0,0.0,,,
2023-08-30 20:00:00,38.4375,69.75,0.94,1.44,1.29,0.53,2.0,0.3725,1.5,0.04,,,,0.07250000000000001,0.09,,,,,0.0,0.0,,,
2023-08-30 21:00:00,27.487499999999997,57.15,0.94,1.44,1.29,0.53,2.0,0.395,1.5,0.045,,,,0.07500000000000001,0.095,,,,,0.0,0.0,,,
2023-08-30 22:00:00,38.6,60.9,0.94,1.44,1.29,0.53,2.0,0.405,1.5,0.05,,,,0.08,0.1,,,,,0.0,0.0,,,
2023-08-30 23:00:00,33.916666666666664,55.25,0.94,1.4400000000000002,1.29,0.53,2.0,0.3833333333333333,1.5,0.043333333333333335,,,,0.07333333333333335,0.09000000000000001,,,,,0.0,0.0,,,
2023-08-31 00:00:00,31.0,55.5,0.94,1.4400000000000002,1.29,0.53,2.0,0.3433333333333333,1.5,0.04,,,,0.07,0.0825,,,,,0.0,0.0,,,
2023-08-31 01:00:00,20.6675,38.625,0.94,1.44,1.29,0.53,2.0,0.3275,1.5,0.04,,,,0.065,0.07500000000000001,,,,,0.0,0.0,,,
2023-08-31 02:00:00,33.0,54.0,0.94,1.44,1.29,0.53,2.0,0.29,1.5,0.03,,,,0.06,0.07,,,,,0.0,0.0,,,
2023-08-31 03:00:00,28.0,47.625,0.94,1.44,1.29,0.53,2.0,0.26,1.5,0.03,,,,0.052500000000000005,0.0625,,,,,0.0,0.0,,,
2023-08-31 04:00:00,32.875,46.22,0.94,1.44,1.29,0.53,2.0,0.25,1.5,0.03,,,,0.05,0.06,,,,,0.0,0.0,,,
2023-08-31 05:00:00,22.27,44.0,0.94,1.44,1.29,0.53,2.0,0.2375,1.5,0.03,,,,0.0475,0.057499999999999996,,,,,0.0,0.0,,,
2023-08-31 06:00:00,19.55,34.05,0.94,1.44,1.29,0.53,2.0,0.23249999999999998,1.5,0.03,,,,0.045,0.057499999999999996,,,,,0.0,0.0,,,
2023-08-31 07:00:00,26.725,45.15,0.94,1.44,1.29,0.53,2.0,0.2375,1.5,0.03,,,,0.0475,0.055,,,,,0.0,0.0,,,
2023-08-31 08:00:00,31.3,48.845,0.94,1.44,1.29,0.53,2.0,0.2375,1.5,0.03,,,,0.045,0.057499999999999996,,,,,0.0,0.0,,,
2023-08-31 09:00:00,32.6375,55.2,0.94,1.44,1.29,0.53,2.0,0.2475,1.5,0.03,,,,0.0475,0.057499999999999996,,,,,0.0,0.0,,,
2023-08-31 10:00:00,38.2,63.6,0.94,1.44,1.29,0.53,2.0,0.2475,1.5,0.03,,,,0.05,0.06,,,,,0.0,0.0,,,
2023-08-31 11:00:00,49.125,78.5625,0.94,1.44,1.29,0.53,2.0,0.2425,1.5,0.03,,,,0.05,0.057499999999999996,,,,,0.0,0.0,,,
2023-08-31 12:00:00,36.65,70.425,0.94,1.44,1.29,0.53,2.0,0.255,1.5,0.03,,,,0.055,0.065,,,,,0.0,0.0,,,
2023-08-31 13:00:00,52.55,82.95,0.94,1.44,1.29,0.53,2.0,0.2875,1.5,0.03,,,,0.06,0.07,,,,,0.0,0.0,,,
2023-08-31 14:00:00,55.95,98.85,0.94,1.44,1.29,0.53,2.0,0.2975,1.5,0.0375,,,,0.06,0.07,,,,,0.0,0.0,,,
2023-08-31 15:00:00,58.9,93.9375,0.94,1.44,1.29,0.53,2.0,0.2625,1.5,0.03,,,,0.052500000000000005,0.0625,,,,,0.0,0.0,,,
2023-08-31 16:00:00,37.2625,67.35,0.94,1.44,1.29,0.53,2.0,0.2625,1.5,0.03,,,,0.055,0.065,,,,,0.0,0.0,,,
2023-08-31 17:00:00,49.625,74.4375,0.94,1.44,1.29,0.53,2.0,0.28250000000000003,1.5,0.0325,,,,0.0575,0.0675,,,,,0.0,0.0,,,
2023-08-31 18:00:00,36.1375,64.2,0.94,1.44,1.29,0.53,2.0,0.3275,1.5,0.04,,,,0.0675,0.0775,,,,,0.0,0.0,,,
2023-08-31 19:00:00,23.3625,64.35,0.94,1.44,1.29,0.53,2.0,0.3525,1.5,0.04,,,,0.07,0.0825,,,,,0.0,0.0,,,
2023-08-31 20:00:00,37.15,57.955,0.94,1.44,1.29,0.53,2.0,0.40249999999999997,1.5,0.0475,,,,0.08,0.0975,,,,,0.0,0.0,,,
2023-08-31 21:00:00,35.65,62.85,0.94,1.44,1.29,0.53,2.0,0.4025,1.5,0.0475,,,,0.0825,0.095,,,,,0.0,0.0,,,
2023-08-31 22:00:00,54.75,101.925,0.94,1.44,1.29,0.53,2.0,0.415,1.5,0.05,,,,0.0875,0.1,,,,,0.0,0.0,,,
2023-08-31 23:00:00,37.46666666666667,64.2,0.94,1.4400000000000002,1.29,0.53,2.0,0.42,1.5,0.05000000000000001,,,,0.08666666666666667,0.10000000000000002,,,,,0.0,0.0,,,
2023-09-01 00:00:00,50.4,81.0,0.94,1.4400000000000002,1.29,0.53,2.0,0.34,1.5,0.04,,,,0.07250000000000001,0.0825,,,,,0.0,0.0,,,
2023-09-01 01:00:00,29.0625,48.655,0.94,1.44,1.29,0.53,2.0,0.335,1.5,0.04,,,,0.07,0.08,,,,,0.0,0.0,,,
2023-09-01 02:00:00,37.1625,61.97,0.94,1.44,1.29,0.53,2.0,0.315,1.5,0.04,,,,0.0625,0.07250000000000001,,,,,0.0,0.0,,,
2023-09-01 03:00:00,27.3,53.155,0.94,1.44,1.29,0.53,2.0,0.28500000000000003,1.5,0.03,,,,0.057499999999999996,0.0675,,,,,0.0,0.0,,,
2023-09-01 04:00:00,24.7,45.75,0.94,1.44,1.29,0.53,2.0,0.265,1.5,0.03,,,,0.052500000000000005,0.0625,,,,,0.0,0.0,,,
2023-09-01 05:00:00,28.5,45.0,0.94,1.44,1.29,0.53,2.0,0.265,1.5,0.03,,,,0.055,0.0625,,,,,0.0,0.0,,,
2023-09-01 06:00:00,33.4,59.85,0.94,1.44,1.29,0.53,2.0,0.29000000000000004,1.5,0.0325,,,,0.06,0.07,,,,,0.0,0.0,,,
2023-09-01 07:00:00,44.75,66.75,0.94,1.44,1.29,0.53,2.0,0.2975,1.5,0.035,,,,0.06,0.07,,,,,0.0,0.0,,,
2023-09-01 08:00:00,41.95,66.15,0.94,1.44,1.29,0.53,2.0,0.2875,1.5,0.03,,,,0.06,0.07,,,,,0.0,0.0,,,
2023-09-01 09:00:00,25.175,43.22,0.94,1.44,1.29,0.53,2.0,0.29,1.5,0.03,,,,0.06,0.07,,,,,0.0,0.0,,,
2023-09-01 10:00:00,44.0,73.5,0.94,1.44,1.29,0.53,2.0,0.27,1.5,0.03,,,,0.052500000000000005,0.0625,,,,,0.0,0.0,,,
2023-09-01 11:00:00,37.9875,80.625,0.94,1.44,1.29,0.53,2.0,0.275,1.5,0.03,,,,0.06,0.07,,,,,0.0,0.0,,,
2023-09-01 12:00:00,62.1,96.9375,0.94,1.44,1.29,0.53,2.0,0.2775,1.5,0.03,,,,0.06,0.07,,,,,0.0,0.0,,,
2023-09-01 13:00:00,50.55,80.7,0.94,1.44,1.29,0.53,2.0,0.2875,1.5,0.03,,,,0.06,0.07,,,,,0.0,0.0,,,
2023-09-01 14:00:00,40.3,60.45,0.94,1.44,1.29,0.53,2.0,0.295,1.5,0.035,,,,0.06,0.07,,,,,0.0,0.0,,,
2023-09-01 15:00:00,32.230000000000004,62.4375,0.94,1.44,1.29,0.53,2.0,0.305,1.5,0.0375,,,,0.06,0.07,,,,,0.0,0.0,,,
2023-09-01 16:00:00,40.25,64.405,0.94,1.44,1.29,0.53,2.0,0.2875,1.5,0.0325,,,,0.06,0.07,,,,,0.0,0.0,,,
2023-09-01 17:00:00,25.7725,61.75,0.94,1.44,1.29,0.53,2.0,0.3,1.5,0.03,,,,0.06,0.07,,,,,0.0,0.0,,,
2023-09-01 18:00:00,32.0,51.0,0.94,1.44,1.29,0.53,2.0,0.295,1.5,0.0325,,,,0.057499999999999996,0.07,,,,,0.0,0.0,,,
2023-09-01 19:00:00,42.625,63.9375,0.94,1.44,1.29,0.53,2.0,0.28500000000000003,1.5,0.035,,,,0.0625,0.07250000000000001,,,,,0.0,0.0,,,
2023-09-01 20:00:00,22.52,42.095,0.94,1.44,1.29,0.53,2.0,0.33,1.5,0.04,,,,0.0675,0.0775,,,,,0.0,0.0,,,
2023-09-01 21:00:00,29.4375,47.0625,0.94,1.44,1.29,0.53,2.0,0.3675,1.5,0.04,,,,0.07250000000000001,0.09,,,,,0.0,0.0,,,
2023-09-01 22:00:00,25.125,42.75,0.94,1.44,1.29,0.53,2.0,0.3375,1.5,0.04,,,,0.0675,0.08,,,,,0.0,0.0,,,
2023-09-01 23:00:00,22.0,36.5,0.94,1.4400000000000002,1.29,0.53,2.0,0.3466666666666667,1.5,0.04,,,,0.07,0.08333333333333333,,,,,0.0,0.0,,,
2023-09-02 00:00:00,31.0,42.626666666666665,0.94,1.4400000000000002,1.29,0.53,2.0,0.36000000000000004,1.5,0.04,,,,0.07,0.0875,,,,,0.0,0.0,,,
2023-09-02 01:00:00,43.707499999999996,79.3125,0.94,1.44,1.29,0.53,2.0,0.3325,1.5,0.04,,,,0.065,0.07500000000000001,,,,,0.0,0.0,,,
2023-09-02 02:00:00,28.125,45.9375,0.94,1.44,1.29,0.53,2.0,0.305,1.5,0.04,,,,0.06,0.07,,,,,0.0,0.0,,,
2023-09-02 03:00:00,30.875,46.2175,0.94,1.44,1.29,0.53,2.0,0.295,1.5,0.0325,,,,0.06,0.07,,,,,0.0,0.0,,,
2023-09-02 04:00:00,29.5,44.25,0.94,1.44,1.29,0.53,2.0,0.275,1.5,0.03,,,,0.057499999999999996,0.0675,,,,,0.0,0.0,,,
2023-09-02 05:00:00,15.625,26.4375,0.94,1.44,1.29,0.53,2.0,0.2675,1.5,0.03,,,,0.055,0.0625,,,,,0.0,0.0,,,
2023-09-02 06:00:00,22.375,35.8125,0.94,1.44,1.29,0.53,2.0,0.3,1.5,0.0375,,,,0.0625,0.07250000000000001,,,,,0.0,0.0,,,
2023-09-02 07:00:00,22.75,36.47,0.94,1.44,1.29,0.53,2.0,0.33,1.5,0.04,,,,0.0675,0.07500000000000001,,,,,0.0,0.0,,,
2023-09-02 08:00:00,18.71,39.0,0.94,1.44,1.29,0.53,2.0,0.31,1.5,0.04,,,,0.0625,0.07,,,,,0.0,0.0,,,
2023-09-02 09:00:00,25.6,42.9375,0.94,1.44,1.29,0.53,2.0,0.2875,1.5,0.03,,,,0.057499999999999996,0.0675,,,,,0.0,0.0,,,
2023-09-02 10:00:00,35.25,63.1875,0.94,1.44,1.29,0.53,2.0,0.2725,1.5,0.03,,,,0.057499999999999996,0.065,,,,,0.0,0.0,,,
2023-09-02 11:00:00,44.35,73.95,0.94,1.44,1.29,0.53,2.0,0.265,1.5,0.0325,,,,0.055,0.065,,,,,0.0,0.0,,,
2023-09-02 12:00:00,35.3,65.55,0.94,1.44,1.29,0.53,2.0,0.2975,1.5,0.035,,,,0.06,0.07,,,,,0.0,0.0,,,
2023-09-02 13:00:00,54.25,81.375,0.94,1.44,1.29,0.53,2.0,0.2825,1.5,0.03,,,,0.057499999999999996,0.0675,,,,,0.0,0.0,,,
2023-09-02 14:00:00,39.875,62.8125,0.94,1.44,1.29,0.53,2.0,0.2725,1.5,0.03,,,,0.055,0.065,,,,,0.0,0.0,,,
2023-09-02 15:00:00,35.6125,60.095,0.94,1.44,1.29,0.53,2.0,0.33999999999999997,1.5,0.035,,,,0.06,0.075,,,,,0.0,0.0,,,
2023-09-02 16:00:00,46.3,69.45,0.94,1.44,1.29,0.53,2.0,0.35750000000000004,1.5,0.0425,,,,0.07250000000000001,0.085,,,,,0.0,0.0,,,
2023-09-02 17:00:00,37.3625,59.7,0.94,1.44,1.29,0.53,2.0,0.33,1.5,0.04,,,,0.0675,0.0775,,,,,0.0,0.0,,,
2023-09-02 18:00:00,33.9375,57.15,0.94,1.44,1.29,0.53,2.0,0.3,1.5,0.04,,,,0.0625,0.07250000000000001,,,,,0.0,0.0,,,
2023-09-02 19:00:00,39.875,63.75,0.94,1.44,1.29,0.53,2.0,0.34750000000000003,1.5,0.0425,,,,0.07,0.0825,,,,,0.0,0.0,,,
2023-09-02 20:00:00,34.45,56.7,0.94,1.44,1.29,0.53,2.0,0.37,1.5,0.045,,,,0.0775,0.09,,,,,0.0,0.0,,,
2023-09-02 21:00:00,36.35,57.3,0.94,1.44,1.29,0.53,2.0,0.4075,1.5,0.0475,,,,0.0825,0.1,,,,,0.0,0.0,,,
2023-09-02 22:00:00,27.9,48.9,0.94,1.44,1.29,0.53,2.0,0.4625,1.5,0.055,,,,0.095,0.1075,,,,,0.0,0.0,,,
2023-09-02 23:00:00,45.86666666666667,68.8,0.94,1.4400000000000002,1.29,0.53,2.0,0.47,1.5,0.056666666666666664,,,,0.09666666666666668,0.11333333333333333,,,,,0.0,0.0,,,
2023-09-03 00:00:00,51.0,70.12666666666667,0.94,1.4400000000000002,1.29,0.53,2.0,0.4033333333333333,1.5,0.04666666666666667,,,,0.0825,0.0975,,,,,0.0,0.0,,,
2023-09-03 01:00:00,26.200000000000003,45.45,0.94,1.44,1.29,0.53,2.0,0.3675,1.5,0.0425,,,,0.07250000000000001,0.09,,,,,0.0,0.0,,,
2023-09-03 02:00:00,18.9,31.2,0.94,1.44,1.29,0.53,2.0,0.3325,1.5,0.04,,,,0.07,0.08,,,,,0.0,0.0,,,
2023-09-03 03:00:00,17.8,33.15,0.9524999999999999,1.4625,1.3125,0.535,2.015,0.32,1.51,0.04,,,,0.0625,0.07250000000000001,,,,,0.0,0.0,,,
2023-09-03 04:00:00,28.1,46.8,0.94,1.44,1.29,0.53,2.0,0.295,1.5,0.035,,,,0.06,0.07,,,,,0.0,0.0,,,
2023-09-03 05:00:00,23.6,38.72,0.94,1.44,1.29,0.53,2.0,0.29,1.5,0.03,,,,0.06,0.07,,,,,0.0,0.0,,,
2023-09-03 06:00:00,13.3,32.4,0.94,1.44,1.29,0.53,2.0,0.315,1.5,0.0375,,,,0.065,0.07500000000000001,,,,,0.0,0.0,,,
2023-09-03 07:00:00,23.275,36.845,0.94,1.44,1.29,0.53,2.0,0.3125,1.5,0.0375,,,,0.0625,0.07250000000000001,,,,,0.0,0.0,,,
2023-09-03 08:00:00,16.475,29.7,0.94,1.44,1.29,0.53,2.0,0.28,1.5,0.0325,,,,0.06,0.0675,,,,,0.0,0.0,,,
2023-09-03 09:00:00,31.3125,53.8125,0.94,1.44,1.29,0.53,2.0,0.2525,1.5,0.03,,,,0.05,0.06,,,,,0.0,0.0,,,
2023-09-03 10:00:00,29.625,52.8,0.94,1.44,1.29,0.53,2.0,0.245,1.5,0.03,,,,0.05,0.06,,,,,0.0,0.0,,,
2023-09-03 11:00:00,29.125,49.6875,0.94,1.44,1.29,0.53,2.0,0.235,1.5,0.03,,,,0.0475,0.057499999999999996,,,,,0.0,0.0,,,
2023-09-03 12:00:00,32.6875,49.0325,0.94,1.44,1.29,0.53,2.0,0.23,1.5,0.03,,,,0.04,0.052500000000000005,,,,,0.0,0.0,,,
2023-09-03 13:00:00,25.0,44.625,0.94,1.44,1.29,0.53,2.0,0.22,1.5,0.03,,,,0.0425,0.052500000000000005,,,,,0.0,0.0,,,
2023-09-03 14:00:00,24.5,43.4075,0.94,1.44,1.29,0.53,2.0,0.23249999999999998,1.5,0.03,,,,0.0475,0.057499999999999996,,,,,0.0,0.0,,,
2023-09-03 15:00:00,29.5,46.5,0.94,1.44,1.29,0.53,2.0,0.2575,1.5,0.03,,,,0.05,0.06,,,,,0.0,0.0,,,
2023-09-03 16:00:00,36.5625,67.595,0.94,1.44,1.29,0.53,2.0,0.2675,1.5,0.03,,,,0.052500000000000005,0.0625,,,,,0.0,0.0,,,
2023-09-03 17:00:00,33.5,55.5,0.94,1.44,1.29,0.53,2.0,0.27,1.5,0.03,,,,0.057499999999999996,0.07,,,,,0.0,0.0,,,
2023-09-03 18:00:00,37.8375,59.815,0.94,1.44,1.29,0.53,2.0,0.265,1.5,0.03,,,,0.052500000000000005,0.0625,,,,,0.0,0.0,,,
2023-09-03 19:00:00,18.5875,30.75,0.94,1.44,1.29,0.53,2.0,0.3125,1.5,0.04,,,,0.0675,0.08,,,,,0.0,0.0,,,
2023-09-03 20:00:00,40.5,60.75,0.94,1.44,1.29,0.53,2.0,0.38,1.5,0.045,,,,0.07500000000000001,0.0925,,,,,0.0,0.0,,,
2023-09-03 21:00:00,39.25,68.5,0.94,1.44,1.29,0.53,2.0,0.41,1.5,0.05,,,,0.08,0.1,,,,,0.0,0.0,,,
2023-09-03 22:00:00,17.9625,40.125,0.94,1.44,1.29,0.53,2.0,0.4025,1.5,0.05,,,,0.08,0.1,,,,,0.0,0.0,,,
2023-09-03 23:00:00,36.13333333333333,50.5,0.94,1.4400000000000002,1.29,0.53,2.0,0.38999999999999996,1.5,0.05000000000000001,,,,0.08,0.09333333333333334,,,,,0.0,0.0,,,
2023-09-04 00:00:00,24.0,36.0,0.94,1.4400000000000002,1.29,0.53,2.0,0.36000000000000004,1.5,0.04,,,,0.07,0.08499999999999999,,,,,0.0,0.0,,,
2023-09-04 01:00:00,44.5,79.2,0.94,1.44,1.29,0.53,2.0,0.3325,1.5,0.04,,,,0.065,0.0775,,,,,0.0,0.0,,,
2023-09-04 02:00:00,33.7,55.65,0.94,1.44,1.29,0.53,2.0,0.2925,1.5,0.035,,,,0.06,0.07,,,,,0.0,0.0,,,
2023-09-04 03:00:00,19.3625,32.25,0.94,1.44,1.29,0.53,2.0,0.26,1.5,0.03,,,,0.052500000000000005,0.0625,,,,,0.0,0.0,,,
2023-09-04 04:00:00,12.6,23.25,0.94,1.44,1.29,0.53,2.0,0.245,1.5,0.03,,,,0.05,0.06,,,,,0.0,0.0,,,
2023-09-04 05:00:00,25.2375,42.75,0.9475,1.46,1.3,0.535,2.015,0.2425,1.51,0.03,,,,0.05,0.06,,,,,0.0,0.0,,,
2023-09-04 06:00:00,17.925,35.55,0.94,1.45,1.3,0.53,2.0,0.2625,1.5,0.03,,,,0.055,0.065,,,,,0.0,0.0,,,
2023-09-04 07:00:00,24.2,35.345,0.94,1.44,1.29,0.53,2.0,0.28,1.5,0.03,,,,0.06,0.07,,,,,0.0,0.0,,,
2023-09-04 08:00:00,30.7,56.7,0.94,1.44,1.29,0.53,2.0,0.295,1.5,0.0325,,,,0.06,0.07,,,,,0.0,0.0,,,
2023-09-04 09:00:00,34.4,57.15,0.94,1.44,1.29,0.53,2.0,0.28500000000000003,1.5,0.03,,,,0.06,0.07,,,,,0.0,0.0,,,
2023-09-04 10:00:00,24.1125,48.9,0.94,1.44,1.29,0.53,2.0,0.2575,1.5,0.03,,,,0.052500000000000005,0.0625,,,,,0.0,0.0,,,
2023-09-04 11:00:00,32.725,48.995000000000005,0.955,1.44,1.3,0.54,2.0300000000000002,0.2425,1.52,0.03,,,,0.05,0.06,,,,,0.0,0.0,,,
2023-09-04 12:00:00,33.5375,53.7,0.94,1.4725,1.31,0.53,2.0,0.245,1.5,0.03,,,,0.05,0.06,,,,,0.0,0.0,,,
2023-09-04 13:00:00,9.5,28.5,0.975,1.4825,1.3225,0.5525,2.08,0.24,1.5775000000000001,0.03,,,,0.0475,0.06,,,,,0.0,0.0,,,
2023-09-04 14:00:00,23.3,39.15,0.94,1.44,1.29,0.53,2.0,0.23,1.5,0.03,,,,0.04,0.052500000000000005,,,,,0.0,0.0,,,
2023-09-04 15:00:00,,,,,,,,,,,,,,,,,,,,,0.0,,,
2023-09-04 16:00:00,,,,,,,,,,,,,,,,,,,,,0.0,,,
2023-09-04 17:00:00,,,,,,,,,,,,,,,,,,,,,0.0,,,
2023-09-04 18:00:00,,,,,,,,,,,,,,,,,,,,,0.0,,,
2023-09-04 19:00:00,,,,,,,,,,,,,,,,,,,,,0.0,,,
2023-09-04 20:00:00,,,,,,,,,,,,,,,,,,,,,0.0,,,
2023-09-04 21:00:00,,,,,,,,,,,,,,,,,,,,,0.0,,,
2023-09-04 22:00:00,,,,,,,,,,,,,,,,,,,,,0.0,,,
2023-09-04 23:00:00,,,,,,,,,,,,,,,,,,,,,0.0,,,
2023-09-05 00:00:00,,,,,,,,,,,,,,,,,,,,,0.0,,,
2023-09-05 01:00:00,,,,,,,,,,,,,,,,,,,,,0.0,,,
2023-09-05 02:00:00,,,,,,,,,,,,,,,,,,,,,0.0,,,
2023-09-05 03:00:00,,,,,,,,,,,,,,,,,,,,,0.0,,,
2023-09-05 04:00:00,,,,,,,,,,,,,,,,,,,,,0.0,,,
2023-09-05 05:00:00,,,,,,,,,,,,,,,,,,,,,0.0,,,
2023-09-05 06:00:00,,,,,,,,,,,,,,,,,,,,,0.0,,,
2023-09-05 07:00:00,,,,,,,,,,,,,,,,,,,,,0.0,,,
2023-09-05 08:00:00,,,,,,,,,,,,,,,,,,,,,0.0,,,
2023-09-05 09:00:00,,,,,,,,,,,,,,,,,,,,,0.0,,,
2023-09-05 10:00:00,33.0,49.5,0.94,1.44,1.29,0.53,2.0,0.2,1.5,0.03,,,,0.04,0.05,,,,,0.0,0.0,,,
2023-09-05 11:00:00,13.2,19.8,0.94,1.44,1.29,0.53,2.0,0.3725,1.5,0.045,,,,0.075,0.0875,,,,,0.0,0.0,,,
2023-09-05 12:00:00,41.7,70.2,0.9475,1.44,1.3,0.54,2.015,0.3,1.51,0.0375,,,,0.06,0.07,,,,,0.0,0.0,,,
2023-09-05 13:00:00,6.1625,10.125,0.9624999999999999,1.5025,1.3325,0.545,2.065,0.255,1.5325,0.03,,,,0.05,0.06,,,,,0.0,0.0,,,
2023-09-05 14:00:00,7.7875,13.03,1.03,1.57,1.41,0.575,2.165,0.28250000000000003,1.62,0.03,,,,0.057499999999999996,0.07,,,,,0.0,0.0,,,
2023-09-05 15:00:00,22.8375,47.25,1.025,1.54,1.4024999999999999,0.5675,2.1775,0.2725,1.61,0.03,,,,0.057499999999999996,0.0675,,,,,0.0,0.0,,,
2023-09-05 16:00:00,28.95,45.6,0.9875,1.5025,1.36,0.5625,2.115,0.2725,1.585,0.0325,,,,0.055,0.065,,,,,0.0,0.0,,,
2023-09-05 17:00:00,20.05,31.5,0.97,1.49,1.3475000000000001,0.55,2.075,0.2825,1.5625,0.03,,,,0.06,0.07,,,,,0.0,0.0,,,
2023-09-05 18:00:00,17.375,29.435000000000002,0.9675,1.5275,1.355,0.5525,2.0625,0.315,1.5425,0.0375,,,,0.065,0.07500000000000001,,,,,0.0,0.0,,,
2023-09-05 19:00:00,37.85,59.85,0.96,1.4925,1.3325,0.5475,2.0575,0.36,1.5425,0.04,,,,0.07,0.0825,,,,,0.0,0.0,,,
2023-09-05 20:00:00,36.55,61.125,0.9675,1.5,1.3375,0.5475000000000001,2.045,0.395,1.54,0.0475,,,,0.0775,0.0925,,,,,0.0,0.0,,,
2023-09-05 21:00:00,40.3,57.45,0.9724999999999999,1.505,1.3425,0.555,2.0875,0.43,1.5625,0.052500000000000005,,,,0.08499999999999999,0.10250000000000001,,,,,0.0,0.0,,,
2023-09-05 22:00:00,52.25,77.25,0.975,1.49,1.33,0.55,2.0875,0.4725,1.54,0.06,,,,0.1,0.11,,,,,0.0,0.0,,,
2023-09-05 23:00:00,52.06666666666666,89.60000000000001,0.9766666666666666,1.4400000000000002,1.29,0.5599999999999999,2.063333333333333,0.45,1.5599999999999998,0.05333333333333334,,,,0.09333333333333334,0.10666666666666667,,,,,0.0,0.0,,,
2023-09-06 00:00:00,28.5,47.6,0.9499999999999998,1.4866666666666666,1.32,0.5366666666666667,2.0,0.38000000000000006,1.5133333333333334,0.043333333333333335,,,,0.07500000000000001,0.095,,,,,0.0,0.0,,,
2023-09-06 01:00:00,32.325,50.4375,0.9475,1.45,1.29,0.535,2.0175,0.32,1.5125,0.04,,,,0.0625,0.07500000000000001,,,,,0.0,0.0,,,
2023-09-06 02:00:00,19.5,34.05,0.94,1.44,1.29,0.53,2.0,0.295,1.5,0.0325,,,,0.06,0.07,,,,,0.0,0.0,,,
2023-09-06 03:00:00,21.4875,38.4,0.94,1.45,1.3,0.535,2.0,0.27,1.51,0.03,,,,0.052500000000000005,0.065,,,,,0.0,0.0,,,
2023-09-06 04:00:00,19.0,31.5375,0.94,1.44,1.29,0.53,2.0,0.255,1.5,0.03,,,,0.05,0.06,,,,,0.0,0.0,,,
2023-09-06 05:00:00,20.95,33.0,0.94,1.44,1.29,0.53,2.0,0.26,1.5,0.03,,,,0.05,0.06,,,,,0.0,0.0,,,
2023-09-06 06:00:00,23.575,39.75,0.94,1.44,1.29,0.53,2.0,0.28,1.5,0.0325,,,,0.057499999999999996,0.0675,,,,,0.0,0.0,,,
2023-09-06 07:00:00,27.4,43.2,0.98,1.475,1.3125,0.56,2.0875,0.3025,1.5725,0.035,,,,0.057499999999999996,0.0675,,,,,0.0,0.0,,,
2023-09-06 08:00:00,47.3375,97.5,0.9975,1.56,1.415,0.5675,2.115,0.2925,1.6025,0.03,,,,0.06,0.07,,,,,0.0,0.0,,,
2023-09-06 09:00:00,43.0,75.15,0.965,1.48,1.3,0.5475,2.0725,0.28250000000000003,1.5525,0.0325,,,,0.057499999999999996,0.07,,,,,0.0,0.0,,,
2023-09-06 10:00:00,42.2,66.6,0.96,1.505,1.34,0.5525,2.0775,0.2675,1.5575,0.03,,,,0.05,0.06,,,,,0.0,0.0,,,
2023-09-06 11:00:00,26.9,49.8,0.955,1.4825,1.3225,0.55,2.0324999999999998,0.2675,1.5325,0.03,,,,0.055,0.065,,,,,0.0,0.0,,,
2023-09-06 12:00:00,36.675,66.9,0.985,1.5075,1.355,0.5525,2.1,0.28,1.57,0.03,,,,0.057499999999999996,0.07,,,,,0.0,0.0,,,
2023-09-06 13:00:00,19.05,29.5125,0.9924999999999999,1.5375,1.3399999999999999,0.5700000000000001,2.1225,0.2675,1.6025,0.03,,,,0.052500000000000005,0.06,,,,,0.0,0.0,,,
2023-09-06 14:00:00,27.35,43.2,0.9924999999999999,1.5,1.36,0.5700000000000001,2.1525,0.26,1.61,0.03,,,,0.055,0.065,,,,,0.0,0.0,,,
2023-09-06 15:00:00,26.775,42.1875,0.9975,1.5425,1.3875,0.565,2.1174999999999997,0.29,1.5975,0.035,,,,0.057499999999999996,0.0675,,,,,0.0,0.0,,,
2023-09-06 16:00:00,19.7375,34.97,1.04,1.5625,1.4224999999999999,0.605,2.2425,0.2925,1.665,0.0325,,,,0.06,0.07,,,,,0.0,0.0,,,
2023-09-06 17:00:00,24.0,39.9,1.0625,1.6,1.44,0.6,2.245,0.2775,1.68,0.03,,,,0.057499999999999996,0.0675,,,,,0.0,0.0,,,
2023-09-06 18:00:00,26.55,41.85,1.05,1.5975000000000001,1.4375,0.5974999999999999,2.245,0.3275,1.68,0.0375,,,,0.065,0.07500000000000001,,,,,0.0,0.0,,,
2023-09-06 19:00:00,60.85,96.0,1.0425,1.63,1.47,0.5974999999999999,2.2175000000000002,0.3425,1.67,0.04,,,,0.0675,0.0825,,,,,0.0,0.0,,,
2023-09-06 20:00:00,29.9125,47.4,1.03,1.5675,1.41,0.5825,2.1950000000000003,0.35750000000000004,1.6225,0.0425,,,,0.07250000000000001,0.0825,,,,,0.0,0.0,,,
2023-09-06 21:00:00,18.9125,31.9125,1.02,1.6099999999999999,1.4375,0.585,2.2125,0.16999999999999998,1.6325,0.02,,,,0.060000000000000005,0.07,,,,,0.0,0.0,,,
2023-09-06 22:00:00,29.875,52.6875,1.0475,1.5550000000000002,1.4175,0.5974999999999999,2.245,0.0,1.67,0.0,,,,,,,,,,0.0,0.0,,,
2023-09-06 23:00:00,30.366666666666664,56.75,1.04,1.58,1.4366666666666665,0.59,2.22,0.0,1.6633333333333333,0.0,,,,,,,,,,0.0,0.0,,,
2023-09-07 00:00:00,28.933333333333334,46.5,0.9766666666666666,1.4933333333333334,1.3533333333333335,0.55,2.0833333333333335,0.0,1.5566666666666666,0.0,,,,,,,,,,0.0,0.0,,,
2023-09-07 01:00:00,24.25,45.15,0.965,1.45,1.3125,0.545,2.05,0.0,1.5375,0.0,,,,,,,,,,0.0,0.0,,,
2023-09-07 02:00:00,14.737499999999999,27.450000000000003,0.94,1.45,1.31,0.535,2.015,0.0,1.51,0.0,,,,,,,,,,0.0,0.0,,,
2023-09-07 03:00:00,17.55,33.75,0.94,1.44,1.29,0.53,2.0,0.0,1.5,0.0,,,,,,,,,,0.0,0.0,,,
2023-09-07 04:00:00,11.05,18.3,0.9624999999999999,1.46,1.31,0.54,2.0625,0.0,1.52,0.0,,,,,,,,,,0.0,0.0,,,
2023-09-07 05:00:00,10.825,20.495,0.94,1.4525,1.29,0.53,2.0,0.0,1.5,0.0,,,,,,,,,,0.0,0.0,,,
2023-09-07 06:00:00,24.45,41.4,0.94,1.44,1.29,0.53,2.0,0.0,1.5,0.0,,,,,,,,,,0.0,0.0,,,
2023-09-07 07:00:00,31.9625,54.6,0.94,1.44,1.29,0.535,2.0,0.0,1.51,0.0,,,,,,,,,,0.0,0.0,,,
2023-09-07 08:00:00,52.9,88.35,0.9475,1.44,1.29,0.54,2.0175,0.0,1.5125,0.0,,,,,,,,,,0.0,0.0,,,
2023-09-07 09:00:00,37.975,67.2,0.94,1.4725,1.3125,0.53,2.0,0.0,1.5,0.0,,,,,,,,,,0.0,0.0,,,
2023-09-07 10:00:00,21.665,43.0,0.7849999999999999,0.96,0.44,0.355,1.665,0.0,1.25,0.0,,,,,,,,,,0.0,0.0,,,
2023-09-07 11:00:00,,,,,0.0,,,0.0,,0.0,,,,,,,,,,0.0,0.0,,,
2023-09-07 12:00:00,,,,,0.0,,,0.0,,0.0,,,,,,,,,,0.0,0.0,,,
2023-09-07 13:00:00,,,,,,,,,,,,,,,,,,,,,0.0,,,
2023-09-07 14:00:00,,,,,,,,,,,,,,,,,,,,,0.0,,,
2023-09-07 15:00:00,,,,,,,,,,,,,,,,,,,,,0.0,,,
2023-09-07 16:00:00,,,,,,,,,,,,,,,,,,,,,0.0,,,
2023-09-07 17:00:00,,,,,,,,,,,,,,,,,,,,,0.0,,,
2023-09-07 18:00:00,,,,,,,,,,,,,,,,,,,,,0.0,,,
2023-09-07 19:00:00,,,,,,,,,,,,,,,,,,,,,0.0,,,
2023-09-07 20:00:00,,,,,,,,,,,,,,,,,,,,,0.0,,,
2023-09-07 21:00:00,,,,,,,,,,,,,,,,,,,,,0.0,,,
2023-09-07 22:00:00,,,,,,,,,,,,,,,,,,,,,0.0,,,
2023-09-07 23:00:00,,,,,,,,,,,,,,,,,,,,,0.0,,,
2023-09-08 00:00:00,,,,,,,,,,,,,,,,,,,,,0.0,,,
2023-09-08 01:00:00,,,,,,,,,,,,,,,,,,,,,0.0,,,
2023-09-08 02:00:00,,,,,,,,,,,,,,,,,,,,,0.0,,,
2023-09-08 03:00:00,,,,,,,,,,,,,,,,,,,,,0.0,,,
2023-09-08 04:00:00,,,,,,,,,,,,,,,,,,,,,0.0,,,
2023-09-08 05:00:00,,,,,,,,,,,,,,,,,,,,,0.0,,,
2023-09-08 06:00:00,,,,,,,,,,,,,,,,,,,,,0.0,,,
2023-09-08 07:00:00,,,,,,,,,,,,,,,,,,,,,0.0,,,
2023-09-08 08:00:00,,,,,,,,,,,,,,,,,,,,,0.0,,,
2023-09-08 09:00:00,,,,,,,,,,,,,,,,,,,,,0.0,,,
2023-09-08 10:00:00,,,,,,,,,,,,,,,,,,,,,0.0,,,
2023-09-08 11:00:00,,,,,,,,,,,,,,,,,,,,,0.0,,,
2023-09-08 12:00:00,,,,,,,,,,,,,,,,,,,,,0.0,,,
2023-09-08 13:00:00,,,,,,,,,,,,,,,,,,,,,0.0,,,
2023-09-08 14:00:00,,,,,,,,,,,,,,,,,,,,,0.0,,,
2023-09-08 15:00:00,,,,,,,,,,,,,,,,,,,,,0.0,,,
2023-09-08 16:00:00,,,,,,,,,,,,,,,,,,,,,0.0,,,
2023-09-08 17:00:00,,,,,,,,,,,,,,,,,,,,,0.0,,,
2023-09-08 18:00:00,,,,,,,,,,,,,,,,,,,,,0.0,,,
2023-09-08 19:00:00,,,,,,,,,,,,,,,,,,,,,0.0,,,
2023-09-08 20:00:00,,,,,,,,,,,,,,,,,,,,,0.0,,,
2023-09-08 21:00:00,,,,,,,,,,,,,,,,,,,,,0.0,,,
2023-09-08 22:00:00,,,,,,,,,,,,,,,,,,,,,0.0,,,
2023-09-08 23:00:00,,,,,,,,,,,,,,,,,,,,,0.0,,,
2023-09-09 00:00:00,,,,,,,,,,,,,,,,,,,,,0.0,,,
2023-09-09 01:00:00,,,,,,,,,,,,,,,,,,,,,0.0,,,
2023-09-09 02:00:00,,,,,,,,,,,,,,,,,,,,,0.0,,,
2023-09-09 03:00:00,,,,,,,,,,,,,,,,,,,,,0.0,,,
2023-09-09 04:00:00,,,,,,,,,,,,,,,,,,,,,0.0,,,
2023-09-09 05:00:00,,,,,,,,,,,,,,,,,,,,,0.0,,,
2023-09-09 06:00:00,,,,,,,,,,,,,,,,,,,,,0.0,,,
2023-09-09 07:00:00,,,,,,,,,,,,,,,,,,,,,0.0,,,
2023-09-09 08:00:00,,,,,,,,,,,,,,,,,,,,,0.0,,,
2023-09-09 09:00:00,,,,,,,,,,,,,,,,,,,,,0.0,,,
2023-09-09 10:00:00,,,,,,,,,,,,,,,,,,,,,0.0,,,
2023-09-09 11:00:00,,,,,,,,,,,,,,,,,,,,,0.0,,,
2023-09-09 12:00:00,,,,,,,,,,,,,,,,,,,,,0.0,,,
2023-09-09 13:00:00,,,,,,,,,,,,,,,,,,,,,0.0,,,
2023-09-09 14:00:00,,,,,,,,,,,,,,,,,,,,,0.0,,,
2023-09-09 15:00:00,,,,,,,,,,,,,,,,,,,,,0.0,,,
2023-09-09 16:00:00,,,,,,,,,,,,,,,,,,,,,0.0,,,
2023-09-09 17:00:00,,,,,,,,,,,,,,,,,,,,,0.0,,,
2023-09-09 18:00:00,,,,,,,,,,,,,,,,,,,,,0.0,,,
2023-09-09 19:00:00,,,,,,,,,,,,,,,,,,,,,0.0,,,
2023-09-09 20:00:00,,,,,,,,,,,,,,,,,,,,,0.0,,,
2023-09-09 21:00:00,,,,,,,,,,,,,,,,,,,,,0.0,,,
2023-09-09 22:00:00,,,,,,,,,,,,,,,,,,,,,0.0,,,
2023-09-09 23:00:00,,,,,,,,,,,,,,,,,,,,,0.0,,,
2023-09-10 00:00:00,,,,,,,,,,,,,,,,,,,,,0.0,,,
2023-09-10 01:00:00,,,,,,,,,,,,,,,,,,,,,0.0,,,
2023-09-10 02:00:00,,,,,,,,,,,,,,,,,,,,,0.0,,,
2023-09-10 03:00:00,,,,,,,,,,,,,,,,,,,,,0.0,,,
2023-09-10 04:00:00,,,,,,,,,,,,,,,,,,,,,0.0,,,
2023-09-10 05:00:00,,,,,,,,,,,,,,,,,,,,,0.0,,,
2023-09-10 06:00:00,,,,,,,,,,,,,,,,,,,,,0.0,,,
2023-09-10 07:00:00,,,,,,,,,,,,,,,,,,,,,0.0,,,
2023-09-10 08:00:00,,,,,,,,,,,,,,,,,,,,,0.0,,,
2023-09-10 09:00:00,,,,,,,,,,,,,,,,,,,,,0.0,,,
2023-09-10 10:00:00,,,,,,,,,,,,,,,,,,,,,0.0,,,
2023-09-10 11:00:00,,,,,,,,,,,,,,,,,,,,,0.0,,,
2023-09-10 12:00:00,,,,,,,,,,,,,,,,,,,,,0.0,,,
2023-09-10 13:00:00,,,,,,,,,,,,,,,,,,,,,0.0,,,
2023-09-10 14:00:00,,,,,,,,,,,,,,,,,,,,,0.0,,,
2023-09-10 15:00:00,,,,,,,,,,,,,,,,,,,,,0.0,,,
2023-09-10 16:00:00,,,,,,,,,,,,,,,,,,,,,0.0,,,
2023-09-10 17:00:00,,,,,,,,,,,,,,,,,,,,,0.0,,,
2023-09-10 18:00:00,,,,,,,,,,,,,,,,,,,,,0.0,,,
2023-09-10 19:00:00,,,,,,,,,,,,,,,,,,,,,0.0,,,
2023-09-10 20:00:00,,,,,,,,,,,,,,,,,,,,,0.0,,,
2023-09-10 21:00:00,,,,,,,,,,,,,,,,,,,,,0.0,,,
2023-09-10 22:00:00,,,,,,,,,,,,,,,,,,,,,0.0,,,
2023-09-10 23:00:00,,,,,,,,,,,,,,,,,,,,,0.0,,,
2023-09-11 00:00:00,,,,,,,,,,,,,,,,,,,,,0.0,,,
2023-09-11 01:00:00,,,,,,,,,,,,,,,,,,,,,0.0,,,
2023-09-11 02:00:00,,,,,,,,,,,,,,,,,,,,,0.0,,,
2023-09-11 03:00:00,,,,,,,,,,,,,,,,,,,,,0.0,,,
2023-09-11 04:00:00,,,,,,,,,,,,,,,,,,,,,0.0,,,
2023-09-11 05:00:00,,,,,,,,,,,,,,,,,,,,,0.0,,,
2023-09-11 06:00:00,,,,,,,,,,,,,,,,,,,,,0.0,,,
2023-09-11 07:00:00,,,,,,,,,,,,,,,,,,,,,0.0,,,
2023-09-11 08:00:00,,,,,,,,,,,,,,,,,,,,,0.0,,,
2023-09-11 09:00:00,,,,,,,,,,,,,,,,,,,,,0.0,,,
2023-09-11 10:00:00,,,,,,,,,,,,,,,,,,,,,0.0,,,
2023-09-11 11:00:00,,,,,,,,,,,,,,,,,,,,,0.0,,,
2023-09-11 12:00:00,,,,,,,,,,,,,,,,,,,,,0.0,,,
2023-09-11 13:00:00,,,,,,,,,,,,,,,,,,,,,0.0,,,
2023-09-11 14:00:00,,,,,,,,,,,,,,,,,,,,,0.0,,,
2023-09-11 15:00:00,,,,,,,,,,,,,,,,,,,,,0.0,,,
2023-09-11 16:00:00,,,,,,,,,,,,,,,,,,,,,0.0,,,
2023-09-11 17:00:00,,,,,,,,,,,,,,,,,,,,,0.0,,,
2023-09-11 18:00:00,,,,,,,,,,,,,,,,,,,,,0.0,,,
2023-09-11 19:00:00,,,,,,,,,,,,,,,,,,,,,0.0,,,
2023-09-11 20:00:00,,,,,,,,,,,,,,,,,,,,,0.0,,,
2023-09-11 21:00:00,,,,,,,,,,,,,,,,,,,,,0.0,,,
2023-09-11 22:00:00,,,,,,,,,,,,,,,,,,,,,0.0,,,
2023-09-11 23:00:00,,,,,,,,,,,,,,,,,,,,,0.0,,,
2023-09-12 00:00:00,,,,,,,,,,,,,,,,,,,,,0.0,,,
2023-09-12 01:00:00,,,,,,,,,,,,,,,,,,,,,0.0,,,
2023-09-12 02:00:00,,,,,,,,,,,,,,,,,,,,,0.0,,,
2023-09-12 03:00:00,,,,,,,,,,,,,,,,,,,,,0.0,,,
2023-09-12 04:00:00,,,,,,,,,,,,,,,,,,,,,0.0,,,
2023-09-12 05:00:00,,,,,,,,,,,,,,,,,,,,,0.0,,,
2023-09-12 06:00:00,,,,,,,,,,,,,,,,,,,,,0.0,,,
2023-09-12 07:00:00,,,,,,,,,,,,,,,,,,,,,0.0,,,
2023-09-12 08:00:00,,,,,,,,,,,,,,,,,,,,,0.0,,,
2023-09-12 09:00:00,,,,,,,,,,,,,,,,,,,,,0.0,,,
2023-09-12 10:00:00,,,,,,,,,,,,,,,,,,,,,0.0,,,
2023-09-12 11:00:00,,,,,,,,,,,,,,,,,,,,,0.0,,,
2023-09-12 12:00:00,,,,,,,,,,,,,,,,,,,,,0.0,,,
2023-09-12 13:00:00,,,,,,,,,,,,,,,,,,,,,0.0,,,
2023-09-12 14:00:00,,,,,,,,,,,,,,,,,,,,,0.0,,,
2023-09-12 15:00:00,,,,,,,,,,,,,,,,,,,,,0.0,,,
2023-09-12 16:00:00,,,,,,,,,,,,,,,,,,,,,0.0,,,
2023-09-12 17:00:00,,,,,,,,,,,,,,,,,,,,,0.0,,,
2023-09-12 18:00:00,,,,,,,,,,,,,,,,,,,,,0.0,,,
2023-09-12 19:00:00,,,,,,,,,,,,,,,,,,,,,0.0,,,
2023-09-12 20:00:00,,,,,,,,,,,,,,,,,,,,,0.0,,,
2023-09-12 21:00:00,,,,,,,,,,,,,,,,,,,,,0.0,,,
2023-09-12 22:00:00,,,,,,,,,,,,,,,,,,,,,0.0,,,
2023-09-12 23:00:00,,,,,,,,,,,,,,,,,,,,,0.0,,,
2023-09-13 00:00:00,,,,,,,,,,,,,,,,,,,,,0.0,,,
2023-09-13 01:00:00,,,,,,,,,,,,,,,,,,,,,0.0,,,
2023-09-13 02:00:00,,,,,,,,,,,,,,,,,,,,,0.0,,,
2023-09-13 03:00:00,,,,,,,,,,,,,,,,,,,,,0.0,,,
2023-09-13 04:00:00,,,,,,,,,,,,,,,,,,,,,0.0,,,
2023-09-13 05:00:00,,,,,,,,,,,,,,,,,,,,,0.0,,,
2023-09-13 06:00:00,,,,,,,,,,,,,,,,,,,,,0.0,,,
2023-09-13 07:00:00,,,,,,,,,,,,,,,,,,,,,0.0,,,
2023-09-13 08:00:00,,,,,,,,,,,,,,,,,,,,,0.0,,,
2023-09-13 09:00:00,,,,,,,,,,,,,,,,,,,,,0.0,,,
2023-09-13 10:00:00,,,,,,,,,,,,,,,,,,,,,0.0,,,
2023-09-13 11:00:00,,,,,,,,,,,,,,,,,,,,,0.0,,,
2023-09-13 12:00:00,43.0,64.5,0.81,1.44,0.92,0.53,2.0,0.23,1.5,0.03,,,,0.04,0.06,,,,,0.0,0.0,,,
2023-09-13 13:00:00,0.2,,0.94,1.44,1.29,0.53,2.0,0.2275,1.5,0.03,,,,0.0425,0.052500000000000005,,,,,0.0,0.0,,,
2023-09-13 14:00:00,5.7,9.45,0.94,1.44,1.29,0.53,2.0,0.2375,1.5,0.03,,,,0.045,0.055,,,,,0.0,0.0,,,
2023-09-13 15:00:00,1.8125,3.4699999999999998,0.94,1.44,1.29,0.53,2.0,0.235,1.5,0.03,,,,0.0425,0.052500000000000005,,,,,0.0,0.0,,,
2023-09-13 16:00:00,28.3,42.375,0.94,1.44,1.29,0.53,2.0,0.22,1.5,0.03,,,,0.04,0.05,,,,,0.0,0.0,,,
2023-09-13 17:00:00,16.1,25.2,0.94,1.44,1.29,0.53,2.0,0.22999999999999998,1.5,0.03,,,,0.0425,0.052500000000000005,,,,,0.0,0.0,,,
2023-09-13 18:00:00,15.3,25.2,0.94,1.44,1.29,0.53,2.0,0.2625,1.5,0.03,,,,0.052500000000000005,0.0625,,,,,0.0,0.0,,,
2023-09-13 19:00:00,14.5,26.85,0.94,1.44,1.29,0.53,2.0,0.275,1.5,0.03,,,,0.057499999999999996,0.0675,,,,,0.0,0.0,,,
2023-09-13 20:00:00,13.75,21.6,0.94,1.44,1.29,0.53,2.0,0.355,1.5,0.0425,,,,0.07,0.0825,,,,,0.0,0.0,,,
2023-09-13 21:00:00,25.5,42.6,0.94,1.44,1.29,0.53,2.0,0.3925,1.5,0.0475,,,,0.0775,0.095,,,,,0.0,0.0,,,
2023-09-13 22:00:00,18.7375,30.5625,0.94,1.44,1.29,0.53,2.0,0.3925,1.5,0.05,,,,0.08,0.095,,,,,0.0,0.0,,,
2023-09-13 23:00:00,22.733333333333334,41.5,0.94,1.4400000000000002,1.29,0.53,2.0,0.3833333333333333,1.5,0.04666666666666667,,,,0.07333333333333335,0.09000000000000001,,,,,0.0,0.0,,,
2023-09-14 00:00:00,22.599999999999998,36.4,0.94,1.4400000000000002,1.29,0.53,2.0,0.33,1.5,0.04,,,,0.0675,0.08,,,,,0.0,0.0,,,
2023-09-14 01:00:00,36.9,66.5625,0.94,1.44,1.29,0.53,2.0,0.3025,1.5,0.035,,,,0.057499999999999996,0.0675,,,,,0.0,0.0,,,
2023-09-14 02:00:00,25.15,39.45,0.94,1.44,1.29,0.53,2.0,0.235,1.5,0.03,,,,0.045,0.055,,,,,0.0,0.0,,,
2023-09-14 03:00:00,11.4,21.15,0.94,1.44,1.29,0.53,2.0,0.2175,1.5,0.03,,,,0.04,0.05,,,,,0.0,0.0,,,
2023-09-14 04:00:00,7.0375,20.85,0.94,1.44,1.29,0.53,2.0,0.2025,1.5,0.025,,,,0.04,0.05,,,,,0.0,0.0,,,
2023-09-14 05:00:00,10.4,15.6,0.94,1.44,1.29,0.53,2.0,0.2,1.5,0.0225,,,,0.04,0.045,,,,,0.0,0.0,,,
2023-09-14 06:00:00,6.6499999999999995,10.95,0.94,1.44,1.29,0.53,2.0,0.23249999999999998,1.5,0.03,,,,0.045,0.057499999999999996,,,,,0.0,0.0,,,
2023-09-14 07:00:00,15.5,27.375,0.94,1.44,1.29,0.53,2.0,0.2475,1.5,0.03,,,,0.05,0.06,,,,,0.0,0.0,,,
2023-09-14 08:00:00,20.3,33.75,0.94,1.44,1.29,0.53,2.0,0.245,1.5,0.03,,,,0.05,0.06,,,,,0.0,0.0,,,
2023-09-14 09:00:00,10.5625,23.25,0.94,1.44,1.29,0.53,2.0,0.2225,1.5,0.03,,,,0.04,0.05,,,,,0.0,0.0,,,
2023-09-14 10:00:00,15.775,28.125,0.94,1.44,1.29,0.53,2.0,0.2275,1.5,0.03,,,,0.04,0.05,,,,,0.0,0.0,,,
2023-09-14 11:00:00,17.3,30.655,0.94,1.44,1.29,0.53,2.0,0.22,1.5,0.03,,,,0.0425,0.052500000000000005,,,,,0.0,0.0,,,
2023-09-14 12:00:00,22.4125,35.9625,0.94,1.44,1.29,0.53,2.0,0.23249999999999998,1.5,0.03,,,,0.0425,0.052500000000000005,,,,,0.0,0.0,,,
2023-09-14 13:00:00,21.25,36.375,0.94,1.44,1.29,0.53,2.0,0.23249999999999998,1.5,0.03,,,,0.0425,0.052500000000000005,,,,,0.0,0.0,,,
2023-09-14 14:00:00,18.5,29.81,0.94,1.44,1.29,0.53,2.0,0.2025,1.5,0.025,,,,0.04,0.05,,,,,0.0,0.0,,,
2023-09-14 15:00:00,12.4,20.7,0.94,1.44,1.29,0.53,2.0,0.195,1.5,0.0225,,,,0.04,0.045,,,,,0.0,0.0,,,
2023-09-14 16:00:00,14.075,28.95,0.94,1.44,1.29,0.53,2.0,0.19,1.5,0.02,,,,0.04,0.04,,,,,0.0,0.0,,,
2023-09-14 17:00:00,16.25,22.875,0.94,1.44,1.29,0.53,2.0,0.1975,1.5,0.02,,,,0.04,0.0475,,,,,0.0,0.0,,,
2023-09-14 18:00:00,4.8375,9.15,0.94,1.44,1.29,0.53,2.0,0.235,1.5,0.03,,,,0.0475,0.057499999999999996,,,,,0.0,0.0,,,
2023-09-14 19:00:00,14.25,27.1875,0.94,1.44,1.29,0.53,2.0,0.24,1.5,0.03,,,,0.045,0.055,,,,,0.0,0.0,,,
2023-09-14 20:00:00,13.7,21.695,0.94,1.44,1.29,0.53,2.0,0.2825,1.5,0.035,,,,0.06,0.0675,,,,,0.0,0.0,,,
2023-09-14 21:00:00,20.25,30.375,0.94,1.44,1.29,0.53,2.0,0.33499999999999996,1.5,0.04,,,,0.0675,0.0775,,,,,0.0,0.0,,,
2023-09-14 22:00:00,17.2125,30.095,0.94,1.44,1.29,0.53,2.0,0.3675,1.5,0.04,,,,0.07250000000000001,0.08499999999999999,,,,,0.0,0.0,,,
2023-09-14 23:00:00,26.233333333333334,50.626666666666665,0.94,1.4400000000000002,1.29,0.53,2.0,0.35333333333333333,1.5,0.04,,,,0.07,0.08333333333333333,,,,,0.0,0.0,,,
2023-09-15 00:00:00,19.133333333333333,40.5,0.94,1.4400000000000002,1.29,0.53,2.0,0.30666666666666664,1.5,0.04,,,,0.0675,0.07500000000000001,,,,,0.0,0.0,,,
2023-09-15 01:00:00,22.4375,45.9,0.94,1.44,1.29,0.53,2.0,0.2875,1.5,0.03,,,,0.06,0.07,,,,,0.0,0.0,,,
2023-09-15 02:00:00,21.7,38.4,0.94,1.44,1.29,0.53,2.0,0.2575,1.5,0.03,,,,0.05,0.06,,,,,0.0,0.0,,,
2023-09-15 03:00:00,15.3,24.0,0.94,1.44,1.29,0.53,2.0,0.225,1.5,0.03,,,,0.0425,0.052500000000000005,,,,,0.0,0.0,,,
2023-09-15 04:00:00,11.5,21.15,0.94,1.44,1.29,0.53,2.0,0.2125,1.5,0.03,,,,0.04,0.05,,,,,0.0,0.0,,,
2023-09-15 05:00:00,20.075,33.15,0.94,1.44,1.29,0.53,2.0,0.215,1.5,0.03,,,,0.04,0.05,,,,,0.0,0.0,,,
2023-09-15 06:00:00,21.35,39.9,0.94,1.44,1.29,0.53,2.0,0.2375,1.5,0.03,,,,0.0475,0.057499999999999996,,,,,0.0,0.0,,,
2023-09-15 07:00:00,29.55,62.1,0.94,1.44,1.29,0.53,2.0,0.255,1.5,0.03,,,,0.05,0.06,,,,,0.0,0.0,,,
2023-09-15 08:00:00,40.9,64.5,0.94,1.44,1.29,0.53,2.0,0.23249999999999998,1.5,0.03,,,,0.045,0.055,,,,,0.0,0.0,,,
2023-09-15 09:00:00,33.55,56.4,0.94,1.44,1.29,0.53,2.0,0.22999999999999998,1.5,0.03,,,,0.04,0.05,,,,,0.0,0.0,,,
2023-09-15 10:00:00,34.325,54.1875,0.94,1.44,1.29,0.53,2.0,0.24,1.5,0.03,,,,0.045,0.055,,,,,0.0,0.0,,,
2023-09-15 11:00:00,27.2125,48.375,0.94,1.44,1.29,0.535,2.0,0.23249999999999998,1.51,0.03,,,,0.0475,0.055,,,,,0.0,0.0,,,
2023-09-15 12:00:00,17.1,29.025,0.9475,1.44,1.29,0.54,2.0175,0.245,1.5125,0.03,,,,0.05,0.06,,,,,0.0,0.0,,,
2023-09-15 13:00:00,16.3,28.5,0.94,1.4525,1.3025,0.53,2.0,0.255,1.5,0.03,,,,0.052500000000000005,0.0625,,,,,0.0,0.0,,,
2023-09-15 14:00:00,34.25,54.15,0.94,1.44,1.29,0.535,2.0,0.23,1.5,0.03,,,,0.045,0.057499999999999996,,,,,0.0,0.0,,,
2023-09-15 15:00:00,31.4125,57.0,0.9475,1.44,1.3,0.53,2.0,0.2425,1.5,0.03,,,,0.0475,0.057499999999999996,,,,,0.0,0.0,,,
2023-09-15 16:00:00,44.8625,75.9,0.94,1.45,1.3,0.53,2.0,0.27,1.5,0.03,,,,0.05,0.06,,,,,0.0,0.0,,,
2023-09-15 17:00:00,33.85,59.1,0.94,1.44,1.29,0.535,2.0,0.265,1.51,0.03,,,,0.055,0.065,,,,,0.0,0.0,,,
2023-09-15 18:00:00,26.3,37.105000000000004,0.94,1.44,1.29,0.53,2.0,0.2675,1.5,0.03,,,,0.05,0.06,,,,,0.0,0.0,,,
2023-09-15 19:00:00,21.9625,36.825,0.94,1.44,1.29,0.53,2.0,0.29,1.5,0.03,,,,0.057499999999999996,0.0675,,,,,0.0,0.0,,,
2023-09-15 20:00:00,18.5,31.2,0.94,1.44,1.29,0.53,2.0,0.3,1.5,0.035,,,,0.06,0.07250000000000001,,,,,0.0,0.0,,,
2023-09-15 21:00:00,21.7375,36.75,0.94,1.44,1.29,0.53,2.0,0.34750000000000003,1.5,0.0425,,,,0.07250000000000001,0.085,,,,,0.0,0.0,,,
2023-09-15 22:00:00,38.25,60.45,0.94,1.44,1.29,0.53,2.0,0.38,1.5,0.0425,,,,0.07250000000000001,0.09,,,,,0.0,0.0,,,
2023-09-15 23:00:00,26.166666666666668,55.199999999999996,0.94,1.4400000000000002,1.29,0.53,2.0,0.36999999999999994,1.5,0.04,,,,0.07,0.09000000000000001,,,,,0.0,0.0,,,
2023-09-16 00:00:00,43.0,64.5,0.94,1.4400000000000002,1.29,0.53,2.0,0.33,1.5,0.04,,,,0.0675,0.0775,,,,,0.0,0.0,,,
2023-09-16 01:00:00,22.7375,41.55,0.9475,1.44,1.29,0.535,2.0175,0.2975,1.5,0.0375,,,,0.06,0.07,,,,,0.0,0.0,,,
2023-09-16 02:00:00,21.5,32.25,0.94,1.44,1.29,0.53,2.0,0.2825,1.5,0.03,,,,0.06,0.07,,,,,0.0,0.0,,,
2023-09-16 03:00:00,29.35,46.35,0.94,1.44,1.29,0.53,2.0,0.265,1.5,0.03,,,,0.052500000000000005,0.0625,,,,,0.0,0.0,,,
2023-09-16 04:00:00,17.7375,38.55,0.94,1.44,1.29,0.53,2.0,0.25,1.5,0.03,,,,0.05,0.06,,,,,0.0,0.0,,,
2023-09-16 05:00:00,20.1,33.45,0.94,1.44,1.29,0.53,2.0,0.2425,1.5,0.03,,,,0.0475,0.057499999999999996,,,,,0.0,0.0,,,
2023-09-16 06:00:00,18.0,31.65,0.94,1.44,1.29,0.53,2.0,0.26,1.5,0.03,,,,0.0525,0.065,,,,,0.0,0.0,,,
2023-09-16 07:00:00,45.25,73.35,0.94,1.45,1.29,0.53,2.0,0.28,1.5,0.03,,,,0.057499999999999996,0.0675,,,,,0.0,0.0,,,
2023-09-16 08:00:00,31.675,58.3125,0.94,1.44,1.29,0.53,2.0,0.25,1.5,0.03,,,,0.05,0.06,,,,,0.0,0.0,,,
2023-09-16 09:00:00,29.4125,52.6875,0.94,1.44,1.3,0.53,2.0,0.245,1.5,0.03,,,,0.05,0.057499999999999996,,,,,0.0,0.0,,,
2023-09-16 10:00:00,27.3625,45.47,0.94,1.44,1.29,0.53,2.0,0.25,1.5,0.03,,,,0.05,0.06,,,,,0.0,0.0,,,
2023-09-16 11:00:00,26.2125,43.595,0.94,1.44,1.29,0.53,2.0,0.25,1.5,0.03,,,,0.05,0.06,,,,,0.0,0.0,,,
2023-09-16 12:00:00,29.4,49.125,0.94,1.44,1.29,0.535,2.0175,0.265,1.5125,0.03,,,,0.057499999999999996,0.0675,,,,,0.0,0.0,,,
2023-09-16 13:00:00,34.9,51.655,0.94,1.44,1.29,0.53,2.0,0.26,1.5,0.03,,,,0.05,0.06,,,,,0.0,0.0,,,
2023-09-16 14:00:00,23.75,41.98,0.9475,1.44,1.29,0.53,2.015,0.2775,1.51,0.03,,,,0.06,0.07,,,,,0.0,0.0,,,
2023-09-16 15:00:00,41.6,62.4,0.94,1.44,1.29,0.53,2.0,0.2625,1.5,0.03,,,,0.05,0.0625,,,,,0.0,0.0,,,
2023-09-16 16:00:00,9.495000000000001,15.844999999999999,0.94,1.44,1.29,0.53,2.0,0.2625,1.5,0.03,,,,0.052500000000000005,0.0625,,,,,0.0,0.0,,,
2023-09-16 17:00:00,31.5,47.25,0.94,1.44,1.29,0.53,2.0,0.275,1.5,0.03,,,,0.052500000000000005,0.065,,,,,0.0,0.0,,,
2023-09-16 18:00:00,23.925,37.7625,0.94,1.44,1.29,0.53,2.0,0.32,1.5,0.0325,,,,0.0625,0.07250000000000001,,,,,0.0,0.0,,,
2023-09-16 19:00:00,25.1875,45.75,0.9475,1.45,1.3,0.535,2.015,0.3075,1.51,0.0375,,,,0.0625,0.07250000000000001,,,,,0.0,0.0,,,
2023-09-16 20:00:00,27.3875,43.8,0.94,1.44,1.29,0.53,2.0,0.34,1.5,0.04,,,,0.07,0.0825,,,,,0.0,0.0,,,
2023-09-16 21:00:00,32.6,51.525,0.94,1.44,1.29,0.53,2.0,0.3425,1.5,0.04,,,,0.07,0.08499999999999999,,,,,0.0,0.0,,,
2023-09-16 22:00:00,21.2875,32.325,0.94,1.44,1.29,0.53,2.0,0.3475,1.5,0.04,,,,0.07,0.08,,,,,0.0,0.0,,,
2023-09-16 23:00:00,17.516666666666666,31.8,0.9499999999999998,1.4666666666666668,1.3166666666666667,0.5433333333333333,2.0233333333333334,0.3433333333333333,1.5166666666666666,0.04,,,,0.07,0.08,,,,,0.0,0.0,,,
2023-09-17 00:00:00,22.25,39.0,0.94,1.4566666666666668,1.29,0.53,2.0,0.30666666666666664,1.5,0.04,,,,0.06,0.07,,,,,0.0,0.0,,,
2023-09-17 01:00:00,20.5,32.25,0.94,1.44,1.29,0.53,2.0,0.3075,1.5,0.0375,,,,0.0625,0.07250000000000001,,,,,0.0,0.0,,,
2023-09-17 02:00:00,20.733333333333334,35.4,0.94,1.4400000000000002,1.29,0.53,2.0,0.2933333333333333,1.5,0.03333333333333333,,,,0.06,0.07,,,,,0.0,0.0,,,
2023-09-17 03:00:00,12.15,21.15,0.94,1.44,1.29,0.53,2.0,0.265,1.5,0.03,,,,0.055,0.0625,,,,,0.0,0.0,,,
2023-09-17 04:00:00,17.65,28.95,0.94,1.44,1.29,0.53,2.0,0.2475,1.5,0.03,,,,0.05,0.06,,,,,0.0,0.0,,,
2023-09-17 05:00:00,9.675,17.85,0.94,1.44,1.29,0.53,2.0,0.24,1.5,0.03,,,,0.05,0.06,,,,,0.0,0.0,,,
2023-09-17 06:00:00,24.4,39.45,0.94,1.44,1.29,0.53,2.0,0.2575,1.5,0.03,,,,0.05,0.06,,,,,0.0,0.0,,,
2023-09-17 07:00:00,26.0,40.629999999999995,0.9475,1.44,1.29,0.54,2.0324999999999998,0.275,1.5225,0.0325,,,,0.055,0.065,,,,,0.0,0.0,,,
2023-09-17 08:00:00,16.25,30.0,0.9624999999999999,1.48,1.33,0.545,2.045,0.275,1.53,0.03,,,,0.055,0.065,,,,,0.0,0.0,,,
2023-09-17 09:00:00,29.5125,50.1,0.985,1.5,1.365,0.56,2.105,0.235,1.575,0.03,,,,0.045,0.057499999999999996,,,,,0.0,0.0,,,
2023-09-17 10:00:00,27.6,48.45,0.9475,1.44,1.29,0.535,2.015,0.215,1.51,0.03,,,,0.04,0.05,,,,,0.0,0.0,,,
2023-09-17 11:00:00,19.725,30.9375,0.94,1.45,1.29,0.53,2.0,0.21,1.5,0.03,,,,0.04,0.05,,,,,0.0,0.0,,,
2023-09-17 12:00:00,29.9,48.75,0.9524999999999999,1.45,1.3,0.5375000000000001,2.0300000000000002,0.23,1.52,0.03,,,,0.0425,0.05500000000000001,,,,,0.0,0.0,,,
2023-09-17 13:00:00,32.275,62.25,0.94,1.4525,1.3025,0.535,2.0,0.255,1.5125,0.03,,,,0.045,0.055,,,,,0.0,0.0,,,
2023-09-17 14:00:00,34.0,53.55,0.9475,1.48,1.32,0.53,2.0,0.2325,1.5,0.03,,,,0.0425,0.052500000000000005,,,,,0.0,0.0,,,
2023-09-17 15:00:00,19.625,32.8125,0.9575,1.4649999999999999,1.3125,0.545,2.035,0.235,1.5275,0.03,,,,0.04,0.05,,,,,0.0,0.0,,,
2023-09-17 16:00:00,21.8175,43.875,0.94,1.4575,1.2975,0.53,2.0,0.2525,1.5,0.03,,,,0.05,0.06,,,,,0.0,0.0,,,
2023-09-17 17:00:00,25.95,40.93,0.9475,1.44,1.29,0.535,2.0175,0.2675,1.5125,0.0325,,,,0.055,0.065,,,,,0.0,0.0,,,
2023-09-17 18:00:00,29.625,55.65,0.955,1.47,1.32,0.535,2.0324999999999998,0.2725,1.51,0.03,,,,0.055,0.065,,,,,0.0,0.0,,,
2023-09-17 19:00:00,23.1,38.1,0.9775,1.45,1.31,0.55,2.0875,0.3075,1.5625,0.0375,,,,0.06,0.07,,,,,0.0,0.0,,,
2023-09-17 20:00:00,26.5,44.1,1.0025,1.5075,1.365,0.585,2.165,0.3675,1.6325,0.045,,,,0.07500000000000001,0.09,,,,,0.0,0.0,,,
2023-09-17 21:00:00,32.15,53.1,0.9724999999999999,1.5125,1.36,0.55,2.0775,0.46,1.5525,0.052500000000000005,,,,0.09,0.10750000000000001,,,,,0.0,0.0,,,
2023-09-17 22:00:00,29.9,50.025,0.96,1.5025,1.34,0.545,2.0425,0.415,1.5425,0.0475,,,,0.0775,0.0975,,,,,0.0,0.0,,,
2023-09-17 23:00:00,20.733333333333334,39.5,0.9499999999999998,1.4400000000000002,1.29,0.53,2.0,0.36000000000000004,1.5,0.04,,,,0.07,0.08333333333333333,,,,,0.0,0.0,,,
2023-09-18 00:00:00,0.2,,0.9499999999999998,1.4666666666666668,1.3166666666666667,0.5433333333333333,2.04,0.3,1.5266666666666666,0.04,,,,0.0625,0.07250000000000001,,,,,0.0,0.0,,,
2023-09-18 01:00:00,0.225,,0.955,1.4725,1.29,0.535,2.0324999999999998,0.2775,1.5125,0.03,,,,0.057499999999999996,0.0675,,,,,0.0,0.0,,,
2023-09-18 02:00:00,0.21666666666666667,,0.94,1.44,1.29,0.54,2.015,0.245,1.52,0.03,,,,0.05,0.06,,,,,0.0,0.0,,,
2023-09-18 03:00:00,0.2,,0.94,1.44,1.3,0.535,2.0,0.22,1.51,0.03,,,,0.04,0.05,,,,,0.0,0.0,,,
2023-09-18 04:00:00,0.325,,0.9575,1.46,1.32,0.55,2.05,0.21,1.5475,0.025,,,,0.04,0.05,,,,,0.0,0.0,,,
2023-09-18 05:00:00,0.2,,0.94,1.44,1.29,0.535,2.0,0.2,1.51,0.02,,,,0.04,0.05,,,,,0.0,0.0,,,
2023-09-18 06:00:00,0.2,,0.94,1.44,1.29,0.535,2.0,0.2225,1.51,0.0275,,,,0.04,0.05,,,,,0.0,0.0,,,
2023-09-18 07:00:00,0.2,,0.9524999999999999,1.44,1.29,0.5375000000000001,2.0300000000000002,0.24,1.52,0.03,,,,0.05,0.06,,,,,0.0,0.0,,,
2023-09-18 08:00:00,,,0.94,1.4525,1.29,0.53,2.0,0.25,1.5,0.03,,,,0.05,0.06,,,,,0.0,0.0,,,
2023-09-18 09:00:00,,,0.97,1.495,1.3399999999999999,0.5425,2.0475,0.3,1.5325,0.035,,,,0.06,0.07,,,,,0.0,0.0,,,
2023-09-18 10:00:00,0.2,,0.9675,1.4725,1.34,0.55,2.0725,0.25,1.5525,0.03,,,,0.05,0.0625,,,,,0.0,0.0,,,
2023-09-18 11:00:00,0.20000000000000004,,1.0075,1.545,1.38,0.5700000000000001,2.1525,0.23,1.61,0.03,,,,0.0425,0.055,,,,,0.0,0.0,,,
2023-09-18 12:00:00,32.725,49.725,0.9624999999999999,1.4725,1.31,0.535,2.0475,0.2175,1.5425,0.0275,,,,0.04,0.05,,,,,0.0,0.0,,,
2023-09-18 13:00:00,42.2,63.225,1.025,1.58,1.42,0.5825,2.1875,0.21,1.6375,0.025,,,,0.04,0.05,,,,,0.0,0.0,,,
2023-09-18 14:00:00,25.2,37.8,0.9875,1.545,1.38,0.5575,2.1174999999999997,0.2225,1.575,0.03,,,,0.045,0.055,,,,,0.0,0.0,,,
2023-09-18 15:00:00,30.1,47.625,0.9775,1.4975,1.345,0.5475,2.065,0.25,1.5475,0.03,,,,0.05,0.06,,,,,0.0,0.0,,,
2023-09-18 16:00:00,22.933333333333334,43.0,0.9933333333333333,1.5200000000000002,1.3666666666666665,0.5633333333333334,2.0966666666666667,0.25666666666666665,1.5866666666666667,0.03,,,,0.05000000000000001,0.06,,,,,0.0,0.0,,,
2023-09-18 17:00:00,,,,,,,,,,,,,,,,,,,,,0.0,,,
2023-09-18 18:00:00,,,,,,,,,,,,,,,,,,,,,0.0,,,
2023-09-18 19:00:00,,,,,,,,,,,,,,,,,,,,,0.0,,,
2023-09-18 20:00:00,,,,,,,,,,,,,,,,,,,,,0.0,,,
2023-09-18 21:00:00,,,,,,,,,,,,,,,,,,,,,0.0,,,
2023-09-18 22:00:00,,,,,,,,,,,,,,,,,,,,,0.0,,,
2023-09-18 23:00:00,,,,,,,,,,,,,,,,,,,,,0.0,,,
2023-09-19 00:00:00,,,,,,,,,,,,,,,,,,,,,0.0,,,
2023-09-19 01:00:00,,,,,,,,,,,,,,,,,,,,,0.0,,,
2023-09-19 02:00:00,,,,,,,,,,,,,,,,,,,,,0.0,,,
2023-09-19 03:00:00,,,,,,,,,,,,,,,,,,,,,0.0,,,
2023-09-19 04:00:00,,,,,,,,,,,,,,,,,,,,,0.0,,,
2023-09-19 05:00:00,,,,,,,,,,,,,,,,,,,,,0.0,,,
2023-09-19 06:00:00,,,,,,,,,,,,,,,,,,,,,0.0,,,
2023-09-19 07:00:00,,,,,,,,,,,,,,,,,,,,,0.0,,,
2023-09-19 08:00:00,,,,,,,,,,,,,,,,,,,,,0.0,,,
2023-09-19 09:00:00,,,,,,,,,,,,,,,,,,,,,0.0,,,
2023-09-19 10:00:00,20.28333333333333,42.0,0.9499999999999998,1.4400000000000002,1.29,0.5366666666666667,2.02,0.18000000000000002,1.5133333333333334,0.023333333333333334,,,,0.05000000000000001,0.06,,,,,0.0,0.0,,,
2023-09-19 11:00:00,5.699999999999999,16.8,0.9675,1.4725,1.33,0.5475000000000001,2.0475,0.2075,1.5425,0.03,,,,0.04,0.05,,,,,0.0,0.0,,,
2023-09-19 12:00:00,9.7875,18.9,0.9675,1.505,1.3525,0.545,2.0625,0.2025,1.5425,0.02,,,,0.04,0.045,,,,,0.0,0.0,,,
2023-09-19 13:00:00,10.4125,18.3,0.94,1.44,1.29,0.53,2.0,0.1975,1.5,0.0225,,,,0.04,0.045,,,,,0.0,0.0,,,
2023-09-19 14:00:00,8.05,12.6,0.9675,1.49,1.3475000000000001,0.5475,2.0625,0.2225,1.5425,0.03,,,,0.04,0.05,,,,,0.0,0.0,,,
2023-09-19 15:00:00,30.4925,48.45,0.9475,1.4625,1.3,0.53,2.015,0.3375,1.51,0.0375,,,,0.0575,0.0675,,,,,0.0,0.0,,,
2023-09-19 16:00:00,24.95,42.225,0.94,1.44,1.29,0.53,2.0,0.305,1.5,0.04,,,,0.065,0.07500000000000001,,,,,0.0,0.0,,,
2023-09-19 17:00:00,58.2,89.4,0.955,1.45,1.3,0.54,2.0324999999999998,0.2875,1.5225,0.03,,,,0.057499999999999996,0.0675,,,,,0.0,0.0,,,
2023-09-19 18:00:00,21.575,37.8,0.94,1.44,1.29,0.53,2.0,0.2525,1.5,0.0325,,,,0.055,0.065,,,,,0.0,0.0,,,
2023-09-19 19:00:00,18.3,27.45,0.94,1.44,1.29,0.53,2.0,0.305,1.5,0.0375,,,,0.06,0.07,,,,,0.0,0.0,,,
2023-09-19 20:00:00,12.399999999999999,22.95,0.94,1.44,1.29,0.53,2.0,0.3,1.5,0.0375,,,,0.06,0.07,,,,,0.0,0.0,,,
2023-09-19 21:00:00,14.9375,26.4375,0.94,1.44,1.29,0.535,2.0175,0.305,1.5275,0.04,,,,0.06,0.07,,,,,0.0,0.0,,,
2023-09-19 22:00:00,21.44333333333333,36.0,0.94,1.44,1.29,0.53,2.0,0.31,1.5,0.04,,,,0.0625,0.07250000000000001,,,,,0.0,0.0,,,
2023-09-19 23:00:00,17.776666666666667,26.666666666666668,0.94,1.4400000000000002,1.29,0.53,2.0,0.2933333333333333,1.5,0.04,,,,0.06,0.07,,,,,0.0,0.0,,,
2023-09-20 00:00:00,28.0,45.0,0.94,1.4400000000000002,1.29,0.53,2.0,0.27666666666666667,1.5,0.03,,,,0.057499999999999996,0.07,,,,,0.0,0.0,,,
2023-09-20 01:00:00,40.5,60.75,0.94,1.44,1.29,0.53,2.0,0.23249999999999998,1.5,0.03,,,,0.045,0.055,,,,,0.0,0.0,,,
2023-09-20 02:00:00,18.325,30.1875,0.94,1.44,1.29,0.53,2.0,0.1975,1.5,0.0225,,,,0.04,0.045,,,,,0.0,0.0,,,
2023-09-20 03:00:00,5.375,10.03,0.94,1.45,1.3,0.53,2.0,0.1725,1.5,0.02,,,,0.035,0.04,,,,,0.0,0.0,,,
2023-09-20 04:00:00,13.5,22.5,0.9475,1.46,1.31,0.53,2.0,0.16,1.5,0.02,,,,0.03,0.04,,,,,0.0,0.0,,,
2023-09-20 05:00:00,5.9,10.5,0.94,1.44,1.29,0.53,2.0,0.1625,1.5,0.02,,,,0.03,0.04,,,,,0.0,0.0,,,
2023-09-20 06:00:00,11.3625,18.845,0.9475,1.45,1.3,0.54,2.0,0.1725,1.5225,0.02,,,,0.035,0.04,,,,,0.0,0.0,,,
2023-09-20 07:00:00,3.75,6.0,0.94,1.44,1.29,0.53,2.0,0.1975,1.5,0.0225,,,,0.04,0.0475,,,,,0.0,0.0,,,
2023-09-20 08:00:00,14.7,22.05,0.94,1.44,1.29,0.53,2.0,0.21000000000000002,1.5125,0.025,,,,0.04,0.05,,,,,0.0,0.0,,,
2023-09-20 09:00:00,2.2833333333333337,9.6,0.94,1.44,1.29,0.53,2.0,0.20750000000000002,1.5,0.025,,,,0.04,0.05,,,,,0.0,0.0,,,
2023-09-20 10:00:00,7.866666666666667,13.5,0.94,1.44,1.29,0.53,2.0,0.20500000000000002,1.5,0.0225,,,,0.04,0.05,,,,,0.0,0.0,,,
2023-09-20 11:00:00,7.65,13.5,0.94,1.44,1.29,0.53,2.0,0.1825,1.5,0.02,,,,0.04,0.04,,,,,0.0,0.0,,,
2023-09-20 12:00:00,2.825,6.9375,0.94,1.44,1.29,0.53,2.0,0.185,1.5,0.02,,,,0.04,0.04,,,,,0.0,0.0,,,
2023-09-20 13:00:00,0.9,2.4,0.9475,1.4525,1.3025,0.54,2.0324999999999998,0.19,1.5225,0.02,,,,0.04,0.0425,,,,,0.0,0.0,,,
2023-09-20 14:00:00,0.8,1.35,0.9475,1.46,1.3,0.535,2.015,0.19,1.51,0.02,,,,0.04,0.04,,,,,0.0,0.0,,,
2023-09-20 15:00:00,0.2,,0.9975,1.52,1.3875,0.5625,2.1375,0.19,1.585,0.02,,,,0.04,0.04,,,,,0.0,0.0,,,
2023-09-20 16:00:00,4.925,9.45,0.9475,1.44,1.29,0.535,2.015,0.1925,1.51,0.02,,,,0.04,0.04,,,,,0.0,0.0,,,
2023-09-20 17:00:00,16.6,26.25,0.96,1.47,1.3175,0.535,2.0425,0.20500000000000002,1.52,0.025,,,,0.04,0.0475,,,,,0.0,0.0,,,
2023-09-20 18:00:00,9.375,14.0625,0.94,1.44,1.29,0.53,2.015,0.2025,1.51,0.0225,,,,0.04,0.045,,,,,0.0,0.0,,,
2023-09-20 19:00:00,4.9875,7.779999999999999,0.94,1.44,1.29,0.53,2.0,0.2425,1.5,0.03,,,,0.0475,0.057499999999999996,,,,,0.0,0.0,,,
2023-09-20 20:00:00,5.0875,8.85,1.005,1.545,1.39,0.575,2.1574999999999998,0.2675,1.6175,0.0325,,,,0.052500000000000005,0.0625,,,,,0.0,0.0,,,
2023-09-20 21:00:00,4.05,6.3,0.9724999999999999,1.46,1.31,0.5475,2.0575,0.275,1.5425,0.03,,,,0.057499999999999996,0.0675,,,,,0.0,0.0,,,
2023-09-20 22:00:00,6.4,10.05,0.9775,1.4725,1.3325,0.5575,2.0925000000000002,0.255,1.56,0.03,,,,0.05,0.06,,,,,0.0,0.0,,,
2023-09-20 23:00:00,5.466666666666666,9.200000000000001,0.9733333333333333,1.5233333333333334,1.37,0.5499999999999999,2.1166666666666667,0.25333333333333335,1.57,0.03,,,,0.05000000000000001,0.06,,,,,0.0,0.0,,,
2023-09-21 00:00:00,13.666666666666666,24.0,0.9499999999999998,1.4566666666666668,1.3066666666666666,0.5433333333333333,2.046666666666667,0.25,1.5366666666666668,0.03,,,,0.05,0.06,,,,,0.0,0.0,,,
2023-09-21 01:00:00,5.95,10.5,0.94,1.44,1.29,0.53,2.0,0.195,1.5,0.0225,,,,0.04,0.045,,,,,0.0,0.0,,,
2023-09-21 02:00:00,3.9,6.3,0.94,1.44,1.29,0.53,2.0,0.1725,1.5,0.02,,,,0.035,0.04,,,,,0.0,0.0,,,
2023-09-21 03:00:00,3.1,4.65,0.94,1.44,1.29,0.53,2.0,0.16,1.5,0.02,,,,0.03,0.04,,,,,0.0,0.0,,,
2023-09-21 04:00:00,4.15,7.2,0.94,1.44,1.29,0.53,2.0,0.16,1.5,0.02,,,,0.03,0.04,,,,,0.0,0.0,,,
2023-09-21 05:00:00,3.75,6.15,0.94,1.44,1.29,0.53,2.0,0.1525,1.5,0.02,,,,0.03,0.04,,,,,0.0,0.0,,,
2023-09-21 06:00:00,3.85,5.625,0.9575,1.45,1.3125,0.535,2.035,0.155,1.5125,0.02,,,,0.03,0.0375,,,,,0.0,0.0,,,
2023-09-21 07:00:00,2.15,3.1125,0.94,1.44,1.29,0.53,2.0,0.16999999999999998,1.5,0.02,,,,0.0325,0.04,,,,,0.0,0.0,,,
2023-09-21 08:00:00,5.6,9.75,0.9475,1.45,1.3,0.535,2.015,0.17250000000000001,1.51,0.02,,,,0.0325,0.04,,,,,0.0,0.0,,,
2023-09-21 09:00:00,6.05,10.5,0.965,1.505,1.3425,0.545,2.035,0.215,1.5275,0.0275,,,,0.04,0.05,,,,,0.0,0.0,,,
2023-09-21 10:00:00,3.6625,6.45,0.9724999999999999,1.505,1.35,0.545,2.0475,0.23249999999999998,1.5475,0.03,,,,0.045,0.055,,,,,0.0,0.0,,,
2023-09-21 11:00:00,13.025,20.85,0.9724999999999999,1.45,1.3,0.54,2.05,0.20750000000000002,1.51,0.025,,,,0.04,0.05,,,,,0.0,0.0,,,
2023-09-21 12:00:00,2.1333333333333333,9.0,0.94,1.47,1.31,0.53,2.0,0.2025,1.5,0.02,,,,0.04,0.0475,,,,,0.0,0.0,,,
2023-09-21 13:00:00,4.733333333333333,10.5,0.955,1.44,1.29,0.535,2.0300000000000002,0.2075,1.51,0.0275,,,,0.04,0.05,,,,,0.0,0.0,,,
2023-09-21 14:00:00,10.075,17.0625,0.9575,1.4625,1.3225,0.545,2.05,0.2225,1.5275,0.03,,,,0.04,0.05,,,,,0.0,0.0,,,
2023-09-21 15:00:00,7.85,15.3,0.965,1.46,1.31,0.55,2.0725,0.2025,1.54,0.025,,,,0.04,0.05,,,,,0.0,0.0,,,
2023-09-21 16:00:00,14.2,22.855,0.955,1.4975,1.355,0.54,2.0324999999999998,0.20500000000000002,1.5225,0.025,,,,0.04,0.05,,,,,0.0,0.0,,,
2023-09-21 17:00:00,17.0,25.5,0.9475,1.45,1.31,0.535,2.0300000000000002,0.2025,1.51,0.025,,,,0.04,0.0475,,,,,0.0,0.0,,,
2023-09-21 18:00:00,7.4875,14.7,0.9475,1.44,1.29,0.535,2.015,0.2225,1.51,0.03,,,,0.0425,0.052500000000000005,,,,,0.0,0.0,,,
2023-09-21 19:00:00,9.625,16.2,0.955,1.45,1.32,0.54,2.0300000000000002,0.25,1.52,0.03,,,,0.045,0.055,,,,,0.0,0.0,,,
2023-09-21 20:00:00,11.25,20.55,0.9475,1.46,1.3,0.54,2.0324999999999998,0.2575,1.5225,0.03,,,,0.055,0.0625,,,,,0.0,0.0,,,
2023-09-21 21:00:00,16.6875,26.25,0.94,1.44,1.29,0.53,2.0,0.275,1.5,0.03,,,,0.055,0.0675,,,,,0.0,0.0,,,
2023-09-21 22:00:00,11.6875,20.4375,0.94,1.44,1.29,0.53,2.0,0.23249999999999998,1.5,0.03,,,,0.0475,0.057499999999999996,,,,,0.0,0.0,,,
2023-09-21 23:00:00,8.0,12.0,0.9499999999999998,1.4400000000000002,1.29,0.5366666666666667,2.0433333333333334,0.22999999999999998,1.53,0.03,,,,0.04666666666666667,0.056666666666666664,,,,,0.0,0.0,,,
2023-09-22 00:00:00,9.549999999999999,18.0,0.94,1.4733333333333334,1.3066666666666666,0.5366666666666667,2.0,0.21,1.5,0.03,,,,0.04,0.05,,,,,0.0,0.0,,,
2023-09-22 01:00:00,6.95,10.594999999999999,0.955,1.44,1.29,0.54,2.0300000000000002,0.20500000000000002,1.52,0.0225,,,,0.04,0.05,,,,,0.0,0.0,,,
2023-09-22 02:00:00,4.55,7.8,0.9475,1.44,1.29,0.53,2.015,0.18,1.5,0.02,,,,0.0375,0.04,,,,,0.0,0.0,,,
2023-09-22 03:00:00,3.675,6.1875,0.94,1.44,1.29,0.53,2.0,0.1575,1.5,0.02,,,,0.03,0.04,,,,,0.0,0.0,,,
2023-09-22 04:00:00,1.1875,1.6875,0.9475,1.44,1.29,0.535,2.0175,0.14750000000000002,1.5125,0.02,,,,0.0325,0.0375,,,,,0.0,0.0,,,
2023-09-22 05:00:00,1.0,1.425,0.94,1.44,1.3025,0.53,2.0,0.14,1.5,0.02,,,,0.03,0.03,,,,,0.0,0.0,,,
2023-09-22 06:00:00,3.7,5.25,0.94,1.44,1.29,0.53,2.0,0.1475,1.5,0.02,,,,0.03,0.0375,,,,,0.0,0.0,,,
2023-09-22 07:00:00,2.625,4.65,1.01,1.5575,1.3925,0.5725,2.1575,0.165,1.6225,0.02,,,,0.0325,0.04,,,,,0.0,0.0,,,
2023-09-22 08:00:00,1.75,2.25,0.9575,1.4649999999999999,1.3025,0.55,2.05,0.185,1.5375,0.02,,,,0.04,0.04,,,,,0.0,0.0,,,
2023-09-22 09:00:00,1.5875,2.8125,0.94,1.44,1.29,0.53,2.0,0.17,1.5,0.02,,,,0.0325,0.04,,,,,0.0,0.0,,,
2023-09-22 10:00:00,0.39999999999999997,1.2,0.9624999999999999,1.46,1.31,0.54,2.0475,0.195,1.52,0.0225,,,,0.0425,0.045,,,,,0.0,0.0,,,
2023-09-22 11:00:00,0.2,,1.01,1.5425,1.3775,0.5675,2.1475,0.2175,1.5975,0.025,,,,0.045,0.0525,,,,,0.0,0.0,,,
2023-09-22 12:00:00,284.475,481.6875,1.0350000000000001,1.585,1.435,0.5700000000000001,2.1975,0.185,1.61,0.02,,,,0.04,0.04,,,,,0.0,0.0,,,
2023-09-22 13:00:00,45.1,69.25,1.04,1.6133333333333333,1.45,0.59,2.25,0.18000000000000002,1.67,0.02,,,,0.04,0.043333333333333335,,,,,0.0,0.0,,,
2023-09-22 14:00:00,,,,,,,,,,,,,,,,,,,,,0.0,,,
2023-09-22 15:00:00,,,,,,,,,,,,,,,,,,,,,0.0,,,
2023-09-22 16:00:00,,,,,,,,,,,,,,,,,,,,,0.0,,,
2023-09-22 17:00:00,,,,,,,,,,,,,,,,,,,,,0.0,,,
2023-09-22 18:00:00,,,,,,,,,,,,,,,,,,,,,0.0,,,
2023-09-22 19:00:00,,,,,,,,,,,,,,,,,,,,,0.0,,,
2023-09-22 20:00:00,,,,,,,,,,,,,,,,,,,,,0.0,,,
2023-09-22 21:00:00,,,,,,,,,,,,,,,,,,,,,0.0,,,
2023-09-22 22:00:00,,,,,,,,,,,,,,,,,,,,,0.0,,,
2023-09-22 23:00:00,,,,,,,,,,,,,,,,,,,,,0.0,,,
2023-09-23 00:00:00,,,,,,,,,,,,,,,,,,,,,0.0,,,
2023-09-23 01:00:00,,,,,,,,,,,,,,,,,,,,,0.0,,,
2023-09-23 02:00:00,,,,,,,,,,,,,,,,,,,,,0.0,,,
2023-09-23 03:00:00,,,,,,,,,,,,,,,,,,,,,0.0,,,
2023-09-23 04:00:00,,,,,,,,,,,,,,,,,,,,,0.0,,,
2023-09-23 05:00:00,,,,,,,,,,,,,,,,,,,,,0.0,,,
2023-09-23 06:00:00,,,,,,,,,,,,,,,,,,,,,0.0,,,
2023-09-23 07:00:00,,,,,,,,,,,,,,,,,,,,,0.0,,,
2023-09-23 08:00:00,,,,,,,,,,,,,,,,,,,,,0.0,,,
2023-09-23 09:00:00,,,,,,,,,,,,,,,,,,,,,0.0,,,
2023-09-23 10:00:00,,,,,,,,,,,,,,,,,,,,,0.0,,,
2023-09-23 11:00:00,,,,,,,,,,,,,,,,,,,,,0.0,,,
2023-09-23 12:00:00,,,,,,,,,,,,,,,,,,,,,0.0,,,
2023-09-23 13:00:00,,,,,,,,,,,,,,,,,,,,,0.0,,,
2023-09-23 14:00:00,,,,,,,,,,,,,,,,,,,,,0.0,,,
2023-09-23 15:00:00,,,,,,,,,,,,,,,,,,,,,0.0,,,
2023-09-23 16:00:00,,,,,,,,,,,,,,,,,,,,,0.0,,,
2023-09-23 17:00:00,,,,,,,,,,,,,,,,,,,,,0.0,,,
2023-09-23 18:00:00,,,,,,,,,,,,,,,,,,,,,0.0,,,
2023-09-23 19:00:00,,,,,,,,,,,,,,,,,,,,,0.0,,,
2023-09-23 20:00:00,,,,,,,,,,,,,,,,,,,,,0.0,,,
2023-09-23 21:00:00,,,,,,,,,,,,,,,,,,,,,0.0,,,
2023-09-23 22:00:00,,,,,,,,,,,,,,,,,,,,,0.0,,,
2023-09-23 23:00:00,,,,,,,,,,,,,,,,,,,,,0.0,,,
2023-09-24 00:00:00,,,,,,,,,,,,,,,,,,,,,0.0,,,
2023-09-24 01:00:00,,,,,,,,,,,,,,,,,,,,,0.0,,,
2023-09-24 02:00:00,,,,,,,,,,,,,,,,,,,,,0.0,,,
2023-09-24 03:00:00,,,,,,,,,,,,,,,,,,,,,0.0,,,
2023-09-24 04:00:00,,,,,,,,,,,,,,,,,,,,,0.0,,,
2023-09-24 05:00:00,,,,,,,,,,,,,,,,,,,,,0.0,,,
2023-09-24 06:00:00,,,,,,,,,,,,,,,,,,,,,0.0,,,
2023-09-24 07:00:00,,,,,,,,,,,,,,,,,,,,,0.0,,,
2023-09-24 08:00:00,,,,,,,,,,,,,,,,,,,,,0.0,,,
2023-09-24 09:00:00,,,,,,,,,,,,,,,,,,,,,0.0,,,
2023-09-24 10:00:00,,,,,,,,,,,,,,,,,,,,,0.0,,,
2023-09-24 11:00:00,,,,,,,,,,,,,,,,,,,,,0.0,,,
2023-09-24 12:00:00,,,,,,,,,,,,,,,,,,,,,0.0,,,
2023-09-24 13:00:00,,,,,,,,,,,,,,,,,,,,,0.0,,,
2023-09-24 14:00:00,,,,,,,,,,,,,,,,,,,,,0.0,,,
2023-09-24 15:00:00,,,,,,,,,,,,,,,,,,,,,0.0,,,
2023-09-24 16:00:00,,,,,,,,,,,,,,,,,,,,,0.0,,,
2023-09-24 17:00:00,,,,,,,,,,,,,,,,,,,,,0.0,,,
2023-09-24 18:00:00,,,,,,,,,,,,,,,,,,,,,0.0,,,
2023-09-24 19:00:00,,,,,,,,,,,,,,,,,,,,,0.0,,,
2023-09-24 20:00:00,,,,,,,,,,,,,,,,,,,,,0.0,,,
2023-09-24 21:00:00,,,,,,,,,,,,,,,,,,,,,0.0,,,
2023-09-24 22:00:00,,,,,,,,,,,,,,,,,,,,,0.0,,,
2023-09-24 23:00:00,,,,,,,,,,,,,,,,,,,,,0.0,,,
2023-09-25 00:00:00,,,,,,,,,,,,,,,,,,,,,0.0,,,
2023-09-25 01:00:00,,,,,,,,,,,,,,,,,,,,,0.0,,,
2023-09-25 02:00:00,,,,,,,,,,,,,,,,,,,,,0.0,,,
2023-09-25 03:00:00,,,,,,,,,,,,,,,,,,,,,0.0,,,
2023-09-25 04:00:00,,,,,,,,,,,,,,,,,,,,,0.0,,,
2023-09-25 05:00:00,,,,,,,,,,,,,,,,,,,,,0.0,,,
2023-09-25 06:00:00,,,,,,,,,,,,,,,,,,,,,0.0,,,
2023-09-25 07:00:00,,,,,,,,,,,,,,,,,,,,,0.0,,,
2023-09-25 08:00:00,,,,,,,,,,,,,,,,,,,,,0.0,,,
2023-09-25 09:00:00,,,,,,,,,,,,,,,,,,,,,0.0,,,
2023-09-25 10:00:00,19.9,33.0,0.94,1.44,1.29,0.53,2.0,0.135,1.5,0.02,,,,0.025,0.035,,,,,0.0,0.0,,,
2023-09-25 11:00:00,3.066666666666667,13.2,0.965,1.45,1.3,0.5425,2.045,0.23,1.53,0.03,,,,0.045,0.055,,,,,0.0,0.0,,,
2023-09-25 12:00:00,0.2,,0.9675,1.46,1.3,0.5425,2.0300000000000002,0.24,1.5325,0.03,,,,0.045,0.055,,,,,0.0,0.0,,,
2023-09-25 13:00:00,0.2,,0.955,1.46,1.3,0.545,2.0324999999999998,0.1975,1.5375,0.02,,,,0.04,0.0425,,,,,0.0,0.0,,,
2023-09-25 14:00:00,0.4,,0.94,1.45,1.3,0.535,2.0,0.18,1.5125,0.02,,,,0.035,0.04,,,,,0.0,0.0,,,
2023-09-25 15:00:00,,,0.955,1.49,1.33,0.5425,2.0300000000000002,0.1825,1.52,0.02,,,,0.04,0.04,,,,,0.0,0.0,,,
2023-09-25 16:00:00,0.20000000000000004,,0.96,1.5,1.36,0.5525,2.0475,0.23,1.5525,0.03,,,,0.05,0.0575,,,,,0.0,0.0,,,
2023-09-25 17:00:00,4.4,7.5375,0.99,1.525,1.35,0.5675,2.1225,0.2325,1.58,0.03,,,,0.045,0.052500000000000005,,,,,0.0,0.0,,,
2023-09-25 18:00:00,16.975,33.3,0.9775,1.4725,1.3399999999999999,0.54,2.0625,0.2675,1.5325,0.0325,,,,0.0575,0.065,,,,,0.0,0.0,,,
2023-09-25 19:00:00,15.7875,27.9,0.9524999999999999,1.46,1.31,0.535,2.045,0.3175,1.52,0.0375,,,,0.065,0.07500000000000001,,,,,0.0,0.0,,,
2023-09-25 20:00:00,9.899999999999999,15.2625,0.9724999999999999,1.4525,1.3025,0.5425,2.075,0.3175,1.54,0.04,,,,0.065,0.07500000000000001,,,,,0.0,0.0,,,
2023-09-25 21:00:00,12.1625,23.1,0.9675,1.4725,1.34,0.5525,2.0625,0.32,1.5425,0.0375,,,,0.0625,0.07500000000000001,,,,,0.0,0.0,,,
2023-09-25 22:00:00,21.15,33.45,0.94,1.44,1.29,0.535,2.0,0.3025,1.51,0.035,,,,0.06,0.07,,,,,0.0,0.0,,,
2023-09-25 23:00:00,11.333333333333334,17.0,0.94,1.4400000000000002,1.29,0.53,2.0,0.29,1.5,0.03333333333333333,,,,0.06,0.07,,,,,0.0,0.0,,,
2023-09-26 00:00:00,12.200000000000001,22.5,0.94,1.4400000000000002,1.3033333333333335,0.53,2.0,0.28,1.5,0.03,,,,0.057499999999999996,0.0675,,,,,0.0,0.0,,,
2023-09-26 01:00:00,26.2,41.4,0.94,1.44,1.29,0.53,2.0,0.2475,1.5,0.03,,,,0.0475,0.057499999999999996,,,,,0.0,0.0,,,
2023-09-26 02:00:00,14.35,27.3,0.94,1.44,1.29,0.53,2.0,0.21,1.5,0.0275,,,,0.04,0.05,,,,,0.0,0.0,,,
2023-09-26 03:00:00,9.4,16.05,0.94,1.44,1.29,0.53,2.0,0.19,1.5,0.02,,,,0.04,0.0425,,,,,0.0,0.0,,,
2023-09-26 04:00:00,19.05,32.55,0.9475,1.44,1.29,0.53,2.015,0.19,1.5,0.02,,,,0.04,0.04,,,,,0.0,0.0,,,
2023-09-26 05:00:00,16.875,25.3125,0.9475,1.44,1.29,0.53,2.0175,0.2025,1.5125,0.0275,,,,0.04,0.05,,,,,0.0,0.0,,,
2023-09-26 06:00:00,23.6875,39.75,0.94,1.44,1.29,0.53,2.0,0.225,1.5,0.03,,,,0.0425,0.052500000000000005,,,,,0.0,0.0,,,
2023-09-26 07:00:00,10.412500000000001,18.375,0.94,1.44,1.29,0.53,2.0,0.2275,1.5,0.03,,,,0.045,0.057499999999999996,,,,,0.0,0.0,,,
2023-09-26 08:00:00,17.25,28.8,0.94,1.44,1.29,0.53,2.0,0.2275,1.5,0.03,,,,0.0425,0.052500000000000005,,,,,0.0,0.0,,,
2023-09-26 09:00:00,17.075,25.8,0.94,1.4525,1.29,0.53,2.0,0.1925,1.5,0.0225,,,,0.04,0.0425,,,,,0.0,0.0,,,
2023-09-26 10:00:00,12.35,19.18,0.94,1.44,1.29,0.53,2.0,0.2,1.5,0.025,,,,0.0425,0.0475,,,,,0.0,0.0,,,
2023-09-26 11:00:00,12.45,22.2,0.9675,1.4775,1.3250000000000002,0.55,2.0875,0.2275,1.565,0.03,,,,0.045,0.055,,,,,0.0,0.0,,,
2023-09-26 12:00:00,15.0,24.75,1.0325,1.5750000000000002,1.4224999999999999,0.5725,2.1775,0.22999999999999998,1.63,0.03,,,,0.0425,0.05,,,,,0.0,0.0,,,
2023-09-26 13:00:00,13.4625,25.6875,1.0025,1.5750000000000002,1.4175,0.575,2.1550000000000002,0.1975,1.6099999999999999,0.02,,,,0.04,0.045,,,,,0.0,0.0,,,
2023-09-26 14:00:00,25.2,39.0,0.985,1.4975,1.345,0.56,2.095,0.19,1.5775000000000001,0.02,,,,0.04,0.04,,,,,0.0,0.0,,,
2023-09-26 15:00:00,23.175,34.7625,1.0,1.505,1.355,0.56,2.13,0.1825,1.58,0.02,,,,0.04,0.04,,,,,0.0,0.0,,,
2023-09-26 16:00:00,14.45,26.55,1.0225,1.49,1.3575,0.575,2.1875,0.1825,1.6175,0.02,,,,0.04,0.0425,,,,,0.0,0.0,,,
2023-09-26 17:00:00,18.9625,32.4375,0.975,1.4849999999999999,1.365,0.545,2.065,0.20750000000000002,1.5325,0.025,,,,0.04,0.05,,,,,0.0,0.0,,,
2023-09-26 18:00:00,11.55,23.85,0.98,1.4725,1.3325,0.5475,2.085,0.23249999999999998,1.5575,0.03,,,,0.045,0.055,,,,,0.0,0.0,,,
2023-09-26 19:00:00,10.0125,19.8,0.965,1.51,1.345,0.54,2.035,0.2675,1.525,0.03,,,,0.055,0.065,,,,,0.0,0.0,,,
2023-09-26 20:00:00,18.6,30.3,0.955,1.46,1.3,0.5375000000000001,2.015,0.3475,1.52,0.04,,,,0.07250000000000001,0.08499999999999999,,,,,0.0,0.0,,,
2023-09-26 21:00:00,11.05,19.35,0.9675,1.4525,1.3125,0.5475000000000001,2.0625,0.395,1.5425,0.045,,,,0.0775,0.09,,,,,0.0,0.0,,,
2023-09-26 22:00:00,14.4375,29.8125,0.965,1.4525,1.315,0.5425,2.0575,0.34750000000000003,1.54,0.04,,,,0.0675,0.0825,,,,,0.0,0.0,,,
2023-09-26 23:00:00,15.166666666666666,22.75,0.9499999999999998,1.4400000000000002,1.29,0.53,2.0233333333333334,0.29,1.5,0.03,,,,0.06,0.07,,,,,0.0,0.0,,,
2023-09-27 00:00:00,25.0,31.24666666666667,0.9633333333333333,1.4633333333333332,1.29,0.5433333333333333,2.08,0.25,1.5599999999999998,0.03,,,,0.05,0.06,,,,,0.0,0.0,,,
2023-09-27 01:00:00,9.6875,15.1875,0.9575,1.4525,1.315,0.5425,2.0425,0.2175,1.53,0.0275,,,,0.0425,0.052500000000000005,,,,,0.0,0.0,,,
2023-09-27 02:00:00,7.5,12.0,0.94,1.4525,1.3025,0.535,2.0,0.195,1.5125,0.02,,,,0.04,0.045,,,,,0.0,0.0,,,
2023-09-27 03:00:00,16.9375,34.3125,0.94,1.4525,1.3025,0.535,2.0175,0.185,1.5125,0.02,,,,0.04,0.04,,,,,0.0,0.0,,,
2023-09-27 04:00:00,11.4375,20.4375,0.9475,1.47,1.3050000000000002,0.535,2.0175,0.1825,1.5125,0.02,,,,0.04,0.04,,,,,0.0,0.0,,,
2023-09-27 05:00:00,14.77,30.375,0.9775,1.47,1.3175000000000001,0.5525,2.0825,0.1825,1.575,0.02,,,,0.04,0.04,,,,,0.0,0.0,,,
2023-09-27 06:00:00,6.6,10.5,0.9575,1.4775,1.335,0.54,2.055,0.20500000000000002,1.5375,0.025,,,,0.0425,0.0475,,,,,0.0,0.0,,,
2023-09-27 07:00:00,,,,,,,,,,,,,,,,,,,,,0.0,,,
2023-09-27 08:00:00,,,,,,,,,,,,,,,,,,,,,0.0,,,
2023-09-27 09:00:00,,,,,,,,,,,,,,,,,,,,,0.0,,,
2023-09-27 10:00:00,8.2,13.5,0.94,1.44,1.29,0.53,2.0,0.3,1.5,0.025,,,,0.04,0.05,,,,,0.0,0.0,,,
2023-09-27 11:00:00,2.25,3.38,0.94,1.4566666666666668,1.32,0.53,2.0,0.22,1.5,0.02666666666666667,,,,0.043333333333333335,0.049999999999999996,,,,,0.0,0.0,,,
2023-09-27 12:00:00,,,,,,,,,,,,,,,,,,,,,0.0,,,
2023-09-27 13:00:00,4.35,12.75,1.0150000000000001,1.55,1.385,0.5774999999999999,2.1550000000000002,0.15,1.62,0.015,,,,0.03,0.0325,,,,,0.0,0.0,,,
2023-09-27 14:00:00,7.05,17.55,1.0225,1.5575,1.4075,0.5700000000000001,2.165,0.1925,1.6225,0.0225,,,,0.04,0.045,,,,,0.0,0.0,,,
2023-09-27 15:00:00,,,,,,,,,,,,,,,,,,,,,0.0,,,
2023-09-27 16:00:00,,,,,,,,,,,,,,,,,,,,,0.0,,,
2023-09-27 17:00:00,,,,,,,,,,,,,,,,,,,,,0.0,,,
2023-09-27 18:00:00,,,,,,,,,,,,,,,,,,,,,0.0,,,
2023-09-27 19:00:00,,,,,,,,,,,,,,,,,,,,,0.0,,,
2023-09-27 20:00:00,,,,,,,,,,,,,,,,,,,,,0.0,,,
2023-09-27 21:00:00,,,,,,,,,,,,,,,,,,,,,0.0,,,
2023-09-27 22:00:00,,,,,,,,,,,,,,,,,,,,,0.0,,,
2023-09-27 23:00:00,,,,,,,,,,,,,,,,,,,,,0.0,,,
2023-09-28 00:00:00,,,,,,,,,,,,,,,,,,,,,0.0,,,
2023-09-28 01:00:00,,,,,,,,,,,,,,,,,,,,,0.0,,,
2023-09-28 02:00:00,,,,,,,,,,,,,,,,,,,,,0.0,,,
2023-09-28 03:00:00,,,,,,,,,,,,,,,,,,,,,0.0,,,
2023-09-28 04:00:00,,,,,,,,,,,,,,,,,,,,,0.0,,,
2023-09-28 05:00:00,,,,,,,,,,,,,,,,,,,,,0.0,,,
2023-09-28 06:00:00,,,,,,,,,,,,,,,,,,,,,0.0,,,
2023-09-28 07:00:00,,,,,,,,,,,,,,,,,,,,,0.0,,,
2023-09-28 08:00:00,,,,,,,,,,,,,,,,,,,,,0.0,,,
2023-09-28 09:00:00,,,,,,,,,,,,,,,,,,,,,0.0,,,
2023-09-28 10:00:00,,,,,,,,,,,,,,,,,,,,,0.0,,,
2023-09-28 11:00:00,,,,,,,,,,,,,,,,,,,,,0.0,,,
2023-09-28 12:00:00,13.0,19.5,0.94,1.44,1.29,0.53,2.0,0.21,1.5,0.02,,,,0.04,0.04,,,,,0.0,0.0,,,
2023-09-28 13:00:00,22.6,32.1,1.05,1.64,1.48,0.6025,2.2425,0.18,1.69,0.02,,,,0.04,0.04,,,,,0.0,0.0,,,
2023-09-28 14:00:00,11.775,22.875,1.0625,1.64,1.4675,0.605,2.275,0.2025,1.7,0.02,,,,0.04,0.045,,,,,0.0,0.0,,,
2023-09-28 15:00:00,18.125,30.1875,1.0625,1.64,1.48,0.61,2.275,0.20500000000000002,1.7,0.0225,,,,0.04,0.045,,,,,0.0,0.0,,,
2023-09-28 16:00:00,23.6375,39.9375,1.07,1.63,1.48,0.605,2.2725,0.20750000000000002,1.71,0.0225,,,,0.04,0.05,,,,,0.0,0.0,,,
2023-09-28 17:00:00,24.8125,39.095,1.0625,1.64,1.48,0.61,2.275,0.2075,1.71,0.025,,,,0.0425,0.05,,,,,0.0,0.0,,,
2023-09-28 18:00:00,21.5,32.25,1.0625,1.64,1.4675,0.61,2.29,0.25,1.71,0.03,,,,0.052500000000000005,0.0625,,,,,0.0,0.0,,,
2023-09-28 19:00:00,21.9575,38.0625,1.0550000000000002,1.615,1.4425,0.6,2.255,0.245,1.685,0.03,,,,0.045,0.055,,,,,0.0,0.0,,,
2023-09-28 20:00:00,19.6125,32.795,1.05,1.63,1.46,0.5925,2.245,0.3425,1.68,0.0425,,,,0.07250000000000001,0.0825,,,,,0.0,0.0,,,
2023-09-28 21:00:00,35.7,61.5,1.05,1.63,1.45,0.5974999999999999,2.23,0.3475,1.67,0.04,,,,0.0675,0.0825,,,,,0.0,0.0,,,
2023-09-28 22:00:00,49.35,78.0,1.0550000000000002,1.6199999999999999,1.47,0.5925,2.2575000000000003,0.3425,1.6775,0.04,,,,0.07,0.08,,,,,0.0,0.0,,,
2023-09-28 23:00:00,27.45,44.673333333333325,1.06,1.5999999999999999,1.4400000000000002,0.59,2.2466666666666666,0.2966666666666667,1.68,0.03333333333333333,,,,0.06333333333333334,0.07333333333333335,,,,,0.0,0.0,,,
2023-09-29 00:00:00,22.666666666666668,40.5,1.05,1.5833333333333333,1.4366666666666665,0.5966666666666667,2.24,0.24666666666666667,1.68,0.03,,,,0.0475,0.06,,,,,0.0,0.0,,,
2023-09-29 01:00:00,13.15,21.6,1.0550000000000002,1.5825,1.425,0.595,2.2525,0.2175,1.685,0.03,,,,0.04,0.05,,,,,0.0,0.0,,,
2023-09-29 02:00:00,20.625,33.0,1.0350000000000001,1.5750000000000002,1.435,0.5925,2.1950000000000003,0.2025,1.655,0.025,,,,0.04,0.045,,,,,0.0,0.0,,,
2023-09-29 03:00:00,5.7125,8.85,1.0225,1.585,1.42,0.585,2.1925,0.185,1.645,0.02,,,,0.04,0.04,,,,,0.0,0.0,,,
2023-09-29 04:00:00,13.3,22.2,0.9975,1.54,1.385,0.5575,2.0725,0.16,1.5725,0.02,,,,0.03,0.04,,,,,0.0,0.0,,,
2023-09-29 05:00:00,2.1,12.0,1.0225,1.5775000000000001,1.4275,0.5800000000000001,2.1875,0.155,1.6325,0.02,,,,0.03,0.04,,,,,0.0,0.0,,,
2023-09-29 06:00:00,5.075,8.4375,0.99,1.4825,1.3625,0.565,2.095,0.18,1.5775000000000001,0.02,,,,0.0375,0.0425,,,,,0.0,0.0,,,
2023-09-29 07:00:00,19.1,32.625,0.9924999999999999,1.5125,1.38,0.5625,2.115,0.22,1.5625,0.03,,,,0.0425,0.05,,,,,0.0,0.0,,,
2023-09-29 08:00:00,20.5625,38.625,0.995,1.5375,1.3925,0.56,2.1225,0.2,1.59,0.02,,,,0.04,0.0475,,,,,0.0,0.0,,,
2023-09-29 09:00:00,20.9875,35.0625,1.0550000000000002,1.6175,1.4475,0.605,2.245,0.1875,1.69,0.02,,,,0.04,0.04,,,,,0.0,0.0,,,
2023-09-29 10:00:00,31.8,50.25,1.0550000000000002,1.6275,1.4525,0.605,2.275,0.19,1.71,0.02,,,,0.0375,0.04,,,,,0.0,0.0,,,
2023-09-29 11:00:00,18.55,30.375,1.0625,1.63,1.47,0.605,2.275,0.1825,1.7,0.02,,,,0.04,0.04,,,,,0.0,0.0,,,
2023-09-29 12:00:00,16.875,28.6875,1.07,1.64,1.48,0.61,2.29,0.1825,1.71,0.02,,,,0.04,0.04,,,,,0.0,0.0,,,
2023-09-29 13:00:00,14.5,20.4375,1.07,1.64,1.48,0.61,2.29,0.195,1.71,0.02,,,,0.04,0.0425,,,,,0.0,0.0,,,
2023-09-29 14:00:00,24.35,41.25,1.07,1.64,1.48,0.61,2.29,0.1875,1.71,0.02,,,,0.04,0.04,,,,,0.0,0.0,,,
2023-09-29 15:00:00,27.6,43.5,1.07,1.64,1.48,0.61,2.29,0.195,1.71,0.02,,,,0.04,0.0425,,,,,0.0,0.0,,,
2023-09-29 16:00:00,31.675,56.625,1.07,1.64,1.48,0.61,2.2725,0.2,1.6975,0.02,,,,0.04,0.0475,,,,,0.0,0.0,,,
2023-09-29 17:00:00,17.55,27.45,1.07,1.64,1.48,0.61,2.29,0.225,1.71,0.025,,,,0.045,0.0525,,,,,0.0,0.0,,,
2023-09-29 18:00:00,11.415,17.375,1.0625,1.64,1.48,0.61,2.29,0.24,1.71,0.03,,,,0.045,0.057499999999999996,,,,,0.0,0.0,,,
2023-09-29 19:00:00,21.55,39.0,1.0550000000000002,1.64,1.4575,0.61,2.26,0.3075,1.7,0.035,,,,0.057499999999999996,0.0675,,,,,0.0,0.0,,,
2023-09-29 20:00:00,22.875,50.1,1.0625,1.64,1.48,0.605,2.275,0.3225,1.7,0.04,,,,0.065,0.07500000000000001,,,,,0.0,0.0,,,
2023-09-29 21:00:00,32.35,51.0,1.07,1.64,1.47,0.605,2.29,0.35250000000000004,1.71,0.04,,,,0.07,0.0875,,,,,0.0,0.0,,,
2023-09-29 22:00:00,13.85,21.675,1.0425,1.6,1.45,0.5875,2.2025,0.3575,1.6475,0.04,,,,0.07,0.08499999999999999,,,,,0.0,0.0,,,
2023-09-29 23:00:00,19.733333333333334,31.973333333333333,0.9866666666666667,1.5966666666666667,1.41,0.55,2.1,0.33,1.57,0.04,,,,0.06666666666666667,0.07666666666666667,,,,,0.0,0.0,,,
2023-09-30 00:00:00,17.400000000000002,30.0,1.0333333333333334,1.58,1.4366666666666665,0.6,2.2133333333333334,0.27666666666666667,1.6666666666666667,0.03,,,,0.057499999999999996,0.07,,,,,0.0,0.0,,,
2023-09-30 01:00:00,20.9625,35.4,1.0375,1.6199999999999999,1.47,0.5974999999999999,2.2175000000000002,0.24,1.67,0.03,,,,0.0425,0.052500000000000005,,,,,0.0,0.0,,,
2023-09-30 02:00:00,13.3,23.85,1.0625,1.5875,1.4325,0.61,2.275,0.2125,1.7,0.025,,,,0.04,0.05,,,,,0.0,0.0,,,
2023-09-30 03:00:00,6.9875,14.4,1.0550000000000002,1.6075,1.4475,0.6,2.2575000000000003,0.2,1.6775,0.02,,,,0.04,0.0475,,,,,0.0,0.0,,,
2023-09-30 04:00:00,18.25,32.4,1.04,1.5975000000000001,1.4575,0.59,2.2225,0.1875,1.655,0.02,,,,0.04,0.04,,,,,0.0,0.0,,,
2023-09-30 05:00:00,15.2,26.4,1.0625,1.6199999999999999,1.45,0.6,2.275,0.1925,1.7,0.02,,,,0.04,0.04,,,,,0.0,0.0,,,
2023-09-30 06:00:00,4.2,6.32,1.05,1.6075,1.435,0.5974999999999999,2.245,0.2075,1.68,0.025,,,,0.04,0.0475,,,,,0.0,0.0,,,
2023-09-30 07:00:00,15.8125,30.75,1.0475,1.605,1.455,0.595,2.2375,0.235,1.665,0.03,,,,0.045,0.0575,,,,,0.0,0.0,,,
2023-09-30 08:00:00,25.0375,42.375,1.03,1.6075,1.45,0.59,2.2,0.23249999999999998,1.6575,0.03,,,,0.045,0.052500000000000005,,,,,0.0,0.0,,,
2023-09-30 09:00:00,38.35,63.75,1.05,1.64,1.47,0.6,2.26,0.2225,1.69,0.03,,,,0.04,0.05,,,,,0.0,0.0,,,
2023-09-30 10:00:00,31.4,47.1,1.0625,1.63,1.47,0.605,2.275,0.2025,1.7,0.0225,,,,0.04,0.05,,,,,0.0,0.0,,,
2023-09-30 11:00:00,16.65,27.45,1.07,1.64,1.48,0.61,2.29,0.185,1.71,0.02,,,,0.04,0.04,,,,,0.0,0.0,,,
2023-09-30 12:00:00,2.8375,8.83,1.0625,1.64,1.48,0.6,2.275,0.185,1.69,0.02,,,,0.04,0.04,,,,,0.0,0.0,,,
2023-09-30 13:00:00,11.975,20.155,1.07,1.64,1.48,0.61,2.29,0.185,1.71,0.02,,,,0.04,0.04,,,,,0.0,0.0,,,
2023-09-30 14:00:00,10.65,18.45,1.0625,1.64,1.48,0.61,2.275,0.1875,1.7,0.0225,,,,0.04,0.0425,,,,,0.0,0.0,,,
2023-09-30 15:00:00,14.1125,21.9375,1.07,1.64,1.48,0.61,2.29,0.2125,1.71,0.0275,,,,0.04,0.05,,,,,0.0,0.0,,,
2023-09-30 16:00:00,20.775,36.9375,1.07,1.64,1.48,0.61,2.29,0.2275,1.71,0.03,,,,0.045,0.052500000000000005,,,,,0.0,0.0,,,
2023-09-30 17:00:00,31.1,53.4375,1.07,1.64,1.48,0.605,2.29,0.2425,1.71,0.03,,,,0.0475,0.06,,,,,0.0,0.0,,,
2023-09-30 18:00:00,28.4,44.7,1.07,1.64,1.48,0.61,2.29,0.29000000000000004,1.71,0.0325,,,,0.057499999999999996,0.0675,,,,,0.0,0.0,,,
2023-09-30 19:00:00,34.4625,55.35,1.07,1.64,1.48,0.61,2.29,0.3425,1.71,0.04,,,,0.07,0.0825,,,,,0.0,0.0,,,
2023-09-30 20:00:00,26.95,42.975,1.07,1.64,1.48,0.61,2.29,0.34,1.71,0.04,,,,0.07,0.08,,,,,0.0,0.0,,,
2023-09-30 21:00:00,21.95,36.75,1.0625,1.64,1.48,0.61,2.29,0.3625,1.71,0.04,,,,0.07,0.08499999999999999,,,,,0.0,0.0,,,
2023-09-30 22:00:00,18.6375,33.3,1.07,1.64,1.48,0.605,2.29,0.3525,1.7,0.04,,,,0.07,0.0825,,,,,0.0,0.0,,,
2023-09-30 23:00:00,27.2,40.800000000000004,1.07,1.64,1.4799999999999998,0.61,2.29,0.32666666666666666,1.71,0.04,,,,0.07,0.08,,,,,0.0,0.0,,,
2023-10-01 00:00:00,23.0,34.5,1.07,1.64,1.4799999999999998,0.61,2.29,0.28,1.71,0.03,,,,0.057499999999999996,0.0675,,,,,0.0,0.0,,,
2023-10-01 01:00:00,16.75,26.0625,1.0625,1.64,1.48,0.6,2.275,0.25,1.7,0.03,,,,0.05,0.06,,,,,0.0,0.0,,,
2023-10-01 02:00:00,13.9,22.95,1.07,1.64,1.48,0.61,2.29,0.215,1.71,0.0275,,,,0.04,0.05,,,,,0.0,0.0,,,
2023-10-01 03:00:00,19.2,31.95,1.07,1.64,1.48,0.61,2.29,0.1925,1.71,0.02,,,,0.04,0.0425,,,,,0.0,0.0,,,
2023-10-01 04:00:00,6.4375,12.0,1.0625,1.64,1.48,0.605,2.275,0.1925,1.71,0.02,,,,0.04,0.04,,,,,0.0,0.0,,,
2023-10-01 05:00:00,3.55,6.0,1.07,1.63,1.48,0.61,2.275,0.1825,1.71,0.02,,,,0.0375,0.04,,,,,0.0,0.0,,,
2023-10-01 06:00:00,5.2375,8.7,1.0575,1.64,1.48,0.6,2.245,0.1975,1.68,0.0225,,,,0.0425,0.0425,,,,,0.0,0.0,,,
2023-10-01 07:00:00,15.8625,33.3,1.07,1.64,1.48,0.61,2.29,0.265,1.71,0.03,,,,0.052500000000000005,0.0625,,,,,0.0,0.0,,,
2023-10-01 08:00:00,26.25,41.4,1.07,1.63,1.47,0.61,2.29,0.29,1.71,0.035,,,,0.055,0.065,,,,,0.0,0.0,,,
2023-10-01 09:00:00,24.9625,42.0,1.0625,1.64,1.48,0.605,2.2725,0.28,1.6975,0.03,,,,0.055,0.065,,,,,0.0,0.0,,,
2023-10-01 10:00:00,16.2375,28.5,1.07,1.63,1.48,0.61,2.29,0.265,1.71,0.03,,,,0.052500000000000005,0.0625,,,,,0.0,0.0,,,
2023-10-01 11:00:00,4.0125,7.425,1.07,1.6099999999999999,1.4425,0.605,2.275,0.2425,1.7,0.03,,,,0.05,0.06,,,,,0.0,0.0,,,
2023-10-01 12:00:00,14.05,22.2,1.0625,1.6275,1.4675,0.6,2.2725,0.245,1.6875,0.03,,,,0.05,0.06,,,,,0.0,0.0,,,
2023-10-01 13:00:00,7.6375,14.8125,1.07,1.64,1.48,0.61,2.275,0.24,1.71,0.03,,,,0.0475,0.057499999999999996,,,,,0.0,0.0,,,
2023-10-01 14:00:00,9.3125,14.8125,1.0625,1.64,1.48,0.605,2.275,0.20750000000000002,1.7,0.03,,,,0.04,0.05,,,,,0.0,0.0,,,
2023-10-01 15:00:00,12.625,25.8,1.07,1.64,1.48,0.61,2.29,0.21,1.71,0.03,,,,0.04,0.05,,,,,0.0,0.0,,,
2023-10-01 16:00:00,16.25,24.375,1.07,1.64,1.48,0.61,2.29,0.2225,1.71,0.025,,,,0.0425,0.052500000000000005,,,,,0.0,0.0,,,
2023-10-01 17:00:00,13.1,22.8,1.07,1.64,1.48,0.61,2.29,0.2475,1.71,0.03,,,,0.05,0.06,,,,,0.0,0.0,,,
2023-10-01 18:00:00,11.7,19.8,1.07,1.64,1.48,0.61,2.29,0.31,1.71,0.0375,,,,0.0625,0.07250000000000001,,,,,0.0,0.0,,,
2023-10-01 19:00:00,19.75,33.0,1.07,1.64,1.48,0.61,2.29,0.2825,1.71,0.03,,,,0.06,0.07,,,,,0.0,0.0,,,
2023-10-01 20:00:00,20.75,34.5,1.07,1.64,1.48,0.61,2.29,0.3125,1.71,0.0375,,,,0.065,0.0775,,,,,0.0,0.0,,,
2023-10-01 21:00:00,18.7625,31.875,1.07,1.64,1.48,0.61,2.29,0.33999999999999997,1.71,0.04,,,,0.07,0.0825,,,,,0.0,0.0,,,
2023-10-01 22:00:00,19.1125,28.22,1.07,1.63,1.48,0.61,2.29,0.34,1.71,0.04,,,,0.07,0.08,,,,,0.0,0.0,,,
2023-10-01 23:00:00,17.150000000000002,30.0,1.07,1.64,1.4799999999999998,0.61,2.29,0.3133333333333333,1.71,0.03666666666666667,,,,0.06333333333333334,0.07333333333333335,,,,,0.0,0.0,,,
2023-10-02 00:00:00,22.083333333333332,36.0,1.07,1.64,1.4799999999999998,0.61,2.29,0.26333333333333336,1.71,0.03,,,,0.055,0.065,,,,,0.0,0.0,,,
2023-10-02 01:00:00,18.3,30.6,1.07,1.64,1.48,0.605,2.275,0.2275,1.7,0.03,,,,0.0425,0.055,,,,,0.0,0.0,,,
2023-10-02 02:00:00,15.6,24.6,1.07,1.63,1.48,0.61,2.29,0.2125,1.71,0.0275,,,,0.0425,0.052500000000000005,,,,,0.0,0.0,,,
2023-10-02 03:00:00,6.4,9.6,1.07,1.64,1.48,0.605,2.275,0.2025,1.7,0.0225,,,,0.04,0.05,,,,,0.0,0.0,,,
2023-10-02 04:00:00,0.9,1.35,1.07,1.63,1.47,0.61,2.29,0.19,1.71,0.02,,,,0.04,0.04,,,,,0.0,0.0,,,
2023-10-02 05:00:00,6.15,12.3,1.07,1.64,1.48,0.61,2.29,0.1875,1.71,0.0225,,,,0.04,0.0425,,,,,0.0,0.0,,,
2023-10-02 06:00:00,8.6,13.5,1.0625,1.64,1.48,0.605,2.2725,0.195,1.6975,0.02,,,,0.04,0.0425,,,,,0.0,0.0,,,
2023-10-02 07:00:00,6.6,10.8,1.07,1.62,1.46,0.61,2.29,0.2,1.71,0.02,,,,0.04,0.0425,,,,,0.0,0.0,,,
2023-10-02 08:00:00,5.6625,10.5,1.07,1.64,1.48,0.605,2.29,0.2,1.6975,0.0225,,,,0.04,0.0475,,,,,0.0,0.0,,,
2023-10-02 09:00:00,5.475,9.15,1.07,1.64,1.48,0.61,2.29,0.21,1.71,0.03,,,,0.04,0.05,,,,,0.0,0.0,,,
2023-10-02 10:00:00,20.55,32.625,1.07,1.64,1.48,0.61,2.29,0.185,1.71,0.02,,,,0.04,0.04,,,,,0.0,0.0,,,
2023-10-02 11:00:00,10.525,18.9375,1.07,1.64,1.48,0.61,2.29,0.1725,1.71,0.02,,,,0.0325,0.04,,,,,0.0,0.0,,,
2023-10-02 12:00:00,19.85,29.7,1.07,1.64,1.48,0.61,2.29,0.1675,1.71,0.02,,,,0.035,0.04,,,,,0.0,0.0,,,
2023-10-02 13:00:00,7.5625,12.657499999999999,1.07,1.64,1.48,0.61,2.29,0.1825,1.71,0.02,,,,0.04,0.04,,,,,0.0,0.0,,,
2023-10-02 14:00:00,29.65,47.53,1.07,1.64,1.48,0.61,2.29,0.18,1.71,0.02,,,,0.04,0.04,,,,,0.0,0.0,,,
2023-10-02 15:00:00,21.8875,38.4375,1.07,1.64,1.48,0.61,2.29,0.1775,1.71,0.02,,,,0.04,0.04,,,,,0.0,0.0,,,
2023-10-02 16:00:00,18.2,30.6,1.07,1.64,1.48,0.61,2.29,0.18,1.71,0.02,,,,0.04,0.04,,,,,0.0,0.0,,,
2023-10-02 17:00:00,15.65,24.6,1.07,1.64,1.48,0.61,2.29,0.195,1.71,0.025,,,,0.0475,0.05,,,,,0.0,0.0,,,
2023-10-02 18:00:00,12.0625,22.65,1.07,1.64,1.48,0.61,2.29,0.22,1.71,0.025,,,,0.045,0.055,,,,,0.0,0.0,,,
2023-10-02 19:00:00,17.35,30.6,1.07,1.64,1.48,0.61,2.29,0.2775,1.71,0.0325,,,,0.05500000000000001,0.065,,,,,0.0,0.0,,,
2023-10-02 20:00:00,16.35,26.1,1.07,1.64,1.48,0.61,2.29,0.3225,1.71,0.04,,,,0.07,0.08,,,,,0.0,0.0,,,
2023-10-02 21:00:00,16.9875,32.25,1.07,1.64,1.48,0.61,2.29,0.35,1.71,0.0425,,,,0.07,0.085,,,,,0.0,0.0,,,
2023-10-02 22:00:00,40.9,65.775,1.07,1.64,1.48,0.61,2.29,0.3175,1.71,0.04,,,,0.065,0.07500000000000001,,,,,0.0,0.0,,,
2023-10-02 23:00:00,25.866666666666664,41.0,1.07,1.64,1.4799999999999998,0.61,2.29,0.3133333333333333,1.71,0.04,,,,0.06,0.07,,,,,0.0,0.0,,,
2023-10-03 00:00:00,14.533333333333333,27.0,1.07,1.64,1.4799999999999998,0.61,2.29,0.26333333333333336,1.71,0.03,,,,0.055,0.065,,,,,0.0,0.0,,,
2023-10-03 01:00:00,25.333333333333332,42.6,1.07,1.64,1.4799999999999998,0.61,2.29,0.19666666666666666,1.71,0.023333333333333334,,,,0.04,0.043333333333333335,,,,,0.0,0.0,,,
2023-10-03 02:00:00,,,,,,,,,,,,,,,,,,,,,0.0,,,
2023-10-03 03:00:00,,,,,,,,,,,,,,,,,,,,,0.0,,,
2023-10-03 04:00:00,,,,,,,,,,,,,,,,,,,,,0.0,,,
2023-10-03 05:00:00,,,,,,,,,,,,,,,,,,,,,0.0,,,
2023-10-03 06:00:00,,,,,,,,,,,,,,,,,,,,,0.0,,,
2023-10-03 07:00:00,,,,,,,,,,,,,,,,,,,,,0.0,,,
2023-10-03 08:00:00,,,,,,,,,,,,,,,,,,,,,0.0,,,
2023-10-03 09:00:00,,,,,,,,,,,,,,,,,,,,,0.0,,,
2023-10-03 10:00:00,,,,,,,,,,,,,,,,,,,,,0.0,,,
2023-10-03 11:00:00,,,,,,,,,,,,,,,,,,,,,0.0,,,
2023-10-03 12:00:00,,,,,,,,,,,,,,,,,,,,,0.0,,,
2023-10-03 13:00:00,,,,,,,,,,,,,,,,,,,,,0.0,,,
2023-10-03 14:00:00,,,,,,,,,,,,,,,,,,,,,0.0,,,
2023-10-03 15:00:00,,,,,,,,,,,,,,,,,,,,,0.0,,,
2023-10-03 16:00:00,,,,,,,,,,,,,,,,,,,,,0.0,,,
2023-10-03 17:00:00,,,,,,,,,,,,,,,,,,,,,0.0,,,
2023-10-03 18:00:00,,,,,,,,,,,,,,,,,,,,,0.0,,,
2023-10-03 19:00:00,,,,,,,,,,,,,,,,,,,,,0.0,,,
2023-10-03 20:00:00,,,,,,,,,,,,,,,,,,,,,0.0,,,
2023-10-03 21:00:00,,,,,,,,,,,,,,,,,,,,,0.0,,,
2023-10-03 22:00:00,,,,,,,,,,,,,,,,,,,,,0.0,,,
2023-10-03 23:00:00,,,,,,,,,,,,,,,,,,,,,0.0,,,
2023-10-04 00:00:00,,,,,,,,,,,,,,,,,,,,,0.0,,,
2023-10-04 01:00:00,,,,,,,,,,,,,,,,,,,,,0.0,,,
2023-10-04 02:00:00,,,,,,,,,,,,,,,,,,,,,0.0,,,
2023-10-04 03:00:00,,,,,,,,,,,,,,,,,,,,,0.0,,,
2023-10-04 04:00:00,,,,,,,,,,,,,,,,,,,,,0.0,,,
2023-10-04 05:00:00,,,,,,,,,,,,,,,,,,,,,0.0,,,
2023-10-04 06:00:00,,,,,,,,,,,,,,,,,,,,,0.0,,,
2023-10-04 07:00:00,,,,,,,,,,,,,,,,,,,,,0.0,,,
2023-10-04 08:00:00,,,,,,,,,,,,,,,,,,,,,0.0,,,
2023-10-04 09:00:00,,,,,,,,,,,,,,,,,,,,,0.0,,,
2023-10-04 10:00:00,22.5,45.0,1.01,1.64,1.43,0.57,2.22,0.04,1.66,0.0,,,,0.01,0.01,,,,,0.0,0.0,,,
2023-10-04 11:00:00,12.0,18.0,1.0625,1.64,1.48,0.605,2.275,0.1775,1.7,0.02,,,,0.035,0.0425,,,,,0.0,0.0,,,
2023-10-04 12:00:00,10.175,17.0625,1.07,1.64,1.48,0.61,2.29,0.1675,1.71,0.02,,,,0.0325,0.04,,,,,0.0,0.0,,,
2023-10-04 13:00:00,13.4375,23.1575,1.07,1.64,1.48,0.61,2.29,0.165,1.71,0.02,,,,0.03,0.04,,,,,0.0,0.0,,,
2023-10-04 14:00:00,1.825,4.5,1.07,1.64,1.48,0.61,2.29,0.1775,1.71,0.02,,,,0.035,0.04,,,,,0.0,0.0,,,
2023-10-04 15:00:00,0.4166666666666667,1.2,1.07,1.64,1.48,0.61,2.29,0.185,1.71,0.02,,,,0.04,0.04,,,,,0.0,0.0,,,
2023-10-04 16:00:00,2.0,3.0,1.07,1.64,1.48,0.61,2.29,0.175,1.71,0.02,,,,0.0375,0.04,,,,,0.0,0.0,,,
2023-10-04 17:00:00,5.1875,8.25,1.07,1.64,1.48,0.61,2.29,0.1725,1.71,0.02,,,,0.035,0.04,,,,,0.0,0.0,,,
2023-10-04 18:00:00,7.0,11.1,1.07,1.64,1.48,0.61,2.29,0.2075,1.71,0.025,,,,0.0425,0.05,,,,,0.0,0.0,,,
2023-10-04 19:00:00,4.25,6.6,1.07,1.64,1.48,0.61,2.29,0.2175,1.71,0.03,,,,0.0425,0.052500000000000005,,,,,0.0,0.0,,,
2023-10-04 20:00:00,3.0,4.65,1.07,1.64,1.48,0.61,2.29,0.225,1.71,0.03,,,,0.0425,0.052500000000000005,,,,,0.0,0.0,,,
2023-10-04 21:00:00,7.15,10.5,1.07,1.64,1.48,0.61,2.29,0.255,1.71,0.03,,,,0.052500000000000005,0.0625,,,,,0.0,0.0,,,
2023-10-04 22:00:00,10.9125,17.4,1.07,1.64,1.48,0.61,2.29,0.2725,1.71,0.0325,,,,0.0475,0.0575,,,,,0.0,0.0,,,
2023-10-04 23:00:00,16.083333333333332,28.400000000000002,1.06,1.64,1.4799999999999998,0.61,2.27,0.22999999999999998,1.71,0.03,,,,0.04666666666666667,0.056666666666666664,,,,,0.0,0.0,,,
2023-10-05 00:00:00,9.666666666666666,18.0,1.06,1.64,1.4666666666666668,0.61,2.27,0.2333333333333333,1.6966666666666665,0.03,,,,0.0475,0.057499999999999996,,,,,0.0,0.0,,,
2023-10-05 01:00:00,6.2,10.3125,1.07,1.64,1.48,0.61,2.29,0.2425,1.71,0.03,,,,0.0475,0.06,,,,,0.0,0.0,,,
2023-10-05 02:00:00,5.8,9.15,1.07,1.64,1.48,0.61,2.29,0.2075,1.71,0.025,,,,0.0425,0.05,,,,,0.0,0.0,,,
2023-10-05 03:00:00,7.8,11.7,1.0475,1.63,1.47,0.5925,2.2575000000000003,0.165,1.6875,0.02,,,,0.0325,0.04,,,,,0.0,0.0,,,
2023-10-05 04:00:00,4.045,6.6,1.07,1.6199999999999999,1.48,0.61,2.29,0.15,1.71,0.02,,,,0.03,0.0325,,,,,0.0,0.0,,,
2023-10-05 05:00:00,1.1,3.0,1.07,1.6075,1.4575,0.605,2.275,0.14,1.7,0.02,,,,0.03,0.035,,,,,0.0,0.0,,,
2023-10-05 06:00:00,1.6625,2.625,1.0625,1.6175,1.48,0.61,2.29,0.14750000000000002,1.71,0.02,,,,0.03,0.035,,,,,0.0,0.0,,,
2023-10-05 07:00:00,5.2,8.25,1.0625,1.63,1.46,0.605,2.275,0.18,1.7,0.02,,,,0.0375,0.0425,,,,,0.0,0.0,,,
2023-10-05 08:00:00,10.0,17.1,1.0625,1.64,1.48,0.61,2.29,0.1975,1.71,0.02,,,,0.04,0.0425,,,,,0.0,0.0,,,
2023-10-05 09:00:00,7.35,12.6,1.07,1.64,1.48,0.61,2.29,0.215,1.71,0.0275,,,,0.0425,0.05,,,,,0.0,0.0,,,
2023-10-05 10:00:00,2.5,3.75,1.07,1.64,1.48,0.61,2.29,0.2275,1.71,0.03,,,,0.04,0.05,,,,,0.0,0.0,,,
2023-10-05 11:00:00,2.675,4.3125,1.0625,1.64,1.47,0.605,2.2725,0.2125,1.6975,0.0275,,,,0.04,0.05,,,,,0.0,0.0,,,
2023-10-05 12:00:00,4.6,7.2,1.07,1.6275,1.4675,0.61,2.29,0.2075,1.71,0.0275,,,,0.04,0.05,,,,,0.0,0.0,,,
2023-10-05 13:00:00,14.2,23.7,1.07,1.64,1.48,0.61,2.29,0.195,1.71,0.02,,,,0.04,0.045,,,,,0.0,0.0,,,
2023-10-05 14:00:00,10.6875,16.8,1.07,1.64,1.48,0.61,2.29,0.2,1.71,0.02,,,,0.04,0.0475,,,,,0.0,0.0,,,
2023-10-05 15:00:00,11.0,15.675,1.07,1.64,1.48,0.61,2.29,0.2125,1.71,0.0275,,,,0.0425,0.052500000000000005,,,,,0.0,0.0,,,
2023-10-05 16:00:00,13.15,20.55,1.07,1.64,1.48,0.61,2.29,0.2225,1.71,0.03,,,,0.045,0.052500000000000005,,,,,0.0,0.0,,,
2023-10-05 17:00:00,10.675,16.95,1.07,1.64,1.48,0.61,2.29,0.2425,1.71,0.03,,,,0.05,0.057499999999999996,,,,,0.0,0.0,,,
2023-10-05 18:00:00,8.3,12.45,1.07,1.63,1.48,0.61,2.29,0.2425,1.71,0.03,,,,0.05,0.06,,,,,0.0,0.0,,,
2023-10-05 19:00:00,12.149999999999999,21.45,1.07,1.64,1.48,0.61,2.29,0.265,1.71,0.03,,,,0.055,0.065,,,,,0.0,0.0,,,
2023-10-05 20:00:00,20.4625,34.65,1.07,1.63,1.47,0.61,2.275,0.295,1.7,0.0325,,,,0.057499999999999996,0.0675,,,,,0.0,0.0,,,
2023-10-05 21:00:00,11.9625,18.9,1.07,1.64,1.48,0.61,2.275,0.26,1.7,0.03,,,,0.052500000000000005,0.0625,,,,,0.0,0.0,,,
2023-10-05 22:00:00,15.0,27.45,1.0625,1.64,1.48,0.605,2.275,0.2225,1.7,0.03,,,,0.0425,0.05,,,,,0.0,0.0,,,
2023-10-05 23:00:00,9.066666666666666,14.6,1.07,1.61,1.4666666666666668,0.61,2.29,0.20333333333333334,1.71,0.023333333333333334,,,,0.04,0.04666666666666667,,,,,0.0,0.0,,,
2023-10-06 00:00:00,12.9,22.5,1.07,1.64,1.4799999999999998,0.61,2.29,0.17666666666666667,1.71,0.02,,,,0.04,0.0425,,,,,0.0,0.0,,,
2023-10-06 01:00:00,6.8625,12.45,1.07,1.64,1.48,0.61,2.29,0.1575,1.71,0.02,,,,0.03,0.04,,,,,0.0,0.0,,,
2023-10-06 02:00:00,2.4375,3.9,1.0625,1.64,1.48,0.61,2.2725,0.14250000000000002,1.71,0.02,,,,0.03,0.0325,,,,,0.0,0.0,,,
2023-10-06 03:00:00,10.0625,16.125,1.07,1.64,1.48,0.61,2.29,0.14,1.71,0.02,,,,0.03,0.03,,,,,0.0,0.0,,,
2023-10-06 04:00:00,6.4375,10.125,1.07,1.64,1.48,0.61,2.29,0.1275,1.71,0.0125,,,,0.03,0.03,,,,,0.0,0.0,,,
2023-10-06 05:00:00,6.8125,11.75,1.07,1.64,1.48,0.61,2.29,0.13,1.71,0.0125,,,,0.03,0.03,,,,,0.0,0.0,,,
2023-10-06 06:00:00,6.25,12.0,1.06,1.64,1.48,0.6025,2.265,0.14250000000000002,1.6925,0.02,,,,0.03,0.03,,,,,0.0,0.0,,,
2023-10-06 07:00:00,3.375,5.4375,1.07,1.6275,1.48,0.61,2.29,0.155,1.71,0.02,,,,0.03,0.035,,,,,0.0,0.0,,,
2023-10-06 08:00:00,1.7925,3.125,1.07,1.64,1.48,0.61,2.29,0.18,1.71,0.02,,,,0.0375,0.04,,,,,0.0,0.0,,,
2023-10-06 09:00:00,11.0625,24.0,1.07,1.64,1.48,0.61,2.29,0.1925,1.71,0.025,,,,0.04,0.045,,,,,0.0,0.0,,,
2023-10-06 10:00:00,18.0,27.0,1.07,1.64,1.48,0.61,2.29,0.215,1.71,0.025,,,,0.04,0.05,,,,,0.0,0.0,,,
2023-10-06 11:00:00,9.55,15.5625,1.07,1.64,1.48,0.61,2.29,0.22,1.71,0.03,,,,0.04,0.05,,,,,0.0,0.0,,,
2023-10-06 12:00:00,18.75,28.125,1.07,1.64,1.48,0.61,2.29,0.20500000000000002,1.71,0.0225,,,,0.04,0.05,,,,,0.0,0.0,,,
2023-10-06 13:00:00,7.1125,14.25,1.07,1.64,1.48,0.61,2.29,0.20750000000000002,1.71,0.0275,,,,0.04,0.05,,,,,0.0,0.0,,,
2023-10-06 14:00:00,13.350000000000001,29.55,1.07,1.64,1.48,0.61,2.29,0.2025,1.71,0.02,,,,0.04,0.05,,,,,0.0,0.0,,,
2023-10-06 15:00:00,13.125,19.6875,1.07,1.64,1.48,0.61,2.29,0.195,1.71,0.02,,,,0.04,0.0425,,,,,0.0,0.0,,,
2023-10-06 16:00:00,6.0,11.25,1.07,1.64,1.48,0.61,2.29,0.20500000000000002,1.71,0.025,,,,0.04,0.0475,,,,,0.0,0.0,,,
2023-10-06 17:00:00,13.6,22.65,1.07,1.64,1.48,0.61,2.29,0.2075,1.71,0.0275,,,,0.04,0.05,,,,,0.0,0.0,,,
2023-10-06 18:00:00,13.55,21.3,1.07,1.64,1.48,0.61,2.29,0.2125,1.71,0.03,,,,0.04,0.05,,,,,0.0,0.0,,,
2023-10-06 19:00:00,6.75,11.55,1.07,1.63,1.48,0.61,2.29,0.2375,1.71,0.03,,,,0.0475,0.0575,,,,,0.0,0.0,,,
2023-10-06 20:00:00,12.875,21.0,1.07,1.64,1.48,0.61,2.29,0.28500000000000003,1.71,0.0325,,,,0.057499999999999996,0.0675,,,,,0.0,0.0,,,
2023-10-06 21:00:00,8.0,12.0,1.07,1.64,1.48,0.61,2.29,0.2625,1.71,0.03,,,,0.052500000000000005,0.0625,,,,,0.0,0.0,,,
2023-10-06 22:00:00,5.0,7.8,1.07,1.64,1.48,0.61,2.29,0.2725,1.71,0.0325,,,,0.052500000000000005,0.0625,,,,,0.0,0.0,,,
2023-10-06 23:00:00,2.4,3.6,1.07,1.64,1.4799999999999998,0.61,2.29,0.27,1.71,0.03,,,,0.05000000000000001,0.06333333333333334,,,,,0.0,0.0,,,
2023-10-07 00:00:00,0.2,,1.07,1.64,1.4799999999999998,0.61,2.29,0.22666666666666666,1.71,0.03,,,,0.045,0.055,,,,,0.0,0.0,,,
2023-10-07 01:00:00,11.0,16.5,1.0625,1.6275,1.4675,0.605,2.275,0.19,1.71,0.02,,,,0.04,0.0425,,,,,0.0,0.0,,,
2023-10-07 02:00:00,7.5575,13.75,1.0625,1.62,1.45,0.6025,2.2600000000000002,0.175,1.69,0.02,,,,0.035,0.04,,,,,0.0,0.0,,,
2023-10-07 03:00:00,12.85,20.25,1.07,1.64,1.48,0.61,2.29,0.1625,1.71,0.02,,,,0.0375,0.04,,,,,0.0,0.0,,,
2023-10-07 04:00:00,6.85,11.8125,1.0550000000000002,1.63,1.47,0.6,2.26,0.16,1.69,0.02,,,,0.03,0.04,,,,,0.0,0.0,,,
2023-10-07 05:00:00,17.05,27.5625,1.07,1.64,1.48,0.61,2.29,0.1725,1.71,0.0225,,,,0.035,0.04,,,,,0.0,0.0,,,
2023-10-07 06:00:00,16.2875,27.3,1.0550000000000002,1.62,1.46,0.6,2.26,0.1975,1.69,0.0225,,,,0.04,0.045,,,,,0.0,0.0,,,
2023-10-07 07:00:00,21.4,33.75,1.07,1.64,1.48,0.61,2.29,0.245,1.71,0.03,,,,0.05,0.06,,,,,0.0,0.0,,,
2023-10-07 08:00:00,8.45,13.65,1.07,1.64,1.48,0.61,2.29,0.265,1.71,0.035,,,,0.052500000000000005,0.0625,,,,,0.0,0.0,,,
2023-10-07 09:00:00,11.25,17.4,1.07,1.64,1.48,0.61,2.29,0.28250000000000003,1.71,0.03,,,,0.052500000000000005,0.0625,,,,,0.0,0.0,,,
2023-10-07 10:00:00,17.85,31.5,1.07,1.64,1.48,0.61,2.29,0.2575,1.71,0.03,,,,0.052500000000000005,0.0625,,,,,0.0,0.0,,,
2023-10-07 11:00:00,22.7375,38.4,1.07,1.64,1.48,0.61,2.29,0.215,1.71,0.03,,,,0.0425,0.052500000000000005,,,,,0.0,0.0,,,
2023-10-07 12:00:00,13.35,26.85,1.07,1.64,1.48,0.61,2.29,0.195,1.71,0.0225,,,,0.04,0.0425,,,,,0.0,0.0,,,
2023-10-07 13:00:00,15.075,28.2,1.07,1.64,1.48,0.61,2.29,0.1725,1.71,0.02,,,,0.0325,0.04,,,,,0.0,0.0,,,
2023-10-07 14:00:00,8.75,14.325,1.07,1.64,1.48,0.61,2.29,0.17,1.71,0.02,,,,0.0375,0.04,,,,,0.0,0.0,,,
2023-10-07 15:00:00,15.975,25.65,1.07,1.64,1.48,0.61,2.29,0.1875,1.71,0.02,,,,0.04,0.04,,,,,0.0,0.0,,,
2023-10-07 16:00:00,14.9125,29.7,1.07,1.64,1.48,0.61,2.29,0.19,1.71,0.02,,,,0.0375,0.04,,,,,0.0,0.0,,,
2023-10-07 17:00:00,12.3,23.25,1.07,1.64,1.48,0.61,2.29,0.2425,1.71,0.03,,,,0.0475,0.0575,,,,,0.0,0.0,,,
2023-10-07 18:00:00,22.65,40.05,1.07,1.64,1.48,0.61,2.29,0.255,1.71,0.03,,,,0.052500000000000005,0.0625,,,,,0.0,0.0,,,
2023-10-07 19:00:00,9.700000000000001,16.35,1.07,1.64,1.48,0.61,2.29,0.3275,1.71,0.04,,,,0.065,0.0775,,,,,0.0,0.0,,,
2023-10-07 20:00:00,11.3375,20.25,1.07,1.64,1.48,0.61,2.29,0.40249999999999997,1.71,0.0475,,,,0.08,0.095,,,,,0.0,0.0,,,
2023-10-07 21:00:00,18.775,35.4375,1.07,1.64,1.48,0.61,2.29,0.4275,1.71,0.052500000000000005,,,,0.0875,0.1,,,,,0.0,0.0,,,
2023-10-07 22:00:00,26.8,40.2,1.07,1.64,1.48,0.61,2.29,0.375,1.71,0.0425,,,,0.07250000000000001,0.0875,,,,,0.0,0.0,,,
2023-10-07 23:00:00,8.583333333333334,23.0,1.07,1.64,1.4799999999999998,0.61,2.29,0.26,1.71,0.03,,,,0.049999999999999996,0.06,,,,,0.0,0.0,,,
2023-10-08 00:00:00,11.083333333333334,18.0,1.07,1.64,1.4799999999999998,0.61,2.29,0.19333333333333336,1.71,0.02,,,,0.04,0.0425,,,,,0.0,0.0,,,
2023-10-08 01:00:00,17.9375,29.8125,1.07,1.64,1.48,0.61,2.29,0.165,1.71,0.02,,,,0.0325,0.04,,,,,0.0,0.0,,,
2023-10-08 02:00:00,3.5,5.25,1.07,1.64,1.48,0.61,2.29,0.1575,1.71,0.02,,,,0.03,0.04,,,,,0.0,0.0,,,
2023-10-08 03:00:00,3.375,5.4375,1.07,1.64,1.48,0.61,2.29,0.16,1.71,0.02,,,,0.03,0.04,,,,,0.0,0.0,,,
2023-10-08 04:00:00,4.875,7.3125,1.07,1.64,1.48,0.61,2.29,0.155,1.71,0.02,,,,0.03,0.04,,,,,0.0,0.0,,,
2023-10-08 05:00:00,5.1875,8.8125,1.07,1.6275,1.4675,0.61,2.29,0.1625,1.71,0.02,,,,0.0325,0.04,,,,,0.0,0.0,,,
2023-10-08 06:00:00,9.875,18.1875,1.07,1.64,1.48,0.61,2.29,0.1775,1.71,0.02,,,,0.035,0.04,,,,,0.0,0.0,,,
2023-10-08 07:00:00,6.25,11.625,1.06,1.64,1.48,0.6025,2.265,0.1825,1.6925,0.02,,,,0.04,0.04,,,,,0.0,0.0,,,
2023-10-08 08:00:00,1.125,5.25,1.0625,1.64,1.48,0.61,2.29,0.1875,1.71,0.02,,,,0.04,0.04,,,,,0.0,0.0,,,
2023-10-08 09:00:00,3.5,6.0,1.07,1.64,1.48,0.61,2.29,0.19,1.71,0.02,,,,0.0425,0.0425,,,,,0.0,0.0,,,
2023-10-08 10:00:00,5.4575,8.75,1.07,1.64,1.48,0.61,2.29,0.17500000000000002,1.71,0.02,,,,0.04,0.04,,,,,0.0,0.0,,,
2023-10-08 11:00:00,1.4175,2.125,1.07,1.64,1.48,0.61,2.29,0.195,1.71,0.02,,,,0.04,0.0425,,,,,0.0,0.0,,,
2023-10-08 12:00:00,9.25,12.9375,1.07,1.64,1.48,0.61,2.29,0.1975,1.71,0.0225,,,,0.04,0.045,,,,,0.0,0.0,,,
2023-10-08 13:00:00,10.7875,19.0875,1.07,1.64,1.48,0.61,2.29,0.1975,1.71,0.02,,,,0.04,0.045,,,,,0.0,0.0,,,
2023-10-08 14:00:00,8.675,14.4375,1.07,1.64,1.48,0.61,2.29,0.2,1.71,0.0225,,,,0.04,0.045,,,,,0.0,0.0,,,
2023-10-08 15:00:00,5.25,7.779999999999999,1.07,1.64,1.48,0.61,2.29,0.20500000000000002,1.71,0.0225,,,,0.04,0.0475,,,,,0.0,0.0,,,
2023-10-08 16:00:00,10.77,18.5,1.07,1.64,1.48,0.61,2.29,0.21,1.71,0.0275,,,,0.04,0.05,,,,,0.0,0.0,,,
2023-10-08 17:00:00,13.875,27.75,1.07,1.6275,1.48,0.61,2.29,0.255,1.71,0.03,,,,0.052500000000000005,0.0625,,,,,0.0,0.0,,,
2023-10-08 18:00:00,8.9375,14.0625,1.07,1.64,1.48,0.61,2.29,0.265,1.71,0.03,,,,0.05,0.06,,,,,0.0,0.0,,,
2023-10-08 19:00:00,20.0625,31.2,1.07,1.6275,1.4675,0.61,2.29,0.2875,1.71,0.035,,,,0.055,0.065,,,,,0.0,0.0,,,
2023-10-08 20:00:00,12.1,21.15,1.07,1.64,1.48,0.61,2.29,0.28,1.7,0.03,,,,0.057499999999999996,0.0675,,,,,0.0,0.0,,,
2023-10-08 21:00:00,4.5625,7.125,1.07,1.64,1.48,0.61,2.29,0.2825,1.71,0.0325,,,,0.057499999999999996,0.0675,,,,,0.0,0.0,,,
2023-10-08 22:00:00,8.5,15.0,1.07,1.64,1.48,0.61,2.29,0.2575,1.71,0.03,,,,0.052500000000000005,0.0625,,,,,0.0,0.0,,,
2023-10-08 23:00:00,8.11,16.333333333333332,1.07,1.64,1.4799999999999998,0.61,2.29,0.22666666666666666,1.71,0.03,,,,0.043333333333333335,0.05333333333333334,,,,,0.0,0.0,,,
2023-10-09 00:00:00,9.0,12.373333333333333,1.07,1.64,1.4799999999999998,0.61,2.29,0.21666666666666667,1.71,0.03,,,,0.0425,0.052500000000000005,,,,,0.0,0.0,,,
2023-10-09 01:00:00,5.25,9.375,1.07,1.64,1.48,0.61,2.29,0.21,1.71,0.03,,,,0.04,0.05,,,,,0.0,0.0,,,
2023-10-09 02:00:00,10.625,20.0,1.07,1.64,1.48,0.61,2.29,0.2025,1.71,0.0225,,,,0.04,0.05,,,,,0.0,0.0,,,
2023-10-09 03:00:00,10.25,18.25,1.07,1.64,1.48,0.61,2.29,0.1925,1.71,0.02,,,,0.04,0.045,,,,,0.0,0.0,,,
2023-10-09 04:00:00,6.8125,12.75,1.07,1.64,1.48,0.61,2.29,0.19,1.71,0.02,,,,0.04,0.04,,,,,0.0,0.0,,,
2023-10-09 05:00:00,4.52,8.0625,1.07,1.64,1.48,0.61,2.29,0.1825,1.71,0.02,,,,0.04,0.04,,,,,0.0,0.0,,,
2023-10-09 06:00:00,5.1875,8.8125,1.07,1.64,1.48,0.61,2.29,0.1875,1.71,0.02,,,,0.04,0.04,,,,,0.0,0.0,,,
2023-10-09 07:00:00,6.9575,12.9375,1.07,1.64,1.48,0.61,2.29,0.20500000000000002,1.71,0.0225,,,,0.04,0.05,,,,,0.0,0.0,,,
2023-10-09 08:00:00,11.0,17.53,1.07,1.64,1.48,0.61,2.29,0.2025,1.71,0.0225,,,,0.04,0.0475,,,,,0.0,0.0,,,
2023-10-09 09:00:00,7.15,11.625,1.07,1.64,1.48,0.61,2.29,0.22,1.71,0.03,,,,0.0425,0.052500000000000005,,,,,0.0,0.0,,,
2023-10-09 10:00:00,4.75,7.33,1.07,1.64,1.48,0.61,2.29,0.25,1.71,0.03,,,,0.05,0.06,,,,,0.0,0.0,,,
2023-10-09 11:00:00,7.7375,14.0625,1.07,1.64,1.48,0.61,2.29,0.2425,1.71,0.03,,,,0.05,0.06,,,,,0.0,0.0,,,
2023-10-09 12:00:00,7.800000000000001,13.65,1.07,1.64,1.48,0.61,2.29,0.2475,1.71,0.03,,,,0.05,0.06,,,,,0.0,0.0,,,
2023-10-09 13:00:00,7.35,12.15,1.07,1.64,1.48,0.61,2.29,0.2975,1.71,0.0325,,,,0.0625,0.07250000000000001,,,,,0.0,0.0,,,
2023-10-09 14:00:00,10.1625,17.4,1.07,1.64,1.48,0.61,2.29,0.2925,1.71,0.0325,,,,0.06,0.0675,,,,,0.0,0.0,,,
2023-10-09 15:00:00,10.7,18.0,1.07,1.64,1.48,0.61,2.29,0.2625,1.71,0.03,,,,0.055,0.065,,,,,0.0,0.0,,,
2023-10-09 16:00:00,5.5,9.9,1.07,1.64,1.48,0.61,2.29,0.29,1.71,0.03,,,,0.057499999999999996,0.07,,,,,0.0,0.0,,,
2023-10-09 17:00:00,23.6,34.82,1.07,1.64,1.48,0.61,2.29,0.33,1.71,0.04,,,,0.0675,0.08,,,,,0.0,0.0,,,
2023-10-09 18:00:00,15.075000000000001,29.7,1.07,1.64,1.48,0.61,2.29,0.36,1.71,0.04,,,,0.07,0.08499999999999999,,,,,0.0,0.0,,,
2023-10-09 19:00:00,12.85,20.4,1.07,1.64,1.48,0.61,2.29,0.37,1.71,0.045,,,,0.07500000000000001,0.08499999999999999,,,,,0.0,0.0,,,
2023-10-09 20:00:00,18.4,27.6,1.07,1.64,1.48,0.61,2.29,0.3825,1.71,0.04,,,,0.07250000000000001,0.09,,,,,0.0,0.0,,,
2023-10-09 21:00:00,15.975,28.5,1.07,1.64,1.48,0.61,2.29,0.34750000000000003,1.71,0.04,,,,0.07,0.08,,,,,0.0,0.0,,,
2023-10-09 22:00:00,6.625,12.3,1.07,1.64,1.48,0.61,2.29,0.33,1.71,0.04,,,,0.0675,0.0775,,,,,0.0,0.0,,,
2023-10-09 23:00:00,9.233333333333333,19.25,1.07,1.64,1.4799999999999998,0.61,2.29,0.3,1.71,0.03,,,,0.06,0.07,,,,,0.0,0.0,,,
2023-10-10 00:00:00,8.0,12.0,1.07,1.64,1.4799999999999998,0.61,2.29,0.26333333333333336,1.71,0.03,,,,0.055,0.065,,,,,0.0,0.0,,,
2023-10-10 01:00:00,5.9,8.85,1.07,1.64,1.48,0.61,2.29,0.25,1.71,0.03,,,,0.05,0.06,,,,,0.0,0.0,,,
2023-10-10 02:00:00,2.25,3.6,1.07,1.64,1.48,0.61,2.29,0.22999999999999998,1.71,0.03,,,,0.0425,0.052500000000000005,,,,,0.0,0.0,,,
2023-10-10 03:00:00,13.65,20.55,1.07,1.64,1.48,0.61,2.29,0.2275,1.71,0.03,,,,0.0475,0.055,,,,,0.0,0.0,,,
2023-10-10 04:00:00,5.6,8.625,1.07,1.64,1.48,0.61,2.29,0.225,1.71,0.03,,,,0.045,0.052500000000000005,,,,,0.0,0.0,,,
2023-10-10 05:00:00,20.1,33.75,1.07,1.64,1.48,0.61,2.29,0.23249999999999998,1.71,0.03,,,,0.0425,0.052500000000000005,,,,,0.0,0.0,,,
2023-10-10 06:00:00,23.825,40.2,1.07,1.64,1.48,0.61,2.29,0.24,1.71,0.03,,,,0.0475,0.06,,,,,0.0,0.0,,,
2023-10-10 07:00:00,12.6,20.38,1.07,1.64,1.48,0.61,2.29,0.265,1.71,0.03,,,,0.052500000000000005,0.0625,,,,,0.0,0.0,,,
2023-10-10 08:00:00,12.8875,24.9,1.07,1.64,1.48,0.61,2.29,0.265,1.71,0.0325,,,,0.052500000000000005,0.0625,,,,,0.0,0.0,,,
2023-10-10 09:00:00,7.7,12.0,1.07,1.64,1.48,0.61,2.29,0.2675,1.71,0.03,,,,0.05,0.06,,,,,0.0,0.0,,,
2023-10-10 10:00:00,13.2,21.3,1.07,1.64,1.48,0.61,2.29,0.25,1.71,0.03,,,,0.05,0.06,,,,,0.0,0.0,,,
2023-10-10 11:00:00,15.6,27.75,1.07,1.64,1.48,0.61,2.29,0.245,1.71,0.03,,,,0.05,0.06,,,,,0.0,0.0,,,
2023-10-10 12:00:00,13.7,24.5625,1.07,1.64,1.48,0.61,2.29,0.2525,1.71,0.03,,,,0.05,0.06,,,,,0.0,0.0,,,
2023-10-10 13:00:00,17.7,27.9,1.07,1.64,1.48,0.61,2.29,0.2475,1.71,0.03,,,,0.05,0.06,,,,,0.0,0.0,,,
2023-10-10 14:00:00,10.375,21.9,1.07,1.64,1.48,0.61,2.29,0.245,1.71,0.03,,,,0.05,0.06,,,,,0.0,0.0,,,
2023-10-10 15:00:00,16.4375,28.875,1.07,1.64,1.48,0.61,2.29,0.27,1.71,0.03,,,,0.057499999999999996,0.065,,,,,0.0,0.0,,,
2023-10-10 16:00:00,26.225,50.25,1.07,1.64,1.48,0.61,2.29,0.2825,1.71,0.03,,,,0.055,0.065,,,,,0.0,0.0,,,
2023-10-10 17:00:00,18.8,28.2,1.07,1.64,1.48,0.61,2.29,0.265,1.71,0.03,,,,0.052500000000000005,0.0625,,,,,0.0,0.0,,,
2023-10-10 18:00:00,22.25,32.230000000000004,1.07,1.64,1.48,0.61,2.29,0.26,1.71,0.03,,,,0.052500000000000005,0.0625,,,,,0.0,0.0,,,
2023-10-10 19:00:00,10.775,18.6,1.07,1.64,1.48,0.61,2.29,0.32999999999999996,1.71,0.04,,,,0.065,0.07500000000000001,,,,,0.0,0.0,,,
2023-10-10 20:00:00,20.1125,32.25,1.07,1.64,1.48,0.61,2.29,0.335,1.71,0.04,,,,0.07,0.08,,,,,0.0,0.0,,,
2023-10-10 21:00:00,19.05,31.95,1.07,1.64,1.48,0.61,2.29,0.3125,1.71,0.04,,,,0.065,0.07250000000000001,,,,,0.0,0.0,,,
2023-10-10 22:00:00,15.549999999999999,28.8,1.07,1.64,1.48,0.61,2.29,0.34500000000000003,1.71,0.04,,,,0.07,0.0825,,,,,0.0,0.0,,,
2023-10-10 23:00:00,17.599999999999998,31.400000000000002,1.07,1.64,1.4799999999999998,0.61,2.29,0.3499999999999999,1.71,0.04,,,,0.07,0.08,,,,,0.0,0.0,,,
2023-10-11 00:00:00,25.266666666666666,40.5,1.07,1.64,1.4799999999999998,0.61,2.29,0.3233333333333333,1.71,0.04,,,,0.0675,0.0775,,,,,0.0,0.0,,,
2023-10-11 01:00:00,29.75,47.0625,1.07,1.64,1.48,0.61,2.29,0.3,1.71,0.0375,,,,0.06,0.07,,,,,0.0,0.0,,,
2023-10-11 02:00:00,18.4125,37.5,1.07,1.64,1.48,0.61,2.29,0.26,1.71,0.03,,,,0.05,0.06,,,,,0.0,0.0,,,
2023-10-11 03:00:00,21.2,33.375,1.07,1.64,1.48,0.61,2.29,0.2375,1.71,0.03,,,,0.0475,0.057499999999999996,,,,,0.0,0.0,,,
2023-10-11 04:00:00,13.8375,24.975,1.07,1.64,1.48,0.61,2.29,0.215,1.71,0.03,,,,0.04,0.05,,,,,0.0,0.0,,,
2023-10-11 05:00:00,11.2125,20.4,1.07,1.64,1.48,0.61,2.29,0.215,1.71,0.03,,,,0.04,0.05,,,,,0.0,0.0,,,
2023-10-11 06:00:00,8.7,15.75,1.07,1.64,1.48,0.61,2.29,0.235,1.71,0.03,,,,0.045,0.055,,,,,0.0,0.0,,,
2023-10-11 07:00:00,11.3425,16.8,1.07,1.64,1.48,0.61,2.29,0.265,1.71,0.03,,,,0.05,0.06,,,,,0.0,0.0,,,
2023-10-11 08:00:00,6.425,12.75,1.07,1.64,1.48,0.61,2.29,0.265,1.71,0.03,,,,0.055,0.0625,,,,,0.0,0.0,,,
2023-10-11 09:00:00,16.4,29.55,1.07,1.64,1.48,0.61,2.29,0.2575,1.71,0.03,,,,0.052500000000000005,0.06,,,,,0.0,0.0,,,
2023-10-11 10:00:00,17.45,27.45,1.07,1.64,1.48,0.61,2.29,0.25,1.71,0.03,,,,0.0475,0.057499999999999996,,,,,0.0,0.0,,,
2023-10-11 11:00:00,13.8,20.7,1.07,1.64,1.48,0.61,2.29,0.25,1.71,0.03,,,,0.05,0.06,,,,,0.0,0.0,,,
2023-10-11 12:00:00,,,,,,,,,,,,,,,,,,,,,0.0,,,
2023-10-11 13:00:00,1.6833333333333336,6.6,1.07,1.64,1.48,0.61,2.29,0.1825,1.71,0.0225,,,,0.035,0.0425,,,,,0.0,0.0,,,
2023-10-11 14:00:00,23.35,39.15,1.07,1.64,1.48,0.61,2.29,0.2225,1.71,0.03,,,,0.04,0.05,,,,,0.0,0.0,,,
2023-10-11 15:00:00,32.7,51.6,1.07,1.64,1.48,0.61,2.29,0.2325,1.71,0.03,,,,0.05,0.05500000000000001,,,,,0.0,0.0,,,
2023-10-11 16:00:00,18.975,32.8125,1.07,1.64,1.48,0.61,2.29,0.235,1.71,0.03,,,,0.045,0.055,,,,,0.0,0.0,,,
2023-10-11 17:00:00,8.4625,18.1875,1.07,1.64,1.48,0.61,2.29,0.22,1.71,0.03,,,,0.0425,0.052500000000000005,,,,,0.0,0.0,,,
2023-10-11 18:00:00,17.1875,30.25,1.07,1.64,1.48,0.61,2.29,0.2475,1.71,0.03,,,,0.05,0.06,,,,,0.0,0.0,,,
2023-10-11 19:00:00,7.325,14.4375,1.07,1.64,1.48,0.61,2.29,0.29000000000000004,1.71,0.0325,,,,0.0575,0.0675,,,,,0.0,0.0,,,
2023-10-11 20:00:00,11.3,19.875,1.07,1.64,1.48,0.61,2.29,0.33,1.71,0.0375,,,,0.0675,0.08,,,,,0.0,0.0,,,
2023-10-11 21:00:00,15.825,30.1875,1.07,1.64,1.48,0.61,2.29,0.3175,1.71,0.04,,,,0.0675,0.0775,,,,,0.0,0.0,,,
2023-10-11 22:00:00,12.35,19.35,1.07,1.64,1.48,0.61,2.29,0.32,1.71,0.04,,,,0.065,0.07500000000000001,,,,,0.0,0.0,,,
2023-10-11 23:00:00,20.2,35.5,1.07,1.64,1.4799999999999998,0.61,2.29,0.3333333333333333,1.71,0.04,,,,0.07,0.07666666666666667,,,,,0.0,0.0,,,
2023-10-12 00:00:00,24.333333333333332,39.0,1.07,1.64,1.4799999999999998,0.61,2.29,0.3,1.71,0.03666666666666667,,,,0.06,0.07,,,,,0.0,0.0,,,
2023-10-12 01:00:00,20.65,36.45,1.07,1.64,1.48,0.61,2.29,0.2825,1.71,0.03,,,,0.057499999999999996,0.0675,,,,,0.0,0.0,,,
2023-10-12 02:00:00,11.9625,19.8,1.07,1.64,1.48,0.61,2.29,0.26,1.71,0.03,,,,0.05,0.06,,,,,0.0,0.0,,,
2023-10-12 03:00:00,17.6,35.55,1.07,1.64,1.48,0.61,2.29,0.2325,1.71,0.03,,,,0.045,0.057499999999999996,,,,,0.0,0.0,,,
2023-10-12 04:00:00,15.1,30.525,1.07,1.64,1.48,0.61,2.29,0.215,1.71,0.03,,,,0.04,0.05,,,,,0.0,0.0,,,
2023-10-12 05:00:00,17.1125,27.375,1.07,1.64,1.48,0.61,2.29,0.2175,1.71,0.03,,,,0.04,0.05,,,,,0.0,0.0,,,
2023-10-12 06:00:00,16.0,28.35,1.07,1.64,1.48,0.61,2.29,0.23500000000000001,1.71,0.03,,,,0.045,0.055,,,,,0.0,0.0,,,
2023-10-12 07:00:00,9.8125,14.7175,1.07,1.64,1.48,0.61,2.29,0.255,1.71,0.03,,,,0.05,0.06,,,,,0.0,0.0,,,
2023-10-12 08:00:00,9.6875,18.75,1.07,1.64,1.48,0.61,2.29,0.28,1.71,0.03,,,,0.057499999999999996,0.0675,,,,,0.0,0.0,,,
2023-10-12 09:00:00,19.6875,36.5625,1.07,1.64,1.48,0.61,2.29,0.2575,1.71,0.03,,,,0.05,0.06,,,,,0.0,0.0,,,
2023-10-12 10:00:00,30.1675,49.5,1.07,1.64,1.48,0.61,2.29,0.23249999999999998,1.71,0.03,,,,0.045,0.055,,,,,0.0,0.0,,,
2023-10-12 11:00:00,20.35,39.1875,1.07,1.64,1.48,0.61,2.29,0.2175,1.71,0.03,,,,0.0425,0.052500000000000005,,,,,0.0,0.0,,,
2023-10-12 12:00:00,31.0,48.3,1.07,1.64,1.48,0.61,2.29,0.22,1.71,0.03,,,,0.0425,0.055,,,,,0.0,0.0,,,
2023-10-12 13:00:00,26.5875,49.5,1.07,1.64,1.48,0.61,2.29,0.2425,1.71,0.03,,,,0.05,0.06,,,,,0.0,0.0,,,
2023-10-12 14:00:00,23.5625,43.97,1.07,1.64,1.48,0.61,2.29,0.25,1.71,0.03,,,,0.05,0.06,,,,,0.0,0.0,,,
2023-10-12 15:00:00,20.875,39.75,1.07,1.64,1.48,0.61,2.29,0.24,1.71,0.03,,,,0.0475,0.06,,,,,0.0,0.0,,,
2023-10-12 16:00:00,19.3875,39.0,1.07,1.64,1.48,0.61,2.29,0.2275,1.71,0.03,,,,0.0425,0.057499999999999996,,,,,0.0,0.0,,,
2023-10-12 17:00:00,27.75,41.625,1.07,1.64,1.48,0.61,2.29,0.23500000000000001,1.71,0.03,,,,0.052500000000000005,0.06,,,,,0.0,0.0,,,
2023-10-12 18:00:00,11.625,19.875,1.07,1.64,1.48,0.61,2.29,0.27,1.71,0.03,,,,0.055,0.065,,,,,0.0,0.0,,,
2023-10-12 19:00:00,17.4,26.025,1.07,1.64,1.48,0.61,2.29,0.29500000000000004,1.71,0.0325,,,,0.0625,0.07250000000000001,,,,,0.0,0.0,,,
2023-10-12 20:00:00,10.85,23.25,1.07,1.64,1.48,0.61,2.29,0.3275,1.71,0.0375,,,,0.0675,0.0775,,,,,0.0,0.0,,,
2023-10-12 21:00:00,15.875,23.8125,1.07,1.64,1.48,0.61,2.29,0.3325,1.71,0.04,,,,0.0675,0.0775,,,,,0.0,0.0,,,
2023-10-12 22:00:00,12.7375,21.375,1.07,1.64,1.48,0.61,2.29,0.34,1.71,0.04,,,,0.0675,0.08,,,,,0.0,0.0,,,
2023-10-12 23:00:00,14.666666666666666,22.0,1.07,1.64,1.4799999999999998,0.61,2.29,0.3133333333333333,1.71,0.04,,,,0.06,0.07,,,,,0.0,0.0,,,
2023-10-13 00:00:00,20.933333333333334,40.5,1.07,1.64,1.4799999999999998,0.61,2.29,0.29,1.71,0.03,,,,0.06,0.07,,,,,0.0,0.0,,,
2023-10-13 01:00:00,13.5,20.25,1.07,1.64,1.48,0.61,2.29,0.2675,1.71,0.03,,,,0.05,0.06,,,,,0.0,0.0,,,
2023-10-13 02:00:00,7.487500000000001,15.3,1.07,1.64,1.48,0.61,2.29,0.2575,1.71,0.03,,,,0.05,0.06,,,,,0.0,0.0,,,
2023-10-13 03:00:00,8.2,11.55,1.07,1.64,1.48,0.61,2.29,0.25,1.71,0.03,,,,0.05,0.06,,,,,0.0,0.0,,,
2023-10-13 04:00:00,22.0,33.0,1.07,1.64,1.48,0.61,2.29,0.23249999999999998,1.71,0.03,,,,0.0475,0.057499999999999996,,,,,0.0,0.0,,,
2023-10-13 05:00:00,22.025,34.6875,1.07,1.64,1.48,0.61,2.29,0.23,1.71,0.03,,,,0.0425,0.052500000000000005,,,,,0.0,0.0,,,
2023-10-13 06:00:00,3.233333333333333,13.8,1.07,1.64,1.48,0.61,2.29,0.2575,1.71,0.03,,,,0.05,0.06,,,,,0.0,0.0,,,
2023-10-13 07:00:00,19.6,31.05,1.07,1.64,1.48,0.61,2.29,0.2525,1.71,0.03,,,,0.05,0.06,,,,,0.0,0.0,,,
2023-10-13 08:00:00,17.775,27.9375,1.07,1.64,1.48,0.61,2.29,0.255,1.71,0.03,,,,0.05,0.06,,,,,0.0,0.0,,,
2023-10-13 09:00:00,21.55,36.45,1.07,1.64,1.48,0.61,2.29,0.2425,1.71,0.03,,,,0.05,0.06,,,,,0.0,0.0,,,
2023-10-13 10:00:00,15.3375,27.0,1.07,1.64,1.48,0.61,2.29,0.24,1.71,0.03,,,,0.045,0.06,,,,,0.0,0.0,,,
2023-10-13 11:00:00,15.166666666666666,34.833333333333336,1.07,1.64,1.4799999999999998,0.61,2.29,0.2333333333333333,1.71,0.03,,,,0.05000000000000001,0.06,,,,,0.0,0.0,,,
2023-10-13 12:00:00,,,,,0.0,,,0.0,,0.0,,,,,,,,,,0.0,0.0,,,
2023-10-13 13:00:00,12.576666666666668,29.166666666666668,0.8333333333333334,1.5733333333333333,1.3766666666666667,0.47333333333333333,1.78,0.15666666666666665,1.3299999999999998,0.013333333333333334,,,,0.02666666666666667,0.03,,,,,0.0,0.0,,,
2023-10-13 14:00:00,,,,,,,,,,,,,,,,,,,,,0.0,,,
2023-10-13 15:00:00,,,,,,,,,,,,,,,,,,,,,0.0,,,
2023-10-13 16:00:00,,,,,,,,,,,,,,,,,,,,,0.0,,,
2023-10-13 17:00:00,,,,,,,,,,,,,,,,,,,,,0.0,,,
2023-10-13 18:00:00,,,,,,,,,,,,,,,,,,,,,0.0,,,
2023-10-13 19:00:00,,,,,,,,,,,,,,,,,,,,,0.0,,,
2023-10-13 20:00:00,,,,,,,,,,,,,,,,,,,,,0.0,,,
2023-10-13 21:00:00,,,,,,,,,,,,,,,,,,,,,0.0,,,
2023-10-13 22:00:00,,,,,,,,,,,,,,,,,,,,,0.0,,,
2023-10-13 23:00:00,,,,,,,,,,,,,,,,,,,,,0.0,,,
2023-10-14 00:00:00,,,,,,,,,,,,,,,,,,,,,0.0,,,
2023-10-14 01:00:00,,,,,,,,,,,,,,,,,,,,,0.0,,,
2023-10-14 02:00:00,,,,,,,,,,,,,,,,,,,,,0.0,,,
2023-10-14 03:00:00,,,,,,,,,,,,,,,,,,,,,0.0,,,
2023-10-14 04:00:00,,,,,,,,,,,,,,,,,,,,,0.0,,,
2023-10-14 05:00:00,,,,,,,,,,,,,,,,,,,,,0.0,,,
2023-10-14 06:00:00,,,,,,,,,,,,,,,,,,,,,0.0,,,
2023-10-14 07:00:00,,,,,,,,,,,,,,,,,,,,,0.0,,,
2023-10-14 08:00:00,,,,,,,,,,,,,,,,,,,,,0.0,,,
2023-10-14 09:00:00,,,,,,,,,,,,,,,,,,,,,0.0,,,
2023-10-14 10:00:00,,,,,,,,,,,,,,,,,,,,,0.0,,,
2023-10-14 11:00:00,,,,,,,,,,,,,,,,,,,,,0.0,,,
2023-10-14 12:00:00,,,,,,,,,,,,,,,,,,,,,0.0,,,
2023-10-14 13:00:00,,,,,,,,,,,,,,,,,,,,,0.0,,,
2023-10-14 14:00:00,,,,,,,,,,,,,,,,,,,,,0.0,,,
2023-10-14 15:00:00,,,,,,,,,,,,,,,,,,,,,0.0,,,
2023-10-14 16:00:00,,,,,,,,,,,,,,,,,,,,,0.0,,,
2023-10-14 17:00:00,,,,,,,,,,,,,,,,,,,,,0.0,,,
2023-10-14 18:00:00,,,,,,,,,,,,,,,,,,,,,0.0,,,
2023-10-14 19:00:00,,,,,,,,,,,,,,,,,,,,,0.0,,,
2023-10-14 20:00:00,,,,,,,,,,,,,,,,,,,,,0.0,,,
2023-10-14 21:00:00,,,,,,,,,,,,,,,,,,,,,0.0,,,
2023-10-14 22:00:00,,,,,,,,,,,,,,,,,,,,,0.0,,,
2023-10-14 23:00:00,,,,,,,,,,,,,,,,,,,,,0.0,,,
2023-10-15 00:00:00,,,,,,,,,,,,,,,,,,,,,0.0,,,
2023-10-15 01:00:00,,,,,,,,,,,,,,,,,,,,,0.0,,,
2023-10-15 02:00:00,,,,,,,,,,,,,,,,,,,,,0.0,,,
2023-10-15 03:00:00,,,,,,,,,,,,,,,,,,,,,0.0,,,
2023-10-15 04:00:00,,,,,,,,,,,,,,,,,,,,,0.0,,,
2023-10-15 05:00:00,,,,,,,,,,,,,,,,,,,,,0.0,,,
2023-10-15 06:00:00,,,,,,,,,,,,,,,,,,,,,0.0,,,
2023-10-15 07:00:00,,,,,,,,,,,,,,,,,,,,,0.0,,,
2023-10-15 08:00:00,,,,,,,,,,,,,,,,,,,,,0.0,,,
2023-10-15 09:00:00,,,,,,,,,,,,,,,,,,,,,0.0,,,
2023-10-15 10:00:00,,,,,,,,,,,,,,,,,,,,,0.0,,,
2023-10-15 11:00:00,,,,,,,,,,,,,,,,,,,,,0.0,,,
2023-10-15 12:00:00,,,,,,,,,,,,,,,,,,,,,0.0,,,
2023-10-15 13:00:00,,,,,,,,,,,,,,,,,,,,,0.0,,,
2023-10-15 14:00:00,,,,,,,,,,,,,,,,,,,,,0.0,,,
2023-10-15 15:00:00,,,,,,,,,,,,,,,,,,,,,0.0,,,
2023-10-15 16:00:00,,,,,,,,,,,,,,,,,,,,,0.0,,,
2023-10-15 17:00:00,,,,,,,,,,,,,,,,,,,,,0.0,,,
2023-10-15 18:00:00,,,,,,,,,,,,,,,,,,,,,0.0,,,
2023-10-15 19:00:00,,,,,,,,,,,,,,,,,,,,,0.0,,,
2023-10-15 20:00:00,,,,,,,,,,,,,,,,,,,,,0.0,,,
2023-10-15 21:00:00,,,,,,,,,,,,,,,,,,,,,0.0,,,
2023-10-15 22:00:00,,,,,,,,,,,,,,,,,,,,,0.0,,,
2023-10-15 23:00:00,,,,,,,,,,,,,,,,,,,,,0.0,,,
2023-10-16 00:00:00,,,,,,,,,,,,,,,,,,,,,0.0,,,
2023-10-16 01:00:00,,,,,,,,,,,,,,,,,,,,,0.0,,,
2023-10-16 02:00:00,,,,,,,,,,,,,,,,,,,,,0.0,,,
2023-10-16 03:00:00,,,,,,,,,,,,,,,,,,,,,0.0,,,
2023-10-16 04:00:00,,,,,,,,,,,,,,,,,,,,,0.0,,,
2023-10-16 05:00:00,,,,,,,,,,,,,,,,,,,,,0.0,,,
2023-10-16 06:00:00,,,,,,,,,,,,,,,,,,,,,0.0,,,
2023-10-16 07:00:00,,,,,,,,,,,,,,,,,,,,,0.0,,,
2023-10-16 08:00:00,,,,,,,,,,,,,,,,,,,,,0.0,,,
2023-10-16 09:00:00,,,,,,,,,,,,,,,,,,,,,0.0,,,
2023-10-16 10:00:00,,,,,,,,,,,,,,,,,,,,,0.0,,,
2023-10-16 11:00:00,,,,,,,,,,,,,,,,,,,,,0.0,,,
2023-10-16 12:00:00,,,,,,,,,,,,,,,,,,,,,0.0,,,
2023-10-16 13:00:00,,,,,,,,,,,,,,,,,,,,,0.0,,,
2023-10-16 14:00:00,,,,,,,,,,,,,,,,,,,,,0.0,,,
2023-10-16 15:00:00,,,,,,,,,,,,,,,,,,,,,0.0,,,
2023-10-16 16:00:00,,,,,,,,,,,,,,,,,,,,,0.0,,,
2023-10-16 17:00:00,,,,,,,,,,,,,,,,,,,,,0.0,,,
2023-10-16 18:00:00,,,,,,,,,,,,,,,,,,,,,0.0,,,
2023-10-16 19:00:00,,,,,,,,,,,,,,,,,,,,,0.0,,,
2023-10-16 20:00:00,,,,,,,,,,,,,,,,,,,,,0.0,,,
2023-10-16 21:00:00,,,,,,,,,,,,,,,,,,,,,0.0,,,
2023-10-16 22:00:00,,,,,,,,,,,,,,,,,,,,,0.0,,,
2023-10-16 23:00:00,,,,,,,,,,,,,,,,,,,,,0.0,,,
2023-10-17 00:00:00,,,,,,,,,,,,,,,,,,,,,0.0,,,
2023-10-17 01:00:00,,,,,,,,,,,,,,,,,,,,,0.0,,,
2023-10-17 02:00:00,,,,,,,,,,,,,,,,,,,,,0.0,,,
2023-10-17 03:00:00,,,,,,,,,,,,,,,,,,,,,0.0,,,
2023-10-17 04:00:00,,,,,,,,,,,,,,,,,,,,,0.0,,,
2023-10-17 05:00:00,,,,,,,,,,,,,,,,,,,,,0.0,,,
2023-10-17 06:00:00,,,,,,,,,,,,,,,,,,,,,0.0,,,
2023-10-17 07:00:00,,,,,,,,,,,,,,,,,,,,,0.0,,,
2023-10-17 08:00:00,,,,,,,,,,,,,,,,,,,,,0.0,,,
2023-10-17 09:00:00,,,,,,,,,,,,,,,,,,,,,0.0,,,
2023-10-17 10:00:00,21.0,37.5,1.07,1.64,1.45,0.61,2.29,0.14,1.71,0.015,,,,0.03,0.035,,,,,0.0,0.0,,,
2023-10-17 11:00:00,4.3,18.75,1.07,1.64,1.48,0.61,2.29,0.22999999999999998,1.71,0.03,,,,0.045,0.055,,,,,0.0,0.0,,,
2023-10-17 12:00:00,17.375,32.8125,1.07,1.64,1.48,0.61,2.29,0.2375,1.71,0.03,,,,0.0475,0.057499999999999996,,,,,0.0,0.0,,,
2023-10-17 13:00:00,21.8125,34.875,1.07,1.64,1.48,0.61,2.29,0.25,1.71,0.03,,,,0.05,0.06,,,,,0.0,0.0,,,
2023-10-17 14:00:00,33.5,50.25,1.07,1.64,0.74,0.61,2.29,0.1225,1.71,0.015,,,,0.05,0.06,,,,,0.0,0.0,,,
2023-10-17 15:00:00,,,,,0.0,,,0.0,,0.0,,,,,,,,,,0.0,0.0,,,
2023-10-17 16:00:00,,,,,0.0,,,0.0,,0.0,,,,,,,,,,0.0,0.0,,,
2023-10-17 17:00:00,,,,,0.0,,,0.0,,0.0,,,,,,,,,,0.0,0.0,,,
2023-10-17 18:00:00,,,,,0.0,,,0.0,,0.0,,,,,,,,,,0.0,0.0,,,
2023-10-17 19:00:00,,,,,0.0,,,0.0,,0.0,,,,,,,,,,0.0,0.0,,,
2023-10-17 20:00:00,,,,,0.0,,,0.0,,0.0,,,,,,,,,,0.0,0.0,,,
2023-10-17 21:00:00,,,,,0.0,,,0.0,,0.0,,,,,,,,,,0.0,0.0,,,
2023-10-17 22:00:00,,,,,0.0,,,0.0,,0.0,,,,,,,,,,0.0,0.0,,,
2023-10-17 23:00:00,,,,,0.0,,,0.0,,0.0,,,,,,,,,,0.0,0.0,,,
2023-10-18 00:00:00,,,,,0.0,,,0.0,,0.0,,,,,,,,,,0.0,0.0,,,
2023-10-18 01:00:00,,,,,0.0,,,0.0,,0.0,,,,,,,,,,0.0,0.0,,,
2023-10-18 02:00:00,,,,,0.0,,,0.0,,0.0,,,,,,,,,,0.0,0.0,,,
2023-10-18 03:00:00,,,,,0.0,,,0.0,,0.0,,,,,,,,,,0.0,0.0,,,
2023-10-18 04:00:00,,,,,0.0,,,0.0,,0.0,,,,,,,,,,0.0,0.0,,,
2023-10-18 05:00:00,,,,,0.0,,,0.0,,0.0,,,,,,,,,,0.0,0.0,,,
2023-10-18 06:00:00,,,,,0.0,,,0.0,,0.0,,,,,,,,,,0.0,0.0,,,
2023-10-18 07:00:00,,,,,0.0,,,0.0,,0.0,,,,,,,,,,0.0,0.0,,,
2023-10-18 08:00:00,,,,,0.0,,,0.0,,0.0,,,,,,,,,,0.0,0.0,,,
2023-10-18 09:00:00,,,,,0.0,,,0.0,,0.0,,,,,,,,,,0.0,0.0,,,
2023-10-18 10:00:00,,,,,0.0,,,0.0,,0.0,,,,,,,,,,0.0,0.0,,,
2023-10-18 11:00:00,,,,,0.0,,,0.0,,0.0,,,,,,,,,,0.0,0.0,,,
2023-10-18 12:00:00,,,,,0.0,,,0.0,,0.0,,,,,,,,,,0.0,0.0,,,
2023-10-18 13:00:00,,,,,0.0,,,0.0,,0.0,,,,,,,,,,0.0,0.0,,,
2023-10-18 14:00:00,,,,,0.0,,,0.0,,0.0,,,,,,,,,,0.0,0.0,,,
2023-10-18 15:00:00,,,,,0.0,,,0.0,,0.0,,,,,,,,,,0.0,0.0,,,
2023-10-18 16:00:00,,,,,0.0,,,0.0,,0.0,,,,,,,,,,0.0,0.0,,,
2023-10-18 17:00:00,,,,,0.0,,,0.0,,0.0,,,,,,,,,,0.0,0.0,,,
2023-10-18 18:00:00,,,,,0.0,,,0.0,,0.0,,,,,,,,,,0.0,0.0,,,
2023-10-18 19:00:00,,,,,0.0,,,0.0,,0.0,,,,,,,,,,0.0,0.0,,,
2023-10-18 20:00:00,,,,,0.0,,,0.0,,0.0,,,,,,,,,,0.0,0.0,,,
2023-10-18 21:00:00,,,,,0.0,,,0.0,,0.0,,,,,,,,,,0.0,0.0,,,
2023-10-18 22:00:00,,,,,0.0,,,0.0,,0.0,,,,,,,,,,0.0,0.0,,,
2023-10-18 23:00:00,,,,,0.0,,,0.0,,0.0,,,,,,,,,,0.0,0.0,,,
2023-10-19 00:00:00,,,,,0.0,,,0.0,,0.0,,,,,,,,,,0.0,0.0,,,
2023-10-19 01:00:00,,,,,0.0,,,0.0,,0.0,,,,,,,,,,0.0,0.0,,,
2023-10-19 02:00:00,,,,,0.0,,,0.0,,0.0,,,,,,,,,,0.0,0.0,,,
2023-10-19 03:00:00,,,,,0.0,,,0.0,,0.0,,,,,,,,,,0.0,0.0,,,
2023-10-19 04:00:00,,,,,0.0,,,0.0,,0.0,,,,,,,,,,0.0,0.0,,,
2023-10-19 05:00:00,,,,,0.0,,,0.0,,0.0,,,,,,,,,,0.0,0.0,,,
2023-10-19 06:00:00,,,,,0.0,,,0.0,,0.0,,,,,,,,,,0.0,0.0,,,
2023-10-19 07:00:00,,,,,0.0,,,0.0,,0.0,,,,,,,,,,0.0,0.0,,,
2023-10-19 08:00:00,,,,,0.0,,,0.0,,0.0,,,,,,,,,,0.0,0.0,,,
2023-10-19 09:00:00,,,,,0.0,,,0.0,,0.0,,,,,,,,,,0.0,0.0,,,
2023-10-19 10:00:00,,,,,0.0,,,0.0,,0.0,,,,,,,,,,0.0,0.0,,,
2023-10-19 11:00:00,,,,,0.0,,,0.0,,0.0,,,,,,,,,,0.0,0.0,,,
2023-10-19 12:00:00,,,,,0.0,,,0.0,,0.0,,,,,,,,,,0.0,0.0,,,
2023-10-19 13:00:00,,,,,0.0,,,0.0,,0.0,,,,,,,,,,0.0,0.0,,,
2023-10-19 14:00:00,,,,,0.0,,,0.0,,0.0,,,,,,,,,,0.0,0.0,,,
2023-10-19 15:00:00,,,,,0.0,,,0.0,,0.0,,,,,,,,,,0.0,0.0,,,
2023-10-19 16:00:00,,,,,0.0,,,0.0,,0.0,,,,,,,,,,0.0,0.0,,,
2023-10-19 17:00:00,,,,,0.0,,,0.0,,0.0,,,,,,,,,,0.0,0.0,,,
2023-10-19 18:00:00,,,,,0.0,,,0.0,,0.0,,,,,,,,,,0.0,0.0,,,
2023-10-19 19:00:00,,,,,0.0,,,0.0,,0.0,,,,,,,,,,0.0,0.0,,,
2023-10-19 20:00:00,,,,,0.0,,,0.0,,0.0,,,,,,,,,,0.0,0.0,,,
2023-10-19 21:00:00,,,,,0.0,,,0.0,,0.0,,,,,,,,,,0.0,0.0,,,
2023-10-19 22:00:00,,,,,0.0,,,0.0,,0.0,,,,,,,,,,0.0,0.0,,,
2023-10-19 23:00:00,,,,,0.0,,,0.0,,0.0,,,,,,,,,,0.0,0.0,,,
2023-10-20 00:00:00,,,,,0.0,,,0.0,,0.0,,,,,,,,,,0.0,0.0,,,
2023-10-20 01:00:00,,,,,0.0,,,0.0,,0.0,,,,,,,,,,0.0,0.0,,,
2023-10-20 02:00:00,,,,,0.0,,,0.0,,0.0,,,,,,,,,,0.0,0.0,,,
2023-10-20 03:00:00,,,,,0.0,,,0.0,,0.0,,,,,,,,,,0.0,0.0,,,
2023-10-20 04:00:00,,,,,0.0,,,0.0,,0.0,,,,,,,,,,0.0,0.0,,,
2023-10-20 05:00:00,,,,,0.0,,,0.0,,0.0,,,,,,,,,,0.0,0.0,,,
2023-10-20 06:00:00,,,,,0.0,,,0.0,,0.0,,,,,,,,,,0.0,0.0,,,
2023-10-20 07:00:00,,,,,0.0,,,0.0,,0.0,,,,,,,,,,0.0,0.0,,,
2023-10-20 08:00:00,,,,,0.0,,,0.0,,0.0,,,,,,,,,,0.0,0.0,,,
2023-10-20 09:00:00,,,,,0.0,,,0.0,,0.0,,,,,,,,,,0.0,0.0,,,
2023-10-20 10:00:00,,,,,0.0,,,0.0,,0.0,,,,,,,,,,0.0,0.0,,,
2023-10-20 11:00:00,,,,,0.0,,,0.0,,0.0,,,,,,,,,,0.0,0.0,,,
2023-10-20 12:00:00,,,,,0.0,,,0.0,,0.0,,,,,,,,,,0.0,0.0,,,
2023-10-20 13:00:00,,,,,0.0,,,0.0,,0.0,,,,,,,,,,0.0,0.0,,,
2023-10-20 14:00:00,,,,,0.0,,,0.0,,0.0,,,,,,,,,,0.0,0.0,,,
2023-10-20 15:00:00,,,,,0.0,,,0.0,,0.0,,,,,,,,,,0.0,0.0,,,
2023-10-20 16:00:00,,,,,0.0,,,0.0,,0.0,,,,,,,,,,0.0,0.0,,,
2023-10-20 17:00:00,,,,,0.0,,,0.0,,0.0,,,,,,,,,,0.0,0.0,,,
2023-10-20 18:00:00,,,,,0.0,,,0.0,,0.0,,,,,,,,,,0.0,0.0,,,
2023-10-20 19:00:00,,,,,0.0,,,0.0,,0.0,,,,,,,,,,0.0,0.0,,,
2023-10-20 20:00:00,,,,,0.0,,,0.0,,0.0,,,,,,,,,,0.0,0.0,,,
2023-10-20 21:00:00,,,,,0.0,,,0.0,,0.0,,,,,,,,,,0.0,0.0,,,
2023-10-20 22:00:00,,,,,0.0,,,0.0,,0.0,,,,,,,,,,0.0,0.0,,,
2023-10-20 23:00:00,,,,,0.0,,,0.0,,0.0,,,,,,,,,,0.0,0.0,,,
2023-10-21 00:00:00,,,,,0.0,,,0.0,,0.0,,,,,,,,,,0.0,0.0,,,
2023-10-21 01:00:00,,,,,0.0,,,0.0,,0.0,,,,,,,,,,0.0,0.0,,,
2023-10-21 02:00:00,,,,,0.0,,,0.0,,0.0,,,,,,,,,,0.0,0.0,,,
2023-10-21 03:00:00,,,,,0.0,,,0.0,,0.0,,,,,,,,,,0.0,0.0,,,
2023-10-21 04:00:00,,,,,0.0,,,0.0,,0.0,,,,,,,,,,0.0,0.0,,,
2023-10-21 05:00:00,,,,,0.0,,,0.0,,0.0,,,,,,,,,,0.0,0.0,,,
2023-10-21 06:00:00,,,,,0.0,,,0.0,,0.0,,,,,,,,,,0.0,0.0,,,
2023-10-21 07:00:00,,,,,0.0,,,0.0,,0.0,,,,,,,,,,0.0,0.0,,,
2023-10-21 08:00:00,,,,,0.0,,,0.0,,0.0,,,,,,,,,,0.0,0.0,,,
2023-10-21 09:00:00,,,,,0.0,,,0.0,,0.0,,,,,,,,,,0.0,0.0,,,
2023-10-21 10:00:00,,,,,0.0,,,0.0,,0.0,,,,,,,,,,0.0,0.0,,,
2023-10-21 11:00:00,,,,,0.0,,,0.0,,0.0,,,,,,,,,,0.0,0.0,,,
2023-10-21 12:00:00,,,,,0.0,,,0.0,,0.0,,,,,,,,,,0.0,0.0,,,
2023-10-21 13:00:00,,,,,0.0,,,0.0,,0.0,,,,,,,,,,0.0,0.0,,,
2023-10-21 14:00:00,,,,,0.0,,,0.0,,0.0,,,,,,,,,,0.0,0.0,,,
2023-10-21 15:00:00,,,,,0.0,,,0.0,,0.0,,,,,,,,,,0.0,0.0,,,
2023-10-21 16:00:00,,,,,0.0,,,0.0,,0.0,,,,,,,,,,0.0,0.0,,,
2023-10-21 17:00:00,,,,,0.0,,,0.0,,0.0,,,,,,,,,,0.0,0.0,,,
2023-10-21 18:00:00,,,,,0.0,,,0.0,,0.0,,,,,,,,,,0.0,0.0,,,
2023-10-21 19:00:00,,,,,0.0,,,0.0,,0.0,,,,,,,,,,0.0,0.0,,,
2023-10-21 20:00:00,,,,,0.0,,,0.0,,0.0,,,,,,,,,,0.0,0.0,,,
2023-10-21 21:00:00,,,,,0.0,,,0.0,,0.0,,,,,,,,,,0.0,0.0,,,
2023-10-21 22:00:00,,,,,0.0,,,0.0,,0.0,,,,,,,,,,0.0,0.0,,,
2023-10-21 23:00:00,,,,,0.0,,,0.0,,0.0,,,,,,,,,,0.0,0.0,,,
2023-10-22 00:00:00,,,,,0.0,,,0.0,,0.0,,,,,,,,,,0.0,0.0,,,
2023-10-22 01:00:00,,,,,0.0,,,0.0,,0.0,,,,,,,,,,0.0,0.0,,,
2023-10-22 02:00:00,,,,,0.0,,,0.0,,0.0,,,,,,,,,,0.0,0.0,,,
2023-10-22 03:00:00,,,,,0.0,,,0.0,,0.0,,,,,,,,,,0.0,0.0,,,
2023-10-22 04:00:00,,,,,0.0,,,0.0,,0.0,,,,,,,,,,0.0,0.0,,,
2023-10-22 05:00:00,,,,,0.0,,,0.0,,0.0,,,,,,,,,,0.0,0.0,,,
2023-10-22 06:00:00,,,,,0.0,,,0.0,,0.0,,,,,,,,,,0.0,0.0,,,
2023-10-22 07:00:00,,,,,0.0,,,0.0,,0.0,,,,,,,,,,0.0,0.0,,,
2023-10-22 08:00:00,,,,,0.0,,,0.0,,0.0,,,,,,,,,,0.0,0.0,,,
2023-10-22 09:00:00,,,,,0.0,,,0.0,,0.0,,,,,,,,,,0.0,0.0,,,
2023-10-22 10:00:00,,,,,0.0,,,0.0,,0.0,,,,,,,,,,0.0,0.0,,,
2023-10-22 11:00:00,,,,,0.0,,,0.0,,0.0,,,,,,,,,,0.0,0.0,,,
2023-10-22 12:00:00,,,,,0.0,,,0.0,,0.0,,,,,,,,,,0.0,0.0,,,
2023-10-22 13:00:00,,,,,0.0,,,0.0,,0.0,,,,,,,,,,0.0,0.0,,,
2023-10-22 14:00:00,,,,,0.0,,,0.0,,0.0,,,,,,,,,,0.0,0.0,,,
2023-10-22 15:00:00,,,,,0.0,,,0.0,,0.0,,,,,,,,,,0.0,0.0,,,
2023-10-22 16:00:00,,,,,0.0,,,0.0,,0.0,,,,,,,,,,0.0,0.0,,,
2023-10-22 17:00:00,,,,,0.0,,,0.0,,0.0,,,,,,,,,,0.0,0.0,,,
2023-10-22 18:00:00,,,,,0.0,,,0.0,,0.0,,,,,,,,,,0.0,0.0,,,
2023-10-22 19:00:00,,,,,0.0,,,0.0,,0.0,,,,,,,,,,0.0,0.0,,,
2023-10-22 20:00:00,,,,,0.0,,,0.0,,0.0,,,,,,,,,,0.0,0.0,,,
2023-10-22 21:00:00,,,,,0.0,,,0.0,,0.0,,,,,,,,,,0.0,0.0,,,
2023-10-22 22:00:00,,,,,0.0,,,0.0,,0.0,,,,,,,,,,0.0,0.0,,,
2023-10-22 23:00:00,,,,,0.0,,,0.0,,0.0,,,,,,,,,,0.0,0.0,,,
2023-10-23 00:00:00,,,,,0.0,,,0.0,,0.0,,,,,,,,,,0.0,0.0,,,
2023-10-23 01:00:00,,,,,0.0,,,0.0,,0.0,,,,,,,,,,0.0,0.0,,,
2023-10-23 02:00:00,,,,,0.0,,,0.0,,0.0,,,,,,,,,,0.0,0.0,,,
2023-10-23 03:00:00,,,,,0.0,,,0.0,,0.0,,,,,,,,,,0.0,0.0,,,
2023-10-23 04:00:00,,,,,0.0,,,0.0,,0.0,,,,,,,,,,0.0,0.0,,,
2023-10-23 05:00:00,,,,,0.0,,,0.0,,0.0,,,,,,,,,,0.0,0.0,,,
2023-10-23 06:00:00,,,,,0.0,,,0.0,,0.0,,,,,,,,,,0.0,0.0,,,
2023-10-23 07:00:00,,,,,0.0,,,0.0,,0.0,,,,,,,,,,0.0,0.0,,,
2023-10-23 08:00:00,,,,,0.0,,,0.0,,0.0,,,,,,,,,,0.0,0.0,,,
2023-10-23 09:00:00,,,,,0.0,,,0.0,,0.0,,,,,,,,,,0.0,0.0,,,
2023-10-23 10:00:00,,,,,0.0,,,0.0,,0.0,,,,,,,,,,0.0,0.0,,,
2023-10-23 11:00:00,,,,,0.0,,,0.0,,0.0,,,,,,,,,,0.0,0.0,,,
2023-10-23 12:00:00,,,,,0.0,,,0.0,,0.0,,,,,,,,,,0.0,0.0,,,
2023-10-23 13:00:00,,,,,0.0,,,0.0,,0.0,,,,,,,,,,0.0,0.0,,,
2023-10-23 14:00:00,,,,,0.0,,,0.0,,0.0,,,,,,,,,,0.0,0.0,,,
2023-10-23 15:00:00,,,,,0.0,,,0.0,,0.0,,,,,,,,,,0.0,0.0,,,
2023-10-23 16:00:00,,,,,0.0,,,0.0,,0.0,,,,,,,,,,0.0,0.0,,,
2023-10-23 17:00:00,,,,,0.0,,,0.0,,0.0,,,,,,,,,,0.0,0.0,,,
2023-10-23 18:00:00,,,,,0.0,,,0.0,,0.0,,,,,,,,,,0.0,0.0,,,
2023-10-23 19:00:00,,,,,0.0,,,0.0,,0.0,,,,,,,,,,0.0,0.0,,,
2023-10-23 20:00:00,,,,,0.0,,,0.0,,0.0,,,,,,,,,,0.0,0.0,,,
2023-10-23 21:00:00,,,,,0.0,,,0.0,,0.0,,,,,,,,,,0.0,0.0,,,
2023-10-23 22:00:00,,,,,0.0,,,0.0,,0.0,,,,,,,,,,0.0,0.0,,,
2023-10-23 23:00:00,,,,,0.0,,,0.0,,0.0,,,,,,,,,,0.0,0.0,,,
2023-10-24 00:00:00,,,,,0.0,,,0.0,,0.0,,,,,,,,,,0.0,0.0,,,
2023-10-24 01:00:00,,,,,0.0,,,0.0,,0.0,,,,,,,,,,0.0,0.0,,,
2023-10-24 02:00:00,,,,,0.0,,,0.0,,0.0,,,,,,,,,,0.0,0.0,,,
2023-10-24 03:00:00,,,,,0.0,,,0.0,,0.0,,,,,,,,,,0.0,0.0,,,
2023-10-24 04:00:00,,,,,0.0,,,0.0,,0.0,,,,,,,,,,0.0,0.0,,,
2023-10-24 05:00:00,,,,,0.0,,,0.0,,0.0,,,,,,,,,,0.0,0.0,,,
2023-10-24 06:00:00,,,,,0.0,,,0.0,,0.0,,,,,,,,,,0.0,0.0,,,
2023-10-24 07:00:00,,,,,0.0,,,0.0,,0.0,,,,,,,,,,0.0,0.0,,,
2023-10-24 08:00:00,,,,,0.0,,,0.0,,0.0,,,,,,,,,,0.0,0.0,,,
2023-10-24 09:00:00,,,,,0.0,,,0.0,,0.0,,,,,,,,,,0.0,0.0,,,
2023-10-24 10:00:00,,,,,0.0,,,0.0,,0.0,,,,,,,,,,0.0,0.0,,,
2023-10-24 11:00:00,,,,,0.0,,,0.0,,0.0,,,,,,,,,,0.0,0.0,,,
2023-10-24 12:00:00,,,,,0.0,,,0.0,,0.0,,,,,,,,,,0.0,0.0,,,
2023-10-24 13:00:00,,,,,0.0,,,0.0,,0.0,,,,,,,,,,0.0,0.0,,,
2023-10-24 14:00:00,,,,,0.0,,,0.0,,0.0,,,,,,,,,,0.0,0.0,,,
2023-10-24 15:00:00,,,,,0.0,,,0.0,,0.0,,,,,,,,,,0.0,0.0,,,
2023-10-24 16:00:00,,,,,0.0,,,0.0,,0.0,,,,,,,,,,0.0,0.0,,,
2023-10-24 17:00:00,,,,,0.0,,,0.0,,0.0,,,,,,,,,,0.0,0.0,,,
2023-10-24 18:00:00,,,,,0.0,,,0.0,,0.0,,,,,,,,,,0.0,0.0,,,
2023-10-24 19:00:00,,,,,0.0,,,0.0,,0.0,,,,,,,,,,0.0,0.0,,,
2023-10-24 20:00:00,,,,,0.0,,,0.0,,0.0,,,,,,,,,,0.0,0.0,,,
2023-10-24 21:00:00,,,,,0.0,,,0.0,,0.0,,,,,,,,,,0.0,0.0,,,
2023-10-24 22:00:00,,,,,0.0,,,0.0,,0.0,,,,,,,,,,0.0,0.0,,,
2023-10-24 23:00:00,,,,,0.0,,,0.0,,0.0,,,,,,,,,,0.0,0.0,,,
2023-10-25 00:00:00,,,,,0.0,,,0.0,,0.0,,,,,,,,,,0.0,0.0,,,
2023-10-25 01:00:00,,,,,0.0,,,0.0,,0.0,,,,,,,,,,0.0,0.0,,,
2023-10-25 02:00:00,,,,,0.0,,,0.0,,0.0,,,,,,,,,,0.0,0.0,,,
2023-10-25 03:00:00,,,,,0.0,,,0.0,,0.0,,,,,,,,,,0.0,0.0,,,
2023-10-25 04:00:00,,,,,0.0,,,0.0,,0.0,,,,,,,,,,0.0,0.0,,,
2023-10-25 05:00:00,,,,,0.0,,,0.0,,0.0,,,,,,,,,,0.0,0.0,,,
2023-10-25 06:00:00,,,,,0.0,,,0.0,,0.0,,,,,,,,,,0.0,0.0,,,
2023-10-25 07:00:00,,,,,0.0,,,0.0,,0.0,,,,,,,,,,0.0,0.0,,,
2023-10-25 08:00:00,,,,,0.0,,,0.0,,0.0,,,,,,,,,,0.0,0.0,,,
2023-10-25 09:00:00,,,,,0.0,,,0.0,,0.0,,,,,,,,,,0.0,0.0,,,
2023-10-25 10:00:00,33.4,55.5,1.07,1.64,0.9866666666666667,0.61,2.29,0.08,1.71,0.01,,,,0.025,0.03,,,,,0.0,0.0,,,
2023-10-25 11:00:00,9.5,27.75,1.07,1.64,1.48,0.61,2.29,0.26,1.71,0.03,,,,0.05,0.06,,,,,0.0,0.0,,,
2023-10-25 12:00:00,,,,,,,,,,,,,,,,,,,,,0.0,,,
2023-10-25 13:00:00,,,,,,,,,,,,,,,,,,,,,0.0,,,
2023-10-25 14:00:00,,,,,,,,,,,,,,,,,,,,,0.0,,,
2023-10-25 15:00:00,,,,,,,,,,,,,,,,,,,,,0.0,,,
2023-10-25 16:00:00,,,,,,,,,,,,,,,,,,,,,0.0,,,
2023-10-25 17:00:00,,,,,,,,,,,,,,,,,,,,,0.0,,,
2023-10-25 18:00:00,,,,,,,,,,,,,,,,,,,,,0.0,,,
2023-10-25 19:00:00,,,,,,,,,,,,,,,,,,,,,0.0,,,
2023-10-25 20:00:00,,,,,,,,,,,,,,,,,,,,,0.0,,,
2023-10-25 21:00:00,,,,,,,,,,,,,,,,,,,,,0.0,,,
2023-10-25 22:00:00,,,,,,,,,,,,,,,,,,,,,0.0,,,
2023-10-25 23:00:00,,,,,,,,,,,,,,,,,,,,,0.0,,,
2023-10-26 00:00:00,,,,,,,,,,,,,,,,,,,,,0.0,,,
2023-10-26 01:00:00,,,,,,,,,,,,,,,,,,,,,0.0,,,
2023-10-26 02:00:00,,,,,,,,,,,,,,,,,,,,,0.0,,,
2023-10-26 03:00:00,,,,,,,,,,,,,,,,,,,,,0.0,,,
2023-10-26 04:00:00,,,,,,,,,,,,,,,,,,,,,0.0,,,
2023-10-26 05:00:00,,,,,,,,,,,,,,,,,,,,,0.0,,,
2023-10-26 06:00:00,,,,,,,,,,,,,,,,,,,,,0.0,,,
2023-10-26 07:00:00,,,,,,,,,,,,,,,,,,,,,0.0,,,
2023-10-26 08:00:00,,,,,,,,,,,,,,,,,,,,,0.0,,,
2023-10-26 09:00:00,,,,,,,,,,,,,,,,,,,,,0.0,,,
2023-10-26 10:00:00,,,,,,,,,,,,,,,,,,,,,0.0,,,
2023-10-26 11:00:00,,,,,,,,,,,,,,,,,,,,,0.0,,,
2023-10-26 12:00:00,,,,,,,,,,,,,,,,,,,,,0.0,,,
2023-10-26 13:00:00,,,,,,,,,,,,,,,,,,,,,0.0,,,
2023-10-26 14:00:00,,,,,,,,,,,,,,,,,,,,,0.0,,,
2023-10-26 15:00:00,,,,,,,,,,,,,,,,,,,,,0.0,,,
2023-10-26 16:00:00,,,,,,,,,,,,,,,,,,,,,0.0,,,
2023-10-26 17:00:00,,,,,,,,,,,,,,,,,,,,,0.0,,,
2023-10-26 18:00:00,,,,,,,,,,,,,,,,,,,,,0.0,,,
2023-10-26 19:00:00,,,,,,,,,,,,,,,,,,,,,0.0,,,
2023-10-26 20:00:00,,,,,,,,,,,,,,,,,,,,,0.0,,,
2023-10-26 21:00:00,,,,,,,,,,,,,,,,,,,,,0.0,,,
2023-10-26 22:00:00,,,,,,,,,,,,,,,,,,,,,0.0,,,
2023-10-26 23:00:00,,,,,,,,,,,,,,,,,,,,,0.0,,,
2023-10-27 00:00:00,,,,,,,,,,,,,,,,,,,,,0.0,,,
2023-10-27 01:00:00,,,,,,,,,,,,,,,,,,,,,0.0,,,
2023-10-27 02:00:00,,,,,,,,,,,,,,,,,,,,,0.0,,,
2023-10-27 03:00:00,,,,,,,,,,,,,,,,,,,,,0.0,,,
2023-10-27 04:00:00,,,,,,,,,,,,,,,,,,,,,0.0,,,
2023-10-27 05:00:00,,,,,,,,,,,,,,,,,,,,,0.0,,,
2023-10-27 06:00:00,,,,,,,,,,,,,,,,,,,,,0.0,,,
2023-10-27 07:00:00,,,,,,,,,,,,,,,,,,,,,0.0,,,
2023-10-27 08:00:00,,,,,,,,,,,,,,,,,,,,,0.0,,,
2023-10-27 09:00:00,,,,,,,,,,,,,,,,,,,,,0.0,,,
2023-10-27 10:00:00,,,,,,,,,,,,,,,,,,,,,0.0,,,
2023-10-27 11:00:00,,,,,,,,,,,,,,,,,,,,,0.0,,,
2023-10-27 12:00:00,,,,,,,,,,,,,,,,,,,,,0.0,,,
2023-10-27 13:00:00,,,,,,,,,,,,,,,,,,,,,0.0,,,
2023-10-27 14:00:00,,,,,,,,,,,,,,,,,,,,,0.0,,,
2023-10-27 15:00:00,,,,,,,,,,,,,,,,,,,,,0.0,,,
2023-10-27 16:00:00,,,,,,,,,,,,,,,,,,,,,0.0,,,
2023-10-27 17:00:00,,,,,,,,,,,,,,,,,,,,,0.0,,,
2023-10-27 18:00:00,,,,,,,,,,,,,,,,,,,,,0.0,,,
2023-10-27 19:00:00,,,,,,,,,,,,,,,,,,,,,0.0,,,
2023-10-27 20:00:00,,,,,,,,,,,,,,,,,,,,,0.0,,,
2023-10-27 21:00:00,,,,,,,,,,,,,,,,,,,,,0.0,,,
2023-10-27 22:00:00,,,,,,,,,,,,,,,,,,,,,0.0,,,
2023-10-27 23:00:00,,,,,,,,,,,,,,,,,,,,,0.0,,,
2023-10-28 00:00:00,,,,,,,,,,,,,,,,,,,,,0.0,,,
2023-10-28 01:00:00,,,,,,,,,,,,,,,,,,,,,0.0,,,
2023-10-28 02:00:00,,,,,,,,,,,,,,,,,,,,,0.0,,,
2023-10-28 03:00:00,,,,,,,,,,,,,,,,,,,,,0.0,,,
2023-10-28 04:00:00,,,,,,,,,,,,,,,,,,,,,0.0,,,
2023-10-28 05:00:00,,,,,,,,,,,,,,,,,,,,,0.0,,,
2023-10-28 06:00:00,,,,,,,,,,,,,,,,,,,,,0.0,,,
2023-10-28 07:00:00,,,,,,,,,,,,,,,,,,,,,0.0,,,
2023-10-28 08:00:00,,,,,,,,,,,,,,,,,,,,,0.0,,,
2023-10-28 09:00:00,,,,,,,,,,,,,,,,,,,,,0.0,,,
2023-10-28 10:00:00,,,,,,,,,,,,,,,,,,,,,0.0,,,
2023-10-28 11:00:00,,,,,,,,,,,,,,,,,,,,,0.0,,,
2023-10-28 12:00:00,,,,,,,,,,,,,,,,,,,,,0.0,,,
2023-10-28 13:00:00,,,,,,,,,,,,,,,,,,,,,0.0,,,
2023-10-28 14:00:00,,,,,,,,,,,,,,,,,,,,,0.0,,,
2023-10-28 15:00:00,,,,,,,,,,,,,,,,,,,,,0.0,,,
2023-10-28 16:00:00,,,,,,,,,,,,,,,,,,,,,0.0,,,
2023-10-28 17:00:00,,,,,,,,,,,,,,,,,,,,,0.0,,,
2023-10-28 18:00:00,,,,,,,,,,,,,,,,,,,,,0.0,,,
2023-10-28 19:00:00,,,,,,,,,,,,,,,,,,,,,0.0,,,
2023-10-28 20:00:00,,,,,,,,,,,,,,,,,,,,,0.0,,,
2023-10-28 21:00:00,,,,,,,,,,,,,,,,,,,,,0.0,,,
2023-10-28 22:00:00,,,,,,,,,,,,,,,,,,,,,0.0,,,
2023-10-28 23:00:00,,,,,,,,,,,,,,,,,,,,,0.0,,,
2023-10-29 00:00:00,,,,,,,,,,,,,,,,,,,,,0.0,,,
2023-10-29 01:00:00,,,,,,,,,,,,,,,,,,,,,0.0,,,
2023-10-29 02:00:00,,,,,,,,,,,,,,,,,,,,,0.0,,,
2023-10-29 03:00:00,,,,,,,,,,,,,,,,,,,,,0.0,,,
2023-10-29 04:00:00,,,,,,,,,,,,,,,,,,,,,0.0,,,
2023-10-29 05:00:00,,,,,,,,,,,,,,,,,,,,,0.0,,,
2023-10-29 06:00:00,,,,,,,,,,,,,,,,,,,,,0.0,,,
2023-10-29 07:00:00,,,,,,,,,,,,,,,,,,,,,0.0,,,
2023-10-29 08:00:00,,,,,,,,,,,,,,,,,,,,,0.0,,,
2023-10-29 09:00:00,,,,,,,,,,,,,,,,,,,,,0.0,,,
2023-10-29 10:00:00,,,,,,,,,,,,,,,,,,,,,0.0,,,
2023-10-29 11:00:00,,,,,,,,,,,,,,,,,,,,,0.0,,,
2023-10-29 12:00:00,,,,,,,,,,,,,,,,,,,,,0.0,,,
2023-10-29 13:00:00,,,,,,,,,,,,,,,,,,,,,0.0,,,
2023-10-29 14:00:00,,,,,,,,,,,,,,,,,,,,,0.0,,,
2023-10-29 15:00:00,,,,,,,,,,,,,,,,,,,,,0.0,,,
2023-10-29 16:00:00,,,,,,,,,,,,,,,,,,,,,0.0,,,
2023-10-29 17:00:00,,,,,,,,,,,,,,,,,,,,,0.0,,,
2023-10-29 18:00:00,,,,,,,,,,,,,,,,,,,,,0.0,,,
2023-10-29 19:00:00,,,,,,,,,,,,,,,,,,,,,0.0,,,
2023-10-29 20:00:00,,,,,,,,,,,,,,,,,,,,,0.0,,,
2023-10-29 21:00:00,,,,,,,,,,,,,,,,,,,,,0.0,,,
2023-10-29 22:00:00,,,,,,,,,,,,,,,,,,,,,0.0,,,
2023-10-29 23:00:00,,,,,,,,,,,,,,,,,,,,,0.0,,,
2023-10-30 00:00:00,,,,,,,,,,,,,,,,,,,,,0.0,,,
2023-10-30 01:00:00,,,,,,,,,,,,,,,,,,,,,0.0,,,
2023-10-30 02:00:00,,,,,,,,,,,,,,,,,,,,,0.0,,,
2023-10-30 03:00:00,,,,,,,,,,,,,,,,,,,,,0.0,,,
2023-10-30 04:00:00,,,,,,,,,,,,,,,,,,,,,0.0,,,
2023-10-30 05:00:00,,,,,,,,,,,,,,,,,,,,,0.0,,,
2023-10-30 06:00:00,,,,,,,,,,,,,,,,,,,,,0.0,,,
2023-10-30 07:00:00,,,,,,,,,,,,,,,,,,,,,0.0,,,
2023-10-30 08:00:00,,,,,,,,,,,,,,,,,,,,,0.0,,,
2023-10-30 09:00:00,,,,,,,,,,,,,,,,,,,,,0.0,,,
2023-10-30 10:00:00,,,0.99,1.64,1.44,0.58,2.12,0.06,1.58,0.01,,,,0.02,0.02,,,,,0.0,0.0,,,
2023-10-30 11:00:00,0.26,,1.0325,1.5775000000000001,1.4175,0.59,2.2125,0.185,1.645,0.02,,,,0.04,0.04,,,,,0.0,0.0,,,
2023-10-30 12:00:00,1.625,2.7,1.07,1.64,1.48,0.61,2.29,0.175,1.71,0.02,,,,0.035,0.04,,,,,0.0,0.0,,,
2023-10-30 13:00:00,7.449999999999999,11.775,1.07,1.64,1.48,0.61,2.29,0.2,1.71,0.0225,,,,0.04,0.045,,,,,0.0,0.0,,,
2023-10-30 14:00:00,10.7125,21.375,1.07,1.64,1.48,0.61,2.29,0.19,1.71,0.02,,,,0.04,0.045,,,,,0.0,0.0,,,
2023-10-30 15:00:00,26.75,46.125,1.07,1.64,1.48,0.61,2.29,0.19,1.71,0.02,,,,0.04,0.04,,,,,0.0,0.0,,,
2023-10-30 16:00:00,28.875,49.5,1.07,1.64,1.48,0.61,2.29,0.23249999999999998,1.71,0.03,,,,0.0425,0.052500000000000005,,,,,0.0,0.0,,,
2023-10-30 17:00:00,25.8,36.825,1.07,1.64,1.48,0.61,2.29,0.2775,1.71,0.0375,,,,0.057499999999999996,0.0675,,,,,0.0,0.0,,,
2023-10-30 18:00:00,30.825,53.475,1.07,1.64,1.48,0.61,2.29,0.375,1.71,0.04,,,,0.07500000000000001,0.09,,,,,0.0,0.0,,,
2023-10-30 19:00:00,45.05,76.35,1.07,1.63,1.47,0.61,2.29,0.395,1.71,0.0475,,,,0.0775,0.095,,,,,0.0,0.0,,,
2023-10-30 20:00:00,28.875,50.625,1.07,1.64,1.48,0.61,2.29,0.42000000000000004,1.71,0.052500000000000005,,,,0.085,0.10250000000000001,,,,,0.0,0.0,,,
2023-10-30 21:00:00,29.625,52.875,1.07,1.64,1.48,0.61,2.29,0.45999999999999996,1.71,0.055,,,,0.095,0.11,,,,,0.0,0.0,,,
2023-10-30 22:00:00,36.6375,61.875,1.07,1.64,1.48,0.61,2.29,0.4225,1.71,0.05,,,,0.0875,0.1,,,,,0.0,0.0,,,
2023-10-30 23:00:00,24.266666666666666,50.0,1.07,1.64,1.4799999999999998,0.61,2.29,0.38999999999999996,1.71,0.043333333333333335,,,,0.07333333333333335,0.09333333333333334,,,,,0.0,0.0,,,
2023-10-31 00:00:00,25.2,36.97333333333333,1.07,1.64,1.4799999999999998,0.61,2.29,0.3033333333333333,1.71,0.03666666666666667,,,,0.0625,0.07250000000000001,,,,,0.0,0.0,,,
2023-10-31 01:00:00,43.4375,69.75,1.0625,1.64,1.48,0.61,2.2725,0.255,1.71,0.03,,,,0.052500000000000005,0.0625,,,,,0.0,0.0,,,
2023-10-31 02:00:00,17.8,27.75,1.07,1.64,1.48,0.61,2.29,0.2125,1.71,0.03,,,,0.04,0.05,,,,,0.0,0.0,,,
2023-10-31 03:00:00,10.3,16.125,1.07,1.64,1.48,0.61,2.29,0.185,1.71,0.02,,,,0.04,0.04,,,,,0.0,0.0,,,
2023-10-31 04:00:00,13.1,29.85,1.07,1.64,1.48,0.61,2.29,0.1575,1.71,0.02,,,,0.03,0.04,,,,,0.0,0.0,,,
2023-10-31 05:00:00,21.25,38.0625,1.07,1.64,1.48,0.61,2.29,0.1475,1.71,0.02,,,,0.03,0.0375,,,,,0.0,0.0,,,
2023-10-31 06:00:00,10.649999999999999,16.4625,1.07,1.63,1.48,0.61,2.29,0.17,1.71,0.02,,,,0.0375,0.04,,,,,0.0,0.0,,,
2023-10-31 07:00:00,20.975,38.625,1.07,1.64,1.48,0.61,2.29,0.2175,1.71,0.0275,,,,0.04,0.0475,,,,,0.0,0.0,,,
2023-10-31 08:00:00,33.25,52.65,1.07,1.64,1.48,0.61,2.29,0.21,1.71,0.025,,,,0.04,0.05,,,,,0.0,0.0,,,
2023-10-31 09:00:00,42.725,81.9375,1.07,1.64,1.48,0.61,2.29,0.20500000000000002,1.71,0.0225,,,,0.04,0.05,,,,,0.0,0.0,,,
2023-10-31 10:00:00,33.0,49.5,1.07,1.64,1.48,0.61,2.29,0.11,1.71,0.01,,,,0.02,0.02,,,,,0.0,0.0,,,
2023-10-31 11:00:00,5.633333333333333,24.75,1.07,1.64,1.48,0.61,2.29,0.165,1.71,0.02,,,,0.035,0.04,,,,,0.0,0.0,,,
2023-10-31 12:00:00,21.8625,40.5,1.07,1.64,1.48,0.61,2.29,0.16,1.71,0.02,,,,0.03,0.04,,,,,0.0,0.0,,,
2023-10-31 13:00:00,21.1,34.8,1.07,1.64,1.48,0.61,2.29,0.16,1.71,0.02,,,,0.03,0.04,,,,,0.0,0.0,,,
2023-10-31 14:00:00,28.85,45.375,1.07,1.64,1.48,0.61,2.29,0.165,1.71,0.02,,,,0.03,0.04,,,,,0.0,0.0,,,
2023-10-31 15:00:00,25.2,44.4,1.07,1.64,1.48,0.61,2.29,0.165,1.71,0.02,,,,0.0325,0.04,,,,,0.0,0.0,,,
2023-10-31 16:00:00,21.175,34.6875,1.07,1.64,1.48,0.61,2.29,0.1925,1.71,0.0225,,,,0.04,0.0425,,,,,0.0,0.0,,,
2023-10-31 17:00:00,16.275,41.25,1.07,1.64,1.48,0.61,2.29,0.26,1.71,0.0325,,,,0.055,0.065,,,,,0.0,0.0,,,
2023-10-31 18:00:00,35.6375,60.375,1.07,1.64,1.48,0.61,2.29,0.375,1.71,0.0425,,,,0.07500000000000001,0.0875,,,,,0.0,0.0,,,
2023-10-31 19:00:00,36.925,58.95,1.07,1.64,1.48,0.61,2.29,0.4475,1.71,0.05,,,,0.09,0.1075,,,,,0.0,0.0,,,
2023-10-31 20:00:00,36.9,65.775,1.07,1.64,1.48,0.61,2.29,0.4975,1.71,0.06,,,,0.10250000000000001,0.12,,,,,0.0,0.0,,,
2023-10-31 21:00:00,38.4375,61.3125,1.07,1.64,1.48,0.61,2.29,0.4575,1.71,0.052500000000000005,,,,0.0925,0.1075,,,,,0.0,0.0,,,
2023-10-31 22:00:00,20.325,45.15,1.07,1.64,1.48,0.61,2.29,0.4125,1.71,0.0475,,,,0.08,0.0975,,,,,0.0,0.0,,,
2023-10-31 23:00:00,27.599999999999998,47.4,1.07,1.64,1.4799999999999998,0.61,2.29,0.37666666666666665,1.71,0.04,,,,0.07333333333333335,0.09000000000000001,,,,,0.0,0.0,,,
2023-11-01 00:00:00,38.0,57.0,1.07,1.64,1.4799999999999998,0.61,2.29,0.29,1.71,0.03333333333333333,,,,0.0625,0.07250000000000001,,,,,0.0,0.0,,,
2023-11-01 01:00:00,21.2375,37.3125,1.07,1.64,1.48,0.61,2.29,0.2475,1.71,0.03,,,,0.0475,0.057499999999999996,,,,,0.0,0.0,,,
2023-11-01 02:00:00,15.225,27.9375,1.07,1.64,1.48,0.61,2.29,0.20500000000000002,1.71,0.025,,,,0.04,0.05,,,,,0.0,0.0,,,
2023-11-01 03:00:00,14.9625,28.275,1.07,1.64,1.48,0.61,2.29,0.19,1.71,0.02,,,,0.04,0.04,,,,,0.0,0.0,,,
2023-11-01 04:00:00,14.7,23.4,1.07,1.64,1.48,0.61,2.29,0.16,1.71,0.02,,,,0.0325,0.04,,,,,0.0,0.0,,,
2023-11-01 05:00:00,9.05,15.9375,1.07,1.64,1.48,0.61,2.29,0.16,1.71,0.02,,,,0.03,0.04,,,,,0.0,0.0,,,
2023-11-01 06:00:00,12.25,19.05,1.07,1.64,1.48,0.61,2.29,0.17250000000000001,1.71,0.02,,,,0.0325,0.0425,,,,,0.0,0.0,,,
2023-11-01 07:00:00,22.175,34.35,1.07,1.64,1.48,0.61,2.29,0.195,1.71,0.02,,,,0.04,0.045,,,,,0.0,0.0,,,
2023-11-01 08:00:00,,,,,,,,,,,,,,,,,,,,,0.0,,,
2023-11-01 09:00:00,,,,,,,,,,,,,,,,,,,,,0.0,,,
2023-11-01 10:00:00,,,,,,,,,,,,,,,,,,,,,0.0,,,
2023-11-01 11:00:00,27.25,43.5,1.07,1.64,1.48,0.61,2.29,0.1475,1.71,0.015,,,,0.025,0.035,,,,,0.0,0.0,,,
2023-11-01 12:00:00,6.175,17.4,1.07,1.64,1.48,0.61,2.29,0.1775,1.71,0.02,,,,0.0375,0.04,,,,,0.0,0.0,,,
2023-11-01 13:00:00,16.2,22.445,1.07,1.64,1.48,0.61,2.29,0.1875,1.71,0.02,,,,0.04,0.04,,,,,0.0,0.0,,,
2023-11-01 14:00:00,15.125,25.875,1.07,1.64,1.48,0.61,2.29,0.19,1.71,0.02,,,,0.04,0.04,,,,,0.0,0.0,,,
2023-11-01 15:00:00,12.85,21.675,1.07,1.64,1.48,0.61,2.29,0.195,1.71,0.02,,,,0.04,0.04,,,,,0.0,0.0,,,
2023-11-01 16:00:00,18.075,28.22,1.07,1.64,1.48,0.61,2.29,0.195,1.71,0.02,,,,0.04,0.0425,,,,,0.0,0.0,,,
2023-11-01 17:00:00,21.5,32.25,1.07,1.64,1.48,0.61,2.29,0.22,1.71,0.02,,,,0.04,0.05,,,,,0.0,0.0,,,
2023-11-01 18:00:00,,,,,,,,,,,,,,,,,,,,,0.0,,,
2023-11-01 19:00:00,,,,,,,,,,,,,,,,,,,,,0.0,,,
2023-11-01 20:00:00,,,,,,,,,,,,,,,,,,,,,0.0,,,
2023-11-01 21:00:00,,,,,,,,,,,,,,,,,,,,,0.0,,,
2023-11-01 22:00:00,,,,,,,,,,,,,,,,,,,,,0.0,,,
2023-11-01 23:00:00,,,,,,,,,,,,,,,,,,,,,0.0,,,
2023-11-02 00:00:00,,,,,,,,,,,,,,,,,,,,,0.0,,,
2023-11-02 01:00:00,,,,,,,,,,,,,,,,,,,,,0.0,,,
2023-11-02 02:00:00,,,,,,,,,,,,,,,,,,,,,0.0,,,
2023-11-02 03:00:00,,,,,,,,,,,,,,,,,,,,,0.0,,,
2023-11-02 04:00:00,,,,,,,,,,,,,,,,,,,,,0.0,,,
2023-11-02 05:00:00,,,,,,,,,,,,,,,,,,,,,0.0,,,
2023-11-02 06:00:00,,,,,,,,,,,,,,,,,,,,,0.0,,,
2023-11-02 07:00:00,,,,,,,,,,,,,,,,,,,,,0.0,,,
2023-11-02 08:00:00,,,,,,,,,,,,,,,,,,,,,0.0,,,
2023-11-02 09:00:00,,,,,,,,,,,,,,,,,,,,,0.0,,,
2023-11-02 10:00:00,0.325,,1.07,1.63,1.47,0.605,2.29,0.1825,1.71,0.02,,,,0.035,0.0375,,,,,0.0,0.0,,,
2023-11-02 11:00:00,4.9625,9.45,1.07,1.64,1.48,0.61,2.29,0.1925,1.71,0.02,,,,0.04,0.045,,,,,0.0,0.0,,,
2023-11-02 12:00:00,6.4,10.5,1.07,1.64,0.74,0.61,2.29,0.0975,1.71,0.0125,,,,0.04,0.05,,,,,0.0,0.0,,,
2023-11-02 13:00:00,5.6875,8.530000000000001,0.8700000000000001,1.4349999999999998,1.295,0.495,1.8599999999999999,0.14250000000000002,1.39,0.02,,,,0.0325,0.0375,,,,,0.0,0.0,,,
2023-11-02 14:00:00,1.6,6.3,1.07,1.64,1.48,0.61,2.29,0.2,1.71,0.025,,,,0.04,0.05,,,,,0.0,0.0,,,
2023-11-02 15:00:00,26.6125,45.9,1.07,1.64,1.48,0.61,2.29,0.2425,1.71,0.03,,,,0.0475,0.057499999999999996,,,,,0.0,0.0,,,
2023-11-02 16:00:00,27.55,48.6,1.07,1.64,1.48,0.61,2.29,0.2475,1.71,0.03,,,,0.05,0.06,,,,,0.0,0.0,,,
2023-11-02 17:00:00,20.55,32.25,1.07,1.64,1.48,0.61,2.29,0.315,1.71,0.042499999999999996,,,,0.07250000000000001,0.0825,,,,,0.0,0.0,,,
2023-11-02 18:00:00,19.6,32.625,1.07,1.64,1.48,0.61,2.29,0.4125,1.71,0.05,,,,0.085,0.10250000000000001,,,,,0.0,0.0,,,
2023-11-02 19:00:00,27.3,43.2,1.07,1.64,1.48,0.61,2.29,0.5025,1.71,0.06,,,,0.10250000000000001,0.1175,,,,,0.0,0.0,,,
2023-11-02 20:00:00,34.6,61.2,1.07,1.64,1.48,0.61,2.29,0.5025,1.71,0.06,,,,0.1,0.12,,,,,0.0,0.0,,,
2023-11-02 21:00:00,56.95,90.0,1.07,1.64,1.48,0.61,2.29,0.4925,1.71,0.06,,,,0.1,0.11499999999999999,,,,,0.0,0.0,,,
2023-11-02 22:00:00,28.0,43.3125,1.07,1.64,1.48,0.61,2.29,0.475,1.71,0.057499999999999996,,,,0.0975,0.1125,,,,,0.0,0.0,,,
2023-11-02 23:00:00,27.066666666666666,56.5,1.07,1.64,1.4799999999999998,0.61,2.29,0.42333333333333334,1.71,0.05000000000000001,,,,0.08666666666666667,0.10000000000000002,,,,,0.0,0.0,,,
2023-11-03 00:00:00,37.0,55.5,1.07,1.64,1.4799999999999998,0.61,2.29,0.3666666666666667,1.71,0.04,,,,0.07250000000000001,0.09,,,,,0.0,0.0,,,
2023-11-03 01:00:00,27.2125,41.25,1.07,1.64,1.48,0.61,2.29,0.3175,1.71,0.0375,,,,0.065,0.07500000000000001,,,,,0.0,0.0,,,
2023-11-03 02:00:00,20.2375,32.25,1.07,1.64,1.48,0.61,2.29,0.2675,1.71,0.03,,,,0.055,0.065,,,,,0.0,0.0,,,
2023-11-03 03:00:00,16.75,25.125,1.07,1.64,1.48,0.61,2.29,0.2275,1.71,0.03,,,,0.045,0.055,,,,,0.0,0.0,,,
2023-11-03 04:00:00,11.600000000000001,21.6,1.07,1.64,1.48,0.61,2.29,0.21,1.71,0.03,,,,0.04,0.05,,,,,0.0,0.0,,,
2023-11-03 05:00:00,,,,,,,,,,,,,,,,,,,,,0.0,,,
2023-11-03 06:00:00,,,,,,,,,,,,,,,,,,,,,0.0,,,
2023-11-03 07:00:00,,,,,,,,,,,,,,,,,,,,,0.0,,,
2023-11-03 08:00:00,,,,,,,,,,,,,,,,,,,,,0.0,,,
2023-11-03 09:00:00,,,,,,,,,,,,,,,,,,,,,0.0,,,
2023-11-03 10:00:00,,,,,,,,,,,,,,,,,,,,,0.0,,,
2023-11-03 11:00:00,14.0,21.0,1.07,1.64,1.48,0.61,2.29,0.125,1.71,0.015,,,,0.025,0.025,,,,,0.0,0.0,,,
2023-11-03 12:00:00,5.6,8.4,1.07,1.64,1.4799999999999998,0.61,2.29,0.18666666666666668,1.71,0.02,,,,0.04,0.04,,,,,0.0,0.0,,,
2023-11-03 13:00:00,,,,,,,,,,,,,,,,,,,,,0.0,,,
2023-11-03 14:00:00,,,,,,,,,,,,,,,,,,,,,0.0,,,
2023-11-03 15:00:00,,,,,,,,,,,,,,,,,,,,,0.0,,,
2023-11-03 16:00:00,,,,,,,,,,,,,,,,,,,,,0.0,,,
2023-11-03 17:00:00,,,,,,,,,,,,,,,,,,,,,0.0,,,
2023-11-03 18:00:00,,,,,,,,,,,,,,,,,,,,,0.0,,,
2023-11-03 19:00:00,,,,,,,,,,,,,,,,,,,,,0.0,,,
2023-11-03 20:00:00,,,,,,,,,,,,,,,,,,,,,0.0,,,
2023-11-03 21:00:00,,,,,,,,,,,,,,,,,,,,,0.0,,,
2023-11-03 22:00:00,,,,,,,,,,,,,,,,,,,,,0.0,,,
2023-11-03 23:00:00,,,,,,,,,,,,,,,,,,,,,0.0,,,
2023-11-04 00:00:00,,,,,,,,,,,,,,,,,,,,,0.0,,,
2023-11-04 01:00:00,,,,,,,,,,,,,,,,,,,,,0.0,,,
2023-11-04 02:00:00,,,,,,,,,,,,,,,,,,,,,0.0,,,
2023-11-04 03:00:00,,,,,,,,,,,,,,,,,,,,,0.0,,,
2023-11-04 04:00:00,,,,,,,,,,,,,,,,,,,,,0.0,,,
2023-11-04 05:00:00,,,,,,,,,,,,,,,,,,,,,0.0,,,
2023-11-04 06:00:00,,,,,,,,,,,,,,,,,,,,,0.0,,,
2023-11-04 07:00:00,,,,,,,,,,,,,,,,,,,,,0.0,,,
2023-11-04 08:00:00,,,,,,,,,,,,,,,,,,,,,0.0,,,
2023-11-04 09:00:00,,,,,,,,,,,,,,,,,,,,,0.0,,,
2023-11-04 10:00:00,,,,,,,,,,,,,,,,,,,,,0.0,,,
2023-11-04 11:00:00,,,,,,,,,,,,,,,,,,,,,0.0,,,
2023-11-04 12:00:00,,,,,,,,,,,,,,,,,,,,,0.0,,,
2023-11-04 13:00:00,,,,,,,,,,,,,,,,,,,,,0.0,,,
2023-11-04 14:00:00,,,,,,,,,,,,,,,,,,,,,0.0,,,
2023-11-04 15:00:00,,,,,,,,,,,,,,,,,,,,,0.0,,,
2023-11-04 16:00:00,,,,,,,,,,,,,,,,,,,,,0.0,,,
2023-11-04 17:00:00,,,,,,,,,,,,,,,,,,,,,0.0,,,
2023-11-04 18:00:00,,,,,,,,,,,,,,,,,,,,,0.0,,,
2023-11-04 19:00:00,,,,,,,,,,,,,,,,,,,,,0.0,,,
2023-11-04 20:00:00,,,,,,,,,,,,,,,,,,,,,0.0,,,
2023-11-04 21:00:00,,,,,,,,,,,,,,,,,,,,,0.0,,,
2023-11-04 22:00:00,,,,,,,,,,,,,,,,,,,,,0.0,,,
2023-11-04 23:00:00,,,,,,,,,,,,,,,,,,,,,0.0,,,
2023-11-05 00:00:00,,,,,,,,,,,,,,,,,,,,,0.0,,,
2023-11-05 01:00:00,,,,,,,,,,,,,,,,,,,,,0.0,,,
2023-11-05 02:00:00,,,,,,,,,,,,,,,,,,,,,0.0,,,
2023-11-05 03:00:00,,,,,,,,,,,,,,,,,,,,,0.0,,,
2023-11-05 04:00:00,,,,,,,,,,,,,,,,,,,,,0.0,,,
2023-11-05 05:00:00,,,,,,,,,,,,,,,,,,,,,0.0,,,
2023-11-05 06:00:00,,,,,,,,,,,,,,,,,,,,,0.0,,,
2023-11-05 07:00:00,,,,,,,,,,,,,,,,,,,,,0.0,,,
2023-11-05 08:00:00,,,,,,,,,,,,,,,,,,,,,0.0,,,
2023-11-05 09:00:00,,,,,,,,,,,,,,,,,,,,,0.0,,,
2023-11-05 10:00:00,,,,,,,,,,,,,,,,,,,,,0.0,,,
2023-11-05 11:00:00,,,,,,,,,,,,,,,,,,,,,0.0,,,
2023-11-05 12:00:00,,,,,,,,,,,,,,,,,,,,,0.0,,,
2023-11-05 13:00:00,,,,,,,,,,,,,,,,,,,,,0.0,,,
2023-11-05 14:00:00,,,,,,,,,,,,,,,,,,,,,0.0,,,
2023-11-05 15:00:00,,,,,,,,,,,,,,,,,,,,,0.0,,,
2023-11-05 16:00:00,,,,,,,,,,,,,,,,,,,,,0.0,,,
2023-11-05 17:00:00,,,,,,,,,,,,,,,,,,,,,0.0,,,
2023-11-05 18:00:00,,,,,,,,,,,,,,,,,,,,,0.0,,,
2023-11-05 19:00:00,,,,,,,,,,,,,,,,,,,,,0.0,,,
2023-11-05 20:00:00,,,,,,,,,,,,,,,,,,,,,0.0,,,
2023-11-05 21:00:00,,,,,,,,,,,,,,,,,,,,,0.0,,,
2023-11-05 22:00:00,,,,,,,,,,,,,,,,,,,,,0.0,,,
2023-11-05 23:00:00,,,,,,,,,,,,,,,,,,,,,0.0,,,
2023-11-06 00:00:00,,,,,,,,,,,,,,,,,,,,,0.0,,,
2023-11-06 01:00:00,,,,,,,,,,,,,,,,,,,,,0.0,,,
2023-11-06 02:00:00,,,,,,,,,,,,,,,,,,,,,0.0,,,
2023-11-06 03:00:00,,,,,,,,,,,,,,,,,,,,,0.0,,,
2023-11-06 04:00:00,,,,,,,,,,,,,,,,,,,,,0.0,,,
2023-11-06 05:00:00,,,,,,,,,,,,,,,,,,,,,0.0,,,
2023-11-06 06:00:00,,,,,,,,,,,,,,,,,,,,,0.0,,,
2023-11-06 07:00:00,,,,,,,,,,,,,,,,,,,,,0.0,,,
2023-11-06 08:00:00,,,,,,,,,,,,,,,,,,,,,0.0,,,
2023-11-06 09:00:00,,,,,,,,,,,,,,,,,,,,,0.0,,,
2023-11-06 10:00:00,9.0,13.5,1.07,1.64,1.48,0.61,2.29,0.24,1.71,0.02,,,,0.04,0.04,,,,,0.0,0.0,,,
2023-11-06 11:00:00,3.6,5.4,1.07,1.64,1.48,0.61,2.29,0.1725,1.71,0.0175,,,,0.035,0.04,,,,,0.0,0.0,,,
2023-11-06 12:00:00,0.2833333333333334,,1.07,1.64,1.48,0.61,2.29,0.185,1.71,0.02,,,,0.0375,0.04,,,,,0.0,0.0,,,
2023-11-06 13:00:00,9.9125,17.0625,1.07,1.64,1.48,0.61,2.29,0.1875,1.71,0.02,,,,0.04,0.04,,,,,0.0,0.0,,,
2023-11-06 14:00:00,12.325,21.0,1.07,1.64,1.48,0.61,2.29,0.195,1.71,0.02,,,,0.04,0.045,,,,,0.0,0.0,,,
2023-11-06 15:00:00,,,,,,,,,,,,,,,,,,,,,0.0,,,
2023-11-06 16:00:00,,,,,,,,,,,,,,,,,,,,,0.0,,,
2023-11-06 17:00:00,,,,,,,,,,,,,,,,,,,,,0.0,,,
2023-11-06 18:00:00,,,,,,,,,,,,,,,,,,,,,0.0,,,
2023-11-06 19:00:00,,,,,,,,,,,,,,,,,,,,,0.0,,,
2023-11-06 20:00:00,,,,,,,,,,,,,,,,,,,,,0.0,,,
2023-11-06 21:00:00,,,,,,,,,,,,,,,,,,,,,0.0,,,
2023-11-06 22:00:00,,,,,,,,,,,,,,,,,,,,,0.0,,,
2023-11-06 23:00:00,,,,,,,,,,,,,,,,,,,,,0.0,,,
2023-11-07 00:00:00,,,,,,,,,,,,,,,,,,,,,0.0,,,
2023-11-07 01:00:00,,,,,,,,,,,,,,,,,,,,,0.0,,,
2023-11-07 02:00:00,,,,,,,,,,,,,,,,,,,,,0.0,,,
2023-11-07 03:00:00,,,,,,,,,,,,,,,,,,,,,0.0,,,
2023-11-07 04:00:00,,,,,,,,,,,,,,,,,,,,,0.0,,,
2023-11-07 05:00:00,,,,,,,,,,,,,,,,,,,,,0.0,,,
2023-11-07 06:00:00,,,,,,,,,,,,,,,,,,,,,0.0,,,
2023-11-07 07:00:00,,,,,,,,,,,,,,,,,,,,,0.0,,,
2023-11-07 08:00:00,,,,,,,,,,,,,,,,,,,,,0.0,,,
2023-11-07 09:00:00,,,,,,,,,,,,,,,,,,,,,0.0,,,
2023-11-07 10:00:00,,,,,,,,,,,,,,,,,,,,,0.0,,,
2023-11-07 11:00:00,,,,,,,,,,,,,,,,,,,,,0.0,,,
2023-11-07 12:00:00,,,1.07,1.64,1.48,0.61,2.29,0.1625,1.71,0.0175,,,,0.0275,0.0325,,,,,0.0,0.0,,,
2023-11-07 13:00:00,8.6125,15.75,1.07,1.64,1.48,0.61,2.29,0.18,1.71,0.02,,,,0.0375,0.04,,,,,0.0,0.0,,,
2023-11-07 14:00:00,11.6625,23.4,1.07,1.64,1.48,0.61,2.29,0.1875,1.71,0.02,,,,0.04,0.04,,,,,0.0,0.0,,,
2023-11-07 15:00:00,26.3375,44.4375,1.07,1.64,1.48,0.61,2.29,0.1875,1.71,0.02,,,,0.04,0.04,,,,,0.0,0.0,,,
2023-11-07 16:00:00,12.524999999999999,20.4,1.07,1.64,1.48,0.61,2.29,0.1925,1.71,0.02,,,,0.04,0.0425,,,,,0.0,0.0,,,
2023-11-07 17:00:00,8.425,15.0,1.07,1.64,1.48,0.61,2.29,0.23500000000000001,1.71,0.0275,,,,0.0475,0.0575,,,,,0.0,0.0,,,
2023-11-07 18:00:00,26.3125,40.2375,1.07,1.64,1.48,0.61,2.29,0.3425,1.71,0.04,,,,0.0675,0.0825,,,,,0.0,0.0,,,
2023-11-07 19:00:00,38.2,57.3,1.07,1.64,1.48,0.61,2.29,0.41,1.71,0.05,,,,0.085,0.095,,,,,0.0,0.0,,,
2023-11-07 20:00:00,51.5,81.45,1.07,1.64,1.48,0.61,2.29,0.455,1.71,0.055,,,,0.0925,0.11,,,,,0.0,0.0,,,
2023-11-07 21:00:00,24.7125,40.95,1.07,1.64,1.48,0.61,2.29,0.4475,1.71,0.052500000000000005,,,,0.09,0.10500000000000001,,,,,0.0,0.0,,,
2023-11-07 22:00:00,36.9,61.65,1.07,1.64,1.48,0.61,2.29,0.395,1.71,0.0475,,,,0.0775,0.0925,,,,,0.0,0.0,,,
2023-11-07 23:00:00,40.199999999999996,69.5,1.07,1.64,1.4799999999999998,0.61,2.29,0.37666666666666665,1.71,0.043333333333333335,,,,0.07333333333333335,0.09000000000000001,,,,,0.0,0.0,,,
2023-11-08 00:00:00,26.016666666666666,54.0,1.07,1.64,1.4799999999999998,0.61,2.29,0.32666666666666666,1.71,0.04,,,,0.0675,0.08,,,,,0.0,0.0,,,
2023-11-08 01:00:00,36.5625,64.8,1.07,1.64,1.48,0.61,2.29,0.275,1.71,0.03,,,,0.055,0.065,,,,,0.0,0.0,,,
2023-11-08 02:00:00,23.125,43.05,1.07,1.64,1.48,0.61,2.29,0.235,1.71,0.03,,,,0.0475,0.057499999999999996,,,,,0.0,0.0,,,
2023-11-08 03:00:00,21.7875,36.5625,1.07,1.64,1.48,0.61,2.29,0.2025,1.71,0.025,,,,0.04,0.0475,,,,,0.0,0.0,,,
2023-11-08 04:00:00,20.05,31.95,1.07,1.64,1.48,0.61,2.29,0.19,1.71,0.02,,,,0.04,0.04,,,,,0.0,0.0,,,
2023-11-08 05:00:00,17.5625,35.55,1.07,1.64,1.48,0.61,2.29,0.175,1.71,0.02,,,,0.035,0.04,,,,,0.0,0.0,,,
2023-11-08 06:00:00,17.666666666666668,28.8,1.07,1.64,1.4799999999999998,0.61,2.29,0.19000000000000003,1.71,0.02,,,,0.04,0.04,,,,,0.0,0.0,,,
2023-11-08 07:00:00,,,,,,,,,,,,,,,,,,,,,0.0,,,
2023-11-08 08:00:00,,,,,,,,,,,,,,,,,,,,,0.0,,,
2023-11-08 09:00:00,,,,,,,,,,,,,,,,,,,,,0.0,,,
2023-11-08 10:00:00,23.4,39.0,1.07,1.64,1.48,0.61,2.29,0.2,1.71,0.025,,,,0.035,0.04,,,,,0.0,0.0,,,
2023-11-08 11:00:00,10.6,15.6,1.07,1.64,1.48,0.61,2.29,0.1975,1.71,0.02,,,,0.04,0.0425,,,,,0.0,0.0,,,
2023-11-08 12:00:00,5.1,7.35,1.07,1.64,1.48,0.61,2.29,0.22,1.71,0.03,,,,0.04,0.05,,,,,0.0,0.0,,,
2023-11-08 13:00:00,7.0,10.5,1.07,1.64,1.48,0.61,2.29,0.19,1.71,0.02,,,,0.035,0.035,,,,,0.0,0.0,,,
2023-11-08 14:00:00,7.0,10.5,1.07,1.64,1.48,0.61,2.29,0.24,1.71,0.03,,,,0.05,0.055,,,,,0.0,0.0,,,
2023-11-08 15:00:00,1.5,4.2,1.07,1.64,1.48,0.61,2.29,0.2625,1.71,0.03,,,,0.05,0.06,,,,,0.0,0.0,,,
2023-11-08 16:00:00,4.85,8.1,1.07,1.64,1.48,0.61,2.29,0.2575,1.71,0.03,,,,0.05,0.06,,,,,0.0,0.0,,,
2023-11-08 17:00:00,18.0375,37.875,1.07,1.64,1.48,0.61,2.29,0.31,1.71,0.0375,,,,0.0625,0.07500000000000001,,,,,0.0,0.0,,,
2023-11-08 18:00:00,29.55,55.5,1.07,1.64,1.48,0.61,2.29,0.325,1.71,0.04,,,,0.065,0.07500000000000001,,,,,0.0,0.0,,,
2023-11-08 19:00:00,30.325,47.8125,1.07,1.64,1.48,0.61,2.29,0.41,1.71,0.05,,,,0.0825,0.0975,,,,,0.0,0.0,,,
2023-11-08 20:00:00,40.85,69.45,1.07,1.64,1.48,0.61,2.29,0.5075000000000001,1.71,0.0625,,,,0.10500000000000001,0.125,,,,,0.0,0.0,,,
2023-11-08 21:00:00,38.0,64.725,1.07,1.64,1.48,0.61,2.29,0.61,1.71,0.07250000000000001,,,,0.12,0.1475,,,,,0.0,0.0,,,
2023-11-08 22:00:00,71.25,119.775,1.07,1.64,1.48,0.61,2.29,0.5625,1.71,0.0675,,,,0.11,0.1375,,,,,0.0,0.0,,,
2023-11-08 23:00:00,40.916666666666664,82.2,1.07,1.64,1.4799999999999998,0.61,2.29,0.5,1.71,0.06,,,,0.10000000000000002,0.11666666666666665,,,,,0.0,0.0,,,
2023-11-09 00:00:00,58.0,81.2,1.07,1.64,1.4799999999999998,0.61,2.29,0.39999999999999997,1.71,0.04666666666666667,,,,0.0825,0.095,,,,,0.0,0.0,,,
2023-11-09 01:00:00,41.4375,66.0,1.07,1.64,1.48,0.61,2.29,0.3125,1.71,0.0375,,,,0.065,0.07250000000000001,,,,,0.0,0.0,,,
2023-11-09 02:00:00,20.4,30.525,1.07,1.64,1.48,0.61,2.29,0.245,1.71,0.03,,,,0.0475,0.057499999999999996,,,,,0.0,0.0,,,
2023-11-09 03:00:00,9.325,21.9375,1.07,1.64,1.48,0.61,2.29,0.20500000000000002,1.71,0.025,,,,0.04,0.045,,,,,0.0,0.0,,,
2023-11-09 04:00:00,14.3,22.5,1.07,1.64,1.48,0.61,2.29,0.19,1.71,0.02,,,,0.04,0.04,,,,,0.0,0.0,,,
2023-11-09 05:00:00,39.55,57.225,1.07,1.64,1.48,0.61,2.29,0.185,1.71,0.02,,,,0.04,0.0425,,,,,0.0,0.0,,,
2023-11-09 06:00:00,22.75,35.625,1.07,1.64,1.48,0.61,2.29,0.2125,1.71,0.0275,,,,0.0425,0.05,,,,,0.0,0.0,,,
2023-11-09 07:00:00,49.45,81.45,1.07,1.64,1.48,0.61,2.29,0.27,1.71,0.03,,,,0.052500000000000005,0.0625,,,,,0.0,0.0,,,
2023-11-09 08:00:00,9.79,29.0,1.07,1.64,1.48,0.61,2.29,0.26,1.71,0.03,,,,0.055,0.06,,,,,0.0,0.0,,,
2023-11-09 09:00:00,29.9,55.35,1.07,1.64,1.48,0.61,2.29,0.2625,1.71,0.03,,,,0.052500000000000005,0.0625,,,,,0.0,0.0,,,
2023-11-09 10:00:00,29.4175,48.0,1.07,1.64,1.48,0.61,2.29,0.235,1.71,0.03,,,,0.0475,0.057499999999999996,,,,,0.0,0.0,,,
2023-11-09 11:00:00,3.325,18.6,1.07,1.64,1.48,0.61,2.29,0.245,1.71,0.03,,,,0.0475,0.057499999999999996,,,,,0.0,0.0,,,
2023-11-09 12:00:00,38.5,57.75,1.07,1.64,1.48,0.61,2.29,0.3675,1.71,0.045,,,,0.07250000000000001,0.09,,,,,0.0,0.0,,,
2023-11-09 13:00:00,68.9,117.1875,1.07,1.64,1.48,0.61,2.29,0.2725,1.71,0.03,,,,0.052500000000000005,0.0625,,,,,0.0,0.0,,,
2023-11-09 14:00:00,49.5,76.05,1.07,1.64,1.48,0.61,2.29,0.2475,1.71,0.03,,,,0.05,0.06,,,,,0.0,0.0,,,
2023-11-09 15:00:00,34.8,57.0,1.07,1.64,1.48,0.61,2.29,0.25,1.71,0.03,,,,0.05,0.06,,,,,0.0,0.0,,,
2023-11-09 16:00:00,,,,,,,,,,,,,,,,,,,,,0.0,,,
2023-11-09 17:00:00,,,,,,,,,,,,,,,,,,,,,0.0,,,
2023-11-09 18:00:00,,,,,,,,,,,,,,,,,,,,,0.0,,,
2023-11-09 19:00:00,,,,,,,,,,,,,,,,,,,,,0.0,,,
2023-11-09 20:00:00,,,,,,,,,,,,,,,,,,,,,0.0,,,
2023-11-09 21:00:00,,,,,,,,,,,,,,,,,,,,,0.0,,,
2023-11-09 22:00:00,,,,,,,,,,,,,,,,,,,,,0.0,,,
2023-11-09 23:00:00,,,,,,,,,,,,,,,,,,,,,0.0,,,
2023-11-10 00:00:00,,,,,,,,,,,,,,,,,,,,,0.0,,,
2023-11-10 01:00:00,,,,,,,,,,,,,,,,,,,,,0.0,,,
2023-11-10 02:00:00,,,,,,,,,,,,,,,,,,,,,0.0,,,
2023-11-10 03:00:00,,,,,,,,,,,,,,,,,,,,,0.0,,,
2023-11-10 04:00:00,,,,,,,,,,,,,,,,,,,,,0.0,,,
2023-11-10 05:00:00,,,,,,,,,,,,,,,,,,,,,0.0,,,
2023-11-10 06:00:00,,,,,,,,,,,,,,,,,,,,,0.0,,,
2023-11-10 07:00:00,,,,,,,,,,,,,,,,,,,,,0.0,,,
2023-11-10 08:00:00,,,,,,,,,,,,,,,,,,,,,0.0,,,
2023-11-10 09:00:00,,,,,,,,,,,,,,,,,,,,,0.0,,,
2023-11-10 10:00:00,,,,,,,,,,,,,,,,,,,,,0.0,,,
2023-11-10 11:00:00,,,,,,,,,,,,,,,,,,,,,0.0,,,
2023-11-10 12:00:00,25.366666666666664,49.5,1.07,1.64,1.4799999999999998,0.61,2.29,0.14,1.71,0.016666666666666666,,,,0.02666666666666667,0.036666666666666674,,,,,0.0,0.0,,,
2023-11-10 13:00:00,6.8,19.8,1.07,1.64,1.48,0.61,2.29,0.21,1.71,0.025,,,,0.04,0.05,,,,,0.0,0.0,,,
2023-11-10 14:00:00,0.2,,1.07,1.64,1.48,0.61,2.29,0.21,1.71,0.025,,,,0.04,0.0475,,,,,0.0,0.0,,,
2023-11-10 15:00:00,26.4,41.85,1.07,1.64,1.48,0.61,2.29,0.2125,1.71,0.03,,,,0.04,0.05,,,,,0.0,0.0,,,
2023-11-10 16:00:00,21.1,30.15,1.07,1.64,1.48,0.61,2.29,0.265,1.71,0.037500000000000006,,,,0.0575,0.07250000000000001,,,,,0.0,0.0,,,
2023-11-10 17:00:00,20.0,30.0,1.07,1.64,1.48,0.61,2.29,0.44,1.71,0.05,,,,0.08,0.1,,,,,0.0,0.0,,,
2023-11-10 18:00:00,8.0,12.0,1.07,1.64,1.48,0.61,2.29,0.40249999999999997,1.71,0.0475,,,,0.08499999999999999,0.0975,,,,,0.0,0.0,,,
2023-11-10 19:00:00,33.975,58.65,1.07,1.64,1.48,0.61,2.29,0.43,1.71,0.055,,,,0.0875,0.10500000000000001,,,,,0.0,0.0,,,
2023-11-10 20:00:00,38.8,58.2,1.07,1.64,1.48,0.61,2.29,0.4975,1.71,0.0625,,,,0.10250000000000001,0.12,,,,,0.0,0.0,,,
2023-11-10 21:00:00,45.8375,82.65,1.07,1.64,1.48,0.61,2.29,0.4925,1.71,0.06,,,,0.1,0.1175,,,,,0.0,0.0,,,
2023-11-10 22:00:00,35.075,55.8,1.07,1.64,1.48,0.61,2.29,0.48,1.71,0.06,,,,0.095,0.1125,,,,,0.0,0.0,,,
2023-11-10 23:00:00,33.4,50.1,1.07,1.64,1.4799999999999998,0.61,2.29,0.4533333333333333,1.71,0.05333333333333334,,,,0.09333333333333334,0.11,,,,,0.0,0.0,,,
2023-11-11 00:00:00,23.2,43.5,1.07,1.64,1.4799999999999998,0.61,2.29,0.38,1.71,0.0425,,,,0.07250000000000001,0.0875,,,,,0.0,0.0,,,
2023-11-11 01:00:00,33.1125,56.25,1.07,1.64,1.48,0.61,2.29,0.3075,1.71,0.0375,,,,0.0625,0.07250000000000001,,,,,0.0,0.0,,,
2023-11-11 02:00:00,18.75,30.47,1.07,1.64,1.48,0.61,2.29,0.2775,1.71,0.03,,,,0.057499999999999996,0.0675,,,,,0.0,0.0,,,
2023-11-11 03:00:00,17.875,28.5,1.07,1.64,1.48,0.61,2.29,0.245,1.71,0.03,,,,0.0475,0.057499999999999996,,,,,0.0,0.0,,,
2023-11-11 04:00:00,17.5,30.9,1.07,1.64,1.48,0.61,2.29,0.2175,1.71,0.0275,,,,0.04,0.05,,,,,0.0,0.0,,,
2023-11-11 05:00:00,17.1125,30.3,1.07,1.64,1.48,0.61,2.29,0.21000000000000002,1.71,0.0225,,,,0.04,0.05,,,,,0.0,0.0,,,
2023-11-11 06:00:00,9.625,19.5,1.07,1.64,1.48,0.61,2.29,0.21,1.71,0.0225,,,,0.04,0.05,,,,,0.0,0.0,,,
2023-11-11 07:00:00,23.225,42.225,1.07,1.64,1.48,0.61,2.29,0.22,1.71,0.03,,,,0.0425,0.052500000000000005,,,,,0.0,0.0,,,
2023-11-11 08:00:00,21.025,30.975,1.07,1.64,1.48,0.61,2.29,0.235,1.71,0.03,,,,0.0475,0.057499999999999996,,,,,0.0,0.0,,,
2023-11-11 09:00:00,27.85,44.1,1.07,1.64,1.48,0.61,2.29,0.225,1.71,0.03,,,,0.04,0.05,,,,,0.0,0.0,,,
2023-11-11 10:00:00,32.0,48.0,1.07,1.64,1.48,0.61,2.29,0.24,1.71,0.02,,,,0.04,0.05,,,,,0.0,0.0,,,
2023-11-11 11:00:00,26.833333333333332,48.0,1.07,1.64,1.4799999999999998,0.61,2.29,0.19666666666666666,1.71,0.02,,,,0.03333333333333333,0.043333333333333335,,,,,0.0,0.0,,,
2023-11-11 12:00:00,12.8,19.2,1.07,1.64,1.48,0.61,2.29,0.18,1.71,0.02,,,,0.04,0.04,,,,,0.0,0.0,,,
2023-11-11 13:00:00,0.25,,1.07,1.64,1.4799999999999998,0.61,2.29,0.13999999999999999,1.71,0.016666666666666666,,,,0.03,0.03,,,,,0.0,0.0,,,
2023-11-11 14:00:00,0.2333333333333333,,1.07,1.64,1.48,0.61,2.29,0.19,1.71,0.02,,,,0.04,0.04,,,,,0.0,0.0,,,
2023-11-11 15:00:00,15.3,24.3,1.07,1.64,1.48,0.61,2.29,0.20750000000000002,1.71,0.0225,,,,0.04,0.0475,,,,,0.0,0.0,,,
2023-11-11 16:00:00,21.425,36.1875,1.07,1.64,1.48,0.61,2.29,0.2275,1.71,0.03,,,,0.0475,0.0575,,,,,0.0,0.0,,,
2023-11-11 17:00:00,20.0875,33.675,1.07,1.64,1.48,0.61,2.29,0.275,1.71,0.0325,,,,0.055,0.065,,,,,0.0,0.0,,,
2023-11-11 18:00:00,28.8125,46.125,1.07,1.64,1.48,0.61,2.29,0.365,1.71,0.045,,,,0.07250000000000001,0.0925,,,,,0.0,0.0,,,
2023-11-11 19:00:00,30.5,53.4,1.07,1.64,1.48,0.61,2.29,0.425,1.71,0.05,,,,0.0875,0.10250000000000001,,,,,0.0,0.0,,,
2023-11-11 20:00:00,43.65,72.9,1.07,1.64,1.48,0.61,2.29,0.475,1.71,0.057499999999999996,,,,0.0975,0.1175,,,,,0.0,0.0,,,
2023-11-11 21:00:00,78.875,118.3125,1.07,1.64,1.48,0.61,2.29,0.48,1.71,0.057499999999999996,,,,0.0975,0.11,,,,,0.0,0.0,,,
2023-11-11 22:00:00,57.5,86.25,1.07,1.64,1.48,0.61,2.29,0.4875,1.71,0.06,,,,0.1,0.11499999999999999,,,,,0.0,0.0,,,
2023-11-11 23:00:00,58.666666666666664,94.5,1.07,1.64,1.4799999999999998,0.61,2.29,0.43999999999999995,1.71,0.05333333333333334,,,,0.09333333333333334,0.10333333333333333,,,,,0.0,0.0,,,
2023-11-12 00:00:00,25.366666666666664,46.199999999999996,1.07,1.64,1.4799999999999998,0.61,2.29,0.36000000000000004,1.71,0.04,,,,0.07250000000000001,0.0875,,,,,0.0,0.0,,,
2023-11-12 01:00:00,34.3375,62.625,1.07,1.64,1.48,0.61,2.29,0.315,1.71,0.04,,,,0.065,0.07250000000000001,,,,,0.0,0.0,,,
2023-11-12 02:00:00,23.6,40.875,1.07,1.64,1.48,0.61,2.29,0.26,1.71,0.03,,,,0.052500000000000005,0.0625,,,,,0.0,0.0,,,
2023-11-12 03:00:00,17.5,32.25,1.07,1.64,1.48,0.61,2.29,0.2175,1.71,0.03,,,,0.04,0.05,,,,,0.0,0.0,,,
2023-11-12 04:00:00,22.125,31.3875,1.07,1.64,1.48,0.61,2.29,0.1975,1.71,0.02,,,,0.04,0.045,,,,,0.0,0.0,,,
2023-11-12 05:00:00,20.75,32.925,1.07,1.64,1.48,0.61,2.29,0.17250000000000001,1.71,0.02,,,,0.0375,0.04,,,,,0.0,0.0,,,
2023-11-12 06:00:00,13.75,24.0,1.07,1.64,1.48,0.61,2.29,0.1925,1.71,0.0225,,,,0.04,0.0425,,,,,0.0,0.0,,,
2023-11-12 07:00:00,19.95,33.3,1.07,1.64,1.48,0.61,2.29,0.2075,1.71,0.0275,,,,0.04,0.0475,,,,,0.0,0.0,,,
2023-11-12 08:00:00,27.125,45.0,1.07,1.64,1.48,0.61,2.29,0.2275,1.71,0.03,,,,0.045,0.052500000000000005,,,,,0.0,0.0,,,
2023-11-12 09:00:00,27.025,39.9375,1.07,1.64,1.48,0.61,2.29,0.2175,1.71,0.03,,,,0.04,0.05,,,,,0.0,0.0,,,
2023-11-12 10:00:00,16.35,33.075,1.07,1.64,1.48,0.61,2.29,0.21,1.71,0.03,,,,0.04,0.05,,,,,0.0,0.0,,,
2023-11-12 11:00:00,19.6875,29.925,1.07,1.64,1.48,0.61,2.29,0.1975,1.71,0.025,,,,0.04,0.05,,,,,0.0,0.0,,,
2023-11-12 12:00:00,22.0,36.75,1.07,1.64,1.48,0.61,2.29,0.195,1.71,0.02,,,,0.04,0.0425,,,,,0.0,0.0,,,
2023-11-12 13:00:00,13.075,19.3125,1.07,1.64,1.48,0.61,2.29,0.19,1.71,0.02,,,,0.04,0.04,,,,,0.0,0.0,,,
2023-11-12 14:00:00,14.1,23.4,1.07,1.64,1.48,0.61,2.29,0.1925,1.71,0.02,,,,0.04,0.04,,,,,0.0,0.0,,,
2023-11-12 15:00:00,30.6375,58.125,1.07,1.64,1.48,0.61,2.29,0.205,1.71,0.025,,,,0.04,0.05,,,,,0.0,0.0,,,
2023-11-12 16:00:00,27.45,45.45,1.07,1.64,1.48,0.61,2.29,0.235,1.71,0.03,,,,0.0475,0.057499999999999996,,,,,0.0,0.0,,,
2023-11-12 17:00:00,20.9,35.625,1.07,1.64,1.48,0.61,2.29,0.275,1.71,0.03,,,,0.055,0.065,,,,,0.0,0.0,,,
2023-11-12 18:00:00,43.7,62.1,1.07,1.64,1.48,0.61,2.29,0.3525,1.71,0.0425,,,,0.0675,0.08499999999999999,,,,,0.0,0.0,,,
2023-11-12 19:00:00,42.05,66.45,1.07,1.64,1.48,0.61,2.29,0.46749999999999997,1.71,0.055,,,,0.095,0.1075,,,,,0.0,0.0,,,
2023-11-12 20:00:00,72.45,114.6,1.07,1.64,1.48,0.61,2.29,0.4825,1.71,0.06,,,,0.0975,0.11499999999999999,,,,,0.0,0.0,,,
2023-11-12 21:00:00,67.4125,122.55,1.07,1.64,1.48,0.61,2.29,0.46,1.71,0.06,,,,0.0925,0.11,,,,,0.0,0.0,,,
2023-11-12 22:00:00,83.975,131.155,1.07,1.64,1.48,0.61,2.29,0.4925,1.71,0.06,,,,0.1,0.1175,,,,,0.0,0.0,,,
2023-11-12 23:00:00,89.66666666666667,146.25,1.07,1.64,1.4799999999999998,0.61,2.29,0.45,1.71,0.05333333333333334,,,,0.09000000000000001,0.10666666666666667,,,,,0.0,0.0,,,
2023-11-13 00:00:00,95.0,142.5,1.07,1.64,1.4799999999999998,0.61,2.29,0.3833333333333333,1.71,0.04666666666666667,,,,0.0775,0.095,,,,,0.0,0.0,,,
2023-11-13 01:00:00,74.6875,125.0625,1.07,1.64,1.48,0.61,2.29,0.3275,1.71,0.0375,,,,0.0675,0.08,,,,,0.0,0.0,,,
2023-11-13 02:00:00,52.4125,83.4,1.07,1.64,1.48,0.61,2.29,0.27249999999999996,1.71,0.03,,,,0.055,0.065,,,,,0.0,0.0,,,
2023-11-13 03:00:00,41.2,64.875,1.07,1.64,1.48,0.61,2.29,0.2225,1.71,0.03,,,,0.0425,0.055,,,,,0.0,0.0,,,
2023-11-13 04:00:00,29.4,42.0,1.07,1.64,1.48,0.61,2.29,0.1925,1.71,0.02,,,,0.04,0.04,,,,,0.0,0.0,,,
2023-11-13 05:00:00,27.5,43.275,1.07,1.64,1.48,0.61,2.29,0.1925,1.71,0.02,,,,0.04,0.04,,,,,0.0,0.0,,,
2023-11-13 06:00:00,18.5,32.7,1.07,1.64,1.48,0.61,2.29,0.2175,1.71,0.025,,,,0.045,0.055,,,,,0.0,0.0,,,
2023-11-13 07:00:00,33.925,59.55,1.07,1.64,1.48,0.61,2.29,0.265,1.71,0.03,,,,0.052500000000000005,0.06,,,,,0.0,0.0,,,
2023-11-13 08:00:00,45.85,72.375,1.07,1.64,1.48,0.61,2.29,0.2625,1.71,0.03,,,,0.05,0.06,,,,,0.0,0.0,,,
2023-11-13 09:00:00,23.8,32.55,1.07,1.64,1.48,0.61,2.29,0.2475,1.71,0.03,,,,0.05,0.06,,,,,0.0,0.0,,,
2023-11-13 10:00:00,16.866666666666667,29.099999999999998,1.07,1.64,1.4799999999999998,0.61,2.29,0.21333333333333335,1.71,0.03,,,,0.04,0.05000000000000001,,,,,0.0,0.0,,,
2023-11-13 11:00:00,15.8325,23.75,0.8925000000000001,1.52,1.3725,0.5075,1.9075,0.14250000000000002,1.4249999999999998,0.0175,,,,0.0275,0.035,,,,,0.0,0.0,,,
2023-11-13 12:00:00,15.4,28.5,1.07,1.64,1.4799999999999998,0.61,2.29,0.17666666666666667,1.71,0.02,,,,0.03666666666666667,0.04,,,,,0.0,0.0,,,
2023-11-13 13:00:00,4.85,14.25,1.07,1.64,1.48,0.61,2.29,0.19,1.71,0.02,,,,0.04,0.04,,,,,0.0,0.0,,,
2023-11-13 14:00:00,30.6,45.9,1.07,1.64,1.48,0.61,2.29,0.195,1.71,0.0225,,,,0.04,0.0425,,,,,0.0,0.0,,,
2023-11-13 15:00:00,18.4,36.15,1.07,1.64,1.48,0.61,2.29,0.20500000000000002,1.71,0.025,,,,0.04,0.05,,,,,0.0,0.0,,,
2023-11-13 16:00:00,29.625,44.345,1.07,1.64,1.48,0.61,2.29,0.265,1.71,0.0325,,,,0.0525,0.0625,,,,,0.0,0.0,,,
2023-11-13 17:00:00,28.6875,52.05,1.07,1.64,1.48,0.61,2.29,0.3375,1.71,0.045,,,,0.07,0.0825,,,,,0.0,0.0,,,
2023-11-13 18:00:00,42.9625,77.25,1.07,1.64,1.48,0.61,2.29,0.4225,1.71,0.052500000000000005,,,,0.0825,0.1,,,,,0.0,0.0,,,
2023-11-13 19:00:00,40.4375,71.7,1.07,1.64,1.48,0.61,2.29,0.4825,1.71,0.057499999999999996,,,,0.0975,0.11,,,,,0.0,0.0,,,
2023-11-13 20:00:00,40.9125,70.65,1.07,1.6524999999999999,1.4925,0.61,2.29,0.53,1.71,0.06,,,,0.1075,0.1275,,,,,0.0,0.0,,,
2023-11-13 21:00:00,53.3375,96.0,1.07,1.64,1.48,0.61,2.29,0.53,1.71,0.065,,,,0.1075,0.1275,,,,,0.0,0.0,,,
2023-11-13 22:00:00,39.45,68.4,1.07,1.64,1.48,0.61,2.29,0.4525,1.71,0.052500000000000005,,,,0.09,0.10250000000000001,,,,,0.0,0.0,,,
2023-11-13 23:00:00,46.4,74.05,1.07,1.64,1.4799999999999998,0.61,2.29,0.3866666666666667,1.71,0.04666666666666667,,,,0.07666666666666667,0.09000000000000001,,,,,0.0,0.0,,,
2023-11-14 00:00:00,18.933333333333334,36.0,1.07,1.64,1.4799999999999998,0.61,2.29,0.32,1.71,0.04,,,,0.065,0.07500000000000001,,,,,0.0,0.0,,,
2023-11-14 01:00:00,28.225,44.72,1.07,1.64,1.48,0.61,2.29,0.265,1.71,0.03,,,,0.055,0.0625,,,,,0.0,0.0,,,
2023-11-14 02:00:00,24.2,38.025,1.07,1.64,1.48,0.61,2.29,0.215,1.71,0.0275,,,,0.0425,0.052500000000000005,,,,,0.0,0.0,,,
2023-11-14 03:00:00,27.8,41.0625,1.07,1.64,1.48,0.61,2.29,0.185,1.71,0.02,,,,0.04,0.0425,,,,,0.0,0.0,,,
2023-11-14 04:00:00,11.850000000000001,19.35,1.07,1.64,1.48,0.61,2.29,0.1725,1.71,0.02,,,,0.0325,0.04,,,,,0.0,0.0,,,
2023-11-14 05:00:00,13.4,25.6875,1.07,1.64,1.48,0.61,2.29,0.1525,1.71,0.02,,,,0.03,0.04,,,,,0.0,0.0,,,
2023-11-14 06:00:00,28.625,57.1875,1.07,1.64,1.48,0.61,2.29,0.18,1.71,0.02,,,,0.035,0.0425,,,,,0.0,0.0,,,
2023-11-14 07:00:00,43.7,65.55,1.07,1.64,1.48,0.61,2.29,0.215,1.71,0.03,,,,0.04,0.05,,,,,0.0,0.0,,,
2023-11-14 08:00:00,26.925,46.125,1.07,1.64,1.48,0.61,2.29,0.2175,1.71,0.03,,,,0.04,0.05,,,,,0.0,0.0,,,
2023-11-14 09:00:00,28.5,42.75,1.07,1.64,1.4799999999999998,0.61,2.29,0.21,1.71,0.03,,,,0.04,0.05000000000000001,,,,,0.0,0.0,,,
2023-11-14 10:00:00,28.0,42.0,1.07,1.64,1.48,0.61,2.29,0.19,1.71,0.0225,,,,0.0375,0.0425,,,,,0.0,0.0,,,
2023-11-14 11:00:00,16.8,25.2,1.07,1.64,1.48,0.61,2.29,0.20500000000000002,1.71,0.0225,,,,0.04,0.045,,,,,0.0,0.0,,,
2023-11-14 12:00:00,24.925,49.875,1.07,1.64,1.48,0.61,2.29,0.195,1.71,0.02,,,,0.04,0.0425,,,,,0.0,0.0,,,
2023-11-14 13:00:00,24.8875,45.225,1.07,1.64,1.48,0.61,2.29,0.17250000000000001,1.71,0.02,,,,0.0325,0.04,,,,,0.0,0.0,,,
2023-11-14 14:00:00,25.45,40.125,1.07,1.64,1.48,0.61,2.29,0.1775,1.71,0.02,,,,0.0375,0.04,,,,,0.0,0.0,,,
2023-11-14 15:00:00,37.85,63.3,1.07,1.64,1.48,0.61,2.29,0.1825,1.71,0.02,,,,0.0375,0.04,,,,,0.0,0.0,,,
2023-11-14 16:00:00,37.7,56.55,1.07,1.64,1.48,0.61,2.29,0.23,1.71,0.025,,,,0.05,0.060000000000000005,,,,,0.0,0.0,,,
2023-11-14 17:00:00,6.033333333333334,26.25,1.07,1.64,1.48,0.61,2.29,0.2925,1.71,0.0325,,,,0.057499999999999996,0.0675,,,,,0.0,0.0,,,
2023-11-14 18:00:00,36.9875,67.5,1.07,1.64,1.48,0.61,2.29,0.3425,1.71,0.04,,,,0.0675,0.08,,,,,0.0,0.0,,,
2023-11-14 19:00:00,47.55,93.9,1.07,1.64,1.48,0.61,2.29,0.46,1.71,0.052500000000000005,,,,0.09,0.11,,,,,0.0,0.0,,,
2023-11-14 20:00:00,31.225,55.3125,1.07,1.64,1.48,0.61,2.29,0.5175000000000001,1.71,0.06,,,,0.10250000000000001,0.1225,,,,,0.0,0.0,,,
2023-11-14 21:00:00,16.5,24.75,1.07,1.64,1.48,0.61,2.29,0.5275000000000001,1.71,0.0625,,,,0.10500000000000001,0.1275,,,,,0.0,0.0,,,
2023-11-14 22:00:00,34.7625,55.125,1.07,1.64,1.48,0.61,2.29,0.475,1.71,0.057499999999999996,,,,0.0975,0.11499999999999999,,,,,0.0,0.0,,,
2023-11-14 23:00:00,29.05,61.699999999999996,1.07,1.64,1.4799999999999998,0.61,2.29,0.4266666666666667,1.71,0.05000000000000001,,,,0.08666666666666667,0.10000000000000002,,,,,0.0,0.0,,,
2023-11-15 00:00:00,32.96666666666667,63.0,1.07,1.64,1.4799999999999998,0.61,2.29,0.3133333333333333,1.71,0.04,,,,0.0625,0.0775,,,,,0.0,0.0,,,
2023-11-15 01:00:00,29.7,46.8,1.07,1.64,1.48,0.61,2.29,0.2725,1.71,0.03,,,,0.052500000000000005,0.0625,,,,,0.0,0.0,,,
2023-11-15 02:00:00,21.75,37.8,1.07,1.64,1.48,0.61,2.29,0.2175,1.71,0.0275,,,,0.0425,0.052500000000000005,,,,,0.0,0.0,,,
2023-11-15 03:00:00,16.2875,28.03,1.07,1.64,1.48,0.61,2.29,0.1825,1.71,0.02,,,,0.0375,0.04,,,,,0.0,0.0,,,
2023-11-15 04:00:00,33.4,44.85,1.07,1.64,1.48,0.61,2.29,0.1575,1.71,0.02,,,,0.03,0.04,,,,,0.0,0.0,,,
2023-11-15 05:00:00,29.0,55.05,1.07,1.64,1.48,0.61,2.29,0.155,1.71,0.02,,,,0.03,0.0375,,,,,0.0,0.0,,,
2023-11-15 06:00:00,30.25,44.68,1.07,1.64,1.48,0.61,2.29,0.18,1.71,0.02,,,,0.0375,0.045,,,,,0.0,0.0,,,
2023-11-15 07:00:00,45.8,72.45,1.07,1.64,1.48,0.61,2.29,0.2375,1.71,0.03,,,,0.05,0.06,,,,,0.0,0.0,,,
2023-11-15 08:00:00,52.625,77.8125,1.07,1.64,1.48,0.61,2.29,0.245,1.71,0.03,,,,0.05,0.06,,,,,0.0,0.0,,,
2023-11-15 09:00:00,52.75,89.25,1.07,1.64,1.48,0.61,2.29,0.22749999999999998,1.71,0.03,,,,0.045,0.055,,,,,0.0,0.0,,,
2023-11-15 10:00:00,48.0,116.1,1.07,1.64,1.48,0.61,2.29,0.21,1.71,0.03,,,,0.04,0.05,,,,,0.0,0.0,,,
2023-11-15 11:00:00,,,,,,,,,,,,,,,,,,,,,0.0,,,
2023-11-15 12:00:00,,,,,,,,,,,,,,,,,,,,,0.0,,,
2023-11-15 13:00:00,,,,,,,,,,,,,,,,,,,,,0.0,,,
2023-11-15 14:00:00,,,,,,,,,,,,,,,,,,,,,0.0,,,
2023-11-15 15:00:00,,,,,,,,,,,,,,,,,,,,,0.0,,,
2023-11-15 16:00:00,,,,,,,,,,,,,,,,,,,,,0.0,,,
2023-11-15 17:00:00,,,,,,,,,,,,,,,,,,,,,0.0,,,
2023-11-15 18:00:00,,,,,,,,,,,,,,,,,,,,,0.0,,,
2023-11-15 19:00:00,,,,,,,,,,,,,,,,,,,,,0.0,,,
2023-11-15 20:00:00,,,,,,,,,,,,,,,,,,,,,0.0,,,
2023-11-15 21:00:00,,,,,,,,,,,,,,,,,,,,,0.0,,,
2023-11-15 22:00:00,,,,,,,,,,,,,,,,,,,,,0.0,,,
2023-11-15 23:00:00,,,,,,,,,,,,,,,,,,,,,0.0,,,
2023-11-16 00:00:00,,,,,,,,,,,,,,,,,,,,,0.0,,,
2023-11-16 01:00:00,,,,,,,,,,,,,,,,,,,,,0.0,,,
2023-11-16 02:00:00,,,,,,,,,,,,,,,,,,,,,0.0,,,
2023-11-16 03:00:00,,,,,,,,,,,,,,,,,,,,,0.0,,,
2023-11-16 04:00:00,,,,,,,,,,,,,,,,,,,,,0.0,,,
2023-11-16 05:00:00,,,,,,,,,,,,,,,,,,,,,0.0,,,
2023-11-16 06:00:00,,,,,,,,,,,,,,,,,,,,,0.0,,,
2023-11-16 07:00:00,,,,,,,,,,,,,,,,,,,,,0.0,,,
2023-11-16 08:00:00,,,,,,,,,,,,,,,,,,,,,0.0,,,
2023-11-16 09:00:00,,,,,,,,,,,,,,,,,,,,,0.0,,,
2023-11-16 10:00:00,,,,,,,,,,,,,,,,,,,,,0.0,,,
2023-11-16 11:00:00,,,,,,,,,,,,,,,,,,,,,0.0,,,
2023-11-16 12:00:00,,,,,,,,,,,,,,,,,,,,,0.0,,,
2023-11-16 13:00:00,,,,,,,,,,,,,,,,,,,,,0.0,,,
2023-11-16 14:00:00,,,,,,,,,,,,,,,,,,,,,0.0,,,
2023-11-16 15:00:00,,,,,,,,,,,,,,,,,,,,,0.0,,,
2023-11-16 16:00:00,,,,,,,,,,,,,,,,,,,,,0.0,,,
2023-11-16 17:00:00,,,,,,,,,,,,,,,,,,,,,0.0,,,
2023-11-16 18:00:00,,,,,,,,,,,,,,,,,,,,,0.0,,,
2023-11-16 19:00:00,,,,,,,,,,,,,,,,,,,,,0.0,,,
2023-11-16 20:00:00,,,,,,,,,,,,,,,,,,,,,0.0,,,
2023-11-16 21:00:00,,,,,,,,,,,,,,,,,,,,,0.0,,,
2023-11-16 22:00:00,,,,,,,,,,,,,,,,,,,,,0.0,,,
2023-11-16 23:00:00,,,,,,,,,,,,,,,,,,,,,0.0,,,
2023-11-17 00:00:00,,,,,,,,,,,,,,,,,,,,,0.0,,,
2023-11-17 01:00:00,,,,,,,,,,,,,,,,,,,,,0.0,,,
2023-11-17 02:00:00,,,,,,,,,,,,,,,,,,,,,0.0,,,
2023-11-17 03:00:00,,,,,,,,,,,,,,,,,,,,,0.0,,,
2023-11-17 04:00:00,,,,,,,,,,,,,,,,,,,,,0.0,,,
2023-11-17 05:00:00,,,,,,,,,,,,,,,,,,,,,0.0,,,
2023-11-17 06:00:00,,,,,,,,,,,,,,,,,,,,,0.0,,,
2023-11-17 07:00:00,,,,,,,,,,,,,,,,,,,,,0.0,,,
2023-11-17 08:00:00,,,,,,,,,,,,,,,,,,,,,0.0,,,
2023-11-17 09:00:00,,,,,,,,,,,,,,,,,,,,,0.0,,,
2023-11-17 10:00:00,,,,,,,,,,,,,,,,,,,,,0.0,,,
2023-11-17 11:00:00,,,,,,,,,,,,,,,,,,,,,0.0,,,
2023-11-17 12:00:00,,,,,,,,,,,,,,,,,,,,,0.0,,,
2023-11-17 13:00:00,,,,,,,,,,,,,,,,,,,,,0.0,,,
2023-11-17 14:00:00,,,,,,,,,,,,,,,,,,,,,0.0,,,
2023-11-17 15:00:00,,,,,,,,,,,,,,,,,,,,,0.0,,,
2023-11-17 16:00:00,,,,,,,,,,,,,,,,,,,,,0.0,,,
2023-11-17 17:00:00,,,,,,,,,,,,,,,,,,,,,0.0,,,
2023-11-17 18:00:00,,,,,,,,,,,,,,,,,,,,,0.0,,,
2023-11-17 19:00:00,,,,,,,,,,,,,,,,,,,,,0.0,,,
2023-11-17 20:00:00,,,,,,,,,,,,,,,,,,,,,0.0,,,
2023-11-17 21:00:00,,,,,,,,,,,,,,,,,,,,,0.0,,,
2023-11-17 22:00:00,,,,,,,,,,,,,,,,,,,,,0.0,,,
2023-11-17 23:00:00,,,,,,,,,,,,,,,,,,,,,0.0,,,
2023-11-18 00:00:00,,,,,,,,,,,,,,,,,,,,,0.0,,,
2023-11-18 01:00:00,,,,,,,,,,,,,,,,,,,,,0.0,,,
2023-11-18 02:00:00,,,,,,,,,,,,,,,,,,,,,0.0,,,
2023-11-18 03:00:00,,,,,,,,,,,,,,,,,,,,,0.0,,,
2023-11-18 04:00:00,,,,,,,,,,,,,,,,,,,,,0.0,,,
2023-11-18 05:00:00,,,,,,,,,,,,,,,,,,,,,0.0,,,
2023-11-18 06:00:00,,,,,,,,,,,,,,,,,,,,,0.0,,,
2023-11-18 07:00:00,,,,,,,,,,,,,,,,,,,,,0.0,,,
2023-11-18 08:00:00,,,,,,,,,,,,,,,,,,,,,0.0,,,
2023-11-18 09:00:00,,,,,,,,,,,,,,,,,,,,,0.0,,,
2023-11-18 10:00:00,,,,,,,,,,,,,,,,,,,,,0.0,,,
2023-11-18 11:00:00,,,,,,,,,,,,,,,,,,,,,0.0,,,
2023-11-18 12:00:00,,,,,,,,,,,,,,,,,,,,,0.0,,,
2023-11-18 13:00:00,,,,,,,,,,,,,,,,,,,,,0.0,,,
2023-11-18 14:00:00,,,,,,,,,,,,,,,,,,,,,0.0,,,
2023-11-18 15:00:00,,,,,,,,,,,,,,,,,,,,,0.0,,,
2023-11-18 16:00:00,,,,,,,,,,,,,,,,,,,,,0.0,,,
2023-11-18 17:00:00,,,,,,,,,,,,,,,,,,,,,0.0,,,
2023-11-18 18:00:00,,,,,,,,,,,,,,,,,,,,,0.0,,,
2023-11-18 19:00:00,,,,,,,,,,,,,,,,,,,,,0.0,,,
2023-11-18 20:00:00,,,,,,,,,,,,,,,,,,,,,0.0,,,
2023-11-18 21:00:00,,,,,,,,,,,,,,,,,,,,,0.0,,,
2023-11-18 22:00:00,,,,,,,,,,,,,,,,,,,,,0.0,,,
2023-11-18 23:00:00,,,,,,,,,,,,,,,,,,,,,0.0,,,
2023-11-19 00:00:00,,,,,,,,,,,,,,,,,,,,,0.0,,,
2023-11-19 01:00:00,,,,,,,,,,,,,,,,,,,,,0.0,,,
2023-11-19 02:00:00,,,,,,,,,,,,,,,,,,,,,0.0,,,
2023-11-19 03:00:00,,,,,,,,,,,,,,,,,,,,,0.0,,,
2023-11-19 04:00:00,,,,,,,,,,,,,,,,,,,,,0.0,,,
2023-11-19 05:00:00,,,,,,,,,,,,,,,,,,,,,0.0,,,
2023-11-19 06:00:00,,,,,,,,,,,,,,,,,,,,,0.0,,,
2023-11-19 07:00:00,,,,,,,,,,,,,,,,,,,,,0.0,,,
2023-11-19 08:00:00,,,,,,,,,,,,,,,,,,,,,0.0,,,
2023-11-19 09:00:00,,,,,,,,,,,,,,,,,,,,,0.0,,,
2023-11-19 10:00:00,,,,,,,,,,,,,,,,,,,,,0.0,,,
2023-11-19 11:00:00,,,,,,,,,,,,,,,,,,,,,0.0,,,
2023-11-19 12:00:00,,,,,,,,,,,,,,,,,,,,,0.0,,,
2023-11-19 13:00:00,,,,,,,,,,,,,,,,,,,,,0.0,,,
2023-11-19 14:00:00,,,,,,,,,,,,,,,,,,,,,0.0,,,
2023-11-19 15:00:00,,,,,,,,,,,,,,,,,,,,,0.0,,,
2023-11-19 16:00:00,,,,,,,,,,,,,,,,,,,,,0.0,,,
2023-11-19 17:00:00,,,,,,,,,,,,,,,,,,,,,0.0,,,
2023-11-19 18:00:00,,,,,,,,,,,,,,,,,,,,,0.0,,,
2023-11-19 19:00:00,,,,,,,,,,,,,,,,,,,,,0.0,,,
2023-11-19 20:00:00,,,,,,,,,,,,,,,,,,,,,0.0,,,
2023-11-19 21:00:00,,,,,,,,,,,,,,,,,,,,,0.0,,,
2023-11-19 22:00:00,,,,,,,,,,,,,,,,,,,,,0.0,,,
2023-11-19 23:00:00,,,,,,,,,,,,,,,,,,,,,0.0,,,
2023-11-20 00:00:00,,,,,,,,,,,,,,,,,,,,,0.0,,,
2023-11-20 01:00:00,,,,,,,,,,,,,,,,,,,,,0.0,,,
2023-11-20 02:00:00,,,,,,,,,,,,,,,,,,,,,0.0,,,
2023-11-20 03:00:00,,,,,,,,,,,,,,,,,,,,,0.0,,,
2023-11-20 04:00:00,,,,,,,,,,,,,,,,,,,,,0.0,,,
2023-11-20 05:00:00,,,,,,,,,,,,,,,,,,,,,0.0,,,
2023-11-20 06:00:00,,,,,,,,,,,,,,,,,,,,,0.0,,,
2023-11-20 07:00:00,,,,,,,,,,,,,,,,,,,,,0.0,,,
2023-11-20 08:00:00,,,,,,,,,,,,,,,,,,,,,0.0,,,
2023-11-20 09:00:00,,,,,,,,,,,,,,,,,,,,,0.0,,,
2023-11-20 10:00:00,,,,,,,,,,,,,,,,,,,,,0.0,,,
2023-11-20 11:00:00,,,,,0.0,,,0.0,,0.0,,,,,,,,,,0.0,0.0,,,
2023-11-20 12:00:00,44.625,83.44,0.67,1.025,0.925,0.38,1.43,0.07,1.07,0.005,,,,0.01,0.01,,,,,0.0,0.0,,,
2023-11-20 13:00:00,0.2,,1.07,1.64,1.4799999999999998,0.61,2.29,0.14,1.71,0.016666666666666666,,,,0.02666666666666667,0.03333333333333333,,,,,0.0,0.0,,,
2023-11-20 14:00:00,5.0825,8.75,1.07,1.64,1.48,0.61,2.29,0.16,1.71,0.02,,,,0.0325,0.04,,,,,0.0,0.0,,,
2023-11-20 15:00:00,1.0833333333333333,4.2,1.07,1.64,1.48,0.61,2.29,0.1875,1.71,0.0225,,,,0.0375,0.045,,,,,0.0,0.0,,,
2023-11-20 16:00:00,15.3125,26.25,1.07,1.64,1.48,0.61,2.29,0.2225,1.71,0.0275,,,,0.045,0.055,,,,,0.0,0.0,,,
2023-11-20 17:00:00,13.5,22.35,1.07,1.64,1.48,0.61,2.29,0.3325,1.71,0.0375,,,,0.0675,0.0775,,,,,0.0,0.0,,,
2023-11-20 18:00:00,37.1,76.05,1.07,1.64,1.48,0.61,2.29,0.3525,1.71,0.04,,,,0.07,0.08499999999999999,,,,,0.0,0.0,,,
2023-11-20 19:00:00,29.55,46.2,1.07,1.64,1.48,0.61,2.29,0.4675,1.71,0.055,,,,0.0975,0.115,,,,,0.0,0.0,,,
2023-11-20 20:00:00,,,,,,,,,,,,,,,,,,,,,0.0,,,
2023-11-20 21:00:00,,,,,,,,,,,,,,,,,,,,,0.0,,,
2023-11-20 22:00:00,,,,,,,,,,,,,,,,,,,,,0.0,,,
2023-11-20 23:00:00,,,,,,,,,,,,,,,,,,,,,0.0,,,
2023-11-21 00:00:00,,,,,,,,,,,,,,,,,,,,,0.0,,,
2023-11-21 01:00:00,,,,,,,,,,,,,,,,,,,,,0.0,,,
2023-11-21 02:00:00,,,,,,,,,,,,,,,,,,,,,0.0,,,
2023-11-21 03:00:00,,,,,,,,,,,,,,,,,,,,,0.0,,,
2023-11-21 04:00:00,,,,,,,,,,,,,,,,,,,,,0.0,,,
2023-11-21 05:00:00,,,,,,,,,,,,,,,,,,,,,0.0,,,
2023-11-21 06:00:00,,,,,,,,,,,,,,,,,,,,,0.0,,,
2023-11-21 07:00:00,,,,,,,,,,,,,,,,,,,,,0.0,,,
2023-11-21 08:00:00,,,,,,,,,,,,,,,,,,,,,0.0,,,
2023-11-21 09:00:00,,,,,,,,,,,,,,,,,,,,,0.0,,,
2023-11-21 10:00:00,,,,,,,,,,,,,,,,,,,,,0.0,,,
2023-11-21 11:00:00,0.5,,1.07,1.64,1.48,0.61,2.29,0.15,1.71,0.0175,,,,0.025,0.035,,,,,0.0,0.0,,,
2023-11-21 12:00:00,10.6,17.85,1.07,1.64,1.48,0.61,2.29,0.19,1.71,0.02,,,,0.0375,0.04,,,,,0.0,0.0,,,
2023-11-21 13:00:00,6.75,11.55,1.07,1.64,1.48,0.61,2.29,0.19,1.71,0.02,,,,0.04,0.0425,,,,,0.0,0.0,,,
2023-11-21 14:00:00,16.55,28.35,1.07,1.64,1.48,0.61,2.29,0.1975,1.71,0.0225,,,,0.04,0.045,,,,,0.0,0.0,,,
2023-11-21 15:00:00,15.75,23.625,1.07,1.64,1.48,0.61,2.29,0.21250000000000002,1.71,0.025,,,,0.0425,0.052500000000000005,,,,,0.0,0.0,,,
2023-11-21 16:00:00,23.4125,42.1875,1.07,1.64,1.48,0.61,2.29,0.23750000000000002,1.71,0.03,,,,0.045,0.057499999999999996,,,,,0.0,0.0,,,
2023-11-21 17:00:00,22.2,42.0,1.07,1.64,1.48,0.61,2.29,0.29,1.71,0.04,,,,0.06,0.07,,,,,0.0,0.0,,,
2023-11-21 18:00:00,,,,,,,,,,,,,,,,,,,,,0.0,,,
2023-11-21 19:00:00,,,,,,,,,,,,,,,,,,,,,0.0,,,
2023-11-21 20:00:00,,,,,,,,,,,,,,,,,,,,,0.0,,,
2023-11-21 21:00:00,,,,,,,,,,,,,,,,,,,,,0.0,,,
2023-11-21 22:00:00,,,,,,,,,,,,,,,,,,,,,0.0,,,
2023-11-21 23:00:00,,,,,,,,,,,,,,,,,,,,,0.0,,,
2023-11-22 00:00:00,,,,,,,,,,,,,,,,,,,,,0.0,,,
2023-11-22 01:00:00,,,,,,,,,,,,,,,,,,,,,0.0,,,
2023-11-22 02:00:00,,,,,,,,,,,,,,,,,,,,,0.0,,,
2023-11-22 03:00:00,,,,,,,,,,,,,,,,,,,,,0.0,,,
2023-11-22 04:00:00,,,,,,,,,,,,,,,,,,,,,0.0,,,
2023-11-22 05:00:00,,,,,,,,,,,,,,,,,,,,,0.0,,,
2023-11-22 06:00:00,,,,,,,,,,,,,,,,,,,,,0.0,,,
2023-11-22 07:00:00,,,,,,,,,,,,,,,,,,,,,0.0,,,
2023-11-22 08:00:00,,,,,,,,,,,,,,,,,,,,,0.0,,,
2023-11-22 09:00:00,,,,,,,,,,,,,,,,,,,,,0.0,,,
2023-11-22 10:00:00,23.8,37.5,1.07,1.64,1.48,0.61,2.29,0.20500000000000002,1.71,0.02,,,,0.0375,0.0475,,,,,0.0,0.0,,,
2023-11-22 11:00:00,26.35,41.325,1.07,1.64,1.48,0.61,2.29,0.1925,1.71,0.02,,,,0.04,0.0425,,,,,0.0,0.0,,,
2023-11-22 12:00:00,10.7375,17.7,1.07,1.64,1.48,0.61,2.29,0.1975,1.71,0.0225,,,,0.04,0.045,,,,,0.0,0.0,,,
2023-11-22 13:00:00,9.4,20.1,1.07,1.64,1.48,0.61,2.29,0.1975,1.71,0.0225,,,,0.04,0.045,,,,,0.0,0.0,,,
2023-11-22 14:00:00,19.2625,32.7,1.07,1.64,1.48,0.61,2.29,0.2125,1.71,0.025,,,,0.04,0.05,,,,,0.0,0.0,,,
2023-11-22 15:00:00,37.25,58.95,1.07,1.64,1.48,0.61,2.29,0.245,1.71,0.03,,,,0.0425,0.052500000000000005,,,,,0.0,0.0,,,
2023-11-22 16:00:00,46.375,72.47,1.07,1.64,1.48,0.61,2.29,0.25,1.71,0.03,,,,0.05,0.06,,,,,0.0,0.0,,,
2023-11-22 17:00:00,26.0,42.75,1.07,1.64,1.48,0.61,2.29,0.27249999999999996,1.71,0.03,,,,0.052500000000000005,0.065,,,,,0.0,0.0,,,
2023-11-22 18:00:00,35.0,52.5,1.07,1.64,1.4799999999999998,0.61,2.29,0.32666666666666666,1.71,0.03666666666666667,,,,0.06333333333333334,0.07666666666666667,,,,,0.0,0.0,,,
2023-11-22 19:00:00,7.0,21.0,1.07,1.64,1.48,0.61,2.29,0.45,1.71,0.052500000000000005,,,,0.0925,0.1075,,,,,0.0,0.0,,,
2023-11-22 20:00:00,24.8125,43.3125,1.07,1.64,1.48,0.61,2.29,0.55,1.71,0.0675,,,,0.11,0.13,,,,,0.0,0.0,,,
2023-11-22 21:00:00,46.825,76.35,1.07,1.64,1.48,0.61,2.29,0.53,1.71,0.06,,,,0.10250000000000001,0.125,,,,,0.0,0.0,,,
2023-11-22 22:00:00,46.125,77.625,1.07,1.64,1.48,0.61,2.29,0.5775,1.71,0.065,,,,0.11499999999999999,0.14,,,,,0.0,0.0,,,
2023-11-22 23:00:00,40.63333333333333,71.7,1.07,1.64,1.4799999999999998,0.61,2.29,0.5233333333333333,1.71,0.06,,,,0.10000000000000002,0.12666666666666668,,,,,0.0,0.0,,,
2023-11-23 00:00:00,23.650000000000002,45.0,1.07,1.64,1.4799999999999998,0.61,2.29,0.43333333333333335,1.71,0.05000000000000001,,,,0.0875,0.10250000000000001,,,,,0.0,0.0,,,
2023-11-23 01:00:00,32.675,51.5625,1.07,1.64,1.48,0.61,2.29,0.3325,1.71,0.04,,,,0.0675,0.0775,,,,,0.0,0.0,,,
2023-11-23 02:00:00,21.5625,43.3125,1.07,1.64,1.48,0.61,2.29,0.275,1.71,0.03,,,,0.055,0.065,,,,,0.0,0.0,,,
2023-11-23 03:00:00,13.0,20.775,1.07,1.64,1.48,0.61,2.29,0.2175,1.71,0.025,,,,0.0425,0.052500000000000005,,,,,0.0,0.0,,,
2023-11-23 04:00:00,11.65,19.5,1.07,1.64,1.48,0.61,2.29,0.1775,1.71,0.02,,,,0.035,0.04,,,,,0.0,0.0,,,
2023-11-23 05:00:00,18.7625,32.25,1.07,1.64,1.48,0.61,2.29,0.16,1.71,0.02,,,,0.03,0.04,,,,,0.0,0.0,,,
2023-11-23 06:00:00,22.75,34.05,1.07,1.64,1.48,0.61,2.29,0.1875,1.71,0.02,,,,0.04,0.04,,,,,0.0,0.0,,,
2023-11-23 07:00:00,16.65,29.4375,1.07,1.64,1.48,0.61,2.29,0.1975,1.71,0.0225,,,,0.04,0.0475,,,,,0.0,0.0,,,
2023-11-23 08:00:00,21.0,33.300000000000004,1.07,1.64,1.4799999999999998,0.61,2.29,0.21333333333333335,1.71,0.03,,,,0.04,0.05000000000000001,,,,,0.0,0.0,,,
2023-11-23 09:00:00,23.0,34.5,1.07,1.64,1.48,0.61,2.29,0.17,1.71,0.01,,,,0.03,0.03,,,,,0.0,0.0,,,
2023-11-23 10:00:00,0.225,17.25,1.07,1.64,1.48,0.61,2.29,0.1725,1.71,0.02,,,,0.0375,0.04,,,,,0.0,0.0,,,
2023-11-23 11:00:00,15.9125,25.65,1.07,1.64,1.48,0.61,2.29,0.165,1.71,0.02,,,,0.03,0.04,,,,,0.0,0.0,,,
2023-11-23 12:00:00,32.35,58.6875,1.07,1.64,1.48,0.61,2.29,0.17250000000000001,1.71,0.02,,,,0.03,0.04,,,,,0.0,0.0,,,
2023-11-23 13:00:00,19.75,36.0,1.07,1.64,1.48,0.61,2.29,0.1575,1.71,0.02,,,,0.03,0.04,,,,,0.0,0.0,,,
2023-11-23 14:00:00,15.8125,25.125,1.07,1.64,1.48,0.61,2.29,0.16999999999999998,1.71,0.02,,,,0.0325,0.04,,,,,0.0,0.0,,,
2023-11-23 15:00:00,17.8,26.7,1.07,1.64,1.48,0.61,2.29,0.195,1.71,0.02,,,,0.04,0.04,,,,,0.0,0.0,,,
2023-11-23 16:00:00,21.15,38.72,1.07,1.64,1.48,0.61,2.29,0.2225,1.71,0.0225,,,,0.045,0.05,,,,,0.0,0.0,,,
2023-11-23 17:00:00,5.965,26.1,1.07,1.64,1.4799999999999998,0.61,2.29,0.30666666666666664,1.71,0.03666666666666667,,,,0.06,0.07333333333333333,,,,,0.0,0.0,,,
2023-11-23 18:00:00,0.2,,1.07,1.64,1.48,0.61,2.29,0.3725,1.71,0.0425,,,,0.07,0.085,,,,,0.0,0.0,,,
2023-11-23 19:00:00,,,1.07,1.64,1.48,0.61,2.29,0.46,1.71,0.055,,,,0.095,0.11499999999999999,,,,,0.0,0.0,,,
2023-11-23 20:00:00,34.3625,63.0,1.07,1.64,1.48,0.61,2.29,0.565,1.71,0.0675,,,,0.1125,0.135,,,,,0.0,0.0,,,
2023-11-23 21:00:00,45.3,81.1875,1.07,1.64,1.48,0.61,2.29,0.5925,1.71,0.07,,,,0.11499999999999999,0.14250000000000002,,,,,0.0,0.0,,,
2023-11-23 22:00:00,33.025,57.975,1.07,1.64,1.48,0.61,2.29,0.545,1.71,0.065,,,,0.1075,0.13,,,,,0.0,0.0,,,
2023-11-23 23:00:00,39.416666666666664,64.5,1.07,1.64,1.4799999999999998,0.61,2.29,0.4766666666666666,1.71,0.056666666666666664,,,,0.09666666666666668,0.11333333333333333,,,,,0.0,0.0,,,
2023-11-24 00:00:00,31.25,51.0,1.07,1.64,1.4799999999999998,0.61,2.29,0.3666666666666667,1.71,0.04,,,,0.07500000000000001,0.09,,,,,0.0,0.0,,,
2023-11-24 01:00:00,24.45,39.28,1.07,1.64,1.48,0.61,2.29,0.3075,1.71,0.0375,,,,0.06,0.07250000000000001,,,,,0.0,0.0,,,
2023-11-24 02:00:00,18.9,29.7,1.07,1.64,1.48,0.61,2.29,0.245,1.71,0.03,,,,0.05,0.06,,,,,0.0,0.0,,,
2023-11-24 03:00:00,18.875,33.75,1.07,1.64,1.48,0.61,2.29,0.2025,1.71,0.025,,,,0.04,0.045,,,,,0.0,0.0,,,
2023-11-24 04:00:00,7.8375,14.925,1.07,1.64,1.48,0.61,2.29,0.1725,1.71,0.02,,,,0.035,0.04,,,,,0.0,0.0,,,
2023-11-24 05:00:00,6.275,10.95,1.07,1.64,1.48,0.61,2.29,0.16,1.71,0.02,,,,0.03,0.04,,,,,0.0,0.0,,,
2023-11-24 06:00:00,15.2,24.0,1.07,1.64,1.48,0.61,2.29,0.185,1.71,0.0225,,,,0.04,0.0425,,,,,0.0,0.0,,,
2023-11-24 07:00:00,15.275,26.8125,1.07,1.64,1.48,0.61,2.29,0.21,1.71,0.025,,,,0.04,0.05,,,,,0.0,0.0,,,
2023-11-24 08:00:00,25.2,37.2,1.07,1.64,1.48,0.61,2.29,0.2175,1.71,0.03,,,,0.04,0.05,,,,,0.0,0.0,,,
2023-11-24 09:00:00,33.0,52.125,1.07,1.64,1.48,0.61,2.29,0.21,1.71,0.0275,,,,0.04,0.05,,,,,0.0,0.0,,,
2023-11-24 10:00:00,33.666666666666664,54.0,1.07,1.64,1.4799999999999998,0.61,2.29,0.17333333333333334,1.71,0.02,,,,0.03,0.04,,,,,0.0,0.0,,,
2023-11-24 11:00:00,3.15,27.0,1.07,1.64,1.48,0.61,2.29,0.1575,1.71,0.02,,,,0.03,0.04,,,,,0.0,0.0,,,
2023-11-24 12:00:00,17.8125,32.4,1.07,1.64,1.48,0.61,2.29,0.1725,1.71,0.02,,,,0.0375,0.04,,,,,0.0,0.0,,,
2023-11-24 13:00:00,18.866666666666664,36.0,1.07,1.64,1.4799999999999998,0.61,2.29,0.16333333333333333,1.71,0.016666666666666666,,,,0.03,0.03666666666666667,,,,,0.0,0.0,,,
2023-11-24 14:00:00,2.2333333333333334,18.0,1.07,1.64,1.48,0.61,2.29,0.1675,1.71,0.02,,,,0.0325,0.04,,,,,0.0,0.0,,,
2023-11-24 15:00:00,13.5,25.0,1.07,1.64,1.4799999999999998,0.61,2.29,0.16,1.71,0.02,,,,0.03333333333333333,0.04,,,,,0.0,0.0,,,
2023-11-24 16:00:00,,,,,,,,,,,,,,,,,,,,,0.0,,,
2023-11-24 17:00:00,,,,,,,,,,,,,,,,,,,,,0.0,,,
2023-11-24 18:00:00,,,,,,,,,,,,,,,,,,,,,0.0,,,
2023-11-24 19:00:00,,,,,,,,,,,,,,,,,,,,,0.0,,,
2023-11-24 20:00:00,,,,,,,,,,,,,,,,,,,,,0.0,,,
2023-11-24 21:00:00,,,,,,,,,,,,,,,,,,,,,0.0,,,
2023-11-24 22:00:00,,,,,,,,,,,,,,,,,,,,,0.0,,,
2023-11-24 23:00:00,,,,,,,,,,,,,,,,,,,,,0.0,,,
2023-11-25 00:00:00,,,,,,,,,,,,,,,,,,,,,0.0,,,
2023-11-25 01:00:00,,,,,,,,,,,,,,,,,,,,,0.0,,,
2023-11-25 02:00:00,,,,,,,,,,,,,,,,,,,,,0.0,,,
2023-11-25 03:00:00,,,,,,,,,,,,,,,,,,,,,0.0,,,
2023-11-25 04:00:00,,,,,,,,,,,,,,,,,,,,,0.0,,,
2023-11-25 05:00:00,,,,,,,,,,,,,,,,,,,,,0.0,,,
2023-11-25 06:00:00,,,,,,,,,,,,,,,,,,,,,0.0,,,
2023-11-25 07:00:00,,,,,,,,,,,,,,,,,,,,,0.0,,,
2023-11-25 08:00:00,,,,,,,,,,,,,,,,,,,,,0.0,,,
2023-11-25 09:00:00,,,,,,,,,,,,,,,,,,,,,0.0,,,
2023-11-25 10:00:00,,,,,,,,,,,,,,,,,,,,,0.0,,,
2023-11-25 11:00:00,,,,,,,,,,,,,,,,,,,,,0.0,,,
2023-11-25 12:00:00,,,,,,,,,,,,,,,,,,,,,0.0,,,
2023-11-25 13:00:00,,,,,,,,,,,,,,,,,,,,,0.0,,,
2023-11-25 14:00:00,,,,,,,,,,,,,,,,,,,,,0.0,,,
2023-11-25 15:00:00,,,,,,,,,,,,,,,,,,,,,0.0,,,
2023-11-25 16:00:00,,,,,,,,,,,,,,,,,,,,,0.0,,,
2023-11-25 17:00:00,,,,,,,,,,,,,,,,,,,,,0.0,,,
2023-11-25 18:00:00,,,,,,,,,,,,,,,,,,,,,0.0,,,
2023-11-25 19:00:00,,,,,,,,,,,,,,,,,,,,,0.0,,,
2023-11-25 20:00:00,,,,,,,,,,,,,,,,,,,,,0.0,,,
2023-11-25 21:00:00,,,,,,,,,,,,,,,,,,,,,0.0,,,
2023-11-25 22:00:00,,,,,,,,,,,,,,,,,,,,,0.0,,,
2023-11-25 23:00:00,,,,,,,,,,,,,,,,,,,,,0.0,,,
2023-11-26 00:00:00,,,,,,,,,,,,,,,,,,,,,0.0,,,
2023-11-26 01:00:00,,,,,,,,,,,,,,,,,,,,,0.0,,,
2023-11-26 02:00:00,,,,,,,,,,,,,,,,,,,,,0.0,,,
2023-11-26 03:00:00,,,,,,,,,,,,,,,,,,,,,0.0,,,
2023-11-26 04:00:00,,,,,,,,,,,,,,,,,,,,,0.0,,,
2023-11-26 05:00:00,,,,,,,,,,,,,,,,,,,,,0.0,,,
2023-11-26 06:00:00,,,,,,,,,,,,,,,,,,,,,0.0,,,
2023-11-26 07:00:00,,,,,,,,,,,,,,,,,,,,,0.0,,,
2023-11-26 08:00:00,,,,,,,,,,,,,,,,,,,,,0.0,,,
2023-11-26 09:00:00,,,,,,,,,,,,,,,,,,,,,0.0,,,
2023-11-26 10:00:00,,,,,,,,,,,,,,,,,,,,,0.0,,,
2023-11-26 11:00:00,,,,,,,,,,,,,,,,,,,,,0.0,,,
2023-11-26 12:00:00,,,,,,,,,,,,,,,,,,,,,0.0,,,
2023-11-26 13:00:00,,,,,,,,,,,,,,,,,,,,,0.0,,,
2023-11-26 14:00:00,,,,,,,,,,,,,,,,,,,,,0.0,,,
2023-11-26 15:00:00,,,,,,,,,,,,,,,,,,,,,0.0,,,
2023-11-26 16:00:00,,,,,,,,,,,,,,,,,,,,,0.0,,,
2023-11-26 17:00:00,,,,,,,,,,,,,,,,,,,,,0.0,,,
2023-11-26 18:00:00,,,,,,,,,,,,,,,,,,,,,0.0,,,
2023-11-26 19:00:00,,,,,,,,,,,,,,,,,,,,,0.0,,,
2023-11-26 20:00:00,,,,,,,,,,,,,,,,,,,,,0.0,,,
2023-11-26 21:00:00,,,,,,,,,,,,,,,,,,,,,0.0,,,
2023-11-26 22:00:00,,,,,,,,,,,,,,,,,,,,,0.0,,,
2023-11-26 23:00:00,,,,,,,,,,,,,,,,,,,,,0.0,,,
2023-11-27 00:00:00,,,,,,,,,,,,,,,,,,,,,0.0,,,
2023-11-27 01:00:00,,,,,,,,,,,,,,,,,,,,,0.0,,,
2023-11-27 02:00:00,,,,,,,,,,,,,,,,,,,,,0.0,,,
2023-11-27 03:00:00,,,,,,,,,,,,,,,,,,,,,0.0,,,
2023-11-27 04:00:00,,,,,,,,,,,,,,,,,,,,,0.0,,,
2023-11-27 05:00:00,,,,,,,,,,,,,,,,,,,,,0.0,,,
2023-11-27 06:00:00,,,,,,,,,,,,,,,,,,,,,0.0,,,
2023-11-27 07:00:00,,,,,,,,,,,,,,,,,,,,,0.0,,,
2023-11-27 08:00:00,,,,,,,,,,,,,,,,,,,,,0.0,,,
2023-11-27 09:00:00,,,,,,,,,,,,,,,,,,,,,0.0,,,
2023-11-27 10:00:00,,,,,,,,,,,,,,,,,,,,,0.0,,,
2023-11-27 11:00:00,,,,,,,,,,,,,,,,,,,,,0.0,,,
2023-11-27 12:00:00,,,,,,,,,,,,,,,,,,,,,0.0,,,
2023-11-27 13:00:00,,,,,,,,,,,,,,,,,,,,,0.0,,,
2023-11-27 14:00:00,,,,,,,,,,,,,,,,,,,,,0.0,,,
2023-11-27 15:00:00,,,,,,,,,,,,,,,,,,,,,0.0,,,
2023-11-27 16:00:00,,,,,,,,,,,,,,,,,,,,,0.0,,,
2023-11-27 17:00:00,,,,,,,,,,,,,,,,,,,,,0.0,,,
2023-11-27 18:00:00,,,,,,,,,,,,,,,,,,,,,0.0,,,
2023-11-27 19:00:00,,,,,,,,,,,,,,,,,,,,,0.0,,,
2023-11-27 20:00:00,,,,,,,,,,,,,,,,,,,,,0.0,,,
2023-11-27 21:00:00,,,,,,,,,,,,,,,,,,,,,0.0,,,
2023-11-27 22:00:00,,,,,,,,,,,,,,,,,,,,,0.0,,,
2023-11-27 23:00:00,,,,,,,,,,,,,,,,,,,,,0.0,,,
2023-11-28 00:00:00,,,,,,,,,,,,,,,,,,,,,0.0,,,
2023-11-28 01:00:00,,,,,,,,,,,,,,,,,,,,,0.0,,,
2023-11-28 02:00:00,,,,,,,,,,,,,,,,,,,,,0.0,,,
2023-11-28 03:00:00,,,,,,,,,,,,,,,,,,,,,0.0,,,
2023-11-28 04:00:00,,,,,,,,,,,,,,,,,,,,,0.0,,,
2023-11-28 05:00:00,,,,,,,,,,,,,,,,,,,,,0.0,,,
2023-11-28 06:00:00,,,,,,,,,,,,,,,,,,,,,0.0,,,
2023-11-28 07:00:00,,,,,,,,,,,,,,,,,,,,,0.0,,,
2023-11-28 08:00:00,,,,,,,,,,,,,,,,,,,,,0.0,,,
2023-11-28 09:00:00,,,,,,,,,,,,,,,,,,,,,0.0,,,
2023-11-28 10:00:00,0.25,,1.07,1.64,1.48,0.61,2.29,0.085,1.71,0.02,,,,0.025,0.03,,,,,0.0,0.0,,,
2023-11-28 11:00:00,0.25,,1.07,1.64,1.48,0.61,2.29,0.18,1.71,0.02,,,,0.0375,0.04,,,,,0.0,0.0,,,
2023-11-28 12:00:00,11.9,17.85,1.07,1.64,1.48,0.61,2.29,0.1675,1.71,0.02,,,,0.0325,0.04,,,,,0.0,0.0,,,
2023-11-28 13:00:00,3.6,10.5,1.07,1.64,1.48,0.61,2.29,0.1625,1.71,0.02,,,,0.0325,0.0375,,,,,0.0,0.0,,,
2023-11-28 14:00:00,12.3125,21.0,1.07,1.64,1.48,0.61,2.29,0.18,1.71,0.0225,,,,0.035,0.0425,,,,,0.0,0.0,,,
2023-11-28 15:00:00,33.1625,56.4,1.07,1.64,1.48,0.61,2.29,0.2375,1.71,0.03,,,,0.0475,0.057499999999999996,,,,,0.0,0.0,,,
2023-11-28 16:00:00,41.95,77.85,1.07,1.64,1.48,0.61,2.29,0.255,1.71,0.03,,,,0.052500000000000005,0.0625,,,,,0.0,0.0,,,
2023-11-28 17:00:00,33.15,51.5625,1.07,1.64,1.48,0.61,2.29,0.3325,1.71,0.0375,,,,0.0675,0.08,,,,,0.0,0.0,,,
2023-11-28 18:00:00,35.7375,60.45,1.07,1.64,1.48,0.61,2.29,0.49,1.71,0.0575,,,,0.0975,0.115,,,,,0.0,0.0,,,
2023-11-28 19:00:00,42.5375,72.0,1.07,1.64,1.48,0.61,2.29,0.6775,1.71,0.0775,,,,0.135,0.1625,,,,,0.0,0.0,,,
2023-11-28 20:00:00,115.45,182.85,1.07,1.64,1.48,0.61,2.29,0.685,1.71,0.0825,,,,0.1375,0.165,,,,,0.0,0.0,,,
2023-11-28 21:00:00,50.125,83.4375,1.07,1.64,1.48,0.61,2.29,0.7275,1.71,0.0875,,,,0.14500000000000002,0.1775,,,,,0.0,0.0,,,
2023-11-28 22:00:00,77.0625,130.95,1.07,1.64,1.48,0.61,2.29,0.6,1.71,0.07,,,,0.1175,0.14500000000000002,,,,,0.0,0.0,,,
2023-11-28 23:00:00,58.86666666666667,92.75,1.07,1.64,1.4799999999999998,0.61,2.29,0.48,1.71,0.056666666666666664,,,,0.09666666666666668,0.11333333333333333,,,,,0.0,0.0,,,
2023-11-29 00:00:00,23.95,35.699999999999996,1.07,1.64,1.4799999999999998,0.61,2.29,0.35000000000000003,1.71,0.04,,,,0.07250000000000001,0.08499999999999999,,,,,0.0,0.0,,,
2023-11-29 01:00:00,41.05,68.775,1.07,1.64,1.48,0.61,2.29,0.2875,1.71,0.035,,,,0.057499999999999996,0.0675,,,,,0.0,0.0,,,
2023-11-29 02:00:00,19.55,34.35,1.07,1.64,1.48,0.61,2.29,0.23249999999999998,1.71,0.03,,,,0.045,0.055,,,,,0.0,0.0,,,
2023-11-29 03:00:00,16.5,25.6875,1.07,1.64,1.48,0.61,2.29,0.195,1.71,0.02,,,,0.04,0.0425,,,,,0.0,0.0,,,
2023-11-29 04:00:00,10.7125,21.6,1.07,1.64,1.48,0.61,2.29,0.16749999999999998,1.71,0.02,,,,0.0325,0.04,,,,,0.0,0.0,,,
2023-11-29 05:00:00,30.625,45.9375,1.07,1.64,1.48,0.61,2.29,0.1725,1.71,0.02,,,,0.035,0.04,,,,,0.0,0.0,,,
2023-11-29 06:00:00,25.25,41.85,1.07,1.64,1.48,0.61,2.29,0.2175,1.71,0.0275,,,,0.0425,0.05,,,,,0.0,0.0,,,
2023-11-29 07:00:00,44.875,72.0,1.07,1.64,1.48,0.61,2.29,0.2575,1.71,0.03,,,,0.052500000000000005,0.0625,,,,,0.0,0.0,,,
2023-11-29 08:00:00,22.35,45.45,1.07,1.64,1.48,0.61,2.29,0.2775,1.71,0.03,,,,0.057499999999999996,0.0675,,,,,0.0,0.0,,,
2023-11-29 09:00:00,30.237499999999997,56.4375,1.07,1.64,1.48,0.61,2.29,0.23,1.71,0.0275,,,,0.045,0.055,,,,,0.0,0.0,,,
2023-11-29 10:00:00,19.2,27.525,1.07,1.64,1.48,0.61,2.29,0.2075,1.71,0.0225,,,,0.04,0.05,,,,,0.0,0.0,,,
2023-11-29 11:00:00,17.8,28.125,1.07,1.64,1.48,0.61,2.29,0.1925,1.71,0.02,,,,0.04,0.0425,,,,,0.0,0.0,,,
2023-11-29 12:00:00,41.75,77.0625,1.07,1.64,1.48,0.61,2.29,0.2,1.71,0.02,,,,0.04,0.0425,,,,,0.0,0.0,,,
2023-11-29 13:00:00,44.1,66.15,1.07,1.64,1.48,0.61,2.29,0.185,1.71,0.02,,,,0.04,0.04,,,,,0.0,0.0,,,
2023-11-29 14:00:00,28.85,43.275,1.07,1.64,1.48,0.61,2.29,0.20500000000000002,1.71,0.0225,,,,0.04,0.045,,,,,0.0,0.0,,,
2023-11-29 15:00:00,22.35,43.5,1.07,1.64,1.48,0.61,2.29,0.1975,1.71,0.0225,,,,0.0425,0.045,,,,,0.0,0.0,,,
2023-11-29 16:00:00,17.2125,30.375,1.07,1.64,1.48,0.61,2.29,0.23500000000000001,1.71,0.03,,,,0.05,0.06,,,,,0.0,0.0,,,
2023-11-29 17:00:00,14.8,21.845,1.07,1.64,1.48,0.61,2.29,0.3075,1.71,0.0375,,,,0.0625,0.07250000000000001,,,,,0.0,0.0,,,
2023-11-29 18:00:00,30.375,56.625,1.07,1.64,1.48,0.61,2.29,0.48,1.71,0.06,,,,0.0975,0.11750000000000001,,,,,0.0,0.0,,,
2023-11-29 19:00:00,61.0,102.3,1.07,1.64,1.48,0.61,2.29,0.665,1.71,0.08,,,,0.1325,0.165,,,,,0.0,0.0,,,
2023-11-29 20:00:00,105.82499999999999,198.75,1.07,1.64,1.48,0.61,2.29,0.73,1.71,0.0875,,,,0.14750000000000002,0.1775,,,,,0.0,0.0,,,
2023-11-29 21:00:00,73.6,117.15,1.07,1.64,1.48,0.61,2.29,0.7125,1.71,0.0825,,,,0.14,0.17,,,,,0.0,0.0,,,
2023-11-29 22:00:00,64.2,106.95,1.07,1.64,1.48,0.61,2.29,0.595,1.71,0.07250000000000001,,,,0.12,0.14250000000000002,,,,,0.0,0.0,,,
2023-11-29 23:00:00,47.666666666666664,75.12666666666667,1.07,1.64,1.4799999999999998,0.61,2.29,0.5066666666666667,1.71,0.06,,,,0.10000000000000002,0.12,,,,,0.0,0.0,,,
2023-11-30 00:00:00,41.0,76.5,1.07,1.64,1.4799999999999998,0.61,2.29,0.4066666666666667,1.71,0.04666666666666667,,,,0.0825,0.1,,,,,0.0,0.0,,,
2023-11-30 01:00:00,36.625,63.375,1.07,1.64,1.48,0.61,2.29,0.29500000000000004,1.71,0.035,,,,0.06,0.07,,,,,0.0,0.0,,,
2023-11-30 02:00:00,24.075,41.8125,1.07,1.64,1.48,0.61,2.29,0.23,1.71,0.0275,,,,0.045,0.055,,,,,0.0,0.0,,,
2023-11-30 03:00:00,19.35,30.9,1.07,1.64,1.48,0.61,2.29,0.175,1.71,0.02,,,,0.0325,0.0375,,,,,0.0,0.0,,,
2023-11-30 04:00:00,22.25,35.1,1.07,1.64,1.48,0.61,2.29,0.16,1.71,0.02,,,,0.0325,0.04,,,,,0.0,0.0,,,
2023-11-30 05:00:00,18.0625,29.1,1.07,1.64,1.48,0.61,2.29,0.1925,1.71,0.02,,,,0.04,0.045,,,,,0.0,0.0,,,
2023-11-30 06:00:00,38.35,60.02,1.07,1.64,1.48,0.61,2.29,0.2275,1.71,0.025,,,,0.045,0.0525,,,,,0.0,0.0,,,
2023-11-30 07:00:00,29.7375,53.4375,1.07,1.64,1.48,0.61,2.29,0.3075,1.71,0.0375,,,,0.0625,0.07250000000000001,,,,,0.0,0.0,,,
2023-11-30 08:00:00,4.35,25.5,1.07,1.64,1.48,0.61,2.29,0.3025,1.71,0.035,,,,0.0625,0.07250000000000001,,,,,0.0,0.0,,,
2023-11-30 09:00:00,0.4,,1.07,1.64,1.48,0.61,2.29,0.24,1.71,0.03,,,,0.0475,0.0575,,,,,0.0,0.0,,,
2023-11-30 10:00:00,15.35,22.95,1.07,1.64,1.48,0.61,2.29,0.2,1.71,0.0225,,,,0.04,0.0475,,,,,0.0,0.0,,,
2023-11-30 11:00:00,22.7,34.05,1.07,1.64,1.48,0.61,2.29,0.1625,1.71,0.02,,,,0.0325,0.04,,,,,0.0,0.0,,,
2023-11-30 12:00:00,23.3,34.95,1.07,1.64,1.48,0.61,2.29,0.185,1.71,0.02,,,,0.04,0.04,,,,,0.0,0.0,,,
2023-11-30 13:00:00,23.125,44.53,1.07,1.64,1.48,0.61,2.29,0.1875,1.71,0.02,,,,0.04,0.04,,,,,0.0,0.0,,,
2023-11-30 14:00:00,16.0,27.825,1.07,1.64,1.48,0.61,2.29,0.18,1.71,0.02,,,,0.0375,0.04,,,,,0.0,0.0,,,
2023-11-30 15:00:00,17.65,29.4,1.07,1.64,1.48,0.61,2.29,0.2225,1.71,0.0275,,,,0.0425,0.05,,,,,0.0,0.0,,,
2023-11-30 16:00:00,32.35,54.9375,1.07,1.64,1.48,0.61,2.29,0.295,1.71,0.0375,,,,0.0625,0.07250000000000001,,,,,0.0,0.0,,,
2023-11-30 17:00:00,48.3,76.35,1.07,1.64,1.48,0.61,2.29,0.47000000000000003,1.71,0.055,,,,0.0925,0.105,,,,,0.0,0.0,,,
2023-11-30 18:00:00,56.35,98.4,1.07,1.64,1.48,0.61,2.29,0.5800000000000001,1.71,0.07,,,,0.115,0.1375,,,,,0.0,0.0,,,
2023-11-30 19:00:00,64.5,113.25,1.07,1.64,1.48,0.61,2.29,0.6625,1.71,0.08,,,,0.1275,0.1575,,,,,0.0,0.0,,,
2023-11-30 20:00:00,53.3625,97.3125,1.07,1.64,1.48,0.61,2.29,0.73,1.71,0.09,,,,0.14750000000000002,0.1775,,,,,0.0,0.0,,,
2023-11-30 21:00:00,53.46666666666667,92.0,1.07,1.64,1.4799999999999998,0.61,2.29,0.9,1.71,0.10666666666666667,,,,0.17666666666666667,0.21666666666666667,,,,,0.0,0.0,,,
2023-11-30 22:00:00,,,,,,,,,,,,,,,,,,,,,0.0,,,
2023-11-30 23:00:00,,,,,,,,,,,,,,,,,,,,,0.0,,,
2023-12-01 00:00:00,,,,,,,,,,,,,,,,,,,,,0.0,,,
2023-12-01 01:00:00,,,,,,,,,,,,,,,,,,,,,0.0,,,
2023-12-01 02:00:00,,,,,,,,,,,,,,,,,,,,,0.0,,,
2023-12-01 03:00:00,,,,,,,,,,,,,,,,,,,,,0.0,,,
2023-12-01 04:00:00,,,,,,,,,,,,,,,,,,,,,0.0,,,
2023-12-01 05:00:00,,,,,,,,,,,,,,,,,,,,,0.0,,,
2023-12-01 06:00:00,,,,,,,,,,,,,,,,,,,,,0.0,,,
2023-12-01 07:00:00,,,,,,,,,,,,,,,,,,,,,0.0,,,
2023-12-01 08:00:00,,,,,,,,,,,,,,,,,,,,,0.0,,,
2023-12-01 09:00:00,,,,,,,,,,,,,,,,,,,,,0.0,,,
2023-12-01 10:00:00,,,,,,,,,,,,,,,,,,,,,0.0,,,
2023-12-01 11:00:00,,,,,,,,,,,,,,,,,,,,,0.0,,,
2023-12-01 12:00:00,,,,,,,,,,,,,,,,,,,,,0.0,,,
2023-12-01 13:00:00,,,,,,,,,,,,,,,,,,,,,0.0,,,
2023-12-01 14:00:00,,,,,,,,,,,,,,,,,,,,,0.0,,,
2023-12-01 15:00:00,,,,,,,,,,,,,,,,,,,,,0.0,,,
2023-12-01 16:00:00,,,,,,,,,,,,,,,,,,,,,0.0,,,
2023-12-01 17:00:00,,,,,,,,,,,,,,,,,,,,,0.0,,,
2023-12-01 18:00:00,,,,,,,,,,,,,,,,,,,,,0.0,,,
2023-12-01 19:00:00,,,,,,,,,,,,,,,,,,,,,0.0,,,
2023-12-01 20:00:00,,,,,,,,,,,,,,,,,,,,,0.0,,,
2023-12-01 21:00:00,,,,,,,,,,,,,,,,,,,,,0.0,,,
2023-12-01 22:00:00,,,,,,,,,,,,,,,,,,,,,0.0,,,
2023-12-01 23:00:00,,,,,,,,,,,,,,,,,,,,,0.0,,,
2023-12-02 00:00:00,,,,,,,,,,,,,,,,,,,,,0.0,,,
2023-12-02 01:00:00,,,,,,,,,,,,,,,,,,,,,0.0,,,
2023-12-02 02:00:00,,,,,,,,,,,,,,,,,,,,,0.0,,,
2023-12-02 03:00:00,,,,,,,,,,,,,,,,,,,,,0.0,,,
2023-12-02 04:00:00,,,,,,,,,,,,,,,,,,,,,0.0,,,
2023-12-02 05:00:00,,,,,,,,,,,,,,,,,,,,,0.0,,,
2023-12-02 06:00:00,,,,,,,,,,,,,,,,,,,,,0.0,,,
2023-12-02 07:00:00,,,,,,,,,,,,,,,,,,,,,0.0,,,
2023-12-02 08:00:00,,,,,,,,,,,,,,,,,,,,,0.0,,,
2023-12-02 09:00:00,,,,,,,,,,,,,,,,,,,,,0.0,,,
2023-12-02 10:00:00,,,,,,,,,,,,,,,,,,,,,0.0,,,
2023-12-02 11:00:00,,,,,,,,,,,,,,,,,,,,,0.0,,,
2023-12-02 12:00:00,,,,,,,,,,,,,,,,,,,,,0.0,,,
2023-12-02 13:00:00,,,,,,,,,,,,,,,,,,,,,0.0,,,
2023-12-02 14:00:00,,,,,,,,,,,,,,,,,,,,,0.0,,,
2023-12-02 15:00:00,,,,,,,,,,,,,,,,,,,,,0.0,,,
2023-12-02 16:00:00,,,,,,,,,,,,,,,,,,,,,0.0,,,
2023-12-02 17:00:00,,,,,,,,,,,,,,,,,,,,,0.0,,,
2023-12-02 18:00:00,,,,,,,,,,,,,,,,,,,,,0.0,,,
2023-12-02 19:00:00,,,,,,,,,,,,,,,,,,,,,0.0,,,
2023-12-02 20:00:00,,,,,,,,,,,,,,,,,,,,,0.0,,,
2023-12-02 21:00:00,,,,,,,,,,,,,,,,,,,,,0.0,,,
2023-12-02 22:00:00,,,,,,,,,,,,,,,,,,,,,0.0,,,
2023-12-02 23:00:00,,,,,,,,,,,,,,,,,,,,,0.0,,,
2023-12-03 00:00:00,,,,,,,,,,,,,,,,,,,,,0.0,,,
2023-12-03 01:00:00,,,,,,,,,,,,,,,,,,,,,0.0,,,
2023-12-03 02:00:00,,,,,,,,,,,,,,,,,,,,,0.0,,,
2023-12-03 03:00:00,,,,,,,,,,,,,,,,,,,,,0.0,,,
2023-12-03 04:00:00,,,,,,,,,,,,,,,,,,,,,0.0,,,
2023-12-03 05:00:00,,,,,,,,,,,,,,,,,,,,,0.0,,,
2023-12-03 06:00:00,,,,,,,,,,,,,,,,,,,,,0.0,,,
2023-12-03 07:00:00,,,,,,,,,,,,,,,,,,,,,0.0,,,
2023-12-03 08:00:00,,,,,,,,,,,,,,,,,,,,,0.0,,,
2023-12-03 09:00:00,,,,,,,,,,,,,,,,,,,,,0.0,,,
2023-12-03 10:00:00,,,,,,,,,,,,,,,,,,,,,0.0,,,
2023-12-03 11:00:00,,,,,,,,,,,,,,,,,,,,,0.0,,,
2023-12-03 12:00:00,,,,,,,,,,,,,,,,,,,,,0.0,,,
2023-12-03 13:00:00,,,,,,,,,,,,,,,,,,,,,0.0,,,
2023-12-03 14:00:00,,,,,,,,,,,,,,,,,,,,,0.0,,,
2023-12-03 15:00:00,,,,,,,,,,,,,,,,,,,,,0.0,,,
2023-12-03 16:00:00,,,,,,,,,,,,,,,,,,,,,0.0,,,
2023-12-03 17:00:00,,,,,,,,,,,,,,,,,,,,,0.0,,,
2023-12-03 18:00:00,,,,,,,,,,,,,,,,,,,,,0.0,,,
2023-12-03 19:00:00,,,,,,,,,,,,,,,,,,,,,0.0,,,
2023-12-03 20:00:00,,,,,,,,,,,,,,,,,,,,,0.0,,,
2023-12-03 21:00:00,,,,,,,,,,,,,,,,,,,,,0.0,,,
2023-12-03 22:00:00,,,,,,,,,,,,,,,,,,,,,0.0,,,
2023-12-03 23:00:00,,,,,,,,,,,,,,,,,,,,,0.0,,,
2023-12-04 00:00:00,,,,,,,,,,,,,,,,,,,,,0.0,,,
2023-12-04 01:00:00,,,,,,,,,,,,,,,,,,,,,0.0,,,
2023-12-04 02:00:00,,,,,,,,,,,,,,,,,,,,,0.0,,,
2023-12-04 03:00:00,,,,,,,,,,,,,,,,,,,,,0.0,,,
2023-12-04 04:00:00,,,,,,,,,,,,,,,,,,,,,0.0,,,
2023-12-04 05:00:00,,,,,,,,,,,,,,,,,,,,,0.0,,,
2023-12-04 06:00:00,,,,,,,,,,,,,,,,,,,,,0.0,,,
2023-12-04 07:00:00,,,,,,,,,,,,,,,,,,,,,0.0,,,
2023-12-04 08:00:00,,,,,,,,,,,,,,,,,,,,,0.0,,,
2023-12-04 09:00:00,,,,,,,,,,,,,,,,,,,,,0.0,,,
2023-12-04 10:00:00,,,,,,,,,,,,,,,,,,,,,0.0,,,
2023-12-04 11:00:00,,,,,,,,,,,,,,,,,,,,,0.0,,,
2023-12-04 12:00:00,,,,,,,,,,,,,,,,,,,,,0.0,,,
2023-12-04 13:00:00,,,,,,,,,,,,,,,,,,,,,0.0,,,
2023-12-04 14:00:00,,,,,,,,,,,,,,,,,,,,,0.0,,,
2023-12-04 15:00:00,,,,,,,,,,,,,,,,,,,,,0.0,,,
2023-12-04 16:00:00,,,,,,,,,,,,,,,,,,,,,0.0,,,
2023-12-04 17:00:00,,,,,,,,,,,,,,,,,,,,,0.0,,,
2023-12-04 18:00:00,,,,,,,,,,,,,,,,,,,,,0.0,,,
2023-12-04 19:00:00,,,,,,,,,,,,,,,,,,,,,0.0,,,
2023-12-04 20:00:00,,,,,,,,,,,,,,,,,,,,,0.0,,,
2023-12-04 21:00:00,,,,,,,,,,,,,,,,,,,,,0.0,,,
2023-12-04 22:00:00,,,,,,,,,,,,,,,,,,,,,0.0,,,
2023-12-04 23:00:00,,,,,,,,,,,,,,,,,,,,,0.0,,,
2023-12-05 00:00:00,,,,,,,,,,,,,,,,,,,,,0.0,,,
2023-12-05 01:00:00,,,,,,,,,,,,,,,,,,,,,0.0,,,
2023-12-05 02:00:00,,,,,,,,,,,,,,,,,,,,,0.0,,,
2023-12-05 03:00:00,,,,,,,,,,,,,,,,,,,,,0.0,,,
2023-12-05 04:00:00,,,,,,,,,,,,,,,,,,,,,0.0,,,
2023-12-05 05:00:00,,,,,,,,,,,,,,,,,,,,,0.0,,,
2023-12-05 06:00:00,,,,,,,,,,,,,,,,,,,,,0.0,,,
2023-12-05 07:00:00,,,,,,,,,,,,,,,,,,,,,0.0,,,
2023-12-05 08:00:00,,,,,,,,,,,,,,,,,,,,,0.0,,,
2023-12-05 09:00:00,,,,,,,,,,,,,,,,,,,,,0.0,,,
2023-12-05 10:00:00,,,,,,,,,,,,,,,,,,,,,0.0,,,
2023-12-05 11:00:00,,,,,,,,,,,,,,,,,,,,,0.0,,,
2023-12-05 12:00:00,,,,,,,,,,,,,,,,,,,,,0.0,,,
2023-12-05 13:00:00,,,,,,,,,,,,,,,,,,,,,0.0,,,
2023-12-05 14:00:00,,,,,,,,,,,,,,,,,,,,,0.0,,,
2023-12-05 15:00:00,,,,,,,,,,,,,,,,,,,,,0.0,,,
2023-12-05 16:00:00,,,,,,,,,,,,,,,,,,,,,0.0,,,
2023-12-05 17:00:00,,,,,,,,,,,,,,,,,,,,,0.0,,,
2023-12-05 18:00:00,,,,,,,,,,,,,,,,,,,,,0.0,,,
2023-12-05 19:00:00,,,,,,,,,,,,,,,,,,,,,0.0,,,
2023-12-05 20:00:00,,,,,,,,,,,,,,,,,,,,,0.0,,,
2023-12-05 21:00:00,,,,,,,,,,,,,,,,,,,,,0.0,,,
2023-12-05 22:00:00,,,,,,,,,,,,,,,,,,,,,0.0,,,
2023-12-05 23:00:00,,,,,,,,,,,,,,,,,,,,,0.0,,,
2023-12-06 00:00:00,,,,,,,,,,,,,,,,,,,,,0.0,,,
2023-12-06 01:00:00,,,,,,,,,,,,,,,,,,,,,0.0,,,
2023-12-06 02:00:00,,,,,,,,,,,,,,,,,,,,,0.0,,,
2023-12-06 03:00:00,,,,,,,,,,,,,,,,,,,,,0.0,,,
2023-12-06 04:00:00,,,,,,,,,,,,,,,,,,,,,0.0,,,
2023-12-06 05:00:00,,,,,,,,,,,,,,,,,,,,,0.0,,,
2023-12-06 06:00:00,,,,,,,,,,,,,,,,,,,,,0.0,,,
2023-12-06 07:00:00,,,,,,,,,,,,,,,,,,,,,0.0,,,
2023-12-06 08:00:00,,,,,,,,,,,,,,,,,,,,,0.0,,,
2023-12-06 09:00:00,,,,,,,,,,,,,,,,,,,,,0.0,,,
2023-12-06 10:00:00,32.0,48.0,1.07,1.64,1.48,0.61,2.29,0.19,1.71,0.02,,,,0.04,0.04,,,,,0.0,0.0,,,
2023-12-06 11:00:00,54.3125,101.8125,1.07,1.6524999999999999,1.4925,0.6125,2.305,0.2,1.72,0.025,,,,0.04,0.0475,,,,,0.0,0.0,,,
2023-12-06 12:00:00,14.833333333333334,65.7,1.1175,1.6824999999999999,1.5325,0.625,2.3899999999999997,0.2,1.7650000000000001,0.025,,,,0.04,0.05,,,,,0.0,0.0,,,
2023-12-06 13:00:00,26.8125,53.8125,1.1949999999999998,1.8375000000000001,1.6575,0.6725000000000001,2.5374999999999996,0.1925,1.905,0.02,,,,0.04,0.04,,,,,0.0,0.0,,,
2023-12-06 14:00:00,32.6875,56.25,1.2025,1.8375000000000001,1.645,0.675,2.5524999999999998,0.1975,1.915,0.02,,,,0.04,0.045,,,,,0.0,0.0,,,
2023-12-06 15:00:00,25.8875,46.05,1.2025,1.85,1.6575,0.68,2.57,0.2025,1.93,0.0225,,,,0.04,0.05,,,,,0.0,0.0,,,
2023-12-06 16:00:00,24.925,42.75,1.21,1.85,1.67,0.68,2.57,0.3325,1.93,0.0375,,,,0.0675,0.08,,,,,0.0,0.0,,,
2023-12-06 17:00:00,36.1,62.85,1.105,1.7025,1.5274999999999999,0.6325000000000001,2.3725,0.4175,1.7875,0.05,,,,0.08,0.1,,,,,0.0,0.0,,,
2023-12-06 18:00:00,43.7625,63.0,1.1175,1.7125,1.5474999999999999,0.63,2.37,0.5349999999999999,1.7825,0.065,,,,0.1075,0.1325,,,,,0.0,0.0,,,
2023-12-06 19:00:00,53.55,88.35,1.1875,1.8175000000000001,1.6375,0.665,2.525,0.6950000000000001,1.8925,0.085,,,,0.14250000000000002,0.17250000000000001,,,,,0.0,0.0,,,
2023-12-06 20:00:00,76.6875,115.03,1.1949999999999998,1.8275000000000001,1.65,0.6775,2.54,0.6625000000000001,1.92,0.08,,,,0.135,0.16,,,,,0.0,0.0,,,
2023-12-06 21:00:00,49.9125,93.75,1.1875,1.8175000000000001,1.6475,0.67,2.5225,0.67,1.8825,0.08,,,,0.13,0.16,,,,,0.0,0.0,,,
2023-12-06 22:00:00,52.25,82.35,1.1675,1.8275000000000001,1.6375,0.66,2.485,0.6725,1.865,0.08,,,,0.1325,0.1625,,,,,0.0,0.0,,,
2023-12-06 23:00:00,58.93333333333334,93.60000000000001,1.19,1.8099999999999998,1.63,0.6666666666666666,2.526666666666667,0.63,1.8966666666666665,0.07333333333333335,,,,0.12666666666666668,0.15,,,,,0.0,0.0,,,
2023-12-07 00:00:00,71.86666666666666,115.5,1.18,1.8033333333333335,1.5966666666666667,0.6666666666666666,2.51,0.44333333333333336,1.87,0.05333333333333334,,,,0.0925,0.115,,,,,0.0,0.0,,,
2023-12-07 01:00:00,42.275,65.625,1.1749999999999998,1.7925,1.6475,0.655,2.475,0.355,1.845,0.04,,,,0.07,0.08499999999999999,,,,,0.0,0.0,,,
2023-12-07 02:00:00,22.9,36.0,1.1125,1.66,1.5,0.6325000000000001,2.3725,0.2875,1.7774999999999999,0.0325,,,,0.057499999999999996,0.0675,,,,,0.0,0.0,,,
2023-12-07 03:00:00,23.6625,40.65,1.07,1.64,1.49,0.61,2.29,0.23249999999999998,1.71,0.03,,,,0.045,0.055,,,,,0.0,0.0,,,
2023-12-07 04:00:00,19.9875,33.28,1.07,1.64,1.48,0.61,2.29,0.2025,1.71,0.0225,,,,0.04,0.0475,,,,,0.0,0.0,,,
2023-12-07 05:00:00,26.15,41.25,1.07,1.64,1.48,0.61,2.29,0.185,1.71,0.02,,,,0.04,0.04,,,,,0.0,0.0,,,
2023-12-07 06:00:00,11.5625,19.5,1.07,1.64,1.48,0.61,2.29,0.1925,1.71,0.02,,,,0.04,0.04,,,,,0.0,0.0,,,
2023-12-07 07:00:00,20.65,43.5,1.07,1.64,1.48,0.61,2.29,0.275,1.71,0.0325,,,,0.055,0.065,,,,,0.0,0.0,,,
2023-12-07 08:00:00,29.1875,43.78,1.07,1.64,1.48,0.61,2.29,0.3425,1.71,0.04,,,,0.0675,0.08,,,,,0.0,0.0,,,
2023-12-07 09:00:00,41.45,69.45,1.07,1.64,1.48,0.61,2.29,0.3175,1.71,0.04,,,,0.065,0.07500000000000001,,,,,0.0,0.0,,,
2023-12-07 10:00:00,36.0,54.0,1.07,1.64,1.48,0.61,2.29,0.3,1.71,0.04,,,,0.06,0.07,,,,,0.0,0.0,,,
2023-12-07 11:00:00,23.0,34.5,1.08,1.6533333333333333,1.4933333333333334,0.6133333333333333,2.31,0.2333333333333333,1.7233333333333334,0.02666666666666667,,,,0.04666666666666667,0.049999999999999996,,,,,0.0,0.0,,,
2023-12-07 12:00:00,11.5,17.25,1.145,1.705,1.5475,0.6475,2.4450000000000003,0.23,1.83,0.03,,,,0.05,0.057499999999999996,,,,,0.0,0.0,,,
2023-12-07 13:00:00,20.025,34.425,1.1125,1.6975,1.5325,0.6425000000000001,2.385,0.2475,1.7825,0.03,,,,0.05,0.06,,,,,0.0,0.0,,,
2023-12-07 14:00:00,32.0,34.12,1.07,1.64,1.48,0.61,2.29,0.25,1.71,0.03,,,,0.05,0.06,,,,,0.0,0.0,,,
2023-12-07 15:00:00,,,,,,,,,,,,,,,,,,,,,0.0,,,
2023-12-07 16:00:00,,,,,,,,,,,,,,,,,,,,,0.0,,,
2023-12-07 17:00:00,,,,,,,,,,,,,,,,,,,,,0.0,,,
2023-12-07 18:00:00,,,,,,,,,,,,,,,,,,,,,0.0,,,
2023-12-07 19:00:00,,,,,,,,,,,,,,,,,,,,,0.0,,,
2023-12-07 20:00:00,,,,,,,,,,,,,,,,,,,,,0.0,,,
2023-12-07 21:00:00,,,,,,,,,,,,,,,,,,,,,0.0,,,
2023-12-07 22:00:00,,,,,,,,,,,,,,,,,,,,,0.0,,,
2023-12-07 23:00:00,,,,,,,,,,,,,,,,,,,,,0.0,,,
2023-12-08 00:00:00,,,,,,,,,,,,,,,,,,,,,0.0,,,
2023-12-08 01:00:00,,,,,,,,,,,,,,,,,,,,,0.0,,,
2023-12-08 02:00:00,,,,,,,,,,,,,,,,,,,,,0.0,,,
2023-12-08 03:00:00,,,,,,,,,,,,,,,,,,,,,0.0,,,
2023-12-08 04:00:00,,,,,,,,,,,,,,,,,,,,,0.0,,,
2023-12-08 05:00:00,,,,,,,,,,,,,,,,,,,,,0.0,,,
2023-12-08 06:00:00,,,,,,,,,,,,,,,,,,,,,0.0,,,
2023-12-08 07:00:00,,,,,,,,,,,,,,,,,,,,,0.0,,,
2023-12-08 08:00:00,,,,,,,,,,,,,,,,,,,,,0.0,,,
2023-12-08 09:00:00,,,,,,,,,,,,,,,,,,,,,0.0,,,
2023-12-08 10:00:00,,,,,,,,,,,,,,,,,,,,,0.0,,,
2023-12-08 11:00:00,,,,,,,,,,,,,,,,,,,,,0.0,,,
2023-12-08 12:00:00,,,,,,,,,,,,,,,,,,,,,0.0,,,
2023-12-08 13:00:00,,,,,,,,,,,,,,,,,,,,,0.0,,,
2023-12-08 14:00:00,,,,,,,,,,,,,,,,,,,,,0.0,,,
2023-12-08 15:00:00,,,,,,,,,,,,,,,,,,,,,0.0,,,
2023-12-08 16:00:00,,,,,,,,,,,,,,,,,,,,,0.0,,,
2023-12-08 17:00:00,,,,,,,,,,,,,,,,,,,,,0.0,,,
2023-12-08 18:00:00,,,,,,,,,,,,,,,,,,,,,0.0,,,
2023-12-08 19:00:00,,,,,,,,,,,,,,,,,,,,,0.0,,,
2023-12-08 20:00:00,,,,,,,,,,,,,,,,,,,,,0.0,,,
2023-12-08 21:00:00,,,,,,,,,,,,,,,,,,,,,0.0,,,
2023-12-08 22:00:00,,,,,,,,,,,,,,,,,,,,,0.0,,,
2023-12-08 23:00:00,,,,,,,,,,,,,,,,,,,,,0.0,,,
2023-12-09 00:00:00,,,,,,,,,,,,,,,,,,,,,0.0,,,
2023-12-09 01:00:00,,,,,,,,,,,,,,,,,,,,,0.0,,,
2023-12-09 02:00:00,,,,,,,,,,,,,,,,,,,,,0.0,,,
2023-12-09 03:00:00,,,,,,,,,,,,,,,,,,,,,0.0,,,
2023-12-09 04:00:00,,,,,,,,,,,,,,,,,,,,,0.0,,,
2023-12-09 05:00:00,,,,,,,,,,,,,,,,,,,,,0.0,,,
2023-12-09 06:00:00,,,,,,,,,,,,,,,,,,,,,0.0,,,
2023-12-09 07:00:00,,,,,,,,,,,,,,,,,,,,,0.0,,,
2023-12-09 08:00:00,,,,,,,,,,,,,,,,,,,,,0.0,,,
2023-12-09 09:00:00,,,,,,,,,,,,,,,,,,,,,0.0,,,
2023-12-09 10:00:00,,,,,,,,,,,,,,,,,,,,,0.0,,,
2023-12-09 11:00:00,,,,,,,,,,,,,,,,,,,,,0.0,,,
2023-12-09 12:00:00,,,,,,,,,,,,,,,,,,,,,0.0,,,
2023-12-09 13:00:00,,,,,,,,,,,,,,,,,,,,,0.0,,,
2023-12-09 14:00:00,,,,,,,,,,,,,,,,,,,,,0.0,,,
2023-12-09 15:00:00,,,,,,,,,,,,,,,,,,,,,0.0,,,
2023-12-09 16:00:00,,,,,,,,,,,,,,,,,,,,,0.0,,,
2023-12-09 17:00:00,,,,,,,,,,,,,,,,,,,,,0.0,,,
2023-12-09 18:00:00,,,,,,,,,,,,,,,,,,,,,0.0,,,
2023-12-09 19:00:00,,,,,,,,,,,,,,,,,,,,,0.0,,,
2023-12-09 20:00:00,,,,,,,,,,,,,,,,,,,,,0.0,,,
2023-12-09 21:00:00,,,,,,,,,,,,,,,,,,,,,0.0,,,
2023-12-09 22:00:00,,,,,,,,,,,,,,,,,,,,,0.0,,,
2023-12-09 23:00:00,,,,,,,,,,,,,,,,,,,,,0.0,,,
2023-12-10 00:00:00,,,,,,,,,,,,,,,,,,,,,0.0,,,
2023-12-10 01:00:00,,,,,,,,,,,,,,,,,,,,,0.0,,,
2023-12-10 02:00:00,,,,,,,,,,,,,,,,,,,,,0.0,,,
2023-12-10 03:00:00,,,,,,,,,,,,,,,,,,,,,0.0,,,
2023-12-10 04:00:00,,,,,,,,,,,,,,,,,,,,,0.0,,,
2023-12-10 05:00:00,,,,,,,,,,,,,,,,,,,,,0.0,,,
2023-12-10 06:00:00,,,,,,,,,,,,,,,,,,,,,0.0,,,
2023-12-10 07:00:00,,,,,,,,,,,,,,,,,,,,,0.0,,,
2023-12-10 08:00:00,,,,,,,,,,,,,,,,,,,,,0.0,,,
2023-12-10 09:00:00,,,,,,,,,,,,,,,,,,,,,0.0,,,
2023-12-10 10:00:00,,,,,,,,,,,,,,,,,,,,,0.0,,,
2023-12-10 11:00:00,,,,,,,,,,,,,,,,,,,,,0.0,,,
2023-12-10 12:00:00,,,,,,,,,,,,,,,,,,,,,0.0,,,
2023-12-10 13:00:00,,,,,,,,,,,,,,,,,,,,,0.0,,,
2023-12-10 14:00:00,,,,,,,,,,,,,,,,,,,,,0.0,,,
2023-12-10 15:00:00,,,,,,,,,,,,,,,,,,,,,0.0,,,
2023-12-10 16:00:00,,,,,,,,,,,,,,,,,,,,,0.0,,,
2023-12-10 17:00:00,,,,,,,,,,,,,,,,,,,,,0.0,,,
2023-12-10 18:00:00,,,,,,,,,,,,,,,,,,,,,0.0,,,
2023-12-10 19:00:00,,,,,,,,,,,,,,,,,,,,,0.0,,,
2023-12-10 20:00:00,,,,,,,,,,,,,,,,,,,,,0.0,,,
2023-12-10 21:00:00,,,,,,,,,,,,,,,,,,,,,0.0,,,
2023-12-10 22:00:00,,,,,,,,,,,,,,,,,,,,,0.0,,,
2023-12-10 23:00:00,,,,,,,,,,,,,,,,,,,,,0.0,,,
2023-12-11 00:00:00,,,,,,,,,,,,,,,,,,,,,0.0,,,
2023-12-11 01:00:00,,,,,,,,,,,,,,,,,,,,,0.0,,,
2023-12-11 02:00:00,,,,,,,,,,,,,,,,,,,,,0.0,,,
2023-12-11 03:00:00,,,,,,,,,,,,,,,,,,,,,0.0,,,
2023-12-11 04:00:00,,,,,,,,,,,,,,,,,,,,,0.0,,,
2023-12-11 05:00:00,,,,,,,,,,,,,,,,,,,,,0.0,,,
2023-12-11 06:00:00,,,,,,,,,,,,,,,,,,,,,0.0,,,
2023-12-11 07:00:00,,,,,,,,,,,,,,,,,,,,,0.0,,,
2023-12-11 08:00:00,,,,,,,,,,,,,,,,,,,,,0.0,,,
2023-12-11 09:00:00,,,,,,,,,,,,,,,,,,,,,0.0,,,
2023-12-11 10:00:00,37.0,55.5,1.07,1.64,1.48,0.61,2.29,0.13,1.71,0.015,,,,0.03,0.035,,,,,0.0,0.0,,,
2023-12-11 11:00:00,11.225,33.3,1.085,1.66,1.5,0.615,2.305,0.17250000000000001,1.73,0.02,,,,0.0325,0.04,,,,,0.0,0.0,,,
2023-12-11 12:00:00,0.25,,1.115,1.7075,1.5475,0.64,2.3775,0.1775,1.78,0.02,,,,0.0375,0.0425,,,,,0.0,0.0,,,
2023-12-11 13:00:00,11.5,22.5,1.1166666666666667,1.6633333333333333,1.53,0.61,2.3833333333333333,0.22,1.71,0.023333333333333334,,,,0.03666666666666667,0.043333333333333335,,,,,0.0,0.0,,,
2023-12-11 14:00:00,2.75,11.25,1.07,1.6524999999999999,1.4925,0.61,2.29,0.17250000000000001,1.71,0.0175,,,,0.0325,0.0375,,,,,0.0,0.0,,,
2023-12-11 15:00:00,0.325,,1.085,1.64,1.48,0.6125,2.3200000000000003,0.2025,1.73,0.0225,,,,0.04,0.0475,,,,,0.0,0.0,,,
2023-12-11 16:00:00,26.3125,39.375,1.08,1.64,1.4925,0.61,2.3075,0.2475,1.71,0.0325,,,,0.0475,0.0575,,,,,0.0,0.0,,,
2023-12-11 17:00:00,11.5,23.905,1.07,1.64,1.48,0.61,2.29,0.3775,1.71,0.045,,,,0.0775,0.09,,,,,0.0,0.0,,,
2023-12-11 18:00:00,52.3125,84.1875,1.07,1.64,1.48,0.61,2.29,0.5075,1.71,0.06,,,,0.105,0.1225,,,,,0.0,0.0,,,
2023-12-11 19:00:00,67.0,100.5,1.07,1.64,1.4925,0.61,2.29,0.6599999999999999,1.71,0.0775,,,,0.13,0.16,,,,,0.0,0.0,,,
2023-12-11 20:00:00,64.65,102.0,1.07,1.65,1.49,0.61,2.29,0.7175,1.71,0.0875,,,,0.14250000000000002,0.1725,,,,,0.0,0.0,,,
2023-12-11 21:00:00,61.125,104.625,1.07,1.64,1.48,0.61,2.29,0.725,1.71,0.09,,,,0.14500000000000002,0.175,,,,,0.0,0.0,,,
2023-12-11 22:00:00,52.0,78.0,1.07,1.64,1.48,0.61,2.29,0.665,1.71,0.0825,,,,0.135,0.1575,,,,,0.0,0.0,,,
2023-12-11 23:00:00,33.96666666666667,80.2,1.07,1.64,1.4799999999999998,0.61,2.29,0.5666666666666668,1.71,0.06666666666666667,,,,0.11,0.13333333333333333,,,,,0.0,0.0,,,
2023-12-12 00:00:00,46.0,69.0,1.07,1.64,1.4799999999999998,0.61,2.29,0.4366666666666667,1.71,0.05333333333333334,,,,0.09,0.10500000000000001,,,,,0.0,0.0,,,
2023-12-12 01:00:00,45.125,64.3125,1.07,1.64,1.48,0.61,2.29,0.345,1.71,0.04,,,,0.07,0.08,,,,,0.0,0.0,,,
2023-12-12 02:00:00,23.35,36.9,1.07,1.64,1.48,0.61,2.29,0.255,1.71,0.03,,,,0.0475,0.06,,,,,0.0,0.0,,,
2023-12-12 03:00:00,20.125,30.1875,1.07,1.64,1.48,0.61,2.29,0.2025,1.71,0.0225,,,,0.04,0.045,,,,,0.0,0.0,,,
2023-12-12 04:00:00,11.5125,18.3,1.07,1.64,1.48,0.61,2.29,0.1825,1.71,0.02,,,,0.04,0.04,,,,,0.0,0.0,,,
2023-12-12 05:00:00,26.987499999999997,46.05,1.07,1.64,1.48,0.61,2.29,0.1725,1.71,0.02,,,,0.0325,0.04,,,,,0.0,0.0,,,
2023-12-12 06:00:00,18.8125,31.3125,1.07,1.64,1.48,0.61,2.29,0.2,1.71,0.0225,,,,0.04,0.045,,,,,0.0,0.0,,,
2023-12-12 07:00:00,19.6125,36.0,1.07,1.64,1.48,0.61,2.29,0.29,1.71,0.035,,,,0.06,0.0675,,,,,0.0,0.0,,,
2023-12-12 08:00:00,35.1625,60.0,1.07,1.64,1.48,0.61,2.29,0.2875,1.71,0.03,,,,0.057499999999999996,0.0675,,,,,0.0,0.0,,,
2023-12-12 09:00:00,31.65,50.7,1.07,1.64,1.48,0.61,2.29,0.25,1.71,0.03,,,,0.05,0.06,,,,,0.0,0.0,,,
2023-12-12 10:00:00,21.125,33.5625,1.07,1.64,1.48,0.61,2.29,0.1925,1.71,0.02,,,,0.04,0.0425,,,,,0.0,0.0,,,
2023-12-12 11:00:00,24.5,44.625,1.07,1.64,1.48,0.61,2.29,0.1675,1.71,0.02,,,,0.0325,0.04,,,,,0.0,0.0,,,
2023-12-12 12:00:00,20.15,31.65,1.07,1.64,1.48,0.61,2.29,0.165,1.71,0.02,,,,0.03,0.04,,,,,0.0,0.0,,,
2023-12-12 13:00:00,10.4,17.85,1.07,1.64,1.49,0.61,2.29,0.1625,1.71,0.02,,,,0.03,0.04,,,,,0.0,0.0,,,
2023-12-12 14:00:00,12.4625,20.775,1.07,1.64,1.49,0.61,2.29,0.17,1.71,0.02,,,,0.0325,0.04,,,,,0.0,0.0,,,
2023-12-12 15:00:00,16.744999999999997,38.25,1.07,1.64,1.48,0.61,2.29,0.19,1.71,0.02,,,,0.0375,0.0425,,,,,0.0,0.0,,,
2023-12-12 16:00:00,26.125,39.1875,1.07,1.64,1.48,0.61,2.29,0.325,1.71,0.035,,,,0.06,0.075,,,,,0.0,0.0,,,
2023-12-12 17:00:00,51.0,82.75,1.07,1.64,1.48,0.61,2.29,0.3525,1.71,0.04,,,,0.07,0.08,,,,,0.0,0.0,,,
2023-12-12 18:00:00,56.4375,96.75,1.07,1.64,1.48,0.61,2.29,0.525,1.71,0.06,,,,0.1075,0.13,,,,,0.0,0.0,,,
2023-12-12 19:00:00,54.125,88.3125,1.07,1.64,1.48,0.61,2.29,0.65,1.71,0.0775,,,,0.13,0.1575,,,,,0.0,0.0,,,
2023-12-12 20:00:00,73.125,117.1875,1.07,1.64,1.48,0.61,2.29,0.645,1.71,0.0775,,,,0.1275,0.1525,,,,,0.0,0.0,,,
2023-12-12 21:00:00,70.0,105.0,1.07,1.6524999999999999,1.48,0.61,2.29,0.745,1.71,0.09,,,,0.1475,0.1775,,,,,0.0,0.0,,,
2023-12-12 22:00:00,47.917500000000004,69.0,1.07,1.64,1.48,0.61,2.29,0.7775000000000001,1.71,0.095,,,,0.1575,0.19,,,,,0.0,0.0,,,
2023-12-12 23:00:00,55.56666666666666,84.8,1.07,1.64,1.4799999999999998,0.61,2.29,0.61,1.71,0.07333333333333335,,,,0.12333333333333334,0.14666666666666667,,,,,0.0,0.0,,,
2023-12-13 00:00:00,43.416666666666664,66.3,1.07,1.64,1.4799999999999998,0.61,2.29,0.44333333333333336,1.71,0.05333333333333334,,,,0.0925,0.1075,,,,,0.0,0.0,,,
2023-12-13 01:00:00,37.15,61.425,1.07,1.64,1.48,0.61,2.29,0.3725,1.71,0.045,,,,0.07500000000000001,0.0875,,,,,0.0,0.0,,,
2023-12-13 02:00:00,25.299999999999997,50.85,1.07,1.64,1.48,0.61,2.29,0.2975,1.71,0.035,,,,0.0625,0.07250000000000001,,,,,0.0,0.0,,,
2023-12-13 03:00:00,20.3375,36.375,1.07,1.64,1.48,0.61,2.29,0.2525,1.71,0.03,,,,0.05,0.06,,,,,0.0,0.0,,,
2023-12-13 04:00:00,29.325,48.9375,1.07,1.64,1.48,0.61,2.29,0.195,1.71,0.0225,,,,0.04,0.045,,,,,0.0,0.0,,,
2023-12-13 05:00:00,21.15,33.15,1.07,1.64,1.48,0.61,2.29,0.1875,1.71,0.02,,,,0.04,0.0425,,,,,0.0,0.0,,,
2023-12-13 06:00:00,25.85,38.7,1.07,1.64,1.48,0.61,2.29,0.1975,1.71,0.0225,,,,0.04,0.045,,,,,0.0,0.0,,,
2023-12-13 07:00:00,19.25,31.8,1.07,1.64,1.48,0.61,2.29,0.25,1.71,0.0275,,,,0.05,0.06,,,,,0.0,0.0,,,
2023-12-13 08:00:00,19.625,32.81,1.07,1.64,1.48,0.61,2.29,0.23,1.71,0.03,,,,0.045,0.055,,,,,0.0,0.0,,,
2023-12-13 09:00:00,,,,,,,,,,,,,,,,,,,,,0.0,,,
2023-12-13 10:00:00,,,,,,,,,,,,,,,,,,,,,0.0,,,
2023-12-13 11:00:00,,,,,,,,,,,,,,,,,,,,,0.0,,,
2023-12-13 12:00:00,6.75,10.12,1.07,1.64,1.48,0.61,2.29,0.14,1.71,0.0175,,,,0.0275,0.0325,,,,,0.0,0.0,,,
2023-12-13 13:00:00,3.125,5.25,1.07,1.64,1.48,0.61,2.29,0.16,1.71,0.02,,,,0.035,0.04,,,,,0.0,0.0,,,
2023-12-13 14:00:00,8.52,14.75,1.07,1.64,1.48,0.61,2.29,0.1825,1.71,0.02,,,,0.035,0.04,,,,,0.0,0.0,,,
2023-12-13 15:00:00,9.166666666666666,15.25,1.1,1.64,1.4799999999999998,0.6166666666666667,2.3433333333333333,0.21666666666666667,1.7533333333333332,0.02666666666666667,,,,0.043333333333333335,0.049999999999999996,,,,,0.0,0.0,,,
2023-12-13 16:00:00,10.0,15.0,1.07,1.64,1.48,0.61,2.29,0.23,1.71,0.03,,,,0.06,0.07,,,,,0.0,0.0,,,
2023-12-13 17:00:00,5.0,7.5,1.07,1.64,1.48,0.61,2.29,0.32,1.71,0.0375,,,,0.0675,0.07500000000000001,,,,,0.0,0.0,,,
2023-12-13 18:00:00,0.2,,1.07,1.64,1.4799999999999998,0.61,2.29,0.5733333333333334,1.71,0.07,,,,0.12,0.13999999999999999,,,,,0.0,0.0,,,
2023-12-13 19:00:00,,,1.07,1.6566666666666665,1.4966666666666668,0.61,2.29,0.5933333333333334,1.71,0.07,,,,0.11666666666666665,0.14333333333333334,,,,,0.0,0.0,,,
2023-12-13 20:00:00,0.33,,1.07,1.64,1.48,0.61,2.29,0.5549999999999999,1.71,0.065,,,,0.11,0.13,,,,,0.0,0.0,,,
2023-12-13 21:00:00,,,1.07,1.64,1.48,0.61,2.29,0.525,1.71,0.06,,,,0.1,0.125,,,,,0.0,0.0,,,
2023-12-13 22:00:00,,,1.07,1.64,1.48,0.61,2.29,0.5125,1.71,0.0625,,,,0.10500000000000001,0.1225,,,,,0.0,0.0,,,
2023-12-13 23:00:00,14.766666666666666,28.75,1.07,1.64,1.4799999999999998,0.61,2.29,0.4766666666666666,1.71,0.06,,,,0.10000000000000002,0.11,,,,,0.0,0.0,,,
2023-12-14 00:00:00,15.033333333333333,28.5,1.07,1.6533333333333333,1.4933333333333334,0.6133333333333333,2.29,0.4633333333333333,1.71,0.056666666666666664,,,,0.0975,0.11,,,,,0.0,0.0,,,
2023-12-14 01:00:00,32.15,54.0,1.07,1.64,1.49,0.61,2.29,0.385,1.71,0.045,,,,0.07500000000000001,0.0925,,,,,0.0,0.0,,,
2023-12-14 02:00:00,20.6,30.47,1.07,1.64,1.48,0.615,2.29,0.315,1.725,0.0375,,,,0.065,0.07500000000000001,,,,,0.0,0.0,,,
2023-12-14 03:00:00,29.2,43.8,1.07,1.64,1.48,0.61,2.29,0.235,1.71,0.03,,,,0.045,0.055,,,,,0.0,0.0,,,
2023-12-14 04:00:00,13.4625,23.775,1.07,1.64,1.48,0.61,2.29,0.195,1.71,0.02,,,,0.04,0.04,,,,,0.0,0.0,,,
2023-12-14 05:00:00,9.9,18.675,1.07,1.64,1.48,0.61,2.29,0.175,1.71,0.02,,,,0.035,0.04,,,,,0.0,0.0,,,
2023-12-14 06:00:00,18.1875,29.8125,1.07,1.64,1.48,0.61,2.29,0.165,1.71,0.02,,,,0.035,0.04,,,,,0.0,0.0,,,
2023-12-14 07:00:00,13.35,21.0,1.07,1.64,1.48,0.61,2.29,0.1975,1.71,0.02,,,,0.04,0.0425,,,,,0.0,0.0,,,
2023-12-14 08:00:00,18.6,33.75,1.07,1.64,1.48,0.61,2.29,0.215,1.71,0.03,,,,0.04,0.05,,,,,0.0,0.0,,,
2023-12-14 09:00:00,17.9,32.175,1.07,1.64,1.48,0.61,2.29,0.22,1.71,0.03,,,,0.0425,0.05,,,,,0.0,0.0,,,
2023-12-14 10:00:00,11.9,26.2125,1.07,1.6524999999999999,1.48,0.61,2.29,0.2625,1.71,0.03,,,,0.0525,0.0625,,,,,0.0,0.0,,,
2023-12-14 11:00:00,45.9,72.9,1.07,1.64,1.48,0.61,2.29,0.175,1.71,0.02,,,,0.0375,0.04,,,,,0.0,0.0,,,
2023-12-14 12:00:00,18.625,31.5,1.07,1.64,1.48,0.61,2.29,0.155,1.71,0.02,,,,0.03,0.035,,,,,0.0,0.0,,,
2023-12-14 13:00:00,10.0,15.0,1.07,1.64,1.48,0.61,2.29,0.15,1.71,0.02,,,,0.03,0.04,,,,,0.0,0.0,,,
2023-12-14 14:00:00,2.15,9.0,1.07,1.64,1.48,0.61,2.29,0.1575,1.71,0.02,,,,0.03,0.04,,,,,0.0,0.0,,,
2023-12-14 15:00:00,15.0,24.0,1.07,1.64,1.48,0.61,2.29,0.14500000000000002,1.71,0.02,,,,0.03,0.035,,,,,0.0,0.0,,,
2023-12-14 16:00:00,10.75,17.25,1.07,1.65,1.49,0.6125,2.305,0.1925,1.72,0.0225,,,,0.04,0.045,,,,,0.0,0.0,,,
2023-12-14 17:00:00,8.1,14.4375,1.08,1.6524999999999999,1.4925,0.615,2.29,0.28,1.71,0.0325,,,,0.055,0.0675,,,,,0.0,0.0,,,
2023-12-14 18:00:00,16.65,27.75,1.07,1.64,1.48,0.61,2.29,0.465,1.71,0.052500000000000005,,,,0.09,0.11,,,,,0.0,0.0,,,
2023-12-14 19:00:00,40.125,60.1875,1.07,1.64,1.48,0.6125,2.29,0.52,1.71,0.0675,,,,0.1075,0.1275,,,,,0.0,0.0,,,
2023-12-14 20:00:00,32.25,54.375,1.07,1.6624999999999999,1.5025,0.61,2.29,0.545,1.71,0.0625,,,,0.10500000000000001,0.13,,,,,0.0,0.0,,,
2023-12-14 21:00:00,36.2,54.3,1.0775000000000001,1.64,1.48,0.6125,2.305,0.55,1.72,0.0675,,,,0.1125,0.135,,,,,0.0,0.0,,,
2023-12-14 22:00:00,54.875,86.8125,1.07,1.65,1.5,0.61,2.29,0.48250000000000004,1.71,0.06,,,,0.095,0.1175,,,,,0.0,0.0,,,
2023-12-14 23:00:00,31.916666666666668,65.25,1.0833333333333333,1.64,1.4799999999999998,0.6166666666666667,2.29,0.41,1.7299999999999998,0.049999999999999996,,,,0.08,0.09999999999999999,,,,,0.0,0.0,,,
2023-12-15 00:00:00,18.916666666666668,37.5,1.07,1.64,1.4799999999999998,0.61,2.29,0.41333333333333333,1.71,0.04666666666666667,,,,0.0825,0.1,,,,,0.0,0.0,,,
2023-12-15 01:00:00,18.65,37.5,1.07,1.64,1.48,0.61,2.29,0.3825,1.71,0.045,,,,0.07250000000000001,0.0925,,,,,0.0,0.0,,,
2023-12-15 02:00:00,21.8,36.225,1.07,1.64,1.48,0.61,2.3075,0.325,1.71,0.0375,,,,0.065,0.07500000000000001,,,,,0.0,0.0,,,
2023-12-15 03:00:00,24.0,36.0,1.07,1.65,1.48,0.61,2.29,0.265,1.71,0.03,,,,0.052500000000000005,0.0625,,,,,0.0,0.0,,,
2023-12-15 04:00:00,18.825,36.75,1.07,1.64,1.48,0.61,2.29,0.21,1.71,0.0275,,,,0.04,0.05,,,,,0.0,0.0,,,
2023-12-15 05:00:00,17.1,28.8,1.07,1.64,1.48,0.61,2.29,0.2025,1.71,0.02,,,,0.04,0.05,,,,,0.0,0.0,,,
2023-12-15 06:00:00,14.7,22.875,1.07,1.64,1.48,0.61,2.29,0.215,1.71,0.0275,,,,0.04,0.05,,,,,0.0,0.0,,,
2023-12-15 07:00:00,7.25,11.25,1.07,1.64,1.48,0.61,2.29,0.2275,1.71,0.03,,,,0.0425,0.052500000000000005,,,,,0.0,0.0,,,
2023-12-15 08:00:00,23.675,40.5,1.07,1.64,1.48,0.61,2.29,0.2425,1.71,0.03,,,,0.0475,0.057499999999999996,,,,,0.0,0.0,,,
2023-12-15 09:00:00,21.7875,37.125,1.07,1.64,1.48,0.61,2.29,0.22999999999999998,1.71,0.03,,,,0.045,0.055,,,,,0.0,0.0,,,
2023-12-15 10:00:00,13.4,21.975,1.07,1.64,1.48,0.61,2.29,0.22,1.71,0.03,,,,0.04,0.05,,,,,0.0,0.0,,,
2023-12-15 11:00:00,24.925,41.8125,1.07,1.64,1.48,0.61,2.29,0.20500000000000002,1.71,0.02,,,,0.04,0.05,,,,,0.0,0.0,,,
2023-12-15 12:00:00,15.85,25.875,1.07,1.64,1.48,0.61,2.29,0.1925,1.71,0.02,,,,0.04,0.0425,,,,,0.0,0.0,,,
2023-12-15 13:00:00,24.9,35.4,1.07,1.64,1.48,0.61,2.29,0.18,1.71,0.02,,,,0.04,0.04,,,,,0.0,0.0,,,
2023-12-15 14:00:00,8.25,12.1875,1.07,1.65,1.48,0.61,2.29,0.2,1.71,0.0225,,,,0.04,0.045,,,,,0.0,0.0,,,
2023-12-15 15:00:00,38.2875,61.65,1.07,1.64,1.48,0.61,2.29,0.23249999999999998,1.71,0.03,,,,0.045,0.052500000000000005,,,,,0.0,0.0,,,
2023-12-15 16:00:00,60.5625,101.625,1.07,1.64,1.48,0.61,2.29,0.28500000000000003,1.71,0.0325,,,,0.055,0.065,,,,,0.0,0.0,,,
2023-12-15 17:00:00,21.0,39.47,1.07,1.64,1.48,0.61,2.29,0.3425,1.71,0.0425,,,,0.0675,0.0825,,,,,0.0,0.0,,,
2023-12-15 18:00:00,1.7750000000000001,9.6,1.07,1.64,1.48,0.61,2.29,0.5125,1.71,0.0575,,,,0.10250000000000001,0.125,,,,,0.0,0.0,,,
2023-12-15 19:00:00,28.9,40.8,1.07,1.64,1.48,0.61,2.29,0.6875,1.71,0.0825,,,,0.14,0.17,,,,,0.0,0.0,,,
2023-12-15 20:00:00,40.275,72.675,1.07,1.64,1.48,0.61,2.29,0.6825,1.71,0.08,,,,0.1375,0.1625,,,,,0.0,0.0,,,
2023-12-15 21:00:00,45.375,72.5625,1.07,1.64,1.48,0.61,2.29,0.6875,1.71,0.0825,,,,0.1375,0.165,,,,,0.0,0.0,,,
2023-12-15 22:00:00,37.3,61.8,1.07,1.64,1.48,0.61,2.29,0.7,1.71,0.0825,,,,0.1375,0.1675,,,,,0.0,0.0,,,
2023-12-15 23:00:00,45.76666666666667,93.8,1.07,1.64,1.4799999999999998,0.61,2.29,0.6433333333333334,1.71,0.07666666666666667,,,,0.13,0.15666666666666665,,,,,0.0,0.0,,,
2023-12-16 00:00:00,43.5,78.0,1.07,1.64,1.4799999999999998,0.61,2.29,0.5333333333333333,1.71,0.06,,,,0.1075,0.13,,,,,0.0,0.0,,,
2023-12-16 01:00:00,37.5,63.975,1.07,1.64,1.48,0.61,2.29,0.4525,1.71,0.055,,,,0.09,0.1075,,,,,0.0,0.0,,,
2023-12-16 02:00:00,33.0,54.75,1.07,1.64,1.48,0.61,2.29,0.32,1.71,0.0375,,,,0.065,0.07500000000000001,,,,,0.0,0.0,,,
2023-12-16 03:00:00,20.1,31.125,1.07,1.64,1.48,0.61,2.29,0.25,1.71,0.03,,,,0.0475,0.057499999999999996,,,,,0.0,0.0,,,
2023-12-16 04:00:00,16.8625,30.0,1.07,1.64,1.48,0.61,2.29,0.2225,1.71,0.03,,,,0.0425,0.052500000000000005,,,,,0.0,0.0,,,
2023-12-16 05:00:00,14.8,26.175,1.07,1.64,1.48,0.61,2.29,0.2025,1.71,0.02,,,,0.04,0.0475,,,,,0.0,0.0,,,
2023-12-16 06:00:00,6.075,11.0625,1.07,1.64,1.48,0.61,2.29,0.215,1.71,0.025,,,,0.0425,0.05,,,,,0.0,0.0,,,
2023-12-16 07:00:00,15.675,25.575,1.07,1.64,1.48,0.61,2.29,0.3075,1.71,0.0375,,,,0.06,0.07,,,,,0.0,0.0,,,
2023-12-16 08:00:00,24.5,41.345,1.07,1.64,1.48,0.6125,2.305,0.3175,1.72,0.04,,,,0.065,0.07500000000000001,,,,,0.0,0.0,,,
2023-12-16 09:00:00,22.333333333333332,34.5,1.07,1.64,1.4933333333333334,0.61,2.29,0.29333333333333333,1.71,0.03333333333333333,,,,0.056666666666666664,0.07,,,,,0.0,0.0,,,
2023-12-16 10:00:00,,,,,,,,,,,,,,,,,,,,,0.0,,,
2023-12-16 11:00:00,,,,,,,,,,,,,,,,,,,,,0.0,,,
2023-12-16 12:00:00,,,,,,,,,,,,,,,,,,,,,0.0,,,
2023-12-16 13:00:00,,,,,,,,,,,,,,,,,,,,,0.0,,,
2023-12-16 14:00:00,19.6875,31.5,1.1375000000000002,1.64,1.48,0.6275,2.4325,0.135,1.765,0.0225,,,,0.0375,0.0475,,,,,0.0,0.0,,,
2023-12-16 15:00:00,6.5,18.9,1.07,1.64,1.48,0.61,2.29,0.2225,1.71,0.03,,,,0.04,0.052500000000000005,,,,,0.0,0.0,,,
2023-12-16 16:00:00,0.225,,1.07,1.64,1.48,0.61,2.29,0.245,1.71,0.0325,,,,0.05,0.06,,,,,0.0,0.0,,,
2023-12-16 17:00:00,14.75,23.625,1.07,1.64,1.48,0.61,2.29,0.43,1.71,0.052500000000000005,,,,0.085,0.10250000000000001,,,,,0.0,0.0,,,
2023-12-16 18:00:00,34.707499999999996,61.375,1.07,1.6575,1.495,0.61,2.29,0.5275000000000001,1.71,0.06,,,,0.10250000000000001,0.1225,,,,,0.0,0.0,,,
2023-12-16 19:00:00,31.4375,50.0625,1.07,1.64,1.48,0.61,2.29,0.6275,1.71,0.07250000000000001,,,,0.125,0.1525,,,,,0.0,0.0,,,
2023-12-16 20:00:00,45.0,67.5,1.07,1.64,1.48,0.61,2.29,0.7450000000000001,1.71,0.09,,,,0.15000000000000002,0.185,,,,,0.0,0.0,,,
2023-12-16 21:00:00,27.0,40.5,1.07,1.65,1.48,0.61,2.29,0.9,1.71,0.1075,,,,0.1825,0.215,,,,,0.0,0.0,,,
2023-12-16 22:00:00,63.0625,102.0,1.09,1.6524999999999999,1.4925,0.61,2.3075,0.7675,1.725,0.0925,,,,0.15250000000000002,0.1825,,,,,0.0,0.0,,,
2023-12-16 23:00:00,44.31666666666666,87.60000000000001,1.07,1.64,1.4799999999999998,0.61,2.29,0.63,1.71,0.07666666666666667,,,,0.12666666666666668,0.15666666666666665,,,,,0.0,0.0,,,
2023-12-17 00:00:00,28.233333333333334,58.5,1.07,1.64,1.4799999999999998,0.61,2.29,0.5299999999999999,1.71,0.06333333333333334,,,,0.10500000000000001,0.13,,,,,0.0,0.0,,,
2023-12-17 01:00:00,43.675,75.075,1.0775000000000001,1.64,1.48,0.61,2.305,0.4375,1.71,0.055,,,,0.0875,0.105,,,,,0.0,0.0,,,
2023-12-17 02:00:00,30.85,53.7,1.07,1.64,1.48,0.61,2.29,0.33,1.71,0.04,,,,0.0675,0.0775,,,,,0.0,0.0,,,
2023-12-17 03:00:00,20.625,33.9375,1.07,1.64,1.48,0.61,2.29,0.29500000000000004,1.71,0.0325,,,,0.06,0.07,,,,,0.0,0.0,,,
2023-12-17 04:00:00,15.325,26.1,1.07,1.64,1.48,0.61,2.29,0.2225,1.71,0.03,,,,0.0425,0.052500000000000005,,,,,0.0,0.0,,,
2023-12-17 05:00:00,17.0375,32.1,1.07,1.64,1.48,0.61,2.29,0.2275,1.71,0.03,,,,0.0425,0.052500000000000005,,,,,0.0,0.0,,,
2023-12-17 06:00:00,26.375,44.345,1.07,1.64,1.48,0.61,2.29,0.24,1.71,0.03,,,,0.0425,0.052500000000000005,,,,,0.0,0.0,,,
2023-12-17 07:00:00,19.95,31.35,1.07,1.64,1.48,0.61,2.29,0.2725,1.71,0.03,,,,0.057499999999999996,0.0675,,,,,0.0,0.0,,,
2023-12-17 08:00:00,17.475,27.9,1.07,1.64,1.48,0.61,2.29,0.2825,1.71,0.03,,,,0.057499999999999996,0.07,,,,,0.0,0.0,,,
2023-12-17 09:00:00,12.0125,28.97,1.07,1.64,1.48,0.61,2.29,0.265,1.71,0.03,,,,0.05,0.0625,,,,,0.0,0.0,,,
2023-12-17 10:00:00,12.4,18.75,1.07,1.64,1.48,0.61,2.29,0.2225,1.71,0.03,,,,0.0425,0.052500000000000005,,,,,0.0,0.0,,,
2023-12-17 11:00:00,16.3,27.15,1.07,1.64,1.48,0.61,2.29,0.1925,1.71,0.02,,,,0.04,0.045,,,,,0.0,0.0,,,
2023-12-17 12:00:00,5.6375,9.225,1.09,1.6524999999999999,1.5025,0.615,2.325,0.18,1.74,0.02,,,,0.0375,0.04,,,,,0.0,0.0,,,
2023-12-17 13:00:00,16.2,34.275,1.0950000000000002,1.64,1.48,0.6125,2.3225,0.1625,1.72,0.02,,,,0.03,0.04,,,,,0.0,0.0,,,
2023-12-17 14:00:00,14.675,25.595,1.0775000000000001,1.64,1.48,0.6125,2.305,0.1675,1.72,0.02,,,,0.0325,0.04,,,,,0.0,0.0,,,
2023-12-17 15:00:00,10.425,15.375,1.07,1.65,1.48,0.61,2.29,0.1825,1.71,0.02,,,,0.04,0.04,,,,,0.0,0.0,,,
2023-12-17 16:00:00,22.9,41.775,1.07,1.66,1.5,0.61,2.29,0.2325,1.71,0.03,,,,0.045,0.055,,,,,0.0,0.0,,,
2023-12-17 17:00:00,27.5,43.875,1.07,1.64,1.48,0.6125,2.305,0.355,1.72,0.0425,,,,0.07,0.0825,,,,,0.0,0.0,,,
2023-12-17 18:00:00,22.85,38.4,1.085,1.64,1.4925,0.615,2.305,0.5325,1.73,0.0625,,,,0.10750000000000001,0.13,,,,,0.0,0.0,,,
2023-12-17 19:00:00,32.1625,54.75,1.0775000000000001,1.65,1.49,0.6125,2.3225,1.1124999999999998,1.72,0.1325,,,,0.2225,0.265,,,,,0.0,0.0,,,
2023-12-17 20:00:00,55.675,89.325,1.0775000000000001,1.66,1.49,0.6174999999999999,2.305,1.2349999999999999,1.72,0.15,,,,0.2475,0.2975,,,,,0.0,0.0,,,
2023-12-17 21:00:00,85.475,126.375,1.0775000000000001,1.64,1.48,0.61,2.305,1.0125,1.71,0.1225,,,,0.2025,0.245,,,,,0.0,0.0,,,
2023-12-17 22:00:00,58.25,98.925,1.0775000000000001,1.65,1.5,0.61,2.305,0.9275,1.72,0.11,,,,0.1825,0.22,,,,,0.0,0.0,,,
2023-12-17 23:00:00,44.15,109.0,1.0833333333333333,1.64,1.4799999999999998,0.6166666666666667,2.313333333333333,0.73,1.7299999999999998,0.08666666666666667,,,,0.14666666666666667,0.17333333333333334,,,,,0.0,0.0,,,
2023-12-18 00:00:00,61.0,91.5,1.07,1.64,1.4799999999999998,0.61,2.29,0.5233333333333333,1.71,0.06333333333333334,,,,0.1125,0.1325,,,,,0.0,0.0,,,
2023-12-18 01:00:00,30.25,52.125,1.07,1.64,1.48,0.61,2.29,0.4075,1.71,0.0475,,,,0.08,0.095,,,,,0.0,0.0,,,
2023-12-18 02:00:00,17.975,41.4,1.07,1.64,1.48,0.61,2.29,0.28500000000000003,1.71,0.0325,,,,0.057499999999999996,0.07,,,,,0.0,0.0,,,
2023-12-18 03:00:00,14.0,25.2,1.07,1.64,1.49,0.61,2.29,0.23249999999999998,1.71,0.03,,,,0.045,0.055,,,,,0.0,0.0,,,
2023-12-18 04:00:00,16.9375,33.0,1.07,1.64,1.48,0.61,2.29,0.1925,1.71,0.02,,,,0.04,0.04,,,,,0.0,0.0,,,
2023-12-18 05:00:00,20.1625,35.85,1.07,1.64,1.48,0.61,2.29,0.21,1.71,0.025,,,,0.04,0.05,,,,,0.0,0.0,,,
2023-12-18 06:00:00,15.85,30.75,1.07,1.64,1.48,0.61,2.29,0.2425,1.71,0.03,,,,0.0475,0.06,,,,,0.0,0.0,,,
2023-12-18 07:00:00,16.8625,30.0,1.07,1.64,1.48,0.61,2.29,0.3225,1.71,0.0375,,,,0.0675,0.0775,,,,,0.0,0.0,,,
2023-12-18 08:00:00,19.1125,40.2,1.07,1.64,1.48,0.61,2.29,0.335,1.71,0.04,,,,0.07,0.08,,,,,0.0,0.0,,,
2023-12-18 09:00:00,22.8,44.625,1.07,1.64,1.48,0.61,2.29,0.3125,1.71,0.035,,,,0.0675,0.07500000000000001,,,,,0.0,0.0,,,
2023-12-18 10:00:00,24.15,42.45,1.07,1.64,1.48,0.61,2.29,0.245,1.71,0.03,,,,0.0475,0.06,,,,,0.0,0.0,,,
2023-12-18 11:00:00,36.25,54.375,1.07,1.64,1.48,0.62,2.29,0.22,1.71,0.025,,,,0.04,0.05,,,,,0.0,0.0,,,
2023-12-18 12:00:00,26.33,58.5,1.07,1.64,1.48,0.61,2.29,0.18,1.71,0.02,,,,0.03,0.03,,,,,0.0,0.0,,,
2023-12-18 13:00:00,,,,,,,,,,,,,,,,,,,,,0.0,,,
2023-12-18 14:00:00,,,,,,,,,,,,,,,,,,,,,0.0,,,
2023-12-18 15:00:00,,,,,,,,,,,,,,,,,,,,,0.0,,,
2023-12-18 16:00:00,,,,,,,,,,,,,,,,,,,,,0.0,,,
2023-12-18 17:00:00,,,,,,,,,,,,,,,,,,,,,0.0,,,
2023-12-18 18:00:00,,,,,,,,,,,,,,,,,,,,,0.0,,,
2023-12-18 19:00:00,,,,,,,,,,,,,,,,,,,,,0.0,,,
2023-12-18 20:00:00,,,,,,,,,,,,,,,,,,,,,0.0,,,
2023-12-18 21:00:00,,,,,,,,,,,,,,,,,,,,,0.0,,,
2023-12-18 22:00:00,,,,,,,,,,,,,,,,,,,,,0.0,,,
2023-12-18 23:00:00,,,,,,,,,,,,,,,,,,,,,0.0,,,
2023-12-19 00:00:00,,,,,,,,,,,,,,,,,,,,,0.0,,,
2023-12-19 01:00:00,,,,,,,,,,,,,,,,,,,,,0.0,,,
2023-12-19 02:00:00,,,,,,,,,,,,,,,,,,,,,0.0,,,
2023-12-19 03:00:00,,,,,,,,,,,,,,,,,,,,,0.0,,,
2023-12-19 04:00:00,,,,,,,,,,,,,,,,,,,,,0.0,,,
2023-12-19 05:00:00,,,,,,,,,,,,,,,,,,,,,0.0,,,
2023-12-19 06:00:00,,,,,,,,,,,,,,,,,,,,,0.0,,,
2023-12-19 07:00:00,,,,,,,,,,,,,,,,,,,,,0.0,,,
2023-12-19 08:00:00,,,,,,,,,,,,,,,,,,,,,0.0,,,
2023-12-19 09:00:00,,,,,,,,,,,,,,,,,,,,,0.0,,,
2023-12-19 10:00:00,,,,,,,,,,,,,,,,,,,,,0.0,,,
2023-12-19 11:00:00,,,,,,,,,,,,,,,,,,,,,0.0,,,
2023-12-19 12:00:00,,,,,,,,,,,,,,,,,,,,,0.0,,,
2023-12-19 13:00:00,,,,,,,,,,,,,,,,,,,,,0.0,,,
2023-12-19 14:00:00,,,,,,,,,,,,,,,,,,,,,0.0,,,
2023-12-19 15:00:00,,,,,,,,,,,,,,,,,,,,,0.0,,,
2023-12-19 16:00:00,,,,,,,,,,,,,,,,,,,,,0.0,,,
2023-12-19 17:00:00,,,,,,,,,,,,,,,,,,,,,0.0,,,
2023-12-19 18:00:00,,,,,,,,,,,,,,,,,,,,,0.0,,,
2023-12-19 19:00:00,,,,,,,,,,,,,,,,,,,,,0.0,,,
2023-12-19 20:00:00,,,,,,,,,,,,,,,,,,,,,0.0,,,
2023-12-19 21:00:00,,,,,,,,,,,,,,,,,,,,,0.0,,,
2023-12-19 22:00:00,,,,,,,,,,,,,,,,,,,,,0.0,,,
2023-12-19 23:00:00,,,,,,,,,,,,,,,,,,,,,0.0,,,
2023-12-20 00:00:00,,,,,,,,,,,,,,,,,,,,,0.0,,,
2023-12-20 01:00:00,,,,,,,,,,,,,,,,,,,,,0.0,,,
2023-12-20 02:00:00,,,,,,,,,,,,,,,,,,,,,0.0,,,
2023-12-20 03:00:00,,,,,,,,,,,,,,,,,,,,,0.0,,,
2023-12-20 04:00:00,,,,,,,,,,,,,,,,,,,,,0.0,,,
2023-12-20 05:00:00,,,,,,,,,,,,,,,,,,,,,0.0,,,
2023-12-20 06:00:00,,,,,,,,,,,,,,,,,,,,,0.0,,,
2023-12-20 07:00:00,,,,,,,,,,,,,,,,,,,,,0.0,,,
2023-12-20 08:00:00,,,,,,,,,,,,,,,,,,,,,0.0,,,
2023-12-20 09:00:00,,,,,,,,,,,,,,,,,,,,,0.0,,,
2023-12-20 10:00:00,14.333333333333334,23.8,1.21,1.8500000000000003,1.67,0.68,2.57,0.20666666666666667,1.93,0.02,,,,0.04,0.04666666666666667,,,,,0.0,0.0,,,
2023-12-20 11:00:00,25.4625,44.625,1.21,1.85,1.67,0.68,2.57,0.2025,1.93,0.0225,,,,0.04,0.05,,,,,0.0,0.0,,,
2023-12-20 12:00:00,38.175,67.6875,1.1575,1.7825,1.6075,0.6475,2.4475,0.1925,1.835,0.0225,,,,0.04,0.045,,,,,0.0,0.0,,,
2023-12-20 13:00:00,18.3325,31.125,1.07,1.64,1.48,0.61,2.29,0.1925,1.71,0.02,,,,0.04,0.0425,,,,,0.0,0.0,,,
2023-12-20 14:00:00,23.0825,37.875,1.08,1.6724999999999999,1.5125,0.6125,2.3075,0.21000000000000002,1.72,0.025,,,,0.04,0.0475,,,,,0.0,0.0,,,
2023-12-20 15:00:00,24.875,42.655,1.0875000000000001,1.6724999999999999,1.51,0.6125,2.3225,0.26749999999999996,1.72,0.03,,,,0.0475,0.06,,,,,0.0,0.0,,,
2023-12-20 16:00:00,14.5875,29.4375,1.0975000000000001,1.6775,1.5350000000000001,0.6275,2.3475,0.3275,1.7650000000000001,0.0375,,,,0.065,0.08,,,,,0.0,0.0,,,
2023-12-20 17:00:00,29.15,46.125,1.07,1.6624999999999999,1.5025,0.61,2.29,0.4425,1.71,0.05,,,,0.0925,0.1125,,,,,0.0,0.0,,,
2023-12-20 18:00:00,26.69333333333333,49.5,1.0866666666666667,1.6633333333333333,1.4799999999999998,0.61,2.3433333333333333,0.7000000000000001,1.71,0.08666666666666667,,,,0.14666666666666667,0.17333333333333334,,,,,0.0,0.0,,,
2023-12-20 19:00:00,11.0,16.5,1.07,1.64,1.48,0.61,2.29,0.78,1.71,0.09,,,,0.15,0.18,,,,,0.0,0.0,,,
2023-12-20 20:00:00,35.723333333333336,67.66666666666667,1.07,1.6766666666666665,1.51,0.61,2.29,0.88,1.71,0.10666666666666667,,,,0.17666666666666667,0.21,,,,,0.0,0.0,,,
2023-12-20 21:00:00,52.45,92.625,1.085,1.66,1.5,0.62,2.3175,0.8825,1.7425,0.10500000000000001,,,,0.175,0.20750000000000002,,,,,0.0,0.0,,,
2023-12-20 22:00:00,15.85,47.25,1.07,1.64,1.48,0.615,2.3075,0.85,1.725,0.1,,,,0.1675,0.2025,,,,,0.0,0.0,,,
2023-12-20 23:00:00,39.06666666666667,78.75,1.08,1.64,1.4799999999999998,0.62,2.3266666666666667,0.7866666666666666,1.74,0.09333333333333334,,,,0.15666666666666665,0.18666666666666668,,,,,0.0,0.0,,,
2023-12-21 00:00:00,40.03333333333333,70.5,1.07,1.64,1.4799999999999998,0.6166666666666667,2.29,0.59,1.71,0.07,,,,0.12,0.14500000000000002,,,,,0.0,0.0,,,
2023-12-21 01:00:00,39.35,69.225,1.085,1.64,1.48,0.6125,2.3175,0.5125,1.72,0.06,,,,0.10250000000000001,0.125,,,,,0.0,0.0,,,
2023-12-21 02:00:00,33.85,54.15,1.08,1.6524999999999999,1.48,0.615,2.3075,0.4175,1.725,0.052500000000000005,,,,0.08,0.0975,,,,,0.0,0.0,,,
2023-12-21 03:00:00,21.225,37.2,1.07,1.64,1.48,0.61,2.29,0.33,1.71,0.0375,,,,0.065,0.0775,,,,,0.0,0.0,,,
2023-12-21 04:00:00,20.45,30.675,1.0775000000000001,1.64,1.48,0.61,2.305,0.2625,1.71,0.03,,,,0.052500000000000005,0.0625,,,,,0.0,0.0,,,
2023-12-21 05:00:00,19.6,32.625,1.085,1.64,1.48,0.6174999999999999,2.3175,0.2475,1.7325,0.03,,,,0.05,0.06,,,,,0.0,0.0,,,
2023-12-21 06:00:00,22.65,33.9,1.08,1.64,1.48,0.61,2.29,0.2825,1.71,0.0325,,,,0.055,0.0675,,,,,0.0,0.0,,,
2023-12-21 07:00:00,31.6,50.025,1.07,1.6524999999999999,1.4925,0.61,2.29,0.3025,1.71,0.04,,,,0.0625,0.07250000000000001,,,,,0.0,0.0,,,
2023-12-21 08:00:00,24.625,40.6875,1.07,1.64,1.48,0.61,2.29,0.3175,1.71,0.04,,,,0.0625,0.07250000000000001,,,,,0.0,0.0,,,
2023-12-21 09:00:00,19.4375,36.5625,1.07,1.64,1.48,0.61,2.29,0.2925,1.71,0.035,,,,0.06,0.0675,,,,,0.0,0.0,,,
2023-12-21 10:00:00,17.4,32.7,1.07,1.64,1.48,0.61,2.29,0.26,1.71,0.03,,,,0.045,0.055,,,,,0.0,0.0,,,
2023-12-21 11:00:00,,,1.07,1.64,1.48,0.61,2.29,0.15,1.71,0.02,,,,0.03,0.03,,,,,0.0,0.0,,,
2023-12-21 12:00:00,1.0,,1.07,1.64,0.74,0.61,2.29,0.08,1.71,0.01,,,,0.03,0.04,,,,,0.0,0.0,,,
2023-12-21 13:00:00,24.0,36.0,1.0950000000000002,1.6549999999999998,1.51,0.61,2.29,0.14,1.71,0.02,,,,0.03,0.03,,,,,0.0,0.0,,,
2023-12-21 14:00:00,,,,,,,,,,,,,,,,,,,,,0.0,,,
2023-12-21 15:00:00,,,,,0.0,,,0.0,,0.0,,,,,,,,,,0.0,0.0,,,
2023-12-21 16:00:00,,,,,,,,,,,,,,,,,,,,,0.0,,,
2023-12-21 17:00:00,,,,,,,,,,,,,,,,,,,,,0.0,,,
2023-12-21 18:00:00,,,,,,,,,,,,,,,,,,,,,0.0,,,
2023-12-21 19:00:00,,,,,,,,,,,,,,,,,,,,,0.0,,,
2023-12-21 20:00:00,,,,,,,,,,,,,,,,,,,,,0.0,,,
2023-12-21 21:00:00,,,,,,,,,,,,,,,,,,,,,0.0,,,
2023-12-21 22:00:00,,,,,,,,,,,,,,,,,,,,,0.0,,,
2023-12-21 23:00:00,,,,,,,,,,,,,,,,,,,,,0.0,,,
2023-12-22 00:00:00,,,,,,,,,,,,,,,,,,,,,0.0,,,
2023-12-22 01:00:00,,,,,,,,,,,,,,,,,,,,,0.0,,,
2023-12-22 02:00:00,,,,,,,,,,,,,,,,,,,,,0.0,,,
2023-12-22 03:00:00,,,,,,,,,,,,,,,,,,,,,0.0,,,
2023-12-22 04:00:00,,,,,,,,,,,,,,,,,,,,,0.0,,,
2023-12-22 05:00:00,,,,,,,,,,,,,,,,,,,,,0.0,,,
2023-12-22 06:00:00,,,,,,,,,,,,,,,,,,,,,0.0,,,
2023-12-22 07:00:00,,,,,,,,,,,,,,,,,,,,,0.0,,,
2023-12-22 08:00:00,,,,,,,,,,,,,,,,,,,,,0.0,,,
2023-12-22 09:00:00,,,,,,,,,,,,,,,,,,,,,0.0,,,
2023-12-22 10:00:00,22.903333333333336,36.0,1.07,1.64,1.4799999999999998,0.61,2.29,0.15333333333333332,1.71,0.02,,,,0.02666666666666667,0.03333333333333333,,,,,0.0,0.0,,,
2023-12-22 11:00:00,6.75,36.0,1.07,1.64,1.48,0.61,2.29,0.155,1.71,0.02,,,,0.03,0.04,,,,,0.0,0.0,,,
2023-12-22 12:00:00,20.84,34.5,1.07,1.64,1.48,0.61,2.29,0.17250000000000001,1.71,0.02,,,,0.035,0.045,,,,,0.0,0.0,,,
2023-12-22 13:00:00,15.0825,23.5,1.07,1.64,1.48,0.61,2.29,0.2,1.71,0.0225,,,,0.04,0.0475,,,,,0.0,0.0,,,
2023-12-22 14:00:00,33.3575,51.965,1.07,1.64,1.48,0.61,2.29,0.2025,1.71,0.02,,,,0.04,0.0475,,,,,0.0,0.0,,,
2023-12-22 15:00:00,14.5,22.5,1.0750000000000002,1.6549999999999998,1.4875,0.61,2.3025,0.2075,1.71,0.025,,,,0.04,0.05,,,,,0.0,0.0,,,
2023-12-22 16:00:00,15.1,23.4375,1.0750000000000002,1.6624999999999999,1.51,0.6125,2.31,0.26,1.725,0.03,,,,0.05,0.06,,,,,0.0,0.0,,,
2023-12-22 17:00:00,18.5,30.697499999999998,1.08,1.6549999999999998,1.495,0.615,2.3,0.40249999999999997,1.725,0.0475,,,,0.0825,0.0975,,,,,0.0,0.0,,,
2023-12-22 18:00:00,26.1675,42.5,1.08,1.6475,1.495,0.6174999999999999,2.325,0.625,1.7375,0.075,,,,0.1275,0.1475,,,,,0.0,0.0,,,
2023-12-22 19:00:00,46.65,76.9825,1.14,1.73,1.5675000000000001,0.64,2.41,0.905,1.81,0.10750000000000001,,,,0.18,0.21250000000000002,,,,,0.0,0.0,,,
2023-12-22 20:00:00,70.7075,123.625,1.11,1.69,1.52,0.62,2.3425000000000002,0.9,1.7425,0.1075,,,,0.1825,0.2175,,,,,0.0,0.0,,,
2023-12-22 21:00:00,63.3925,103.3925,1.0750000000000002,1.6475,1.4875,0.615,2.3,1.03,1.7175,0.12,,,,0.2,0.24,,,,,0.0,0.0,,,
2023-12-22 22:00:00,81.875,122.8125,1.0750000000000002,1.64,1.48,0.6125,2.31,0.81,1.7275,0.0975,,,,0.1625,0.1925,,,,,0.0,0.0,,,
2023-12-22 23:00:00,42.917500000000004,69.625,1.07,1.64,1.48,0.615,2.29,0.725,1.71,0.08499999999999999,,,,0.14500000000000002,0.175,,,,,0.0,0.0,,,
2023-12-23 00:00:00,46.685,72.75,1.07,1.64,1.48,0.61,2.29,0.5725,1.71,0.0675,,,,0.11,0.1375,,,,,0.0,0.0,,,
2023-12-23 01:00:00,51.1425,85.875,1.07,1.64,1.48,0.61,2.29,0.4475,1.71,0.055,,,,0.0925,0.1075,,,,,0.0,0.0,,,
2023-12-23 02:00:00,39.1,57.75,1.07,1.64,1.48,0.61,2.29,0.39,1.71,0.045,,,,0.0775,0.095,,,,,0.0,0.0,,,
2023-12-23 03:00:00,24.4775,38.4375,1.07,1.64,1.48,0.61,2.29,0.3425,1.71,0.04,,,,0.07,0.08,,,,,0.0,0.0,,,
2023-12-23 04:00:00,20.5825,34.66,1.07,1.64,1.48,0.61,2.29,0.2725,1.71,0.0325,,,,0.055,0.065,,,,,0.0,0.0,,,
2023-12-23 05:00:00,10.285,17.09,1.07,1.64,1.48,0.61,2.29,0.2675,1.71,0.03,,,,0.052500000000000005,0.065,,,,,0.0,0.0,,,
2023-12-23 06:00:00,14.8025,26.0,1.07,1.64,1.48,0.61,2.29,0.2925,1.71,0.0325,,,,0.057499999999999996,0.0675,,,,,0.0,0.0,,,
2023-12-23 07:00:00,22.5825,33.875,1.07,1.64,1.48,0.61,2.29,0.3975,1.71,0.0475,,,,0.08,0.095,,,,,0.0,0.0,,,
2023-12-23 08:00:00,30.96,51.91,1.07,1.64,1.48,0.61,2.29,0.355,1.71,0.04,,,,0.07,0.0875,,,,,0.0,0.0,,,
2023-12-23 09:00:00,32.6425,52.66,1.07,1.64,1.48,0.61,2.29,0.33999999999999997,1.71,0.04,,,,0.07,0.0825,,,,,0.0,0.0,,,
2023-12-23 10:00:00,26.785,42.875,1.07,1.64,1.48,0.61,2.29,0.28500000000000003,1.71,0.0325,,,,0.06,0.07,,,,,0.0,0.0,,,
2023-12-23 11:00:00,14.24,22.75,1.07,1.64,1.48,0.61,2.29,0.275,1.71,0.03,,,,0.057499999999999996,0.07,,,,,0.0,0.0,,,
2023-12-23 12:00:00,20.4575,31.715,1.07,1.64,1.48,0.61,2.29,0.2525,1.71,0.03,,,,0.052500000000000005,0.0625,,,,,0.0,0.0,,,
2023-12-23 13:00:00,21.0475,35.6775,1.0750000000000002,1.6475,1.495,0.6125,2.3,0.2375,1.71,0.03,,,,0.045,0.055,,,,,0.0,0.0,,,
2023-12-23 14:00:00,15.16,27.75,1.07,1.64,1.48,0.61,2.29,0.255,1.71,0.03,,,,0.052500000000000005,0.06,,,,,0.0,0.0,,,
2023-12-23 15:00:00,23.125,36.375,1.07,1.64,1.48,0.6125,2.29,0.2925,1.71,0.035,,,,0.0575,0.07,,,,,0.0,0.0,,,
2023-12-23 16:00:00,19.4175,30.625,1.07,1.64,1.48,0.61,2.29,0.415,1.71,0.052500000000000005,,,,0.0825,0.0975,,,,,0.0,0.0,,,
2023-12-23 17:00:00,48.3925,75.375,1.07,1.64,1.48,0.6125,2.3025,0.53,1.72,0.065,,,,0.105,0.125,,,,,0.0,0.0,,,
2023-12-23 18:00:00,58.375,99.59,1.07,1.64,1.48,0.61,2.29,0.5625,1.71,0.0675,,,,0.1175,0.1375,,,,,0.0,0.0,,,
2023-12-23 19:00:00,53.582499999999996,86.875,1.0750000000000002,1.64,1.48,0.61,2.3,0.6174999999999999,1.7175,0.07500000000000001,,,,0.1225,0.14750000000000002,,,,,0.0,0.0,,,
2023-12-23 20:00:00,44.3725,75.0,1.07,1.64,1.48,0.61,2.29,0.79,1.71,0.0975,,,,0.16,0.1925,,,,,0.0,0.0,,,
2023-12-23 21:00:00,48.215,90.0,1.07,1.64,1.48,0.61,2.29,0.865,1.71,0.10250000000000001,,,,0.17250000000000001,0.2075,,,,,0.0,0.0,,,
2023-12-23 22:00:00,67.2675,108.91,1.07,1.64,1.48,0.61,2.29,0.8175,1.71,0.1,,,,0.1625,0.195,,,,,0.0,0.0,,,
2023-12-23 23:00:00,56.5,84.75,1.07,1.64,1.48,0.61,2.29,0.7825,1.71,0.0975,,,,0.1575,0.19,,,,,0.0,0.0,,,
2023-12-24 00:00:00,51.195,87.5625,1.07,1.64,1.48,0.61,2.29,0.6775,1.71,0.0825,,,,0.1325,0.1625,,,,,0.0,0.0,,,
2023-12-24 01:00:00,53.6425,80.465,1.07,1.64,1.48,0.61,2.29,0.605,1.71,0.07250000000000001,,,,0.1225,0.14750000000000002,,,,,0.0,0.0,,,
2023-12-24 02:00:00,29.8325,47.3575,1.07,1.64,1.48,0.61,2.29,0.46499999999999997,1.71,0.055,,,,0.095,0.11,,,,,0.0,0.0,,,
2023-12-24 03:00:00,22.775,36.625,1.07,1.64,1.48,0.61,2.29,0.35250000000000004,1.71,0.0425,,,,0.07,0.0825,,,,,0.0,0.0,,,
2023-12-24 04:00:00,16.0,27.965,1.0750000000000002,1.6475,1.4875,0.61,2.29,0.2925,1.71,0.03,,,,0.06,0.07,,,,,0.0,0.0,,,
2023-12-24 05:00:00,28.9375,49.0,1.07,1.64,1.48,0.61,2.29,0.275,1.71,0.03,,,,0.06,0.0675,,,,,0.0,0.0,,,
2023-12-24 06:00:00,25.0425,39.1875,1.0925,1.6549999999999998,1.495,0.62,2.325,0.31,1.7525,0.0375,,,,0.0625,0.07250000000000001,,,,,0.0,0.0,,,
2023-12-24 07:00:00,23.585,40.25,1.08,1.6549999999999998,1.4925,0.615,2.3225,0.345,1.725,0.04,,,,0.07,0.08,,,,,0.0,0.0,,,
2023-12-24 08:00:00,14.252500000000001,24.75,1.07,1.64,1.48,0.61,2.29,0.3275,1.71,0.04,,,,0.0675,0.0775,,,,,0.0,0.0,,,
2023-12-24 09:00:00,18.025,28.0,1.0925,1.6575,1.51,0.615,2.335,0.2825,1.74,0.035,,,,0.057499999999999996,0.0675,,,,,0.0,0.0,,,
2023-12-24 10:00:00,22.572499999999998,33.8575,1.125,1.67,1.5125,0.625,2.3625,0.2375,1.7575,0.03,,,,0.0475,0.057499999999999996,,,,,0.0,0.0,,,
2023-12-24 11:00:00,19.645,30.4825,1.08,1.6549999999999998,1.495,0.6174999999999999,2.3325,0.20500000000000002,1.7349999999999999,0.025,,,,0.04,0.05,,,,,0.0,0.0,,,
2023-12-24 12:00:00,17.0,27.322499999999998,1.1724999999999999,1.795,1.6275,0.66,2.475,0.1825,1.8675,0.02,,,,0.04,0.04,,,,,0.0,0.0,,,
2023-12-24 13:00:00,11.885,21.5,1.1824999999999999,1.81,1.6225,0.6525000000000001,2.48,0.17250000000000001,1.8599999999999999,0.02,,,,0.0325,0.04,,,,,0.0,0.0,,,
2023-12-24 14:00:00,10.475,17.0625,1.2,1.81,1.6425,0.6725000000000001,2.5374999999999996,0.165,1.8975,0.02,,,,0.0325,0.04,,,,,0.0,0.0,,,
2023-12-24 15:00:00,16.645,28.552500000000002,1.1949999999999998,1.835,1.6375,0.6775,2.54,0.1875,1.9,0.02,,,,0.0375,0.0425,,,,,0.0,0.0,,,
2023-12-24 16:00:00,22.5825,36.6975,1.155,1.795,1.585,0.6475,2.4699999999999998,0.2825,1.85,0.0325,,,,0.052500000000000005,0.0675,,,,,0.0,0.0,,,
2023-12-24 17:00:00,28.725,46.6875,1.18,1.8125,1.635,0.665,2.495,0.4525,1.88,0.0525,,,,0.09,0.1075,,,,,0.0,0.0,,,
2023-12-24 18:00:00,48.582499999999996,78.8025,1.1624999999999999,1.7875,1.62,0.66,2.46,0.735,1.855,0.09,,,,0.14250000000000002,0.17500000000000002,,,,,0.0,0.0,,,
2023-12-24 19:00:00,56.822500000000005,110.625,1.1300000000000001,1.72,1.5525,0.6375,2.415,0.8150000000000001,1.7975,0.0975,,,,0.16,0.1925,,,,,0.0,0.0,,,
2023-12-24 20:00:00,50.7425,78.25,1.145,1.7650000000000001,1.5825,0.645,2.4525,1.05,1.8375000000000001,0.135,,,,0.2075,0.2475,,,,,0.0,0.0,,,
2023-12-24 21:00:00,84.8175,138.25,1.1824999999999999,1.815,1.6375,0.6725000000000001,2.5374999999999996,0.9925,1.9024999999999999,0.1175,,,,0.2,0.2375,,,,,0.0,0.0,,,
2023-12-24 22:00:00,74.15,117.875,1.2,1.8425,1.6549999999999998,0.665,2.5374999999999996,1.0225,1.88,0.125,,,,0.205,0.245,,,,,0.0,0.0,,,
2023-12-24 23:00:00,55.957499999999996,87.375,1.1575,1.7675,1.605,0.65,2.475,0.9775,1.8475000000000001,0.11499999999999999,,,,0.1975,0.235,,,,,0.0,0.0,,,
2023-12-25 00:00:00,75.0175,117.4825,1.1324999999999998,1.75,1.5775000000000001,0.6425000000000001,2.4175,0.83,1.8125,0.10250000000000001,,,,0.1675,0.2,,,,,0.0,0.0,,,
2023-12-25 01:00:00,47.55,80.25,1.1425,1.775,1.595,0.645,2.42,0.6225,1.8275000000000001,0.075,,,,0.125,0.15,,,,,0.0,0.0,,,
2023-12-25 02:00:00,43.8575,76.5,1.0975000000000001,1.6875,1.5175,0.625,2.3475,0.47,1.7575,0.055,,,,0.095,0.1125,,,,,0.0,0.0,,,
2023-12-25 03:00:00,32.95,55.0725,1.08,1.6549999999999998,1.495,0.6174999999999999,2.3125,0.38,1.7275,0.045,,,,0.07500000000000001,0.09,,,,,0.0,0.0,,,
2023-12-25 04:00:00,31.927500000000002,56.625,1.1125,1.6875,1.5275,0.6225,2.3525,0.32,1.75,0.04,,,,0.065,0.07500000000000001,,,,,0.0,0.0,,,
2023-12-25 05:00:00,22.822499999999998,34.2325,1.08,1.6549999999999998,1.495,0.615,2.31,0.2975,1.725,0.035,,,,0.06,0.07,,,,,0.0,0.0,,,
2023-12-25 06:00:00,24.942500000000003,40.6875,1.0875000000000001,1.665,1.5025,0.62,2.335,0.29,1.7425,0.0325,,,,0.06,0.07,,,,,0.0,0.0,,,
2023-12-25 07:00:00,20.634999999999998,32.375,1.0750000000000002,1.6549999999999998,1.4875,0.61,2.3125,0.2975,1.72,0.0375,,,,0.0625,0.07,,,,,0.0,0.0,,,
2023-12-25 08:00:00,24.1425,42.215,1.0875000000000001,1.67,1.4925,0.6174999999999999,2.32,0.30000000000000004,1.7349999999999999,0.035,,,,0.06,0.07,,,,,0.0,0.0,,,
2023-12-25 09:00:00,26.6075,51.535,1.0975000000000001,1.68,1.5150000000000001,0.6174999999999999,2.355,0.2675,1.7525,0.03,,,,0.055,0.065,,,,,0.0,0.0,,,
2023-12-25 10:00:00,10.31,19.5,1.07,1.64,1.48,0.61,2.29,0.2425,1.71,0.03,,,,0.0475,0.057499999999999996,,,,,0.0,0.0,,,
2023-12-25 11:00:00,12.79,20.5175,1.125,1.745,1.5625,0.635,2.39,0.2275,1.795,0.03,,,,0.0425,0.052500000000000005,,,,,0.0,0.0,,,
2023-12-25 12:00:00,19.25,29.035,1.145,1.76,1.5825,0.6525000000000001,2.43,0.24,1.83,0.03,,,,0.05,0.055,,,,,0.0,0.0,,,
2023-12-25 13:00:00,5.3100000000000005,9.91,1.1749999999999998,1.7850000000000001,1.6325,0.67,2.4875,0.22,1.89,0.03,,,,0.04,0.05,,,,,0.0,0.0,,,
2023-12-25 14:00:00,24.735,39.125,1.165,1.7825,1.595,0.6675,2.5025,0.2125,1.885,0.03,,,,0.04,0.05,,,,,0.0,0.0,,,
2023-12-25 15:00:00,19.375,30.1875,1.2,1.835,1.6475,0.675,2.5475,0.225,1.905,0.03,,,,0.0425,0.052500000000000005,,,,,0.0,0.0,,,
2023-12-25 16:00:00,20.0,32.625,1.21,1.85,1.67,0.6775,2.57,0.27,1.9224999999999999,0.03,,,,0.052500000000000005,0.0625,,,,,0.0,0.0,,,
2023-12-25 17:00:00,20.5,33.0,1.21,1.85,1.67,0.68,2.57,0.395,1.93,0.0475,,,,0.0825,0.0925,,,,,0.0,0.0,,,
2023-12-25 18:00:00,37.3,55.3125,1.205,1.8425,1.6624999999999999,0.6775,2.5475,0.66,1.9124999999999999,0.08,,,,0.1325,0.16,,,,,0.0,0.0,,,
2023-12-25 19:00:00,53.59,90.0,1.2,1.8275000000000001,1.6549999999999998,0.6775,2.5599999999999996,0.8925,1.9224999999999999,0.1075,,,,0.1775,0.215,,,,,0.0,0.0,,,
2023-12-25 20:00:00,58.6175,103.875,1.1949999999999998,1.8275000000000001,1.64,0.6675,2.5175,0.89,1.8975,0.10500000000000001,,,,0.1775,0.21,,,,,0.0,0.0,,,
2023-12-25 21:00:00,53.125,84.0,1.1775,1.8025,1.61,0.665,2.495,0.95,1.88,0.1125,,,,0.1925,0.23,,,,,0.0,0.0,,,
2023-12-25 22:00:00,71.1075,115.125,1.1375,1.7475,1.5625,0.6375,2.4225000000000003,0.875,1.865,0.10250000000000001,,,,0.175,0.2125,,,,,0.0,0.0,,,
2023-12-25 23:00:00,55.915,91.125,1.12,1.7375,1.5550000000000002,0.64,2.4075,0.8075,1.825,0.1,,,,0.1625,0.1925,,,,,0.0,0.0,,,
2023-12-26 00:00:00,39.3925,67.0725,1.11,1.6925,1.53,0.6275,2.365,0.7525,1.7675,0.09,,,,0.15,0.1825,,,,,0.0,0.0,,,
2023-12-26 01:00:00,50.7325,78.9375,1.135,1.7349999999999999,1.5575,0.635,2.4175,0.6575,1.775,0.08,,,,0.1325,0.1575,,,,,0.0,0.0,,,
2023-12-26 02:00:00,48.332499999999996,79.6875,1.1025,1.67,1.5150000000000001,0.635,2.365,0.555,1.7825,0.065,,,,0.11,0.13,,,,,0.0,0.0,,,
2023-12-26 03:00:00,34.1075,55.8225,1.08,1.67,1.495,0.6125,2.3125,0.4375,1.7175,0.052500000000000005,,,,0.0875,0.10500000000000001,,,,,0.0,0.0,,,
2023-12-26 04:00:00,36.12,60.6975,1.1025,1.6775,1.5275,0.63,2.3525,0.3675,1.775,0.0425,,,,0.07250000000000001,0.08499999999999999,,,,,0.0,0.0,,,
2023-12-26 05:00:00,21.36,36.0525,1.0925,1.69,1.495,0.6225,2.3125,0.3275,1.7475,0.04,,,,0.0675,0.0775,,,,,0.0,0.0,,,
2023-12-26 06:00:00,34.3025,57.75,1.1075,1.6724999999999999,1.5275,0.6174999999999999,2.3625,0.34249999999999997,1.7425,0.04,,,,0.0675,0.08,,,,,0.0,0.0,,,
2023-12-26 07:00:00,43.365,71.1425,1.0750000000000002,1.6475,1.4875,0.6125,2.3,0.3875,1.72,0.045,,,,0.07500000000000001,0.095,,,,,0.0,0.0,,,
2023-12-26 08:00:00,33.1075,58.25,1.07,1.6549999999999998,1.48,0.61,2.29,0.36,1.71,0.04,,,,0.07,0.08499999999999999,,,,,0.0,0.0,,,
2023-12-26 09:00:00,33.965,55.625,1.08,1.6475,1.495,0.615,2.3025,0.3375,1.7275,0.04,,,,0.0675,0.0825,,,,,0.0,0.0,,,
2023-12-26 10:00:00,36.795,59.4375,1.085,1.64,1.495,0.6174999999999999,2.3325,0.2925,1.7425,0.035,,,,0.057499999999999996,0.0675,,,,,0.0,0.0,,,
2023-12-26 11:00:00,31.465,49.285,1.0875,1.665,1.51,0.615,2.3125,0.21000000000000002,1.72,0.025,,,,0.04,0.05,,,,,0.0,0.0,,,
2023-12-26 12:00:00,23.9,46.625,1.0750000000000002,1.64,1.4875,0.61,2.29,0.195,1.71,0.0225,,,,0.0375,0.0425,,,,,0.0,0.0,,,
2023-12-26 13:00:00,28.8575,46.5,1.12,1.6975,1.55,0.625,2.375,0.17,1.7675,0.02,,,,0.0375,0.04,,,,,0.0,0.0,,,
2023-12-26 14:00:00,25.75,43.75,1.115,1.7275,1.5425,0.64,2.385,0.165,1.7850000000000001,0.02,,,,0.03,0.04,,,,,0.0,0.0,,,
2023-12-26 15:00:00,24.5425,44.84,1.185,1.795,1.63,0.6625000000000001,2.4975,0.2575,1.88,0.0325,,,,0.05,0.060000000000000005,,,,,0.0,0.0,,,
2023-12-26 16:00:00,44.707499999999996,75.25,1.2,1.8175000000000001,1.6549999999999998,0.67,2.55,0.4425,1.9,0.055,,,,0.0875,0.105,,,,,0.0,0.0,,,
2023-12-26 17:00:00,51.3225,90.375,1.19,1.8275000000000001,1.6425,0.6725000000000001,2.525,0.7275,1.8975,0.09,,,,0.14750000000000002,0.1775,,,,,0.0,0.0,,,
2023-12-26 18:00:00,74.6825,120.375,1.19,1.835,1.6325,0.6725000000000001,2.5175,1.1625,1.905,0.14,,,,0.2275,0.275,,,,,0.0,0.0,,,
2023-12-26 19:00:00,135.3225,220.625,1.1724999999999999,1.7925,1.6225,0.655,2.46,0.8625,1.8375,0.10500000000000001,,,,0.16999999999999998,0.20750000000000002,,,,,0.0,0.0,,,
2023-12-26 20:00:00,84.1675,138.4275,1.145,1.7875,1.5975000000000001,0.655,2.45,1.095,1.8375000000000001,0.13,,,,0.215,0.26,,,,,0.0,0.0,,,
2023-12-26 21:00:00,94.1675,141.25,1.145,1.7525,1.58,0.65,2.45,0.98,1.84,0.1175,,,,0.2,0.24,,,,,0.0,0.0,,,
2023-12-26 22:00:00,76.815,125.4375,1.1675,1.7775,1.5975000000000001,0.6575,2.4850000000000003,0.88,1.855,0.105,,,,0.17250000000000001,0.21,,,,,0.0,0.0,,,
2023-12-26 23:00:00,65.4825,117.6425,1.11,1.7175,1.5425,0.63,2.3925,0.685,1.7850000000000001,0.0825,,,,0.135,0.1625,,,,,0.0,0.0,,,
2023-12-27 00:00:00,47.7025,77.125,1.145,1.7275,1.5875,0.64,2.4525,0.5025,1.8375000000000001,0.06,,,,0.105,0.11750000000000001,,,,,0.0,0.0,,,
2023-12-27 01:00:00,42.625,66.625,1.0950000000000002,1.6824999999999999,1.51,0.62,2.3449999999999998,0.4075,1.7575,0.0475,,,,0.08,0.095,,,,,0.0,0.0,,,
2023-12-27 02:00:00,31.475,52.25,1.1,1.6875,1.5175,0.62,2.3375,0.5325,1.7475,0.0625,,,,0.11,0.13,,,,,0.0,0.0,,,
2023-12-27 03:00:00,42.55,62.8125,1.0975000000000001,1.6549999999999998,1.5025,0.6174999999999999,2.3225,0.44,1.7349999999999999,0.0525,,,,0.085,0.105,,,,,0.0,0.0,,,
2023-12-27 04:00:00,30.049999999999997,53.5,1.0875000000000001,1.6475,1.5025,0.6174999999999999,2.3125,0.3175,1.7425,0.0375,,,,0.0625,0.0775,,,,,0.0,0.0,,,
2023-12-27 05:00:00,27.4175,47.0,1.1025,1.6724999999999999,1.5225,0.625,2.365,0.31,1.76,0.0375,,,,0.0625,0.07500000000000001,,,,,0.0,0.0,,,
2023-12-27 06:00:00,22.835,41.0,1.085,1.6775,1.5025,0.62,2.3449999999999998,0.40249999999999997,1.745,0.0475,,,,0.08,0.0975,,,,,0.0,0.0,,,
2023-12-27 07:00:00,32.69,57.215,1.0975000000000001,1.68,1.5075,0.6275,2.3675,0.4675,1.7525,0.055,,,,0.0925,0.11,,,,,0.0,0.0,,,
2023-12-27 08:00:00,32.75,48.875,1.085,1.67,1.5150000000000001,0.6225,2.335,0.3225,1.745,0.04,,,,0.0625,0.0775,,,,,0.0,0.0,,,
2023-12-27 09:00:00,31.615000000000002,53.3575,1.1325,1.7025,1.55,0.64,2.3925,0.2725,1.7925,0.035,,,,0.055,0.065,,,,,0.0,0.0,,,
2023-12-27 10:00:00,27.4175,44.625,1.1549999999999998,1.7775,1.6,0.6625000000000001,2.475,0.2075,1.88,0.025,,,,0.0425,0.05,,,,,0.0,0.0,,,
2023-12-27 11:00:00,29.322499999999998,51.8575,1.1724999999999999,1.81,1.6225,0.67,2.52,0.19,1.8925,0.02,,,,0.04,0.0425,,,,,0.0,0.0,,,
2023-12-27 12:00:00,26.66,42.875,1.1949999999999998,1.7925,1.62,0.6625000000000001,2.515,0.1825,1.8875,0.02,,,,0.0375,0.04,,,,,0.0,0.0,,,
2023-12-27 13:00:00,22.6325,35.125,1.1749999999999998,1.7775,1.625,0.665,2.5075,0.1825,1.8775,0.0225,,,,0.04,0.0425,,,,,0.0,0.0,,,
2023-12-27 14:00:00,24.785,38.5175,1.205,1.8425,1.67,0.6775,2.5575,0.235,1.92,0.03,,,,0.045,0.055,,,,,0.0,0.0,,,
2023-12-27 15:00:00,29.5425,45.875,1.2,1.8425,1.6425,0.675,2.55,0.255,1.915,0.03,,,,0.052500000000000005,0.0625,,,,,0.0,0.0,,,
2023-12-27 16:00:00,26.8975,50.5175,1.2,1.8425,1.6624999999999999,0.6775,2.5575,0.48,1.92,0.0575,,,,0.095,0.1125,,,,,0.0,0.0,,,
2023-12-27 17:00:00,65.0,100.5525,1.2,1.835,1.65,0.6775,2.55,0.5925,1.9125,0.0675,,,,0.1175,0.14,,,,,0.0,0.0,,,
2023-12-27 18:00:00,59.0275,103.8225,1.1575,1.7725,1.6075,0.66,2.4400000000000004,0.75,1.845,0.0875,,,,0.15000000000000002,0.175,,,,,0.0,0.0,,,
2023-12-27 19:00:00,54.0,87.0,1.1824999999999999,1.81,1.635,0.6675,2.5225,0.9375,1.895,0.1125,,,,0.19,0.22749999999999998,,,,,0.0,0.0,,,
2023-12-27 20:00:00,76.715,135.0,1.13,1.7525,1.5825,0.6575,2.4075,0.945,1.795,0.1125,,,,0.1875,0.2275,,,,,0.0,0.0,,,
2023-12-27 21:00:00,63.5025,108.0,1.1575,1.7975,1.6075,0.655,2.4525,1.08,1.845,0.1275,,,,0.215,0.2625,,,,,0.0,0.0,,,
2023-12-27 22:00:00,78.5725,122.25,1.14,1.7275,1.575,0.6425000000000001,2.42,0.7424999999999999,1.8125,0.0875,,,,0.14750000000000002,0.17250000000000001,,,,,0.0,0.0,,,
2023-12-27 23:00:00,53.8225,87.0,1.1525,1.77,1.59,0.65,2.4625,0.66,1.8475000000000001,0.08,,,,0.1325,0.1625,,,,,0.0,0.0,,,
2023-12-28 00:00:00,45.25,74.25,1.125,1.7,1.56,0.6375,2.3775,0.47500000000000003,1.7925,0.0575,,,,0.0975,0.115,,,,,0.0,0.0,,,
2023-12-28 01:00:00,41.9275,68.0,1.145,1.7525,1.5825,0.65,2.435,0.3975,1.8275000000000001,0.05,,,,0.08,0.095,,,,,0.0,0.0,,,
2023-12-28 02:00:00,37.207499999999996,58.125,1.1575,1.7475,1.5625,0.6425000000000001,2.4425,0.3375,1.835,0.04,,,,0.065,0.0825,,,,,0.0,0.0,,,
2023-12-28 03:00:00,23.525,40.5,1.115,1.6975,1.5375,0.635,2.435,0.255,1.8225,0.03,,,,0.05,0.060000000000000005,,,,,0.0,0.0,,,
2023-12-28 04:00:00,18.28,30.965,1.0950000000000002,1.6624999999999999,1.5125,0.625,2.365,0.2225,1.76,0.03,,,,0.0425,0.052500000000000005,,,,,0.0,0.0,,,
2023-12-28 05:00:00,21.8675,40.715,1.085,1.6549999999999998,1.4925,0.62,2.3200000000000003,0.2225,1.7349999999999999,0.025,,,,0.045,0.052500000000000005,,,,,0.0,0.0,,,
2023-12-28 06:00:00,9.6425,15.215,1.1125,1.705,1.53,0.6275,2.365,0.3575,1.76,0.0425,,,,0.07,0.0875,,,,,0.0,0.0,,,
2023-12-28 07:00:00,26.75,40.125,1.1,1.7,1.5225,0.625,2.355,0.365,1.7650000000000001,0.0425,,,,0.07250000000000001,0.0875,,,,,0.0,0.0,,,
2023-12-28 08:00:00,28.0,43.5,1.135,1.72,1.58,0.6325000000000001,2.3975,0.2925,1.7975,0.0325,,,,0.06,0.07,,,,,0.0,0.0,,,
2023-12-28 09:00:00,25.8,40.75,1.08,1.6549999999999998,1.4875,0.615,2.325,0.295,1.7375,0.0325,,,,0.06,0.07,,,,,0.0,0.0,,,
2023-12-28 10:00:00,22.7625,40.5,1.1524999999999999,1.7725,1.6,0.6575,2.4725,0.2275,1.855,0.025,,,,0.0475,0.055,,,,,0.0,0.0,,,
2023-12-28 11:00:00,30.475,47.0625,1.205,1.85,1.67,0.6775,2.5575,0.17,1.92,0.02,,,,0.0325,0.04,,,,,0.0,0.0,,,
2023-12-28 12:00:00,27.4625,42.6425,1.21,1.85,1.67,0.68,2.57,0.20500000000000002,1.93,0.025,,,,0.04,0.0475,,,,,0.0,0.0,,,
2023-12-28 13:00:00,13.9925,23.25,1.21,1.85,1.67,0.68,2.57,0.19,1.93,0.02,,,,0.04,0.04,,,,,0.0,0.0,,,
2023-12-28 14:00:00,17.189999999999998,27.875,1.21,1.85,1.67,0.68,2.57,0.1875,1.93,0.02,,,,0.04,0.04,,,,,0.0,0.0,,,
2023-12-28 15:00:00,24.6075,44.25,1.21,1.85,1.67,0.68,2.57,0.1975,1.93,0.02,,,,0.04,0.0475,,,,,0.0,0.0,,,
2023-12-28 16:00:00,26.16,42.375,1.21,1.85,1.67,0.68,2.57,0.34750000000000003,1.93,0.0425,,,,0.07250000000000001,0.0875,,,,,0.0,0.0,,,
2023-12-28 17:00:00,23.990000000000002,40.625,1.21,1.85,1.67,0.68,2.57,0.58,1.93,0.07,,,,0.11499999999999999,0.1375,,,,,0.0,0.0,,,
2023-12-28 18:00:00,47.7275,77.25,1.21,1.85,1.67,0.68,2.57,0.935,1.93,0.11,,,,0.185,0.2225,,,,,0.0,0.0,,,
2023-12-28 19:00:00,73.725,116.625,1.21,1.85,1.67,0.68,2.57,1.1475,1.93,0.14,,,,0.22999999999999998,0.275,,,,,0.0,0.0,,,
2023-12-28 20:00:00,109.8575,171.0,1.205,1.835,1.6624999999999999,0.68,2.55,0.9675,1.92,0.1175,,,,0.1925,0.23,,,,,0.0,0.0,,,
2023-12-28 21:00:00,112.9375,182.0625,1.19,1.8125,1.635,0.665,2.53,0.825,1.905,0.0975,,,,0.1625,0.195,,,,,0.0,0.0,,,
2023-12-28 22:00:00,69.6775,108.0,1.2,1.8275000000000001,1.6425,0.6675,2.5375,0.8625,1.8975,0.10500000000000001,,,,0.1725,0.21000000000000002,,,,,0.0,0.0,,,
2023-12-28 23:00:00,67.3575,108.375,1.1775,1.81,1.6324999999999998,0.665,2.5175,0.7,1.8775,0.0825,,,,0.14,0.1675,,,,,0.0,0.0,,,
2023-12-29 00:00:00,56.875,89.8125,1.1749999999999998,1.8025,1.63,0.665,2.505,0.4775,1.88,0.055,,,,0.0975,0.115,,,,,0.0,0.0,,,
2023-12-29 01:00:00,55.41,93.875,1.1275,1.755,1.5825,0.635,2.43,0.3725,1.8,0.0425,,,,0.0775,0.09,,,,,0.0,0.0,,,
2023-12-29 02:00:00,28.3125,43.625,1.13,1.7125,1.5575,0.6425000000000001,2.395,0.3675,1.81,0.0425,,,,0.07,0.085,,,,,0.0,0.0,,,
2023-12-29 03:00:00,27.740000000000002,48.375,1.1225,1.7175,1.5425,0.6375,2.395,0.3425,1.79,0.04,,,,0.0675,0.08,,,,,0.0,0.0,,,
2023-12-29 04:00:00,27.572499999999998,42.8025,1.12,1.7075,1.5625,0.645,2.39,0.2525,1.8025,0.03,,,,0.05,0.06,,,,,0.0,0.0,,,
2023-12-29 05:00:00,22.125,38.0625,1.1549999999999998,1.7875,1.605,0.655,2.485,0.25,1.8575000000000002,0.03,,,,0.05,0.057499999999999996,,,,,0.0,0.0,,,
2023-12-29 06:00:00,25.95,38.875,1.1175,1.6949999999999998,1.5350000000000001,0.6375,2.4075,0.25,1.8075,0.03,,,,0.05,0.06,,,,,0.0,0.0,,,
2023-12-29 07:00:00,24.1,37.6875,1.1324999999999998,1.7425,1.565,0.6425000000000001,2.43,0.395,1.8375,0.0475,,,,0.0775,0.095,,,,,0.0,0.0,,,
2023-12-29 08:00:00,34.0525,54.5625,1.105,1.7075,1.5275,0.6275,2.34,0.335,1.7825,0.04,,,,0.0675,0.0775,,,,,0.0,0.0,,,
2023-12-29 09:00:00,31.2025,52.875,1.1624999999999999,1.7325,1.56,0.635,2.3975,0.2625,1.795,0.0325,,,,0.0525,0.0625,,,,,0.0,0.0,,,
2023-12-29 10:00:00,26.7575,45.625,1.1675,1.7825,1.6225,0.6575,2.475,0.2025,1.8625,0.025,,,,0.04,0.0475,,,,,0.0,0.0,,,
2023-12-29 11:00:00,20.0825,33.1875,1.1625,1.775,1.615,0.665,2.4975,0.175,1.89,0.02,,,,0.04,0.04,,,,,0.0,0.0,,,
2023-12-29 12:00:00,6.4175,10.875,1.1875,1.8175000000000001,1.6425,0.67,2.5275,0.17250000000000001,1.8975,0.02,,,,0.04,0.04,,,,,0.0,0.0,,,
2023-12-29 13:00:00,10.835,16.875,1.205,1.835,1.6549999999999998,0.6725000000000001,2.5475,0.1775,1.8975,0.02,,,,0.035,0.04,,,,,0.0,0.0,,,
2023-12-29 14:00:00,22.072499999999998,36.1075,1.2,1.835,1.6549999999999998,0.6775,2.55,0.185,1.915,0.0225,,,,0.04,0.0425,,,,,0.0,0.0,,,
2023-12-29 15:00:00,28.905,50.8925,1.2,1.835,1.65,0.68,2.5599999999999996,0.2025,1.9224999999999999,0.025,,,,0.04,0.0475,,,,,0.0,0.0,,,
2023-12-29 16:00:00,30.34,51.16,1.205,1.8425,1.6624999999999999,0.68,2.5575,0.33999999999999997,1.93,0.04,,,,0.0625,0.0775,,,,,0.0,0.0,,,
2023-12-29 17:00:00,35.666666666666664,53.666666666666664,1.21,1.8500000000000003,1.67,0.68,2.57,0.7066666666666667,1.93,0.08666666666666667,,,,0.14333333333333334,0.17333333333333334,,,,,0.0,0.0,,,
2023-12-29 18:00:00,46.542500000000004,89.4375,1.21,1.85,1.67,0.6775,2.5549999999999997,0.9775,1.92,0.12,,,,0.2,0.24,,,,,0.0,0.0,,,
2023-12-29 19:00:00,74.41499999999999,132.5625,1.2025,1.835,1.6475,0.6775,2.5575,1.1075,1.92,0.1375,,,,0.2275,0.2725,,,,,0.0,0.0,,,
2023-12-29 20:00:00,105.7075,165.5,1.21,1.85,1.67,0.6775,2.57,1.105,1.93,0.1325,,,,0.22,0.265,,,,,0.0,0.0,,,
2023-12-29 21:00:00,89.3025,151.5,1.21,1.85,1.67,0.68,2.57,1.0725,1.93,0.1275,,,,0.215,0.2575,,,,,0.0,0.0,,,
2023-12-29 22:00:00,73.71000000000001,139.0,1.21,1.85,1.67,0.6775,2.5575,0.8125,1.92,0.0975,,,,0.165,0.2,,,,,0.0,0.0,,,
2023-12-29 23:00:00,56.175,91.25,1.2025,1.835,1.6549999999999998,0.6775,2.57,0.8925000000000001,1.92,0.10500000000000001,,,,0.1775,0.2125,,,,,0.0,0.0,,,
2023-12-30 00:00:00,64.3325,109.3125,1.21,1.8425,1.67,0.6775,2.5549999999999997,0.6525,1.93,0.0775,,,,0.1325,0.155,,,,,0.0,0.0,,,
2023-12-30 01:00:00,58.6,102.0,1.185,1.8125,1.6375,0.6675,2.5125,0.5275000000000001,1.885,0.0625,,,,0.10500000000000001,0.1275,,,,,0.0,0.0,,,
2023-12-30 02:00:00,43.375,82.95,1.1975,1.81,1.6549999999999998,0.675,2.5425,0.4075,1.91,0.05,,,,0.085,0.095,,,,,0.0,0.0,,,
2023-12-30 03:00:00,44.4425,73.125,1.1824999999999999,1.8050000000000002,1.63,0.6725000000000001,2.5,0.3,1.9024999999999999,0.035,,,,0.06,0.07,,,,,0.0,0.0,,,
2023-12-30 04:00:00,26.5,45.75,1.135,1.7625,1.5775000000000001,0.6425000000000001,2.4299999999999997,0.31,1.8025,0.0375,,,,0.065,0.07500000000000001,,,,,0.0,0.0,,,
2023-12-30 05:00:00,40.885,65.375,1.1549999999999998,1.8125,1.6125,0.6425000000000001,2.4775,0.295,1.85,0.035,,,,0.0625,0.07,,,,,0.0,0.0,,,
2023-12-30 06:00:00,,,,,,,,,,,,,,,,,,,,,0.0,,,
2023-12-30 07:00:00,,,,,,,,,,,,,,,,,,,,,0.0,,,
2023-12-30 08:00:00,,,,,,,,,,,,,,,,,,,,,0.0,,,
2023-12-30 09:00:00,,,,,,,,,,,,,,,,,,,,,0.0,,,
2023-12-30 10:00:00,,,,,,,,,,,,,,,,,,,,,0.0,,,
2023-12-30 11:00:00,,,,,,,,,,,,,,,,,,,,,0.0,,,
2023-12-30 12:00:00,,,,,,,,,,,,,,,,,,,,,0.0,,,
2023-12-30 13:00:00,,,,,,,,,,,,,,,,,,,,,0.0,,,
2023-12-30 14:00:00,,,,,,,,,,,,,,,,,,,,,0.0,,,
2023-12-30 15:00:00,,,,,,,,,,,,,,,,,,,,,0.0,,,
2023-12-30 16:00:00,,,,,,,,,,,,,,,,,,,,,0.0,,,
2023-12-30 17:00:00,,,,,,,,,,,,,,,,,,,,,0.0,,,
2023-12-30 18:00:00,,,,,,,,,,,,,,,,,,,,,0.0,,,
2023-12-30 19:00:00,,,,,,,,,,,,,,,,,,,,,0.0,,,
2023-12-30 20:00:00,,,,,,,,,,,,,,,,,,,,,0.0,,,
2023-12-30 21:00:00,,,,,,,,,,,,,,,,,,,,,0.0,,,
2023-12-30 22:00:00,,,,,,,,,,,,,,,,,,,,,0.0,,,
2023-12-30 23:00:00,,,,,,,,,,,,,,,,,,,,,0.0,,,
2023-12-31 00:00:00,,,,,,,,,,,,,,,,,,,,,0.0,,,
2023-12-31 01:00:00,,,,,,,,,,,,,,,,,,,,,0.0,,,
2023-12-31 02:00:00,,,,,,,,,,,,,,,,,,,,,0.0,,,
2023-12-31 03:00:00,,,,,,,,,,,,,,,,,,,,,0.0,,,
2023-12-31 04:00:00,,,,,,,,,,,,,,,,,,,,,0.0,,,
2023-12-31 05:00:00,,,,,,,,,,,,,,,,,,,,,0.0,,,
2023-12-31 06:00:00,,,,,,,,,,,,,,,,,,,,,0.0,,,
2023-12-31 07:00:00,,,,,,,,,,,,,,,,,,,,,0.0,,,
2023-12-31 08:00:00,,,,,,,,,,,,,,,,,,,,,0.0,,,
2023-12-31 09:00:00,,,,,,,,,,,,,,,,,,,,,0.0,,,
2023-12-31 10:00:00,,,,,,,,,,,,,,,,,,,,,0.0,,,
2023-12-31 11:00:00,,,,,,,,,,,,,,,,,,,,,0.0,,,
2023-12-31 12:00:00,,,,,,,,,,,,,,,,,,,,,0.0,,,
2023-12-31 13:00:00,,,,,,,,,,,,,,,,,,,,,0.0,,,
2023-12-31 14:00:00,,,,,,,,,,,,,,,,,,,,,0.0,,,
2023-12-31 15:00:00,,,,,,,,,,,,,,,,,,,,,0.0,,,
2023-12-31 16:00:00,,,,,,,,,,,,,,,,,,,,,0.0,,,
2023-12-31 17:00:00,,,,,,,,,,,,,,,,,,,,,0.0,,,
2023-12-31 18:00:00,,,,,,,,,,,,,,,,,,,,,0.0,,,
2023-12-31 19:00:00,,,,,,,,,,,,,,,,,,,,,0.0,,,
2023-12-31 20:00:00,,,,,,,,,,,,,,,,,,,,,0.0,,,
2023-12-31 21:00:00,,,,,,,,,,,,,,,,,,,,,0.0,,,
2023-12-31 22:00:00,,,,,,,,,,,,,,,,,,,,,0.0,,,
2023-12-31 23:00:00,,,,,,,,,,,,,,,,,,,,,0.0,,,
